codigo,detail_url,page,arts_articulo,arts_articulo_emp,arts_nombre,arts_descripcion,aplicaciones_ocr,aplicaciones_ocr_count,atributos_ocr,atributos_ocr_count,referencias_ocr,referencias_ocr_count,oem_ocr,oem_ocr_count,processing_seconds
CLA20670,https://icepar.specparts.shop/products/detail?slug=phcvaleo_cla20670-329604,301,,,,,[],0,[],0,[],0,,,2.7028
CLA20697,https://icepar.specparts.shop/products/detail?slug=phcvaleo_cla20697-329605,301,,,,,[],0,[],0,[],0,,,2.6118
CLA20713,https://icepar.specparts.shop/products/detail?slug=phcvaleo_cla20713-329606,301,,,,,[],0,[],0,[],0,,,2.6034
CLA20715,https://icepar.specparts.shop/products/detail?slug=phcvaleo_cla20715-329607,301,,,,,[],0,[],0,[],0,,,2.5279
CLA20726,https://icepar.specparts.shop/products/detail?slug=phcvaleo_cla20726-329608,301,,,,,[],0,[],0,[],0,,,2.5768
CLA20728,https://icepar.specparts.shop/products/detail?slug=phcvaleo_cla20728-329610,301,,,,,[],0,[],0,[],0,,,2.5388
CLA20771,https://icepar.specparts.shop/products/detail?slug=phcvaleo_cla20771-329611,301,,,,,[],0,[],0,[],0,,,2.6319
CLA20777,https://icepar.specparts.shop/products/detail?slug=phcvaleo_cla20777-329612,301,,,,,[],0,[],0,[],0,,,2.1957
CLA20785,https://icepar.specparts.shop/products/detail?slug=phcvaleo_cla20785-329613,301,,,,,[],0,[],0,[],0,,,2.5466
CLA20804,https://icepar.specparts.shop/products/detail?slug=phcvaleo_cla20804-329614,301,,,,,[],0,[],0,[],0,,,2.6267
PRC-02,https://icepar.specparts.shop/products/detail?slug=phcvaleo_prc02-329616,301,,,,,[],0,[],0,[],0,,,2.6658
PRC-03,https://icepar.specparts.shop/products/detail?slug=phcvaleo_prc03-329617,302,,,,,[],0,[],0,[],0,,,2.7016
PRC-07,https://icepar.specparts.shop/products/detail?slug=phcvaleo_prc07-329618,302,,,,,[],0,[],0,[],0,,,2.6075
PRC-08,https://icepar.specparts.shop/products/detail?slug=phcvaleo_prc08-329619,302,,,,,[],0,[],0,[],0,,,2.9055
PRC-10,https://icepar.specparts.shop/products/detail?slug=phcvaleo_prc10-329620,302,,,,,[],0,[],0,[],0,,,2.7541
PRC-12,https://icepar.specparts.shop/products/detail?slug=phcvaleo_prc12-329621,302,,,,,[],0,[],0,[],0,,,2.6282
PRC-13,https://icepar.specparts.shop/products/detail?slug=phcvaleo_prc13-329622,302,,,,,[],0,[],0,[],0,,,2.5715
PRC-18,https://icepar.specparts.shop/products/detail?slug=phcvaleo_prc18-329623,302,,,,,[],0,[],0,[],0,,,2.5612
PRC-25,https://icepar.specparts.shop/products/detail?slug=phcvaleo_prc25-329624,302,,,,,[],0,[],0,[],0,,,2.6511
"PRC-34,https://icepar.specparts.shop/products/detail?slug=phcvaleo_prc34-329625,302,,,,,""[""""KIA SOUL 16 16¥ (2009 AL 2015)"""", """"KIA SOUL 16 16V MT (2016 AL 2017}""""]"",2,[],0,[],0,,,8.8359"
PRC-37,https://icepar.specparts.shop/products/detail?slug=phcvaleo_prc37-329626,302,,,,,[],0,[],0,[],0,,,2.5379
CLA20747,https://icepar.specparts.shop/products/detail?slug=phcvaleo_cla20747-329627,302,,,,,[],0,[],0,[],0,,,2.6932
CLA20750,https://icepar.specparts.shop/products/detail?slug=phcvaleo_cla20750-329629,302,,,,,[],0,[],0,[],0,,,2.8937
CLA20752,https://icepar.specparts.shop/products/detail?slug=phcvaleo_cla20752-329630,302,,,,,[],0,[],0,[],0,,,2.7098
189996,https://icepar.specparts.shop/products/detail?slug=presion_189996-329631,302,,,,,[],0,[],0,[],0,,,2.7601
190365,https://icepar.specparts.shop/products/detail?slug=presion_190365-329632,302,,,,,[],0,[],0,[],0,,,2.6922
190372,https://icepar.specparts.shop/products/detail?slug=presion_190372-329633,302,,,,,[],0,[],0,[],0,,,2.6228
191160,https://icepar.specparts.shop/products/detail?slug=presion_191160-329638,302,,,,,[],0,[],0,[],0,,,2.6202
191214,https://icepar.specparts.shop/products/detail?slug=presion_191214-329639,302,,,,,[],0,[],0,[],0,,,2.8330
191870,https://icepar.specparts.shop/products/detail?slug=presion_191870-329642,302,,,,,[],0,[],0,[],0,,,2.6286
191887,https://icepar.specparts.shop/products/detail?slug=presion_191887-329643,302,,,,,[],0,[],0,[],0,,,2.7443
191979,https://icepar.specparts.shop/products/detail?slug=presion_191979-329644,302,,,,,[],0,[],0,[],0,,,2.7596
191986,https://icepar.specparts.shop/products/detail?slug=presion_191986-329645,302,,,,,[],0,[],0,[],0,,,2.7645
192026,https://icepar.specparts.shop/products/detail?slug=presion_192026-329647,303,,,,,[],0,[],0,[],0,,,2.6548
193821,https://icepar.specparts.shop/products/detail?slug=presion_193821-329648,303,,,,,[],0,[],0,[],0,,,2.5259
197413,https://icepar.specparts.shop/products/detail?slug=presion_197413-329651,303,,,,,[],0,[],0,[],0,,,2.5650
228172,https://icepar.specparts.shop/products/detail?slug=valeo_228172-329710,303,,,,,[],0,[],0,[],0,,,2.6255
V2531,https://icepar.specparts.shop/products/detail?slug=vicem_v2531-329711,303,,,,,[],0,[],0,[],0,,,2.6397
"KN20051.7.1,https://icepar.specparts.shop/products/detail?slug=fte_kn2005171-375555,303,,,,,""[""""CHEVROLET AVEO 16 16V (2008 AL 2011)""""]"",1,[],0,[],0,,,6.3164"
"AP 4571,https://icepar.specparts.shop/products/detail?slug=paulucci_ap4571-548987,303,,,,,""[""""FIAT GRAND SIENA 1.6 16V ETORQUE (2012 AL 2020)"""", """"FIAT IDEA 1.4 &V FIRE (2007 AL 2018)"""", """"FIAT PALIO 13 16V FIRE (2001 AL 2007)"""", """"FIAT PALIO 14 &V EVO (2012 AL 2026)"""", """"FIAT PALIO 14 8V FIRE (2006 AL 2020)"""", """"FIAT PALIO 16 16V E-TORQ (2010 AL 2022)"""", """"FIAT PALIO 16 16V TORQUE (2001 AL 2005)"""", """"FIAT PALIO 17 TD (2001 AL 2010)"""", """"FIAT PUNTO 1.4 8V FIRE (2007 AL 2020)"""", """"FIAT SIENA 13 16V FIRE (2001 AL 2007}"""", """"FIAT SIENA 14 &V FIRE (2006 AL 2017)"""", """"FIAT SIENA 16 16V TORQUE (2002 AL 2003)"""", """"FIAT SIENA 17 TD (2002 AL 2010)"""", """"FIAT STRADA 14 8V FIRE (2009 AL 2022)"""", """"FIAT STRADA 17 TD (2002 AL 2010)""""]"",15,[],0,[],0,,,22.4471"
"AP 9194,https://icepar.specparts.shop/products/detail?slug=paulucci_ap9194-553417,303,,,,,""[""""FIAT GRAND SIENA 1.4 &V EVO (2013 AL 2020)"""", """"FIAT GRAND SIENA 1.6 16V ETORQUE (2012 AL 2020)"""", """"FIAT PALIO 14 &V EVO (2012 AL 2026)"""", """"FIAT PALIO 16 16V E-TORQ (2010 AL 2022)""""]"",4,[],0,[],0,,,9.5165"
"AP 9205,https://icepar.specparts.shop/products/detail?slug=paulucci_ap9205-553420,303,,,,,""[""""LAND ROVER FREELANDER 18 (1998 AL 2002)"""", """"LAND ROVER FREELANDER 2.0 (1998 AL 2001)"""", """"LAND ROVER FREELANDER 2.0 TD4 (2001 AL 2002)"""", """"ROVER 416 16 16¥V (1992 AL 2000)"""", """"ROVER 420 20 TD (1996 AL 2000)""""]"",5,[],0,[],0,,,10.9922"
"AP 9210,https://icepar.specparts.shop/products/detail?slug=paulucci_ap9210-553421,303,,,,,""[""""CHRYSLER NEON 2.0 (1994 AL 2000)"""", """"CHRYSLER PT CRUISER 2.0 (2004 AL 2006)"""", """"CHRYSLER PT CRUISER 2.2 CRDI (2006 AL 2005)"""", """"CHRYSLER PT CRUISER 2.41 (2006 AL 2011)"""", """"CHRYSLER PT CRUISER 2.4T GT (2006 AL 2009)""""]"",5,[],0,[],0,,,10.7454"
"AP 9290,https://icepar.specparts.shop/products/detail?slug=paulucci_ap9290-553429,303,,,,,""[""""FIAT GRAND SIENA 1.6 16V ETORQUE (2012 AL 2020)"""", """"FIAT IDEA 1.4 &V FIRE (2007 AL 2018)"""", """"FIAT PALIO 13 16V FIRE (2001 AL 2007)"""", """"FIAT PALIO 14 &V EVO (2012 AL 2026)"""", """"FIAT PALIO 14 8V FIRE (2006 AL 2020)"""", """"FIAT PALIO 16 16V E-TORQ (2010 AL 2022)"""", """"FIAT PALIO 16 16V TORQUE (2001 AL 2005)"""", """"FIAT PALIO 17 TD (2001 AL 2010)"""", """"FIAT PUNTO 1.4 8V FIRE (2007 AL 2020)"""", """"FIAT SIENA 13 16V FIRE (2001 AL 2007}"""", """"FIAT SIENA 14 &V FIRE (2006 AL 2017)"""", """"FIAT SIENA 16 16V TORQUE (2002 AL 2003)"""", """"FIAT SIENA 17 TD (2002 AL 2010)"""", """"FIAT STRADA 14 8V FIRE (2009 AL 2022)"""", """"FIAT STRADA 17 TD (2002 AL 2010)""""]"",15,[],0,[],0,,,22.2837"
"AP 9111,https://icepar.specparts.shop/products/detail?slug=paulucci_ap9111-553465,303,,,,,""[""""CHEVROLET C-20 4.1 (1994 AL 1996)"""", """"CHEVROLET D-20 4.0 (1993 AL 1998)"""", """"CHEVROLET SILVERADO 4.1 (1996 AL 2001)"""", """"CHEVROLET SILVERADO 4.1D (1997 AL 2001)"""", """"CHEVROLET SILVERADGC 4.2 TD (1997 AL 2003)""""]"",5,[],0,[],0,,,10.8580"
"D151052,https://icepar.specparts.shop/products/detail?slug=fte_d151052-556174,303,,,,,""[""""AGRALE 14000 14000 4X2 (2016 AL 2026)"""", """"AGRALE 14000 14000 6X2 (2016 AL 2021)"""", """"FORD F-14000 F-14.000 (1996 AL 2008)"""", """"MECC 160 (1995 AL 2001)"""", """"MERCEDES BENZ 200 2.0 (1984 AL 1985, 1992 AL 1995)"""", """"MERCEDES BENZ 200 2.0 TD (1984 AL 1994)"""", """"MERCEDES BENZ 200 2.0 TE (1988 AL 1992)"""", """"MERCEDES BENZ 400 E (1992 AL 1995)"""", """"MERCEDES BENZ 600 6.0 (1991 AL 1993)"""", """"MERCEDES BENZ 600 SEC (1992 AL 1994)"""", """"MERCEDES BENZ 600 SEL (1991 AL 1993)"""", """"MERCEDES BENZ CLA CLA 200 (2013 AL 2021)"""", """"MERCEDES BENZ CLA CLA 250 (2013 AL 2016)"""", """"MERCEDES BENZ CLA CLA 45AMG (2015 AL 2018)"""", """"NISSAN 200 2.0 (1991 AL 1997)""""]"",15,[],0,""[""""SKF: VKCH 151052"""", """"SKF: VKCH151052"""", """"TRW: RCCEO1250"""", """"ZF: 33004""""]"",4,,,31.6153"
"D151065,https://icepar.specparts.shop/products/detail?slug=fte_d151065-556177,303,,,,,""[""""FORD F-4000 3.9 (1999 AL 2011)""""]"",1,[],0,""[""""LUK: 512 0063 10"""", """"LUK: 512006310"""", """"PHC VALEO: 40209"""", """"SACHS: 6283600193"""", """"SCHAEFFLER: 512 0063 10"""", """"SCHAEFFLER: 512006310"""", """"SKF: VKCH 151065"""", """"SKF: VKCH15 1065"""", """"TRW: RCCEO1270"""", """"ZF: 33005""""]"",10,,,20.7017"
"KN28022D1,https://icepar.specparts.shop/products/detail?slug=fte_kn28022d1-556181,303,,,,,""[""""ALFA ROMEC 164 Z2.0TS (1992 AL 1998)"""", """"ALFA ROMEC 164 2.0 V6 TURBO (1990 AL 1997)"""", """"ALFA ROMEO 164 2.5 TD (1992 AL 2001)"""", """"ALFA ROMEC 164 3.0 24V 5 (1993 AL 1998)"""", """"ALFA ROMEC 164 3.0 V6 12V (1993 AL 1998)"""", """"ALFA ROMEC 164 3.0 V6 24V (1994 AL 1997)"""", """"MERCEDES BENZ 1418 (1996 AL 2001)"""", """"MERCEDES BENZ 1938 5 (1999 AL 2007)"""", """"MERCEDES BENZ L 1418 (1998 AL 2003)"""", """"MERCEDES BENZ L 1938 (1995 AL 2001)"""", """"MERCEDES BENZ L 912 (1995 AL 1999)"""", """"MERCEDES BENZ LAK 1418 (1995 AL 2001)"""", """"VOLVO 960 2.5 (1991 AL 1998)"""", """"VOLVO 960 3.0 (1993 AL 1998)""""]"",14,""[""""CANTIDAD DE ORIFICIOS DE FUACION: 2"""", """"DIAMETRC DE PISTON: 28.57 mm"""", """"MEDIDA DE ROSCAS: M14x1"""", """"DISTANCIA ENTRE ORIFICIOS DE FUACION: 80 mm""""]"",4,""[""""TRW: RCCEO0114""""]"",1,,,35.9573"
"D151017,https://icepar.specparts.shop/products/detail?slug=fte_d151017-556195,303,,,,,""[""""CHEVROLET BLAZER 2.2 16V (1997 AL 2000)"""", """"CHEVROLET BLAZER 2.4 16V (2006 AL 2007}"""", """"CHEVROLET 5-10 2.2 EFI (1995 AL 1999)""""]"",3,""[""""DIAMETRC DE PISTON: 22 mm"""", """"CANTIDAD DE ORIFICIOS DE FUACION: 2""""]"",2,""[""""LUK: 512 006410"""", """"LUK: 512006410"""", """"PHC VALEO: 40152"""", """"SACHS: 83006"""", """"SCHAEFFLER: 512 0064 10"""", """"SCHAEFFLER: 512006410"""", """"SKF: VKCH 151017"""", """"SKF: VKCH151017"""", """"TRW: RCCEO1230"""", """"ZF: 33006""""]"",10,,,30.8972"
"D151056,https://icepar.specparts.shop/products/detail?slug=fte_d151056-556201,303,,,,,""[""""DODGE DAKOTA 2.5 TDI (1999 AL 2005)"""", """"DODGE DAKOTA 3.9 (1993 AL 2001)""""]"",2,""[""""CANTIDAD DE ORIFICIOS DE FUACION: 2""""]"",1,""[""""SKF: VKCH 151056"""", """"SKF: VKCH151056"""", """"TRW: RCCEO1260"""", """"ZF: 33003""""]"",4,,,21.7528"
"KN23027C1,https://icepar.specparts.shop/products/detail?slug=fte_kn23027c1-556222,304,,,,,""[""""AUDI A3 16 (2000 AL 2004, 2008 AL 2015)"""", """"SEAT LEON 16 (2001 AL 2003)"""", """"SEAT TOLEDO 1.6 (2000 AL 2002)"""", """"VOLKSWAGEN GOLF 16 8V (1999 AL 2002)""""]"",4,""[""""DIAMETRC DE PISTON: 23.81 mm"""", """"MEDIDA DE ROSCAS: 12x9"""", """"DISTANCIA ENTRE ORIFICIOS DE FUACION: 60 mm"""", """"CANTIDAD DE ORIFICIOS DE FUACION: 2""""]"",4,""[""""LPR: 3216"""", """"PHC VALEO: 40157"""", """"SKF: VKCH 23027"""", """"SKF: VKCH23027"""", """"TRW: RCCEO1340"""", """"ZF: 82002""""]"",6,,,30.1243"
"KN22091.7.1,https://icepar.specparts.shop/products/detail?slug=fte_kn2209171-556245,304,,,,,""[""""FIAT IDEA 1.4 &V FIRE (2007 AL 2018)"""", """"FIAT IDEA 1.6 16V E-TORQ (2010 AL 2020)"""", """"FIAT IDEA 1.8 &V (2005 AL 2011)"""", """"FIAT PALIO 13 16V FIRE (2001 AL 2007)"""", """"FIAT PALIO 13 16V MULTHET (2011)"""", """"FIAT PALIO 13 MPI (1999 AL 2004)"""", """"FIAT PALIO 14 8V FIRE (2006 AL 2010)"""", """"FIAT PALIO 16 16V TORQUE (1997 AL 2005)"""", """"FIAT PALIO 16 SPI (1997 AL 2001)"""", """"FIAT PALIO 17 TD (1997 AL 2010)"""", """"FIAT PALIO 18 8V (2004 AL 2010)"""", """"FIAT PALIO 18 R (2006 AL 2007}"""", """"FIAT PUNTO 1.2 (1994 AL 1999)"""", """"FIAT PUNTO 1.3 16V MULTUET (2008 AL 2011)"""", """"FIAT PUNTO 1.4 8V FIRE (2007 AL 2020)"""", """"FIAT PUNTO 1.6 16V E-TORQ (2011 AL 2022)"""", """"FIAT PUNTO 1.8 &¥V (2007 AL 2011)"""", """"FIAT SIENA 13 16V FIRE (2001 AL 2007}"""", """"FIAT SIENA 14 &V FIRE (2006 AL 2017)"""", """"FIAT SIENA 16 16V TORQUE (2001 AL 2003)"""", """"FIAT SIENA 16 SPI GNC (2000 AL 2001)"""", """"FIAT SIENA 17 TD (1997 AL 2010)"""", """"FIAT SIENA 18 &V (2004 AL 2011)"""", """"FIAT STILO 1.8 16V (2003 AL 2007)"""", """"FIAT STILO 1.8 8V (2004 AL 2010)"""", """"FIAT STILO 1.9 JTD (2003 AL 2007}"""", """"FIAT STRADA 13 16V MULTUET (2010 AL 2022)"""", """"FIAT STRADA 13 8V FIRE (2004 AL 2005)"""", """"FIAT STRADA 14 8V FIRE (2009 AL 2022)"""", """"FIAT STRADA 16 16V E-TORQ (2010 AL 2022)"""", """"FIAT STRADA 17 TD (1999 AL 2010)"""", """"FIAT STRADA 18 8V (2005 AL 2011)"""", """"ROVER 75 20 TD (2001 AL 2006)"""", """"ROVER 75 2.0 V6 (2001 AL 2006)""""]"",34,""[""""DISTANCIA ENTRE ORIFICIOS DE FUACION: 42 mm"""", """"DIAMETRO DE PISTON: 22.2 mm"""", """"CANTIDAD DE ORIFICIOS DE FUACION: 2""""]"",3,""[""""LUK: 418017410"""", """"LUK: 512 017410"""", """"LUK: 512017410"""", """"SACHS: 83008"""", """"SCHAEFFLER: 512 0174 10"""", """"SCHAEFFLER: 512017410"""", """"SKF: VKCH 4723"""", """"SKF: VKCH4723"""", """"TRW: RCCEO1430"""", """"ZF: 83008""""]"",10,,,69.5573"
"KN19017.4.3,https://icepar.specparts.shop/products/detail?slug=fte_kn1901743-556254,304,,,,,""[""""AUDI Q7 32.0 TFSI (2011 AL 2026)"""", """"AUDI Q7 2.0 V6 TDI (2006 AL 2014, 2016 AL 2022)"""", """"AUDI Q7 4.2 TDI (2008 AL 2018)"""", """"AUDI Q7 4.2 V& FSI (2006 AL 2011)"""", """"MERCEDES BENZ 200 2.0 TE (1988 AL 1992)"""", """"MERCEDES BENZ CLA CLA 200 (2013 AL 2021)"""", """"MERCEDES BENZ CLA CLA 250 (2013 AL 2016)"""", """"MERCEDES BENZ CLA CLA 45AMG (2015 AL 2018)"""", """"NISSAN 200 2.0 (1991 AL 1997)"""", """"VOLKSWAGEN FOX 16 16V MSI (2015 AL 2021)"""", """"VOLKSWAGEN FOX 16 8V (2003 AL 2015)"""", """"VOLKSWAGEN FOX 16 &V MSI (2015 AL 2022)"""", """"VOLKSWAGEN FOX 19 SDI (2008 AL 2010)"""", """"VOLKSWAGEN GOL TREND 16 8V IMCTION (2008 AL 2017)"""", """"VOLKSWAGEN POLO 16 16V AT (2015 AL 2022)"""", """"VOLKSWAGEN POLO 16 16V MT (2015 AL 2026)"""", """"VOLKSWAGEN POLO 16 MSI AT (2018 AL 2026)"""", """"VOLKSWAGEN POLO 16 MSI MT (2018 AL 2026)"""", """"VOLKSWAGEN POLO CLASSIC 16 8V (2001 AL 2009)""""]"",19,""[""""MEDIDA DE ROSCAS: 12x9"""", """"DISTANCIA ENTRE ORIFICIOS DE FUACION: 65 mm"""", """"DIAMETRC DE PISTON: 19.05 mm"""", """"CANTIDAD DE ORIFICIOS DE FUACION: 2""""]"",4,[],0,,,36.5186"
"KN28031B1,https://icepar.specparts.shop/products/detail?slug=fte_kn28031b1-587220,304,,,,,""[""""MECC 160 (1995 AL 2001)""""]"",1,""[""""DIAMETRC DE PISTON: 28.57 mm"""", """"CANTIDAD DE ORIFICIOS DE FUACION: 4 mm""""]"",2,""[""""OE: ADO2 295 16 07"""", """"OE: A002295 1607""""]"",2,,,18.7344"
"3073,https://icepar.specparts.shop/products/detail?slug=lpr_3073-668745,304,,,,,""[""""PEUGEOT 207 1.4 HDI (2011 AL 2017)"""", """"PEUGEOT 207 1.41 (2008 AL 2017)"""", """"PEUGEOT 208 P2112 PURETECH 8&2 (2020 AL 2026)""""]"",3,""[""""DIAMETRC DE PISTON: 19.05 mm""""]"",1,""[""""CIFAM: 404-159"""", """"LUK: 512 0050 10"""", """"SACHS: 6283 654 002"""", """"TOPRAN: 723 758 001""""]"",4,,,23.1216"
"3216,https://icepar.specparts.shop/products/detail?slug=lpr_3216-668751,304,,,,,""[""""AUDI A3 18 (1997 AL 2001)"""", """"AUDI A3 18 T (1997 AL 2001)""""]"",2,""[""""DISTANCIA ENTRE ORIFICIOS DE FUACION: 60 mm"""", """"MEDIDA DE ROSCAS: 12 X9"""", """"DIAMETRC DE PISTON: 23.81 mm""""]"",3,""[""""BENDIX: 5120968"""", """"CIFAM: 404 084"""", """"DELPHI: LL49906"""", """"FEBI BILSTEIN: 30217""""]"",4,,,23.6961"
"3543,https://icepar.specparts.shop/products/detail?slug=lpr_3543-668753,304,,,,,""[""""HONDA ACCORD 2.2 (1989 AL 1999)"""", """"HONDA PRELUDE 2.2 (1996 AL 2000)"""", """"HONDA PRELUDE 2.2 VTI (1996 AL 2000)"""", """"HONDA PRELUDE 2.3 (1992 AL 1997}""""]"",4,""[""""DISTANCIA ENTRE ORIFICIOS DE FUACION: 35 mm"""", """"MEDIDA DE ROSCAS: 10 X1"""", """"DIAMETRC DE PISTON: 19.05 mm""""]"",3,""[""""DELPHI: LL60000"""", """"FEBI BILSTEIN: 17403"""", """"FERODO: FHC6053"""", """"TRW: PJD162""""]"",4,,,25.6991"
"512 0001 10,https://icepar.specparts.shop/products/detail?slug=luk_512000110-986357,304,,,,,""[""""FIAT IDEA 1.4 &V FIRE (2007 AL 2018)"""", """"FIAT UNG 14 8V EVO (2010 AL 2017)""""]"",2,[],0,""[""""LUK: 5120001100"""", """"SACHS: 6283 600 547""""]"",2,,,13.9314"
"512 0190 10,https://icepar.specparts.shop/products/detail?slug=luk_512019010-986425,304,,,,,""[""""MERCEDES BENZ 200 2.0 (1984 AL 1985, 1992 AL 1995)"""", """"MERCEDES BENZ 200 2.0 TD (1984 AL 1994)"""", """"MERCEDES BENZ 200 2.0 TE (1988 AL 1992)"""", """"NISSAN 200 2.0 (1991 AL 1997)"""", """"VOLKSWAGEN CROSSFOX 16 16V MSI (2015 AL 2017)"""", """"VOLKSWAGEN CROSSFOX 16 &V (2005 AL 2016)"""", """"VOLKSWAGEN FOX 16 16V MSI (2015 AL 2021)"""", """"VOLKSWAGEN FOX 16 8V (2003 AL 2015)"""", """"VOLKSWAGEN FOX 16 &V MSI (2015 AL 2022)"""", """"VOLKSWAGEN FOX 19 SDI (2008 AL 2010)"""", """"VOLKSWAGEN SURAN 16 16V MSI (2015 AL 2026)"""", """"VOLKSWAGEN SURAN 16 16V MSI IMOTION (2015 AL 2021)"""", """"VOLKSWAGEN SURAN 16 &V (2006 AL 2015)"""", """"VOLKSWAGEN SURAN 16 &V MSI (2015 AL 2026)"""", """"VOLKSWAGEN SURAN 139 SDI (2007 AL 2010)""""]"",15,[],0,""[""""LUK: 5120190100""""]"",1,,,26.7809"
"512 0359 10,https://icepar.specparts.shop/products/detail?slug=luk_512035910-986429,304,,,,,""[""""FORD RANGER 25 TDI (1998 AL 2002)""""]"",1,""[""""DIAMETRO DE PISTON: 20.4""""]"",1,""[""""FTE: KN20024.7.1"""", """"LUK: 5120359100"""", """"SACHS: 6283 600 512"""", """"UNIVERSAL: 512035910""""]"",4,,,19.4764"
"512 0063 10,https://icepar.specparts.shop/products/detail?slug=luk_512006310-986488,304,,,,,[],0,[],0,""[""""FTE: D151065"""", """"SACHS: 83005"""", """"SKF: VKCH 151065""""]"",3,,,9.4710"
"512 0066 10,https://icepar.specparts.shop/products/detail?slug=luk_512006610-986511,304,,,,,[],0,""[""""DIAMETRCO DE PISTON: 19 mm"""", """"DISTANCIA ENTRE ORIFICIOS DE FUACION: 48"""", """"CANTIDAD DE ORIFICIOS DE FUACION: 2""""]"",3,""[""""FTE: KN19021A1"""", """"SACHS: 83015"""", """"SKF: VKCH19021A1""""]"",3,,,16.9151"
"512 0174 10,https://icepar.specparts.shop/products/detail?slug=luk_512017410-986581,304,,,,,""[""""FIAT PALIO 13 16V FIRE (2001 AL 2007)"""", """"FIAT PALIO 13 16V MULTHET (2011)"""", """"FIAT PALIO 13 MPI (1999 AL 2004)"""", """"FIAT PALIO 14 8V FIRE (2006 AL 2010)"""", """"FIAT PALIO 16 16V TORQUE (1997 AL 2005)"""", """"FIAT PALIO 16 SPI (1997 AL 2001)"""", """"FIAT PALIO 17 TD (1997 AL 2010)"""", """"FIAT PALIO 18 8V (2004 AL 2010)"""", """"FIAT PALIO 18 R (2006 AL 2007}"""", """"FIAT PUNTO 1.3 16V MULTUET (2008 AL 2011)"""", """"FIAT PUNTO 1.4 8V FIRE (2007 AL 2020)"""", """"FIAT SIENA 13 16V FIRE (2001 AL 2007}"""", """"FIAT SIENA 14 &V FIRE (2006 AL 2011)"""", """"FIAT SIENA 16 16V TORQUE (2001 AL 2003)"""", """"FIAT SIENA 16 SPI GNC (2000 AL 2001)"""", """"FIAT SIENA 17 TD (1997 AL 2010)"""", """"FIAT SIENA 18 &V (2004 AL 2011)""""]"",17,""[""""DISTANCIA ENTRE ORIFICIOS DE FUACION: 42 mm"""", """"DIAMETRC DE PISTON: 22 mm"""", """"CANTIDAD DE ORIFICIOS DE FUACION: 2""""]"",3,""[""""FTE: KN220917.1"""", """"FTE: KN220917.2"""", """"LUK: 5120174100"""", """"PHC VALEO: 40151"""", """"SACHS: 6283 600 547"""", """"SACHS: 83008""""]"",6,,,42.6268"
"512 0070 10,https://icepar.specparts.shop/products/detail?slug=luk_512007010-986586,304,,,,,""[""""FIAT GRAND SIENA 1.4 &V EVO (2013 AL 2020)""""]"",1,""[""""CANTIDAD DE ORIFICIOS DE FUACION: 2""""]"",1,""[""""LUK: 5120070100""""]"",1,,,16.0337"
"512 0010 10,https://icepar.specparts.shop/products/detail?slug=luk_512001010-986640,304,,,,,""[""""AUDI A3 LBT (180 CV) (2000 AL 2004)"""", """"AUDI A3 18 T (1997 AL 2005)"""", """"AUDI A3 19 TDI (1997 AL 2001, 2008 AL 2005)"""", """"AUDI A4 18 T (2001 AL 2008)"""", """"SEAT LEON 2.0 FSI (2008 AL 2005)"""", """"SEAT MARBELLA STD (1992 AL 1995)"""", """"VOLKSWAGEN NEW BEETLE 2.5 (2006 AL 2010)"""", """"VOLKSWAGEN PASSAT 2.0 FSI (2006 AL 2010)"""", """"VOLKSWAGEN THE BEETLE 14 TSI (2014 AL 2022)""""]"",9,""[""""DIAMETRC DE PISTON: 19.05 mm"""", """"CANTIDAD DE ORIFICIOS DE FUACION: 2"""", """"DISTANCIA ENTRE ORIFICIOS DE FUACION: 65 mm""""]"",3,""[""""LUK: 5120010100"""", """"SACHS: 6283000 016"""", """"SACHS: 6283 000 038"""", """"SACHS: 6283 000 065"""", """"UNIVERSAL: 512001010""""]"",5,,,32.7465"
"3024,https://icepar.specparts.shop/products/detail?slug=lpr_3024-1127073,304,,,,,""[""""HONDA CIVIC 1.7 (2001 AL 2004)""""]"",1,""[""""DISTANCIA ENTRE ORIFICIOS DE FUACION: 30"""", """"DIAMETRCO DE PISTON: 19 mm"""", """"MEDIDA DE ROSCAS: 10x1""""]"",3,""[""""BREMBO: E28008"""", """"CIFAM: 404071"""", """"DELPHI: LL80148""""]"",3,,,20.8516"
"3507,https://icepar.specparts.shop/products/detail?slug=lpr_3507-1127095,304,,,,,""[""""NISSAN 240 2.4 (1990 AL 1996)"""", """"NISSAN 280 2.8 (1983 AL 1984)"""", """"NISSAN MAXIMA 3.0 (1989 AL 1996)""""]"",3,""[""""DIAMETRC DE PISTON: 19.05 mm"""", """"MEDIDA DE ROSCAS: 10x1""""]"",2,""[""""FERODO: FHC6082"""", """"RIDEX: 4700078"""", """"TRW: PJD165""""]"",3,,,22.9401"
"3027,https://icepar.specparts.shop/products/detail?slug=lpr_3027-1127130,304,,,,,""[""""HONDA CITY 1.5 16V (2011 AL 2020)"""", """"HONDA CIVIC 1.8 (2007 AL 2009)""""]"",2,""[""""DISTANCIA ENTRE ORIFICIOS DE FUACION: 30"""", """"DIAMETRC DE PISTON: 19.05 mm"""", """"MEDIDA DE ROSCAS: 10x1""""]"",3,""[""""BREMBO: E28010"""", """"CIFAM: 404070"""", """"DELPHI: LL80154""""]"",3,,,22.2715"
"8815,https://icepar.specparts.shop/products/detail?slug=lpr_8815-1127146,304,,,,,""[""""MECC EUROCARGO 5.9 (2007 AL 20059)""""]"",1,""[""""DIAMETRC DE PISTON: 38.10 mm"""", """"MEDIDA DE ROSCAS: 14x15""""]"",2,[],0,,,11.9163"
"3544,https://icepar.specparts.shop/products/detail?slug=lpr_3544-1127151,304,,,,,""[""""HONDA CRX 16 (1987 AL 1991)"""", """"HONDA CRX 1.6 VTI (1989 AL 1998)""""]"",2,""[""""DISTANCIA ENTRE ORIFICIOS DE FUACION: 32"""", """"DIAMETRC DE PISTON: 19.05 mm"""", """"MEDIDA DE ROSCAS: 10x1""""]"",3,""[""""BENDIX: 5142388"""", """"BOSCH: 0 986 486 555"""", """"BREMBO: E28002"""", """"DELPHI: LL60002"""", """"TRW: PJD106""""]"",5,,,25.3715"
"8109,https://icepar.specparts.shop/products/detail?slug=lpr_8109-1127185,304,,,,,""[""""ALFA ROMEC 164 Z2.0TS (1992 AL 1998)"""", """"ALFA ROMEO 164 2.5 TD (1992 AL 2001)"""", """"ALFA ROMEC 164 3.0 24V 5 (1993 AL 1998)"""", """"ALFA ROMEC 164 3.0 V6 24V (1994 AL 1997)""""]"",4,""[""""DIAMETRC DE PISTON: 23.81 mm"""", """"MEDIDA DE ROSCAS: 12x1""""]"",2,[],0,,,17.2618"
"3539,https://icepar.specparts.shop/products/detail?slug=lpr_3539-1127280,304,,,,,""[""""NISSAN PICK UP 20 (1992 AL 1995)"""", """"NISSAN PICK UP 23D (1992 AL 1995)"""", """"NISSAN TERRANG 2.7 TDI (1995 AL 2000)"""", """"NISSAN TERRANG 3.3 V6 (1995 AL 2000)""""]"",4,""[""""DISTANCIA ENTRE ORIFICIOS DE FUACION: 52"""", """"DIAMETRC DE PISTON: 17.46 mm"""", """"MEDIDA DE ROSCAS: 10x1""""]"",3,""[""""BENDIX: E24003"""", """"DELPHI: LL62070"""", """"FERODO: FHC6042""""]"",3,,,25.1766"
"3528,https://icepar.specparts.shop/products/detail?slug=lpr_3528-1127288,305,,,,,""[""""TOYOTA CELICA 2.0 (EEUU) (1994 AL 1997)"""", """"TOYOTA HILUX 2.4D (1992 AL 1997}"""", """"TOYOTA RAV 4 2.0 D4-D (2002 AL 2006)""""]"",3,""[""""DIAMETRC DE PISTON: 20.64 mm"""", """"MEDIDA DE ROSCAS: 10x1""""]"",2,""[""""BOSCH: 0 986 486 519"""", """"FTE: KN20029.2.1"""", """"FTE: KN2002921"""", """"SACHS: 6283 600 142"""", """"TRW: PJF135""""]"",5,,,25.1076"
"8110,https://icepar.specparts.shop/products/detail?slug=lpr_8110-1127305,305,,,,,""[""""FIAT BRAVA 1.9 JTD (2000 AL 2003)"""", """"FIAT MAREA 16 16V (1998 AL 2001, 2003 AL 2005)"""", """"FIAT MAREA 139 TDI (1998 AL 2000)"""", """"FIAT MAREA 2.0 20V (1998 AL 2004)""""]"",4,""[""""DISTANCIA ENTRE ORIFICIOS DE FUACION: 42"""", """"DIAMETRO DE PISTON: 25.4 mm"""", """"MEDIDA DE ROSCAS: 12x1""""]"",3,""[""""ATE: 24.2525-1705.3"""", """"BENDIX: 51206468"""", """"BOSCH: 0 204 163081"""", """"BREMBO: E23007"""", """"DELPHI: LL70224"""", """"FTE: KN25048A1"""", """"LUK: 512 006210"""", """"SACHS: 6283 600 126"""", """"TRW: PJA111""""]"",9,,,32.2775"
PRC10122,https://icepar.specparts.shop/products/detail?slug=phcvaleo_prc10122-1294811,305,,,,,[],0,[],0,[],0,,,2.6057
PRC10205,https://icepar.specparts.shop/products/detail?slug=phcvaleo_prc10205-1319228,305,,,,,[],0,[],0,[],0,,,2.6783
"4326,https://icepar.specparts.shop/products/detail?slug=lpr_4326-438098,305,,,,,""[""""VOLKSWAGEN GOLF 16 8V (1999 AL 2012)"""", """"VOLKSWAGEN GOLF L&T (1999 AL 2002)"""", """"VOLKSWAGEN GOLF 19 TDI (1999 AL 2011)"""", """"VOLKSWAGEN POLO CLASSIC 19 TDI (1998 AL 2000)""""]"",4,""[""""MATERIAL: ALUMINIO"""", """"Distancia de los taladros de sujecion: 10.5"""", """"DIAMETRC DE PISTON: 17.46 mm"""", """"POSICION: TRASERO"""", """"LADO: AMBOS"""", """"MEDIDA DE ROSCA: 10x1"""", """"SISTEMA: ATE""""]"",7,""[""""BYR: 9501"""", """"CIFAM: 101608"""", """"DELPHI: LW47029"""", """"FEBI BILSTEIN: 6097"""", """"FERODO: FHW429"""", """"FRENO:SILENT: 216/14""""]"",6,,,33.7387"
"4404,https://icepar.specparts.shop/products/detail?slug=lpr_4404-438099,305,,,,,""[""""FIAT 600 0.9 (1965 AL 1980)""""]"",1,""[""""MEDIDA DE ROSCA: 10 X 1,25"""", """"Distancia de los taladros de sujecion: 35"""", """"MATERIAL: FUNDICION GRIS"""", """"DIAMETRO DE PISTON: 22.2 mm"""", """"POSICION: DELANTERO"""", """"LADO: AMBOS""""]"",6,""[""""BREMBO: A12470"""", """"CIFAM: 101003"""", """"MARROSE: 3005"""", """"5R33: SR5697""""]"",4,,,25.6235"
"4484,https://icepar.specparts.shop/products/detail?slug=lpr_4484-438100,305,,,,,""[""""FIAT SIENA 13 16V FIRE (2001 AL 2005)"""", """"FIAT SIENA 16 16V TORQUE (2001 AL 2003)"""", """"FIAT SIENA 16 SPI GNC (2000 AL 2001)"""", """"FIAT SIENA 17 TD (1997 AL 2004)""""]"",4,""[""""DIAMETRC DE PISTON: 20.64 mm"""", """"MATERIAL: FUNDICION GRIS"""", """"Distancia de los taladros de sujecion: 36"""", """"POSICION: TRASERO"""", """"MEDIDA DE ROSCA: 10x1"""", """"LADO: AMBOS""""]"",6,""[""""BOSCH: 0 204 116 158"""", """"BYR: 51263"""", """"CIFAM: 101612"""", """"CONTROIL: C-3411"""", """"DELPHI: LW70226"""", """"FERODO: FHW301"""", """"FTE: R20065A1""""]"",7,,,32.3975"
"4920,https://icepar.specparts.shop/products/detail?slug=lpr_4920-438104,305,,,,,""[""""FORD KA 13 (1997 AL 1999)""""]"",1,""[""""Distancia de los taladros de sujecion: 31.3"""", """"MATERIAL: FUNDICION GRIS"""", """"DIAMETRO DE PISTON: 17.8 mm"""", """"POSICION: TRASERO"""", """"LADO: AMBOS"""", """"MEDIDA DE ROSCA: 10x1""""]"",6,""[""""BOSCH: 0 204 116 502"""", """"CONTROIL: C-3439"""", """"DELPHI: LW37515"""", """"FEBI BILSTEIN: 5702"""", """"FRENO:SILENT: 066/34"""", """"FTE: R17010D1"""", """"IMBASA: 981401"""", """"5R33: SRO671""""]"",8,,,30.4828"
"5168,https://icepar.specparts.shop/products/detail?slug=lpr_5168-438105,305,,,,,[],0,""[""""POSICION: TRASERO"""", """"Distancia de los taladros de sujecion: 15"""", """"MATERIAL: ALUMINIO"""", """"MEDIDA DE ROSCA: 10x1"""", """"LADO: AMBOS"""", """"DIAMETRC DE PISTON: 19.05 mm""""]"",6,""[""""BENDIX: 21240668"""", """"BOSCH: 0 986 475 966"""", """"CIFAM: 101811"""", """"CONTROIL: C-3472"""", """"DELPHI: LW90052"""", """"FEBI BILSTEIN: 102818"""", """"FERODO: FHW4626"""", """"FRENO:SILENT: 066/61"""", """"5R33: SR6536""""]"",9,,,27.5263"
190143,https://icepar.specparts.shop/products/detail?slug=presion_190143-542345,305,,,,,[],0,[],0,[],0,,,2.6450
190150,https://icepar.specparts.shop/products/detail?slug=presion_190150-542346,305,,,,,[],0,[],0,[],0,,,2.5963
190181,https://icepar.specparts.shop/products/detail?slug=presion_190181-542349,306,,,,,[],0,[],0,[],0,,,2.8165
190198,https://icepar.specparts.shop/products/detail?slug=presion_190198-542350,306,,,,,[],0,[],0,[],0,,,2.5932
190211,https://icepar.specparts.shop/products/detail?slug=presion_190211-542352,306,,,,,[],0,[],0,[],0,,,2.5975
190228,https://icepar.specparts.shop/products/detail?slug=presion_190228-542353,306,,,,,[],0,[],0,[],0,,,2.7961
190235,https://icepar.specparts.shop/products/detail?slug=presion_190235-542354,306,,,,,[],0,[],0,[],0,,,2.6260
190747,https://icepar.specparts.shop/products/detail?slug=presion_190747-542356,306,,,,,[],0,[],0,[],0,,,2.6073
190754,https://icepar.specparts.shop/products/detail?slug=presion_190754-542357,306,,,,,[],0,[],0,[],0,,,2.5911
190846,https://icepar.specparts.shop/products/detail?slug=presion_190846-542358,306,,,,,[],0,[],0,[],0,,,2.7934
190860,https://icepar.specparts.shop/products/detail?slug=presion_190860-542359,306,,,,,[],0,[],0,[],0,,,2.5942
190907,https://icepar.specparts.shop/products/detail?slug=presion_190907-542361,306,,,,,[],0,[],0,[],0,,,3.0045
191078,https://icepar.specparts.shop/products/detail?slug=presion_191078-542362,306,,,,,[],0,[],0,[],0,,,2.6258
191092,https://icepar.specparts.shop/products/detail?slug=presion_191092-542363,306,,,,,[],0,[],0,[],0,,,2.5536
197410,https://icepar.specparts.shop/products/detail?slug=presion_197410-542364,306,,,,,[],0,[],0,[],0,,,2.6900
"4678,https://icepar.specparts.shop/products/detail?slug=lpr_4678-1140754,306,,,,,""[""""CITROEN AX 14 GTI (1991 AL 1996)"""", """"CITROEN SAXG 1.1 (2001 AL 2004)"""", """"CITROEN SAXO 1.4 VTS (2001 AL 2003)"""", """"CITROEN SAXG 1.5D (2001 AL 2003)"""", """"PEUGEOT 106 1.1 (2000 AL 2004)"""", """"PEUGEOT 106 1.41 (1995 AL 2002)"""", """"PEUGEOT 106 1. 516 (1998 AL 2001)"""", """"PEUGEOT 205 1.1 (1992 AL 1995)""""]"",8,""[""""LADO: IZQUIERDO"""", """"DIAMETRC DE PISTON: 19.05 mm"""", """"MEDIDA DE ROSCA: 12x1"""", """"POSICION: TRASERO"""", """"Distancia de los taladros de sujecion: 31 mm"""", """"MATERIAL: FUNDICION GRIS"""", """"SISTEMA: BENDIX""""]"",7,""[""""BOSCH: 0 204 116 222"""", """"BYR: 85301"""", """"CIFAM: 101567"""", """"FEBI BILSTEIN: 9594"""", """"FERODO: FHWOO45"""", """"FTE: R19064A1"""", """"5R33: SR1400""""]"",7,,,40.4227"
"4632,https://icepar.specparts.shop/products/detail?slug=lpr_4632-1140852,306,,,,,""[""""PEUGEOT 505 2.0 GR (1983 AL 1985)""""]"",1,""[""""LADO: DERECHO"""", """"DIAMETRC DE PISTON: 22 mm"""", """"MEDIDA DE ROSCA: 10x1"""", """"MATERIAL: FUNDICION GRIS"""", """"Distancia de los taladros de sujecion: 36""""]"",5,""[""""IMBASA: 96901 D"""", """"LPR: 4632""""]"",2,,,22.6387"
"4634,https://icepar.specparts.shop/products/detail?slug=lpr_4634-1140870,306,,,,,[],0,""[""""MEDIDA DE ROSCA: 10x1"""", """"LADO: IZQUIERDO"""", """"DIAMETRC DE PISTON: 22 mm"""", """"MATERIAL: FUNDICION GRIS"""", """"Distancia de los taladros de sujecion: 36""""]"",5,""[""""IMBASA: 96901 I"""", """"LPR: 4634""""]"",2,,,18.6989"
"4027,https://icepar.specparts.shop/products/detail?slug=lpr_4027-1140891,306,,,,,[],0,""[""""LADO: AMBOS"""", """"DIAMETRC DE PISTON: 22 mm"""", """"MEDIDA DE ROSCA: 10x1"""", """"Distancia de los taladros de sujecion: 29 mm"""", """"MATERIAL: HIERRO FUNDIDO"""", """"SISTEMA: BENDIX""""]"",6,""[""""ATE: 24.3222-1716.3"""", """"BOSCH: F 026 002 482"""", """"FTE: R220025A1"""", """"LPR: 4027""""]"",4,,,21.6812"
"4669,https://icepar.specparts.shop/products/detail?slug=lpr_4669-1140938,306,,,,,""[""""RENAULT EXPRESS 1.6 16V (1996 AL 2001)"""", """"RENAULT EXPRESS 1.9D (1995 AL 2002)""""]"",2,""[""""LADO: AMBOS"""", """"DIAMETRO DE PISTON: 22.2 mm"""", """"MEDIDA DE ROSCA: 10x1"""", """"Distancia de los taladros de sujecion: 31.7"""", """"MATERIAL: FUNDICION GRIS""""]"",5,""[""""BLM: 4402-59A"""", """"Bolomey - GENERICO: P440259"""", """"BOSCH: 0 986 475 677"""", """"CIFAM: 101364"""", """"CONTROIL: C-3479"""", """"DELPHI: WAP2445"""", """"FERODO: FHW 105"""", """"FRENO:SILENT: 165/24"""", """"FTE: R220006A1"""", """"IMBASA: 985301"""", """"LPR: 4669"""", """"5R33: SR6517""""]"",12,,,36.5931"
"4532,https://icepar.specparts.shop/products/detail?slug=lpr_4532-1140945,306,,,,,[],0,""[""""LADO: IZQUIERDO"""", """"DIAMETRC DE PISTON: 23.81 mm"""", """"MATERIAL: FUNDICION GRIS"""", """"Distancia de los taladros de sujecion: 25"""", """"MEDIDA DE ROSCA: 3/8 24 UNF""""]"",5,[],0,,,44.1966"
"4625,https://icepar.specparts.shop/products/detail?slug=lpr_4625-1140958,306,,,,,""[""""CITROEN SAXG 1.1 (2001 AL 2004)"""", """"CITROEN SAXO 1.4 VTS (2001 AL 2003)"""", """"CITROEN SAXG 1.5D (2001 AL 2003)"""", """"CITROEN XSARA 16 16V (1992 AL 1993, 2003 AL 2005)"""", """"CITROEN XSARA 18 16V (1998 AL 2002)"""", """"CITROEN XSARA 19 TD (1999 AL 2001)"""", """"CITROEN XSARA 19D (1998 AL 2005)"""", """"CITROEN XSARA 2.0 16V (1999 AL 2004)"""", """"CITROEN XSARA 2.0 HDI (2001 AL 2005)"""", """"CITROEN ZX 141 (1993 AL 1995)"""", """"CITROEN ZX 18 (1993 AL 1996)"""", """"CITROEN ZX 19 TD (1993 AL 1998)"""", """"CITROEN ZX 19D (1993 AL 1999)"""", """"CITROEN ZX 2.0 (1993 AL 1995)"""", """"CITROEN ZX 2.0 16V (1993 AL 1999)"""", """"PEUGEOT 106 1.1 (2000 AL 2004)"""", """"PEUGEOT 106 1.41 (1995 AL 2002)"""", """"PEUGEOT 106 1.5D (1999 AL 2002)"""", """"PEUGEOT 106 1. 516 (1998 AL 2001)"""", """"PEUGEOT 306 1.41 (1996 AL 1998)"""", """"PEUGEOT 306 1.4 (1995 AL 2000)"""", """"PEUGEOT 306 18 16¥ (1997 AL 2001)"""", """"PEUGEOT 306 1.4 8&V (1998 AL 1999)"""", """"PEUGEOT 306 1.9 TD (1995 AL 2000)"""", """"PEUGEOT 306 1.9 TDI (1999 AL 2002)"""", """"PEUGEOT 306 1.9 XSD (1995 AL 1997)"""", """"PEUGEOT 306 1.9 XSDT (1995 AL 1997)"""", """"PEUGEOT 306 1.9D (1999 AL 2003)"""", """"PEUGEOT 306 2.0 (1995 AL 2002)"""", """"PEUGEOT 306 2.0 16¥V (1997 AL 1999)"""", """"PEUGEOT 306 2.0 HDI (2000 AL 2003)"""", """"RENAULT LAGUNA 18 16V (1998 AL 2002)"""", """"RENAULT LAGUNA 139 DTI (1998 AL 2002)"""", """"RENAULT LAGUNA 2.0 (1993 AL 2002)"""", """"RENAULT LAGUNA 2.2D (1996 AL 1998)"""", """"RENAULT LAGUNA 2.9 V6 (1998 AL 2002)""""]"",36,""[""""DIAMETRC DE PISTON: 20.64 mm"""", """"LADO: AMBOS"""", """"MEDIDA DE ROSCA: 10x1"""", """"Distancia de los taladros de sujecion: 31.7"""", """"MATERIAL: FUNDICION GRIS"""", """"POSICION: TRASERO""""]"",6,""[""""BENDIX: 21232268"""", """"BOSCH: 0 986 475 797"""", """"BYR: 87101"""", """"CIFAM: 101 648"""", """"CONTROIL: C-3478"""", """"DELPHI: LW30005"""", """"FEBI BILSTEIN: 102712"""", """"FERODO: FHW222"""", """"FTE: R2Q0004A1"""", """"LPR: 4625"""", """"MARROSE: 6035"""", """"5R33: 5R1340""""]"",12,,,78.2439"
"4508,https://icepar.specparts.shop/products/detail?slug=lpr_4508-1140961,306,,,,,""[""""RENAULT R18 14 (1983 AL 1991)"""", """"RENAULT R18 16 (1983 AL 1991)"""", """"RENAULT R18 2.2 (1983 AL 1991)""""]"",3,""[""""DIAMETRC DE PISTON: 22 mm"""", """"LADO: AMBOS"""", """"MEDIDA DE ROSCA: 10x1"""", """"POSICION: TRASERO"""", """"Distancia de los taladros de sujecion: 36""""]"",5,""[""""BYR: 51031"""", """"CIFAM: 101 285"""", """"FERODO: FHW128"""", """"FRENO:SILENT: 185/24"""", """"LPR: 4508"""", """"MARROSE: 6017"""", """"5R33: SR3873""""]"",7,,,32.2659"
"4590,https://icepar.specparts.shop/products/detail?slug=lpr_4590-1140963,306,,,,,""[""""RENAULT TWINGO 1.2 (1992 AL 2000)""""]"",1,""[""""LADO: IZQUIERDO"""", """"DIAMETRC DE PISTON: 20.64 mm"""", """"MEDIDA DE ROSCA: 12x1"""", """"Distancia de los taladros de sujecion: 36"""", """"POSICION: TRASERO"""", """"MATERIAL: FUNDICION GRIS""""]"",6,""[""""BYR: 51251"""", """"CIFAM: 101589"""", """"FEBI BILSTEIN: 9615"""", """"FERODO: FHWO84"""", """"5R33: SROS92""""]"",5,,,27.0471"
"4537,https://icepar.specparts.shop/products/detail?slug=lpr_4537-1140964,306,,,,,""[""""RENAULT R11 14 (1984 AL 1999)"""", """"RENAULT R11 14 TURBO (19386 AL 1989)"""", """"RENAULT R11 16 (1987 AL 1999)"""", """"RENAULT R9 14 (1987 AL 1993)"""", """"RENAULT R9 16 (1989 AL 2003)""""]"",5,""[""""DIAMETRC DE PISTON: 22 mm"""", """"LADO: IZQUIERDO"""", """"MEDIDA DE ROSCA: 10x1"""", """"POSICION: TRASERO"""", """"MATERIAL: FUNDICION GRIS"""", """"Distancia de los taladros de sujecion: 25""""]"",6,""[""""BOSCH: 0 204 116 127"""", """"BYR: 51069"""", """"CONTROIL: C-3465"""", """"FERODO: FHW133"""", """"FRENO:SILENT: 185/22"""", """"FTE: R22071B81"""", """"FTE: R22083A1"""", """"IMBASA: 99701 I"""", """"MARROSE: 6018 D"""", """"5R33: SR4789""""]"",10,,,38.4185"
"4696,https://icepar.specparts.shop/products/detail?slug=lpr_4696-1140978,306,,,,,""[""""RENAULT CLIO 12 16V (1999 AL 2011)"""", """"RENAULT LOGAN 1.5 DCI (2007 AL 2011)"""", """"RENAULT LOGAN 1.6 16¥V (2007 AL 2010)"""", """"RENAULT LOGAN 1.6 8V (2008 AL 2014)""""]"",4,""[""""LADO: AMBOS"""", """"DIAMETRC DE PISTON: 17.46 mm"""", """"MEDIDA DE ROSCA: 10x1"""", """"POSICION: TRASERO"""", """"MATERIAL: FUNDICION GRIS"""", """"Distancia de los taladros de sujecion: 31.7""""]"",6,""[""""BENDIX: 2123908"""", """"BOSCH: 0 986 475 837"""", """"BYR: 85801"""", """"CIFAM: 101703"""", """"CONTROIL: C-3490"""", """"DELPHI: LW30007"""", """"FEBI BILSTEIN: 102814"""", """"FERODO: FHW4018"""", """"FRENO:SILENT: 185/66"""", """"FTE: R17043A1"""", """"IMBASA: 990501"""", """"LPR: 4696"""", """"TRW: RCCRO2910""""]"",13,,,42.5622"
"4591,https://icepar.specparts.shop/products/detail?slug=lpr_4591-1140988,307,,,,,""[""""RENAULT TWINGO 1.2 (1992 AL 2000)""""]"",1,""[""""LADO: DERECHO"""", """"DIAMETRC DE PISTON: 20.64 mm"""", """"MEDIDA DE ROSCA: 12x1"""", """"Distancia de los taladros de sujecion: 36"""", """"MATERIAL: FUNDICION GRIS"""", """"POSICION: TRASERO""""]"",6,""[""""BYR: 51252"""", """"CIFAM: 101590"""", """"DELPHI: LW90237"""", """"FEBI BILSTEIN: 9616"""", """"FERODO: FHWO85"""", """"5R33: SROIO6""""]"",6,,,28.5476"
"4582,https://icepar.specparts.shop/products/detail?slug=lpr_4582-1141019,307,,,,,""[""""CITROEN XSARA 16 16V (1992 AL 1993, 2003 AL 2005)"""", """"CITROEN XSARA 18 16V (1998 AL 2002)"""", """"CITROEN XSARA 19 TD (1999 AL 2001)"""", """"CITROEN ZX 141 (1993 AL 1995)"""", """"CITROEN ZX 19D (1993 AL 1999)"""", """"PEUGEOT 306 1.4 (1995 AL 2000)"""", """"PEUGEOT 306 18 16¥ (1997 AL 2001)"""", """"PEUGEOT 306 1.4 8&V (1998 AL 1999)"""", """"PEUGEOT 306 1.9D (1999 AL 2003)""""]"",9,""[""""MEDIDA DE ROSCA: 12x1"""", """"DIAMETRC DE PISTON: 20.64 mm"""", """"LADO: IZQUIERDO"""", """"POSICION: TRASERO"""", """"Distancia de los taladros de sujecion: 36"""", """"MATERIAL: FUNDICION GRIS""""]"",6,""[""""BOSCH: 0 204 116 226"""", """"BYR: 51245"""", """"CIFAM: 101577"""", """"CONTROIL: C-3511"""", """"FEBI BILSTEIN: 102863"""", """"FERODO: FHWO86"""", """"FRENO:SILENT: 165/31"""", """"FTE: R20056B1"""", """"LPR: 4582"""", """"MARROSE: 60261"""", """"5R33: SR6508""""]"",11,,,44.2327"
"4583,https://icepar.specparts.shop/products/detail?slug=lpr_4583-1141066,307,,,,,""[""""CITROEN XSARA 16 16V (1992 AL 1993, 2003 AL 2005)"""", """"CITROEN XSARA 18 16V (1998 AL 2002)"""", """"CITROEN XSARA 19 TD (1999 AL 2001)"""", """"CITROEN ZX 141 (1993 AL 1995)"""", """"CITROEN ZX 18 (1993 AL 1996)"""", """"CITROEN ZX 19D (1993 AL 1999)"""", """"PEUGEOT 306 1.4 (1995 AL 2000)"""", """"PEUGEOT 306 18 16¥ (1997 AL 2001)"""", """"PEUGEOT 306 1.4 8&V (1998 AL 1999)"""", """"PEUGEOT 306 1.9D (1999 AL 2003)""""]"",10,""[""""DIAMETRC DE PISTON: 20.64 mm"""", """"MEDIDA DE ROSCA: 12x1"""", """"LADO: DERECHO"""", """"MATERIAL: FUNDICION GRIS"""", """"Distancia de los taladros de sujecion: 36"""", """"POSICION: TRASERO""""]"",6,""[""""BOSCH: F 026 002 235"""", """"BYR: 51246"""", """"CIFAM: 101578"""", """"CONTROIL: C-3512"""", """"FRENO:SILENT: 165/32"""", """"FTE: R20057B1"""", """"LPR: 4583"""", """"MARROSE: 6026 D"""", """"5R33: 5R1015""""]"",9,,,44.1196"
"4028,https://icepar.specparts.shop/products/detail?slug=lpr_4028-1141081,307,,,,,[],0,""[""""DIAMETRC DE PISTON: 22 mm"""", """"LADO: AMBOS"""", """"MEDIDA DE ROSCA: 10x1"""", """"Distancia de los taladros de sujecion: 36"""", """"POSICION: TRASERO"""", """"MATERIAL: ALUMINIO"""", """"SISTEMA: BOSCH""""]"",7,""[""""ATE: 24.3222-1715.3"""", """"BOSCH: F 026 002 483"""", """"FTE: R220026A1"""", """"IMBASA: 988601""""]"",4,,,23.2377"
"4674,https://icepar.specparts.shop/products/detail?slug=lpr_4674-1141082,307,,,,,""[""""PEUGEOT 405 14 (1992 AL 1997}"""", """"PEUGEOT 405 1 (1993 AL 2003)"""", """"PEUGEOT 405 1.9 (1991 AL 1998)"""", """"PEUGEOT 405 1.9 SRD (1991 AL 1997)"""", """"PEUGEOT 405 2.0 (1991 AL 1997}"""", """"PEUGEOT 405 2.0 16¥V (1991 AL 1995)""""]"",6,""[""""DIAMETRC DE PISTON: 20.64 mm"""", """"LADO: IZQUIERDO"""", """"MEDIDA DE ROSCA: 12x1"""", """"CON ABS: NO"""", """"Distancia de los taladros de sujecion: 36"""", """"MATERIAL: FUNDICION GRIS"""", """"POSICION: TRASERO"""", """"MATERIAL: CASTLRON"""", """"SISTEMA: BENDIX""""]"",9,""[""""BENDIX: 2510088"""", """"BLM: 4402-82A"""", """"Bolomey - GENERICO: P482"""", """"BYR: 51202"""", """"CIFAM: 101362"""", """"DELPHI: LW25055"""", """"FERODO: FHW064"""", """"LPR: 4674"""", """"5R33: SROP91""""]"",9,,,42.7036"
"4533,https://icepar.specparts.shop/products/detail?slug=lpr_4533-1141105,307,,,,,[],0,""[""""LADO: DERECHO"""", """"DIAMETRC DE PISTON: 23.81 mm"""", """"MEDIDA DE ROSCA: 3/8 24 UNF"""", """"Distancia de los taladros de sujecion: 25"""", """"POSICION: DELANTERO"""", """"MATERIAL: FUNDICION GRIS""""]"",6,""[""""BENDIX: 621778"""", """"FERODO: FHW147""""]"",2,,,19.1393"
"4662,https://icepar.specparts.shop/products/detail?slug=lpr_4662-1141109,307,,,,,""[""""PEUGEOT 205 1.1 (1992 AL 1995)"""", """"PEUGEOT 205 1.9 (1989 AL 1997)""""]"",2,""[""""DIAMETRC DE PISTON: 19.05 mm"""", """"MEDIDA DE ROSCA: 12x1"""", """"LADO: IZQUIERDO"""", """"Distancia de los taladros de sujecion: 31 mm"""", """"MATERIAL: FUNDICION GRIS"""", """"SISTEMA: BENDIX"""", """"MATERIAL: CASTLRON""""]"",7,""[""""BLM: 4402-654"""", """"BLM: 4402-658"""", """"Bolomey - GENERICO: 4402-658"""", """"Bolomey - GENERICO: P4465"""", """"BYR: 51124"""", """"IMBASA: 986001 I"""", """"LPR: 4662"""", """"MARROSE: 80151"""", """"5R33: 5R1244""""]"",9,,,35.0267"
"4663,https://icepar.specparts.shop/products/detail?slug=lpr_4663-1141117,307,,,,,""[""""PEUGEOT 205 1.9 (1989 AL 1997)""""]"",1,""[""""DIAMETRC DE PISTON: 19.05 mm"""", """"MEDIDA DE ROSCA: 12x1"""", """"LADO: DERECHO"""", """"Distancia de los taladros de sujecion: 31 mm"""", """"MATERIAL: HIERRO FUNDIDO"""", """"MATERIAL: CASTLRON"""", """"SISTEMA: BENDIX""""]"",7,""[""""BLM: 4402-66A"""", """"BLM: 4402-668"""", """"Bolomey - GENERICO: 4402-66A"""", """"Bolomey - GENERICO: P4466"""", """"BYR: 51125"""", """"CIFAM: 101-344"""", """"FRENO:SILENT: 165/30"""", """"IMBASA: 986001 D"""", """"LPR: 4663"""", """"MARROSE: 8015 D"""", """"RIDEX: 277W0168"""", """"5R33: 5R1252"""", """"TRW: BWD115""""]"",13,,,37.9900"
"4535,https://icepar.specparts.shop/products/detail?slug=lpr_4535-1141126,307,,,,,""[""""RENAULT R11 14 (1984 AL 1999)"""", """"RENAULT R11 14 TURBO (19386 AL 1989)"""", """"RENAULT R11 16 (1987 AL 1999)"""", """"RENAULT R9 14 (1987 AL 1993)"""", """"RENAULT R9 16 (1989 AL 2003)""""]"",5,""[""""DIAMETRC DE PISTON: 22 mm"""", """"MEDIDA DE ROSCA: 10x1"""", """"LADO: DERECHO"""", """"Distancia de los taladros de sujecion: 25"""", """"POSICION: TRASERO"""", """"MATERIAL: FUNDICION GRIS""""]"",6,""[""""BOSCH: 0 204 116 177"""", """"BYR: 51068"""", """"CONTROIL: C-3464"""", """"FERODO: FHW134"""", """"FRENO:SILENT: 185/23"""", """"FTE: R22084A1"""", """"IMBASA: 99701 D"""", """"MARROSE: 60181"""", """"5R33: 5R4788""""]"",9,,,37.1889"
"4595,https://icepar.specparts.shop/products/detail?slug=lpr_4595-1141128,307,,,,,""[""""RENAULT MEGANE 1.6 16V (1999 AL 2005)"""", """"RENAULT MEGANE 1.6 8V (1998 AL 1999)""""]"",2,""[""""LADO: AMBOS"""", """"MEDIDA DE ROSCA: 10x1"""", """"DIAMETRC DE PISTON: 17.46 mm"""", """"MATERIAL: FUNDICION GRIS"""", """"POSICION: TRASERO"""", """"Distancia de los taladros de sujecion: 29 mm""""]"",6,""[""""BENDIX: 2123088"""", """"BOSCH: 0 204 116 182"""", """"BYR: 85201"""", """"CIFAM: 101674"""", """"CONTROIL: C-3473"""", """"DELPHI: LW21089"""", """"FEBI BILSTEIN: 102711"""", """"FERODO: FHW229"""", """"FTE: R17035A1"""", """"IMBASA: 986901"""", """"MARROSE: 6031"""", """"5R33: 5R1330""""]"",12,,,36.7607"
"4503,https://icepar.specparts.shop/products/detail?slug=lpr_4503-1141168,307,,,,,""[""""RENAULT R6 13 (1983 AL 1986)""""]"",1,""[""""DIAMETRC DE PISTON: 20.64 mm"""", """"LADO: AMBOS"""", """"Distancia de los taladros de sujecion: 31 mm"""", """"MEDIDA DE ROSCA: 3/8 24 UNF"""", """"MATERIAL: FUNDICION GRIS""""]"",5,""[""""BYR: 72185"""", """"CIFAM: 101-053"""", """"DELPHI: LW21630"""", """"FERODO: FHWO95"""", """"TRW: BWF184""""]"",5,,,25.3327"
"4675,https://icepar.specparts.shop/products/detail?slug=lpr_4675-1141180,307,,,,,""[""""PEUGEOT 405 14 (1992 AL 1997}"""", """"PEUGEOT 405 1 (1993 AL 2003)"""", """"PEUGEOT 405 1.9 (1991 AL 1998)"""", """"PEUGEOT 405 1.9 SRD (1991 AL 1997)"""", """"PEUGEOT 405 2.0 (1991 AL 1997}"""", """"PEUGEOT 405 2.0 16¥V (1991 AL 1995)""""]"",6,""[""""LADO: DERECHO"""", """"DIAMETRC DE PISTON: 20.64 mm"""", """"MEDIDA DE ROSCA: 12x1"""", """"POSICION: TRASERO"""", """"CON ABS: NO"""", """"MATERIAL: FUNDICION GRIS"""", """"Distancia de los taladros de sujecion: 36"""", """"MATERIAL: CASTLRON"""", """"SISTEMA: BENDIX""""]"",9,""[""""BENDIX: 25100968"""", """"BYR: 51203"""", """"CIFAM: 101363"""", """"DELPHI: LW25056"""", """"FERODO: FHWO65"""", """"FTE: R2Q030A1"""", """"LPR: 4675"""", """"MARROSE: 8017 D"""", """"5R33: SROPS1"""", """"TRW: BWF154""""]"",10,,,43.1978"
"4876,https://icepar.specparts.shop/products/detail?slug=lpr_4876-1141198,307,,,,,""[""""CITROEN XSARA 19 TD (1999 AL 2001)"""", """"CITROEN XSARA 19D (1998 AL 2001)"""", """"CITROEN XSARA 2.0 16V (1999 AL 2001)"""", """"CITROEN XSARA 2.0 HDI (2001 AL 2005)"""", """"CITROEN XSARA PICASSO 2.0 HDI (2001 AL 2011)"""", """"PEUGEOT HOGGAR 1.4 16V (2011 AL 2016)""""]"",6,""[""""MEDIDA DE ROSCA: 12x1"""", """"LADO: AMBOS"""", """"DIAMETRC DE PISTON: 22.22 mm"""", """"POSICION: TRASERO"""", """"Distancia de los taladros de sujecion: 31.8 mm"""", """"MATERIAL: FUNDICION GRIS"""", """"SISTEMA: LUCAS""""]"",7,""[""""BENDIX: 2123338"""", """"BOSCH: 0 986 475 836"""", """"BYR: 85401"""", """"CONTROIL: C-3505"""", """"DELPHI: LW30059"""", """"FEBI BILSTEIN: 102865"""", """"FERODO: FHW333"""", """"FRENO:SILENT: 165/37"""", """"FTE: R220019A1"""", """"IMBASA: 987101"""", """"LPR: 4876"""", """"5R33: 5R1420""""]"",12,,,42.5565"
"5182,https://icepar.specparts.shop/products/detail?slug=lpr_5182-1141205,307,,,,,""[""""RENAULT LOGAN 1.5 DCI (2007 AL 2014)"""", """"RENAULT LOGAN 1.6 16V (2013 AL 2021)"""", """"RENAULT LOGAN 1.6 8V (2013 AL 2022)"""", """"RENAULT SANDERO 1.5 DCI (2008 AL 2011)"""", """"RENAULT SANDERGO 1.6 8V (2009 AL 2015)""""]"",5,""[""""MEDIDA DE ROSCA: 10x1"""", """"DIAMETRO DE PISTON: 22.2 mm"""", """"LADO: AMBOS"""", """"POSICION: TRASERO"""", """"Distancia de los taladros de sujecion: 16.5"""", """"MATERIAL: ALUMINIO"""", """"CON ABS: NO"""", """"SISTEMA: BOSCH""""]"",8,""[""""CIFAM: 101 984"""", """"DELPHI: LW90108"""", """"FEBI BILSTEIN: 107919"""", """"FERODO: FHW4677"""", """"FTE: R22005571""""]"",5,,,34.9738"
"4258,https://icepar.specparts.shop/products/detail?slug=lpr_4258-1432959,307,,,,,""[""""FORD ORION 161 (1993 AL 1998)"""", """"FORD ORION 14) (1993 AL 1998)"""", """"FORD ORION 181 (1994 AL 1997)""""]"",3,""[""""MEDIDA DE ROSCA: 10x1"""", """"DIAMETRC DE PISTON: 19.05 mm"""", """"LADO: AMBOS"""", """"MATERIAL: FUNDICION GRIS"""", """"POSICION: TRASERO"""", """"Distancia de los taladros de sujecion: 31.8 mm""""]"",6,""[""""BOSCH: 0 986 475 776"""", """"CONTROIL: C-3412"""", """"DELPHI: LW36167"""", """"FEBI BILSTEIN: 5734"""", """"FERODO: FHW336"""", """"FTE: R19069A1"""", """"IMBASA: 981001"""", """"MARROSE: 4026"""", """"5R33: SRO337""""]"",9,,,34.9153"
"4129,https://icepar.specparts.shop/products/detail?slug=lpr_4129-1432965,307,,,,,[],0,""[""""LADO: DERECHO"""", """"DIAMETRO DE PISTON: 22.2 mm"""", """"MEDIDA DE ROSCA: 3/8 24 UNF"""", """"Distancia de los taladros de sujecion: 41.3"""", """"MATERIAL: FUNDICION GRIS"""", """"POSICION: TRASERO""""]"",6,""[""""CIFAM: 101 287"""", """"DELPHI: LW90007"""", """"FERODO: FHW4536"""", """"FRENO:SILENT: 066/6"""", """"FTE: R220014A1"""", """"IMBASA: 97101 D"""", """"5R33: 5RO178""""]"",7,,,25.3044"
"4067,https://icepar.specparts.shop/products/detail?slug=lpr_4067-1432966,307,,,,,""[""""PEUGEOT 206 1.4 &V (1999 AL 2003)"""", """"PEUGEOT 206 1.9D (1999 AL 2009)""""]"",2,""[""""DIAMETRC DE PISTON: 19.05 mm"""", """"MEDIDA DE ROSCA: 12x1"""", """"LADO: DERECHO"""", """"CON ABS: NO"""", """"Distancia de los taladros de sujecion: 36"""", """"MATERIAL: FUNDICION GRIS"""", """"POSICION: TRASERO""""]"",7,""[""""BENDIX: 25105968"""", """"BOSCH: 0 204 116 536"""", """"BYR: 89701D"""", """"CIFAM: 101795"""", """"DELPHI: LW&0109"""", """"FERODO: FHW407"""", """"FRENO:SILENT: 165/40"""", """"FTE: R19095A1"""", """"IMBASA: 992701 D"""", """"5R33: SR6512""""]"",10,,,35.9170"
"4334,https://icepar.specparts.shop/products/detail?slug=lpr_4334-1432970,307,,,,,""[""""MITSUBISHI MONTERO 2.6 (1986 AL 1996)""""]"",1,""[""""DIAMETRC DE PISTON: 20.64 mm"""", """"MEDIDA DE ROSCA: 10x1"""", """"LADO: DERECHO"""", """"Distancia de los taladros de sujecion: 35 mm"""", """"MATERIAL: FUNDICION GRIS"""", """"POSICION: TRASERO""""]"",6,""[""""CIFAM: 101446"""", """"DELPHI: LW60296"""", """"FERODO: FHW4164""""]"",3,,,25.9555"
"4475,https://icepar.specparts.shop/products/detail?slug=lpr_4475-1432975,307,,,,,""[""""FIAT DUNA 14 MPI (1994 AL 2001)"""", """"FIAT DUNA 16 (1991 AL 2000)"""", """"FIAT DUNA 17D (1999 AL 2001)"""", """"FIAT FIORINO 13D (1993 AL 1998)"""", """"FIAT FIORINO 17D (1994 AL 2003)"""", """"FIAT SPAZIO 13 D (1991 AL 1997)"""", """"FIAT SPAZIO 14 MOT. TIPO (1991 AL 1997)"""", """"FIAT UNG 10 (1993 AL 1995)"""", """"FIAT UNG 11 IE (1992 AL 1996)"""", """"FIAT UNG 13 D (1991 AL 1994)"""", """"FIAT UNG 14 (1992 AL 2001)"""", """"FIAT UNG 14 IE 605 (1965 AL 1980)"""", """"FIAT UNG 14 IE 705 (1991 AL 1995)"""", """"FIAT UNG 14 TURBO (1994 AL 1995)"""", """"FIAT UNG 16 (1992 AL 1999)"""", """"FIAT UNG 17D (1994 AL 2000)"""", """"FIAT VIVACE 14 (1992 AL 1997)""""]"",17,""[""""MEDIDA DE ROSCA: 10x1"""", """"DIAMETRC DE PISTON: 19.05 mm"""", """"LADO: AMBOS"""", """"Distancia de los taladros de sujecion: 35 mm"""", """"MATERIAL: FUNDICION GRIS""""]"",5,""[""""ABE: CSFOOIABE"""", """"CIFAM: 101-279"""", """"CONTROIL: C-3509"""", """"DELPHI: LW70011"""", """"FRENO:SILENT: 065/15"""", """"MARROSE: 3010"""", """"METELLI: 04-0279"""", """"5R33: SR2696""""]"",8,,,48.4263"
"4472,https://icepar.specparts.shop/products/detail?slug=lpr_4472-1432977,307,,,,,""[""""FIAT TIPO 1.8 (1993 AL 1995)"""", """"FIAT TIPO 2.0 16¥V (1993 AL 1995)""""]"",2,""[""""DIAMETRC DE PISTON: 22.22 mm"""", """"LADO: AMBOS"""", """"MEDIDA DE ROSCA: 10x1"""", """"MATERIAL: FUNDICION GRIS"""", """"Distancia de los taladros de sujecion: 35 mm"""", """"POSICION: TRASERO""""]"",6,""[""""BOSCH: 0 204 116 178"""", """"CIFAM: 101644"""", """"CONTROIL: C-3413"""", """"DELPHI: LW22161"""", """"FTE: R220016A1"""", """"MARROSE: 3016"""", """"5R33: SR6519""""]"",7,,,31.1778"
"4742,https://icepar.specparts.shop/products/detail?slug=lpr_4742-1432978,307,,,,,""[""""FORD F-350 F-350 DIESEL (1988 AL 1993)""""]"",1,""[""""DIAMETRC DE PISTON: 27 mm"""", """"MEDIDA DE ROSCA: 3/8 24"""", """"LADO: IZQUIERDO"""", """"Distancia de los taladros de sujecion: 41.3"""", """"MATERIAL: HIERRO FUNDIDO"""", """"MATERIAL: CASTLRON""""]"",6,""[""""BYR: 2409175"""", """"MARROSE: 40131""""]"",2,,,23.1621"
"4481,https://icepar.specparts.shop/products/detail?slug=lpr_4481-1432981,307,,,,,""[""""FIAT BRAVA 1.6 16V (2000 AL 2003)"""", """"FIAT BRAVA 1.9 JTD (2000 AL 2003)"""", """"FIAT MAREA 16 16V (1998 AL 2001, 2003 AL 2005)"""", """"FIAT MAREA 139 JTD (2000 AL 2006)"""", """"FIAT MAREA 139 TDI (1998 AL 2000)"""", """"FIAT MAREA 2.0 20V (1998 AL 2004)"""", """"FIAT TEMPRA 2.0 (1994 AL 1995)"""", """"FIAT TEMPRA 2.0 16V (1994 AL 1998)""""]"",8,""[""""DIAMETRC DE PISTON: 20.64 mm"""", """"LADO: AMBOS"""", """"MEDIDA DE ROSCA: 10x1"""", """"MATERIAL: FUNDICION GRIS"""", """"POSICION: TRASERO"""", """"Distancia de los taladros de sujecion: 36""""]"",6,""[""""BENDIX: 2123796"""", """"BOSCH: 0 986 475 867"""", """"CIFAM: 101646"""", """"CONTROIL: C-3411"""", """"DELPHI: LW70192"""", """"FERODO: FHW302"""", """"FTE: R2Q0005A1"""", """"MARROSE: 3016/1"""", """"5R33: 5R1260""""]"",9,,,40.4156"
"4912,https://icepar.specparts.shop/products/detail?slug=lpr_4912-1432983,307,,,,,""[""""AUDI 100 2.5 TDI (1994 AL 1997)"""", """"AUDI 80 19 TDI (1994 AL 1997)"""", """"AUDI 80 2.0 E (1994 AL 1997)"""", """"AUDI 30 2.8 V6 (1994 AL 1997)"""", """"VOLKSWAGEN GOLF 14 MI (1996 AL 1998)""""]"",5,""[""""DIAMETRC DE PISTON: 17.46 mm"""", """"LADO: AMBOS"""", """"MEDIDA DE ROSCA: 10x1"""", """"Distancia de los taladros de sujecion: 21"""", """"POSICION: TRASERO"""", """"MATERIAL: FUNDICION GRIS""""]"",6,""[""""BENDIX: 5621007"""", """"BOSCH: 0 204072 290"""", """"BYR: 82901"""", """"CIFAM: 101060"""", """"CONTROIL: C-3356"""", """"FEBI BILSTEIN: 2217"""", """"FERODO: FHW010"""", """"FRENO:SILENT: 216/2"""", """"FTE: R17011K1"""", """"IMBASA: 982601"""", """"5R33: SRO779"""", """"TRW: RCCRO1390""""]"",12,,,40.1163"
"4593,https://icepar.specparts.shop/products/detail?slug=lpr_4593-1432989,307,,,,,[],0,""[""""DIAMETRC DE PISTON: 19.05 mm"""", """"MEDIDA DE ROSCA: 10x1"""", """"LADO: DERECHO"""", """"POSICION: TRASERO"""", """"MATERIAL: FUNDICION GRIS"""", """"Distancia de los taladros de sujecion: 29 mm""""]"",6,""[""""BENDIX: L621898"""", """"BOSCH: 0 204 116 132"""", """"CIFAM: 101600"""", """"CONTROIL: C-3475"""", """"DELPHI: LW21898"""", """"FERODO: FHW179"""", """"FTE: R19072A1""""]"",7,,,24.8261"
"4825,https://icepar.specparts.shop/products/detail?slug=lpr_4825-1432990,308,,,,,""[""""CITROEN C3 14 HDI (2003 AL 2011)"""", """"CITROEN C3 141 (2003 AL 2012)"""", """"CITROEN C3 16 16V (2005 AL 2012)""""]"",3,""[""""DIAMETRC DE PISTON: 19.05 mm"""", """"MEDIDA DE ROSCA: 12x1"""", """"LADO: DERECHO"""", """"Distancia de los taladros de sujecion: 31.8 mm"""", """"MATERIAL: FUNDICION GRIS"""", """"POSICION: TRASERO""""]"",6,""[""""BENDIX: 251060B"""", """"BOSCH: 0 986 475 908"""", """"CIFAM: 101810"""", """"CONTROIL: C-3525"""", """"FEBI BILSTEIN: 102821"""", """"FERODO: FHW417"""", """"FTE: R190006A2"""", """"5R33: SR6534""""]"",8,,,33.5825"
"4913,https://icepar.specparts.shop/products/detail?slug=lpr_4913-1432993,308,,,,,""[""""AUDI 100 2.5 TDI (1994 AL 1997)"""", """"AUDI 100 2.8 V6 (1991 AL 1997)"""", """"AUDI 80 19 TDI (1994 AL 1997)"""", """"AUDI 80 2.0 E (1994 AL 1997)"""", """"AUDI 30 2.8 V6 (1994 AL 1997)""""]"",5,""[""""LADO: AMBOS"""", """"DIAMETRC DE PISTON: 14.28 mm"""", """"MEDIDA DE ROSCA: 10x1"""", """"Distancia de los taladros de sujecion: 21"""", """"MATERIAL: FUNDICION GRIS"""", """"POSICION: TRASERO""""]"",6,""[""""BENDIX: 5144201"""", """"BOSCH: 0 204072 151"""", """"BYR: 51067"""", """"CIFAM: 101 116"""", """"CONTROIL: C-3350"""", """"DELPHI: WAPS503"""", """"FEBI BILSTEIN: 2216"""", """"FERODO: FHWO004"""", """"FRENO:SILENT: 216/13"""", """"FTE: R1408J1"""", """"IMBASA: 99901"""", """"5R33: SR7462""""]"",12,,,40.1433"
"5105,https://icepar.specparts.shop/products/detail?slug=lpr_5105-1433001,308,,,,,""[""""HYUNDAI ACCENT 1LSN (1994 AL 2003)""""]"",1,""[""""DIAMETRC DE PISTON: 19.05 mm"""", """"LADO: DERECHO"""", """"MEDIDA DE ROSCA: 10x1"""", """"Distancia de los taladros de sujecion: 31.8 mm"""", """"MATERIAL: FUNDICION GRIS"""", """"POSICION: TRASERO""""]"",6,""[""""BENDIX: 2145588"""", """"CIFAM: 101884"""", """"DELPHI: LW60007"""", """"FERODO: FHW4080"""", """"FTE: R19004471""""]"",5,,,26.6199"
"5106,https://icepar.specparts.shop/products/detail?slug=lpr_5106-1433002,308,,,,,""[""""HYUNDAI ACCENT 1LSN (1994 AL 2003)""""]"",1,""[""""DIAMETRC DE PISTON: 19.05 mm"""", """"LADO: IZQUIERDO"""", """"MEDIDA DE ROSCA: 10x1"""", """"Distancia de los taladros de sujecion: 31.8 mm"""", """"MATERIAL: FUNDICION GRIS"""", """"POSICION: TRASERO""""]"",6,""[""""BENDIX: 2145576"""", """"CIFAM: 101883"""", """"DELPHI: LW62015"""", """"FERODO: FHW4084"""", """"FTE: R19004371""""]"",5,,,27.4590"
"5194,https://icepar.specparts.shop/products/detail?slug=lpr_5194-1433003,308,,,,,""[""""VOLKSWAGEN AMAROK 2.0 TDI 140CV (2012 AL 2017)"""", """"VOLKSWAGEN AMAROK 2.0 TDI BIT 180CV (2014 AL 2017)"""", """"VOLKSWAGEN AMAROK 2.0 TDI BIT 180CV MT (2012 AL 2026)""""]"",3,""[""""Distancia de los taladros de sujecion: 32.5"""", """"MATERIAL: ALUMINIO"""", """"MEDIDA DE ROSCA: 10X12"""", """"DIAMETRC DE PISTON: 26.98 mm"""", """"POSICION: TRASERO"""", """"LADO: AMBOS""""]"",6,""[""""BREMBO: A12B883"""", """"CIFAM: 101 1045"""", """"DELPHI: LW90128"""", """"FEBI BILSTEIN: 170220"""", """"FERODO: FHW4709"""", """"FRENO:SILENT: 216/13""""]"",6,,,31.1847"
"5318,https://icepar.specparts.shop/products/detail?slug=lpr_5318-1433010,308,,,,,""[""""DAEWOG TICO 6.8 (1995 AL 1997)""""]"",1,""[""""MATERIAL: FUNDICION GRIS"""", """"DIAMETRC DE PISTON: 17.46 mm"""", """"MEDIDA DE ROSCA: 10X12"""", """"Distancia de los taladros de sujecion: 13"""", """"POSICION: TRASERO"""", """"LADO: DERECHO""""]"",6,""[""""BREMBO: A12700"""", """"CIFAM: 101772"""", """"DELPHI: LW62072"""", """"FERODO: FHW4255"""", """"TRW: BWK767""""]"",5,,,26.0924"
"5188,https://icepar.specparts.shop/products/detail?slug=lpr_5188-1433018,308,,,,,[],0,""[""""DIAMETRC DE PISTON: 22 mm"""", """"MEDIDA DE ROSCA: 6x1"""", """"LADO: AMBOS"""", """"MATERIAL: FUNDICION GRIS"""", """"Distancia de los taladros de sujecion: 38 mm"""", """"POSICION: TRASERO""""]"",6,""[""""BREMBO: A12B87"""", """"CIFAM: 101 1030"""", """"DELPHI: LW90127"""", """"FERODO: FHW4643"""", """"TRW: BWH423""""]"",5,,,23.4161"
"4130,https://icepar.specparts.shop/products/detail?slug=lpr_4130-1433019,308,,,,,[],0,""[""""LADO: IZQUIERDO"""", """"DIAMETRO DE PISTON: 22.2 mm"""", """"MATERIAL: FUNDICION GRIS"""", """"MEDIDA DE ROSCA: 3/8 24 UNF"""", """"Distancia de los taladros de sujecion: 41.3"""", """"POSICION: TRASERO""""]"",6,""[""""CIFAM: 101 288"""", """"DELPHI: LW90008"""", """"FERODO: FHW4537"""", """"FRENO:SILENT: 066/5"""", """"FTE: R220015A1"""", """"IMBASA: 97101 D"""", """"5R33: 5SRO177""""]"",7,,,25.2453"
"4248,https://icepar.specparts.shop/products/detail?slug=lpr_4248-1433025,308,,,,,""[""""CHEVROLET AGILE 1.4 &V (2009 AL 2021)""""]"",1,""[""""DIAMETRC DE PISTON: 19.05 mm"""", """"MEDIDA DE ROSCA: 10x1"""", """"LADO: AMBOS"""", """"MATERIAL: FUNDICION GRIS"""", """"POSICION: TRASERO"""", """"Distancia de los taladros de sujecion: 24 mm"""", """"MATERIAL: CASTLRON""""]"",7,""[""""BOSCH: 0 986 475 143"""", """"CIFAM: 101 2938"""", """"CONTROIL: C-3410"""", """"DELPHI: LW50008"""", """"FEBI BILSTEIN: 6794"""", """"FERODO: FHWOO41"""", """"FTE: R19082A1"""", """"5R33: SR6500""""]"",8,,,30.9704"
"4405,https://icepar.specparts.shop/products/detail?slug=lpr_4405-1433036,308,,,,,""[""""FIAT 128 13 (1983 AL 1991)"""", """"FIAT 128 15 (1983 AL 1991)"""", """"FIAT 133 60.9 (1965 AL 1980)"""", """"FIAT 147 11(1983 AL 1986)"""", """"FIAT 147 13 (1983 AL 1984)"""", """"FIAT 600 0.9 (1965 AL 1980)""""]"",6,""[""""LADO: AMBOS"""", """"MEDIDA DE ROSCA: 10x125"""", """"DIAMETRC DE PISTON: 19.05 mm"""", """"POSICION: TRASERO"""", """"MATERIAL: FUNDICION GRIS"""", """"Distancia de los taladros de sujecion: 35 mm""""]"",6,""[""""CONTROIL: C-3355"""", """"FERODO: FHW152"""", """"FRENO:SILENT: 065/4"""", """"5R33: SR5691""""]"",4,,,32.2713"
"4875,https://icepar.specparts.shop/products/detail?slug=lpr_4875-1433039,308,,,,,""[""""RENAULT R19 14 (1993 AL 1998)"""", """"RENAULT R19 17 (1989 AL 1998)""""]"",2,""[""""DIAMETRC DE PISTON: 20.64 mm"""", """"MEDIDA DE ROSCA: 12x1"""", """"LADO: DERECHO"""", """"Distancia de los taladros de sujecion: 31.8 mm"""", """"MATERIAL: FUNDICION GRIS"""", """"POSICION: TRASERO""""]"",6,""[""""BOSCH: 0 986 475 635"""", """"BYR: 20387"""", """"CIFAM: 101437"""", """"CONTROIL: C-3523"""", """"FEBI BILSTEIN: 9599"""", """"FERODO: FHWO92"""", """"FTE: R20061A1"""", """"5R33: SR1031""""]"",8,,,32.4457"
"4993,https://icepar.specparts.shop/products/detail?slug=lpr_4993-1433040,308,,,,,""[""""FORD SIERRA 16 (1984 AL 1992)"""", """"FORD SIERRA 2.3 GHIA (1984 AL 1995)""""]"",2,""[""""DIAMETRC DE PISTON: 20.64 mm"""", """"MEDIDA DE ROSCA: 10x1"""", """"LADO: AMBOS"""", """"POSICION: TRASERO"""", """"MATERIAL: FUNDICION GRIS"""", """"Distancia de los taladros de sujecion: 29 mm""""]"",6,""[""""CIFAM: 101 157"""", """"FEBI BILSTEIN: 5713"""", """"FERODO: FHW153"""", """"5R33: SR7483""""]"",4,,,27.5722"
"4259,https://icepar.specparts.shop/products/detail?slug=lpr_4259-1433056,308,,,,,""[""""FORD ESCORT 146 (2001 AL 2002)"""", """"FORD ORION 161 (1993 AL 1998)"""", """"FORD ORION 14) (1993 AL 1998)"""", """"FORD ORION 181 (1994 AL 1997)"""", """"FORD SIERRA 2.3 GHIA (1984 AL 1995)""""]"",5,""[""""LADO: AMBOS"""", """"DIAMETRC DE PISTON: 20.64 mm"""", """"MEDIDA DE ROSCA: 10x1"""", """"POSICION: TRASERO"""", """"Distancia de los taladros de sujecion: 31.8 mm"""", """"MATERIAL: FUNDICION GRIS"""", """"CON ABS: 51""""]"",7,""[""""BOSCH: 0 986 475 502"""", """"CONTROIL: C-3462"""", """"DELPHI: LW36165"""", """"FEBI BILSTEIN: 5727"""", """"FERODO: FHW335"""", """"FRENO:SILENT: 066/43"""", """"FTE: R20063A1"""", """"FTE: R2093G1"""", """"IMBASA: 980201"""", """"MARROSE: 4031"""", """"5R33: SRO663""""]"",11,,,40.8194"
"4486,https://icepar.specparts.shop/products/detail?slug=lpr_4486-1433058,308,,,,,[],0,""[""""LADO: AMBOS"""", """"DIAMETRC DE PISTON: 27 mm"""", """"MEDIDA DE ROSCA: 10x1"""", """"Distancia de los taladros de sujecion: 36.5"""", """"POSICION: TRASERO"""", """"MATERIAL: FUNDICION GRIS""""]"",6,""[""""BOSCH: 0 986 475 802"""", """"BYR: 84801"""", """"CIFAM: 101635"""", """"CONTROIL: C-3486"""", """"FEBI BILSTEIN: 12015"""", """"FERODO: FHW233"""", """"FTE: R2702A1"""", """"5R33: SRO728""""]"",8,,,25.4756"
"4066,https://icepar.specparts.shop/products/detail?slug=lpr_4066-1433060,308,,,,,""[""""PEUGEOT 206 1.4 &V (1999 AL 2003)"""", """"PEUGEOT 206 1.9D (1999 AL 2009)""""]"",2,""[""""DIAMETRC DE PISTON: 19.05 mm"""", """"LADO: IZQUIERDO"""", """"MEDIDA DE ROSCA: 12x1"""", """"POSICION: TRASERO"""", """"CON ABS: NO"""", """"MATERIAL: FUNDICION GRIS"""", """"Distancia de los taladros de sujecion: 36""""]"",7,""[""""BENDIX: 2510588"""", """"BOSCH: 0 204 116 535"""", """"BYR: 897011"""", """"CIFAM: 101792"""", """"DELPHI: LW80108"""", """"FERODO: FHW406"""", """"FRENO:SILENT: 165/41"""", """"FTE: R19094A1"""", """"IMBASA: 992701 I"""", """"5R33: SR6511""""]"",10,,,35.2779"
"4333,https://icepar.specparts.shop/products/detail?slug=lpr_4333-1433065,308,,,,,""[""""MITSUBISHI MONTERO 2.6 (1986 AL 1996)""""]"",1,""[""""LADO: IZQUIERDO"""", """"DIAMETRC DE PISTON: 20.64 mm"""", """"MEDIDA DE ROSCA: 10x1"""", """"MATERIAL: FUNDICION GRIS"""", """"POSICION: TRASERO"""", """"Distancia de los taladros de sujecion: 35 mm""""]"",6,""[""""CIFAM: 101 447"""", """"DELPHI: LW60295"""", """"FERODO: FHW4144""""]"",3,,,24.7949"
"4556,https://icepar.specparts.shop/products/detail?slug=lpr_4556-1433067,308,,,,,[],0,""[""""DIAMETRC DE PISTON: 19.05 mm"""", """"LADO: AMBOS"""", """"MEDIDA DE ROSCA: 10x1"""", """"MATERIAL: ALUMINIO"""", """"Distancia de los taladros de sujecion: 12"""", """"SISTEMA: TRW""""]"",6,""[""""BOSCH: 0 204072 187"""", """"BREMBO: A 12173"""", """"CONTROIL: C-3410"""", """"DELPHI: LW50000"""", """"FEBI BILSTEIN: 12617"""", """"FTE: R19082A1"""", """"MAPCO: 2269""""]"",7,,,25.5022"
"4374,https://icepar.specparts.shop/products/detail?slug=lpr_4374-1433069,308,,,,,""[""""AUDI 80 19 TDI (1994 AL 1997)"""", """"AUDI 80 2.0 E (1994 AL 1997)"""", """"SEAT INCA 16 (2000 AL 2002)"""", """"SEAT INCA 19D (1997 AL 2001)"""", """"VOLKSWAGEN CADDY 139 D (1998 AL 2009)"""", """"VOLKSWAGEN GOLF 14 MI (1996 AL 1998)"""", """"VOLKSWAGEN PASSAT 1.9 TDI (1995 AL 1999)""""]"",7,""[""""DIAMETRC DE PISTON: 20.64 mm"""", """"LADO: AMBOS"""", """"MEDIDA DE ROSCA: 10x1"""", """"MATERIAL: ALUMINIO"""", """"POSICION: TRASERO"""", """"Distancia de los taladros de sujecion: 10.5""""]"",6,""[""""BENDIX: 2123788"""", """"BOSCH: 0 986 475039"""", """"BYR: 86301"""", """"CONTROIL: C-3480"""", """"FERODO: FHW4004"""", """"FTE: R20043A1""""]"",6,,,35.6802"
"4541,https://icepar.specparts.shop/products/detail?slug=lpr_4541-1433072,308,,,,,""[""""RENAULT TRAFIC 14 (1986 AL 1997)"""", """"RENAULT TRAFIC 2.1D (1986 AL 1999)"""", """"RENAULT TRAFIC 2.2 (1988 AL 1998)""""]"",3,""[""""DIAMETRC DE PISTON: 23.81 mm"""", """"LADO: AMBOS"""", """"MEDIDA DE ROSCA: 10x1"""", """"MATERIAL: FUNDICION GRIS"""", """"POSICION: TRASERO"""", """"Distancia de los taladros de sujecion: 36""""]"",6,""[""""BOSCH: F 026 002 164"""", """"BYR: 51093"""", """"CIFAM: 101361"""", """"CONTROIL: C-3463"""", """"FERODO: FHW145"""", """"FRENO:SILENT: 185/21"""", """"FTE: R2302181"""", """"MARROSE: 6019"""", """"5R33: SR7539""""]"",9,,,34.2095"
"4579,https://icepar.specparts.shop/products/detail?slug=lpr_4579-1433073,308,,,,,""[""""RENAULT CLIO 12 16V (1999 AL 2008)"""", """"RENAULT CLIO 16 16V (1999 AL 2003)"""", """"RENAULT CLIO 16 &V (1999 AL 2003)"""", """"RENAULT CLIO L9D (1999 AL 2002)"""", """"RENAULT CLIO 2.0 (2000 AL 2005)""""]"",5,""[""""DIAMETRC DE PISTON: 20.64 mm"""", """"LADO: DERECHO"""", """"MEDIDA DE ROSCA: 12x1"""", """"Distancia de los taladros de sujecion: 31.8 mm"""", """"MATERIAL: FUNDICION GRIS""""]"",5,""[""""BREMBO: A 12 262"""", """"CIFAM: 101437"""", """"DELPHI: LW31542"""", """"TRW: BWF128""""]"",4,,,30.7580"
"4977,https://icepar.specparts.shop/products/detail?slug=lpr_4977-1433074,308,,,,,""[""""FORD SIERRA 16 (1984 AL 1992)"""", """"FORD SIERRA 2.3 GHIA (1984 AL 1995)""""]"",2,""[""""DIAMETRC DE PISTON: 20.64 mm"""", """"LADO: AMBOS"""", """"Distancia de los taladros de sujecion: 31.8 mm"""", """"MATERIAL: FUNDICION GRIS"""", """"MEDIDA DE ROSCA: 10X12"""", """"POSICION: TRASERO""""]"",6,""[""""BENDIX: 621749"""", """"CIFAM: 101 115"""", """"DELPHI: LW37523"""", """"FEBI BILSTEIN: 5708"""", """"FERODO: FHWO93""""]"",5,,,28.8943"
"4874,https://icepar.specparts.shop/products/detail?slug=lpr_4874-1433104,308,,,,,""[""""RENAULT R19 14 (1993 AL 1998)"""", """"RENAULT R19 17 (1989 AL 1998)""""]"",2,""[""""DIAMETRC DE PISTON: 20.64 mm"""", """"MEDIDA DE ROSCA: 12x1"""", """"LADO: IZQUIERDO"""", """"POSICION: TRASERO"""", """"Distancia de los taladros de sujecion: 31.8 mm"""", """"MATERIAL: FUNDICION GRIS""""]"",6,""[""""BOSCH: 0 986 475 636"""", """"BYR: 20388"""", """"CIFAM: 101438"""", """"CONTROIL: C-3522"""", """"DELPHI: 31746N"""", """"FEBI BILSTEIN: 9600"""", """"FERODO: FHWO91"""", """"FTE: R2Q060A1"""", """"5R33: SR1023""""]"",9,,,32.5844"
"5319,https://icepar.specparts.shop/products/detail?slug=lpr_5319-1433107,308,,,,,""[""""DAEWOG TICO 6.8 (1995 AL 1997)""""]"",1,""[""""DIAMETRC DE PISTON: 17.46 mm"""", """"MATERIAL: FUNDICION GRIS"""", """"MEDIDA DE ROSCA: 10X12"""", """"Distancia de los taladros de sujecion: 13"""", """"POSICION: TRASERO"""", """"LADO: IZQUIERDO""""]"",6,""[""""BREMBO: A12701"""", """"CIFAM: 101773"""", """"DELPHI: LW62073"""", """"FERODO: FHW4251"""", """"TRW: BWK763""""]"",5,,,26.0823"
"4401,https://icepar.specparts.shop/products/detail?slug=lpr_4401-1433119,308,,,,,""[""""FIAT 600 0.9 (1965 AL 1980)""""]"",1,""[""""LADO: AMBOS"""", """"DIAMETRC DE PISTON: 19.05 mm"""", """"MEDIDA DE ROSCA: 10x125"""", """"Distancia de los taladros de sujecion: 35 mm"""", """"MATERIAL: FUNDICION GRIS""""]"",5,""[""""IMBASA: 94001""""]"",1,,,20.6395"
"4452,https://icepar.specparts.shop/products/detail?slug=lpr_4452-1433121,309,,,,,""[""""FIAT 147 11(1983 AL 1986)"""", """"FIAT 147 13 (1983 AL 1984)""""]"",2,""[""""LADO: AMBOS"""", """"DIAMETRC DE PISTON: 19.05 mm"""", """"MEDIDA DE ROSCA: 10x1"""", """"MATERIAL: FUNDICION GRIS"""", """"POSICION: TRASERO"""", """"Distancia de los taladros de sujecion: 35 mm""""]"",6,""[""""BOSCH: 0 986 486 053"""", """"BYR: 20395"""", """"CIFAM: 101 156"""", """"CONTROIL: C-3353"""", """"FEBI BILSTEIN: 12010"""", """"FERODO: FHW038"""", """"FRENO:SILENT: 065/9"""", """"FTE: R19054A1"""", """"IMBASA: 99801"""", """"MARROSE: 3009"""", """"5R33: SR7580""""]"",11,,,34.8411"
"5305,https://icepar.specparts.shop/products/detail?slug=lpr_5305-1433122,309,,,,,""[""""HONDA CIVIC 1.5 (1991 AL 1996)"""", """"HONDA CIVIC 14 (1991 AL 1996)""""]"",2,""[""""DIAMETRC DE PISTON: 19.05 mm"""", """"MEDIDA DE ROSCA: 10X12"""", """"MATERIAL: ALUMINIO"""", """"Distancia de los taladros de sujecion: 31.8 mm"""", """"POSICION: TRASERO"""", """"LADO: DERECHO"""", """"SISTEMA: TRW""""]"",7,""[""""CIFAM: 101461"""", """"DELPHI: LW60531"""", """"FERODO: FHW327"""", """"FTE: R19003021""""]"",4,,,28.2105"
"4489,https://icepar.specparts.shop/products/detail?slug=lpr_4489-1433125,309,,,,,""[""""FIAT PALIO 13 MPI (1999 AL 2001)"""", """"FIAT PALIO 16 16V TORQUE (1997 AL 2001)"""", """"FIAT PALIO 16 SPI (1997 AL 2001)"""", """"FIAT PALIO 17 TD (1997 AL 2001)"""", """"FIAT SIENA 13 16V FIRE (2001 AL 2007}"""", """"FIAT SIENA 14 &V FIRE (2006 AL 2010)"""", """"FIAT SIENA 16 16V TORQUE (2001 AL 2003)"""", """"FIAT SIENA 16 SPI GNC (2000 AL 2001)""""]"",8,""[""""LADO: AMBOS"""", """"DIAMETRC DE PISTON: 19.05 mm"""", """"MEDIDA DE ROSCA: 10x1"""", """"Distancia de los taladros de sujecion: 24 mm"""", """"POSICION: TRASERO"""", """"MATERIAL: FUNDICION GRIS""""]"",6,""[""""BYR: 51267"""", """"CIFAM: 101676"""", """"CONTROIL: C-3437"""", """"DELPHI: LW70317"""", """"FEBI BILSTEIN: 171778"""", """"FERODO: FHW4185"""", """"FRENO:SILENT: 065/19"""", """"IMBASA: 985901"""", """"MARROSE: 3013"""", """"5R33: 5R1270""""]"",10,,,43.4937"
"5503,https://icepar.specparts.shop/products/detail?slug=lpr_5503-1433131,309,,,,,[],0,""[""""DIAMETRC DE PISTON: 20.64 mm"""", """"MEDIDA DE ROSCA: 10X12"""", """"MATERIAL: ALUMINIO"""", """"Distancia de los taladros de sujecion: 34 mm"""", """"POSICION: TRASERO"""", """"LADO: AMBOS""""]"",6,""[""""BENDIX: 2140788"""", """"CIFAM: 101489"""", """"DELPHI: LW60657"""", """"FERODO: FHW4239"""", """"TRW: BWF240""""]"",5,,,23.3818"
"4578,https://icepar.specparts.shop/products/detail?slug=lpr_4578-1433155,309,,,,,""[""""RENAULT CLIO 12 16V (1999 AL 2008)"""", """"RENAULT CLIO 16 16V (1999 AL 2003)"""", """"RENAULT CLIO 16 &V (1999 AL 2003)"""", """"RENAULT CLIO L9D (1999 AL 2002)"""", """"RENAULT CLIO 2.0 (2000 AL 2005)""""]"",5,""[""""DIAMETRC DE PISTON: 20.64 mm"""", """"MEDIDA DE ROSCA: 12x1"""", """"LADO: IZQUIERDO"""", """"Distancia de los taladros de sujecion: 31.8 mm"""", """"POSICION: TRASERO"""", """"MATERIAL: FUNDICION GRIS""""]"",6,""[""""CIFAM: 101438"""", """"DELPHI: LW31541"""", """"FERODO: FHWO89""""]"",3,,,29.8329"
"4743,https://icepar.specparts.shop/products/detail?slug=lpr_4743-1433159,309,,,,,""[""""FORD F-350 F-350 DIESEL (1988 AL 1993)""""]"",1,""[""""DIAMETRC DE PISTON: 27 mm"""", """"LADO: DERECHO"""", """"MEDIDA DE ROSCA: 3/8 24"""", """"Distancia de los taladros de sujecion: 41.3"""", """"POSICION: TRASERO"""", """"MATERIAL: HIERRO FUNDIDO"""", """"MATERIAL: CASTLRON""""]"",7,""[""""BYR: 2409176"""", """"FRENO:SILENT: 066/4"""", """"MARROSE: 4013 D""""]"",3,,,25.3324"
"4826,https://icepar.specparts.shop/products/detail?slug=lpr_4826-1433161,309,,,,,""[""""CITROEN C3 141 (2003 AL 2012)"""", """"CITROEN C3 16 16V (2005 AL 2012)""""]"",2,""[""""MEDIDA DE ROSCA: 12x1"""", """"LADO: IZQUIERDO"""", """"DIAMETRC DE PISTON: 19.05 mm"""", """"Distancia de los taladros de sujecion: 31.8 mm"""", """"MATERIAL: FUNDICION GRIS"""", """"POSICION: TRASERO""""]"",6,""[""""BENDIX: 2510618"""", """"BOSCH: 0 986 475 907"""", """"CIFAM: 101809"""", """"CONTROIL: C-3524"""", """"FEBI BILSTEIN: 102822"""", """"FERODO: FHW416"""", """"5R33: SR6533""""]"",7,,,30.4430"
"5038,https://icepar.specparts.shop/products/detail?slug=lpr_5038-1433172,309,,,,,""[""""FORD FALCON 3.0 (1983 AL 1991)""""]"",1,""[""""DIAMETRC DE PISTON: 19.05 mm"""", """"MEDIDA DE ROSCA: 3/8 24"""", """"LADO: DERECHO""""]"",3,""[""""5R33: 5R1756""""]"",1,,,18.7677"
"5039,https://icepar.specparts.shop/products/detail?slug=lpr_5039-1433184,309,,,,,""[""""FORD FALCON 3.0 (1983 AL 1991)""""]"",1,""[""""LADO: IZQUIERDO"""", """"DIAMETRC DE PISTON: 19.05 mm"""", """"MEDIDA DE ROSCA: 3/8 24"""", """"Distancia de los taladros de sujecion: 41.3"""", """"MATERIAL: FUNDICION GRIS"""", """"POSICION: TRASERO""""]"",6,""[""""5R33: SR1755""""]"",1,,,21.7941"
"5157,https://icepar.specparts.shop/products/detail?slug=lpr_5157-1433186,309,,,,,[],0,""[""""DIAMETRC DE PISTON: 23.81 mm"""", """"MEDIDA DE ROSCA: 10x1"""", """"LADO: AMBOS"""", """"MATERIAL: FUNDICION GRIS"""", """"POSICION: TRASERO"""", """"Distancia de los taladros de sujecion: 40 mm""""]"",6,""[""""CIFAM: 101652"""", """"DELPHI: LW70330"""", """"FERODO: FHW4072"""", """"FTE: R2304521""""]"",4,,,21.5008"
"5306,https://icepar.specparts.shop/products/detail?slug=lpr_5306-1433188,309,,,,,""[""""HONDA CIVIC 1.5 (1991 AL 1996)"""", """"HONDA CIVIC 14 (1991 AL 1996)""""]"",2,""[""""Distancia de los taladros de sujecion: 31.8 mm"""", """"DIAMETRC DE PISTON: 19.05 mm"""", """"MATERIAL: ALUMINIO"""", """"MEDIDA DE ROSCA: 10X12"""", """"POSICION: TRASERO"""", """"SISTEMA: TRW"""", """"LADO: IZQUIERDO""""]"",7,""[""""BENDIX: 2122208"""", """"CIFAM: 101 462"""", """"DELPHI: LW60532"""", """"FERODO: FHW328"""", """"FTE: R19002921""""]"",5,,,29.7459"
"5530,https://icepar.specparts.shop/products/detail?slug=lpr_5530-1433189,309,,,,,""[""""MITSUBISHI L 300 25 (1992 AL 2001)"""", """"MITSUBISHI MONTERO 25 TD (1993 AL 2000)"""", """"MITSUBISHI MONTERO 28 TDI (1993 AL 2000)""""]"",3,""[""""Distancia de los taladros de sujecion: 35 mm"""", """"MEDIDA DE ROSCA: 10X12"""", """"DIAMETRO DE PISTON: 22.2 mm"""", """"MATERIAL: FUNDICION GRIS"""", """"POSICION: TRASERO"""", """"LADO: IZQUIERDO""""]"",6,""[""""BENDIX: 2141756"""", """"CIFAM: 101633"""", """"DELPHI: LW60444"""", """"FERODO: FHW4170"""", """"FTE: R22004921""""]"",5,,,30.1814"
"5529,https://icepar.specparts.shop/products/detail?slug=lpr_5529-1433200,309,,,,,""[""""MITSUBISHI L 300 25 (1992 AL 2001)"""", """"MITSUBISHI MONTERO 25 TD (1993 AL 2000)"""", """"MITSUBISHI MONTERO 28 TDI (1993 AL 2000)""""]"",3,""[""""MEDIDA DE ROSCA: 10X12"""", """"MATERIAL: FUNDICION GRIS"""", """"Distancia de los taladros de sujecion: 35 mm"""", """"DIAMETRO DE PISTON: 22.2 mm"""", """"POSICION: TRASERO"""", """"LADO: DERECHO""""]"",6,""[""""BENDIX: 21417668"""", """"CIFAM: 101632"""", """"DELPHI: LW60445"""", """"FERODO: FHW4163"""", """"FTE: R22003121""""]"",5,,,29.4885"
"3981 000 066,https://icepar.specparts.shop/products/detail?slug=sachs_3981000066-95719,309,,,,,""[""""SMART FORFOUR 10 (2016 AL 2020)"""", """"SMART FORTWO 10 (2010 AL 2021)""""]"",2,[],0,[],0,,,7.6086"
"062/68,https://icepar.specparts.shop/products/detail?slug=frenosilent_06268-14100,309,,,,,""[""""FORD RANGER 2.2 TDCI (2012 AL 2017}"""", """"FORD RANGER 2.5 MPI (1997 AL 2001)"""", """"FORD RANGER 2.5N (2012 AL 2016)"""", """"FORD RANGER 3.2 TDCI (2012 AL 2016)""""]"",4,""[""""CANTIDAD DE SALIDA: 2""""]"",1,[],0,,,14.9551"
"131/15,https://icepar.specparts.shop/products/detail?slug=frenosilent_13115-94666,309,,,,,""[""""MERCEDES BENZ VITO 1.6 CDI (2015 AL 2026)"""", """"MERCEDES BENZ VITO 2.0 CGI (2015 AL 2022)""""]"",2,""[""""CANTIDAD DE SALIDA: 2""""]"",1,""[""""OEM: 447 4310201"""", """"OEM: 447 431 201""""]"",2,,,19.5523"
"181/58,https://icepar.specparts.shop/products/detail?slug=frenosilent_18158-94667,309,,,,,""[""""RENAULT KWID 1.0 (2017 AL 2026)""""]"",1,""[""""DIAMETRO CAMARA: 19.05 MM"""", """"CANTIDAD DE SALIDA: 2""""]"",2,""[""""OEM: 460111914R""""]"",1,,,17.3954"
"6200 000 003,https://icepar.specparts.shop/products/detail?slug=sachs_6200000003-95720,309,,,,,""[""""AUDI A3 16 (2000 AL 2015)"""", """"VOLKSWAGEN GOLF 16 8V (1999 AL 2012)"""", """"VOLKSWAGEN PASSAT 2.01 (1998 AL 1999)""""]"",3,[],0,""[""""SACHS: 6200 000 003:009"""", """"SACHS: 84002""""]"",2,,,14.9564"
"6200 000 004,https://icepar.specparts.shop/products/detail?slug=sachs_6200000004-95721,309,,,,,[],0,[],0,""[""""SACHS: 6200 000 004:009"""", """"SACHS: 84003""""]"",2,,,11.7106"
"6284 000 032,https://icepar.specparts.shop/products/detail?slug=sachs_6284000032-95731,309,,,,,""[""""AUDI A3 16 (2006 AL 2015)"""", """"VOLKSWAGEN CROSSFOX 16 16V MSI (2015 AL 2017)"""", """"VOLKSWAGEN CROSSFOX 16 &V (2005 AL 2016)"""", """"VOLKSWAGEN FOX 16 16V MSI (2015 AL 2021)"""", """"VOLKSWAGEN FOX 16 8V (2003 AL 2015)"""", """"VOLKSWAGEN FOX 16 &V MSI (2015 AL 2022)"""", """"VOLKSWAGEN FOX 19 SDI (2008 AL 2010)"""", """"VOLKSWAGEN GOL TREND 16 8V (2008 AL 2020)"""", """"VOLKSWAGEN GOL TREND 16 8&V MSI MT (2016 AL 2026)"""", """"VOLKSWAGEN GOLF 16 16V MSI (2018 AL 2022)"""", """"VOLKSWAGEN NEW BEETLE 2.0 8V (1999 AL 2010)"""", """"VOLKSWAGEN POLO 16 MSI MT (2018 AL 2026)"""", """"VOLKSWAGEN POLO CLASSIC 16 8V (2001 AL 2009)"""", """"VOLKSWAGEN POLO CLASSIC 16 MI (1996 AL 2001)"""", """"VOLKSWAGEN SAVEIRO 1.6 8V (2010 AL 2026)"""", """"VOLKSWAGEN SAVEIRO 1.6 MSI MT CS (2024 AL 2026)"""", """"VOLKSWAGEN SURAN 16 16V MSI (2015 AL 2026)"""", """"VOLKSWAGEN SURAN 16 &V (2006 AL 2015)"""", """"VOLKSWAGEN SURAN 16 &V MSI (2015 AL 2026)"""", """"VOLKSWAGEN SURAN 139 SDI (2007 AL 2010)"""", """"VOLKSWAGEN SURANCROSS 16 8V (2011 AL 2015)"""", """"VOLKSWAGEN T-CROSS L6L 110 CV MT (2019 AL 2026)"""", """"VOLKSWAGEN VENTO 20 8V (2011 AL 2012, 2015 AL 2021)"""", """"VOLKSWAGEN VIRTUS 16 16V MSI MT (2018 AL 2026)"""", """"VOLKSWAGEN VOYAGE 16 8V (2008 AL 2015)"""", """"VOLKSWAGEN VOYAGE 16 8V MSSI (2016 AL 2026)""""]"",26,""[""""CANTIDAD DE ORIFICIOS DE FUACION: 2""""]"",1,""[""""SACHS: 6284 000 032:009"""", """"SACHS: 6284010 331"""", """"SACHS: 6284 654 007"""", """"SACHS: 82001"""", """"SKF: VKCH 4747""""]"",5,,,51.3492"
"6284 000 033,https://icepar.specparts.shop/products/detail?slug=sachs_6284000033-95732,309,,,,,""[""""AUDI A3 16 (2005 AL 2015)"""", """"AUDI A3 18 (1997 AL 2001)"""", """"AUDI A3 LBT (180 CV) (2000 AL 2004)"""", """"AUDI A3 18 T (1997 AL 2001)"""", """"VOLKSWAGEN GOLF 16 8V (1999 AL 2012)"""", """"VOLKSWAGEN GOLF L&T (1999 AL 2002)"""", """"VOLKSWAGEN GOLF 2.0 (1995 AL 1999)"""", """"VOLKSWAGEN GOLF 2.0 8V (1999 AL 2012)"""", """"VOLKSWAGEN GOLF 2.01(1990 AL 1995)""""]"",9,""[""""CANTIDAD DE ORIFICIOS DE FUACION: 2""""]"",1,""[""""SACHS: 6284 000 033:009"""", """"SACHS: 82002"""", """"SKF: VKCH 23027""""]"",3,,,28.4256"
"6284 000 045,https://icepar.specparts.shop/products/detail?slug=sachs_6284000045-95733,309,,,,,""[""""VOLKSWAGEN CADDY 16 MI (1998 AL 2010)"""", """"VOLKSWAGEN CADDY 139 D (1998 AL 2009)""""]"",2,""[""""CANTIDAD DE ORIFICIOS DE FUACION: 2""""]"",1,""[""""SACHS: 5X%:6284 000 045""""]"",1,,,18.2983"
"6284 000 055,https://icepar.specparts.shop/products/detail?slug=sachs_6284000055-95734,309,,,,,""[""""CITROEN BERLINGG 1.6 16V (2010 AL 2019)"""", """"CITROEN C3 14 HDI (2003 AL 2011)"""", """"CITROEN C3 141 (2003 AL 2012)"""", """"CITROEN C3 16 16V (2005 AL 2013)"""", """"CITROEN C4 16 16V (2007 AL 2014)"""", """"CITROEN XSARA 16 16V (1992 AL 1993, 2003 AL 2005)"""", """"PEUGEOT HOGGAR 1.4 16V (2011 AL 2016)"""", """"PEUGEOT PARTNER 16 16¥V (2010 AL 2026)"""", """"PEUGEOT PARTNER 16 N (2003 AL 2005)""""]"",9,[],0,""[""""LUK: 510 0177 100"""", """"PHC VALEO: CSC3206"""", """"SACHS: 6284 000 055:009"""", """"SACHS: 82021"""", """"SKF: VKCH 1504007"""", """"SKF: VKCH 4889"""", """"VALEO: CLA20165""""]"",7,,,28.3104"
"6284 000 083,https://icepar.specparts.shop/products/detail?slug=sachs_6284000083-95736,309,,,,,""[""""AGRALE VOLARE 4.8 (2004 AL 2007)""""]"",1,[],0,""[""""SACHS: 6284 000 083:009"""", """"SACHS: 82016""""]"",2,,,11.9242"
"6284 000 126,https://icepar.specparts.shop/products/detail?slug=sachs_6284000126-95737,310,,,,,""[""""CHEVROLET CORSA 10 (2000 AL 2003)"""", """"CHEVROLET CORSA 14 (1994 AL 1996)"""", """"CHEVROLET CORSA 14 16¥ (1996 AL 2002)"""", """"CHEVROLET CORSA 14 &V (2009 AL 2021)"""", """"CHEVROLET CORSA 18 &V (2002 AL 2012)"""", """"CHEVROLET MONTANA 18 8¥ (2011 AL 2022)"""", """"SUZUKI FUN LOBV (2003 AL 2007)""""]"",7,""[""""CANTIDAD DE ORIFICIOS DE FUACION: 2""""]"",1,""[""""SACHS: 6284 000 126:009"""", """"SACHS: 82011"""", """"SKF: VKCH 1503901""""]"",3,,,27.0596"
"6284 000 127,https://icepar.specparts.shop/products/detail?slug=sachs_6284000127-95738,310,,,,,""[""""CHEVROLET MERIVA 17 TDI (2004 AL 2010)"""", """"CHEVROLET MERIVA 18 16¥V (2003 AL 2006)"""", """"CHEVROLET MERIVA 18 8V (2003 AL 2013)""""]"",3,""[""""CANTIDAD DE ORIFICIOS DE FUACION: 2""""]"",1,""[""""LUK: 511 0294 100"""", """"SACHS: 6284 000 127:009"""", """"SACHS: 82012"""", """"SKF: VKCH 1503902""""]"",4,,,22.9259"
"6284 000 128,https://icepar.specparts.shop/products/detail?slug=sachs_6284000128-95739,310,,,,,""[""""MERCEDES BENZ CLASE A A160 16 (1999 AL 2006)"""", """"MERCEDES BENZ CLASE A A190 19 (1999 AL 2006)""""]"",2,""[""""CANTIDAD DE ORIFICIOS DE FUACION: 2""""]"",1,""[""""SACHS: 6284 000 128:009"""", """"SACHS: 82013"""", """"SKF: VKCH 150310""""]"",3,,,20.4193"
"6284 000 163,https://icepar.specparts.shop/products/detail?slug=sachs_6284000163-95740,310,,,,,""[""""FORD FOCUS 16 8V (2004 AL 2010)"""", """"FORD FOCUS 18 16¥ (2000 AL 2005)"""", """"FORD FOCUS 2.0 16¥ (2000 AL 2022)"""", """"FORD MONDEO 2.3 (2008 AL 2010)"""", """"FORD 5-MAX 2.0 16V (2010 AL 2015)""""]"",5,[],0,""[""""LUK: 511 0176 100"""", """"SACHS: 6284 000 163:009"""", """"SACHS: 82023"""", """"SKF: VKCH 4745""""]"",4,,,19.5918"
"6284 000 167,https://icepar.specparts.shop/products/detail?slug=sachs_6284000167-95741,310,,,,,""[""""SCANIAL113 CL (1998 AL 1999)"""", """"SCANIA SERIE K K113 (1991 AL 1999)"""", """"SCANIA SERIE T T113H 4X2 42 (1991 AL 1998)"""", """"SCANIA SERIE T T113H 6X2 (1991 AL 1998)""""]"",4,""[""""CANTIDAD DE ORIFICIOS DE FUACION: 2""""]"",1,""[""""SACHS: 6284 000 167:009"""", """"SACHS: 82026"""", """"SKF: VKCH 2596""""]"",3,,,23.0024"
"6284 000 169,https://icepar.specparts.shop/products/detail?slug=sachs_6284000169-95742,310,,,,,""[""""CHEVROLET OMEGA 4.1 (1996 AL 1998)""""]"",1,""[""""CANTIDAD DE ORIFICIOS DE FUACION: 2""""]"",1,""[""""SACHS: 6284 000 169:009"""", """"SACHS: 82028"""", """"SKF: VKCH 4730""""]"",3,,,18.4181"
"6284 000 170,https://icepar.specparts.shop/products/detail?slug=sachs_6284000170-95743,310,,,,,""[""""CITROEN BERLINGG 1.6 16V (2010 AL 2019)"""", """"CITROEN BERLINGO 2.0 HDI (2002 AL 2005)"""", """"CITROEN C4 16 16V (2007 AL 2014)"""", """"CITROEN C4 PICASSO 20 16¥ (2009 AL 2013)"""", """"CITROEN C5 2.01 16V (2005 AL 2011)"""", """"CITROEN GRAND PICASSO 2.0 16¥V (2008 AL 2013)"""", """"CITROEN XSARA 16 16V (1992 AL 1993, 2003 AL 2005)"""", """"CITROEN XSARA 2.0 16V (1999 AL 2004)"""", """"CITROEN XSARA 2.0 HDI (2001 AL 2005)"""", """"CITROEN XSARA PICASSO 1.6 16V (2005 AL 2012)"""", """"CITROEN XSARA PICASSO 2.0 16V (1999 AL 2011)"""", """"CITROEN XSARA PICASSO 2.0 HDI (2001 AL 2011)"""", """"PEUGEOT 206 14 16¥ (2002 AL 2009)"""", """"PEUGEOT 206 2.0 GTI 180 CV (2003 AL 2006)"""", """"PEUGEOT 206 2.0 HDI (2000 AL 2009)"""", """"PEUGEOT 206 2.0 RC (2005 AL 2006)"""", """"PEUGEOT 207 14 16¥ (2008 AL 2013)"""", """"PEUGEOT 207 2.0 HDI (2008 AL 2011)"""", """"PEUGEOT 306 2.0 16¥V (1997 AL 1999)"""", """"PEUGEOT 306 2.0 HDI (2000 AL 2003)"""", """"PEUGEOT 307 2.0 138CV (2005 AL 20059)"""", """"PEUGEOT 307 2.0 143CV (2005 AL 2012)"""", """"PEUGEOT 307 2.0 HDI (2001 AL 2007)"""", """"PEUGEOT 308 2.0 16¥V (2011 AL 2020)"""", """"PEUGEOT 4008 2.0 16V 150CV (2014 AL 2016)"""", """"PEUGEOT 407 2.0 (2006 AL 2011)"""", """"PEUGEOT 408 2.0 16¥V (2010 AL 2026)"""", """"PEUGEOT HOGGAR 1.4 16V (2011 AL 2016)"""", """"PEUGEOT PARTNER 16 16¥V (2010 AL 2026)"""", """"PEUGEOT PARTNER 16 N (2003 AL 2005)"""", """"PEUGEOT PARTNER 2.0 HDI (2002 AL 2006)""""]"",31,""[""""CANTIDAD DE ORIFICIOS DE FUACION: 2""""]"",1,""[""""SACHS: 6284 000 170:009"""", """"SACHS: 82029"""", """"SKF: VKCH 4890""""]"",3,,,53.5062"
"6284 000 171,https://icepar.specparts.shop/products/detail?slug=sachs_6284000171-95744,310,,,,,""[""""CITROEN BERLINGG 1.6 16V (2010 AL 2019)"""", """"CITROEN C4 16 16V (2007 AL 2014)"""", """"CITROEN XSARA 16 16V (1992 AL 1993, 2003 AL 2005)"""", """"PEUGEOT 307 14 110CV (2001 AL 2012)"""", """"PEUGEOT 307 1.6 HDI (2005 AL 2009)"""", """"PEUGEOT 307 2.0 (2001 AL 2007}"""", """"PEUGEOT 307 2.0 138CV (2005 AL 20059)"""", """"PEUGEOT 307 2.0 143CV (2005 AL 2012)"""", """"PEUGEOT 307 2.0 180CV (2005 AL 20059)"""", """"PEUGEOT 307 2.0 HDI (2001 AL 2007)"""", """"PEUGEOT 307 2.0 HDI 110CV (2006 AL 2012)"""", """"PEUGEOT 307 2.0 HDI 90CV (2006 AL 2010)"""", """"PEUGEOT 308 1.6 HDI (2011 AL 2026)"""", """"PEUGEOT 308 1.4 THP 152CV (2009 AL 2011)"""", """"PEUGEOT 308 1.4 THP 163CV (2013 AL 2022)"""", """"PEUGEOT 308 1.46 THP 200CV (2012 AL 2014)"""", """"PEUGEOT 308 14 VTI (2011 AL 2026)"""", """"PEUGEOT 308 2.0 16¥V (2011 AL 2020)"""", """"PEUGEOT 408 14 HDI (2011 AL 2026)"""", """"PEUGEOT 408 1.4 THP 163CV (2011 AL 2026)"""", """"PEUGEOT 408 14 VTI (2015 AL 2026)"""", """"PEUGEOT 408 2.0 16¥V (2010 AL 2026)"""", """"PEUGEOT HOGGAR 1.4 16V (2011 AL 2016)"""", """"PEUGEOT PARTNER 16 16¥V (2010 AL 2026)"""", """"PEUGEOT PARTNER 16 N (2003 AL 2005)""""]"",25,[],0,""[""""SACHS: 6284 000 171:009"""", """"SACHS: 82030"""", """"SKF: VKCH 4891""""]"",3,,,41.0664"
"6284 000 172,https://icepar.specparts.shop/products/detail?slug=sachs_6284000172-95745,310,,,,,""[""""CITROEN BERLINGG 1.6 16V (2010 AL 2019)"""", """"CITROEN BERLINGO 2.0 HDI (2002 AL 2005)"""", """"CITROEN C4 16 16V (2007 AL 2014)"""", """"CITROEN C4 2.0 16V (2007 AL 2014)"""", """"CITROEN C4 2.0 VTS (2007 AL 20059)"""", """"CITROEN C5 2.0 16¥ (2002 AL 2005)"""", """"CITROEN C5 2.01 16V (2005 AL 2011)"""", """"CITROEN XSARA 16 16V (1992 AL 1993, 2003 AL 2005)"""", """"CITROEN XSARA 2.0 HDI (2001 AL 2005)"""", """"PEUGEOT 206 2.0 16¥V (2001 AL 2009)"""", """"PEUGEOT 206 2.0 GTI 180 CV (2003 AL 2006)"""", """"PEUGEOT 206 2.0 HDI (2000 AL 2009)"""", """"PEUGEOT 206 2.0 RC (2005 AL 2006)"""", """"PEUGEOT 207 2.0 HDI (2008 AL 2011)"""", """"PEUGEOT 306 2.0 HDI (2000 AL 2003)"""", """"PEUGEOT 307 14 110CV (2001 AL 2012)"""", """"PEUGEOT 307 2.0 (2001 AL 2007}"""", """"PEUGEOT 307 2.0 138CV (2005 AL 20059)"""", """"PEUGEOT 307 2.0 143CV (2005 AL 2012)"""", """"PEUGEOT 307 2.0 HDI (2001 AL 2007)"""", """"PEUGEOT 307 2.0 HDI 90CV (2006 AL 2010)"""", """"PEUGEOT 308 2.0 16¥V (2011 AL 2020)"""", """"PEUGEOT 4008 2.0 16V 150CV (2014 AL 2016)"""", """"PEUGEOT 406 2.0 ST (1999 AL 2002)"""", """"PEUGEOT 407 2.0 (2006 AL 2011)"""", """"PEUGEOT 408 2.0 16¥V (2010 AL 2026)"""", """"PEUGEOT 806 2.0 ST (2000 AL 2002)"""", """"PEUGEOT HOGGAR 1.4 16V (2011 AL 2016)"""", """"PEUGEOT PARTNER 16 16¥V (2010 AL 2026)"""", """"PEUGEOT PARTNER 16 N (2003 AL 2005)"""", """"PEUGEOT PARTNER 2.0 HDI (2002 AL 2006)""""]"",31,[],0,""[""""SACHS: 6284 000 172:009"""", """"SACHS: 82031"""", """"SKF: VKCH 4893""""]"",3,,,48.8611"
"6284 000 178,https://icepar.specparts.shop/products/detail?slug=sachs_6284000178-95746,310,,,,,""[""""FORD COURIER 14 16V 51 DA (1997 AL 2000)"""", """"FORD FIESTA 1.3 CL (1994 AL 1997)"""", """"FORD FIESTA 1.31 (1994 AL 1999)"""", """"FORD FIESTA 1.4 16V CLX (1996 AL 1999)"""", """"FORD FIESTA 1.6 (1999 AL 2002)"""", """"FORD KA 10 (1999 AL 2008)"""", """"FORD KA 13 (1997 AL 1999)"""", """"FORD KA 16 (2001 AL 2008)""""]"",8,""[""""CANTIDAD DE ORIFICIOS DE FUACION: 2""""]"",1,""[""""LUK: 511 0001100"""", """"SACHS: 6284 000 178:009"""", """"SACHS: 82017"""", """"SKF: VKCH 4727""""]"",4,,,28.3752"
"6284 000 179,https://icepar.specparts.shop/products/detail?slug=sachs_6284000179-95747,310,,,,,""[""""FORD COURIER 14 16V 51 DA (1997 AL 2000)"""", """"FORD COURIER 16 (2005 AL 2011)"""", """"FORD ESCORT 146 (2001 AL 2002)"""", """"FORD FIESTA 1.6 (1999 AL 2002)"""", """"FORD FIESTA 1.6 16V (2010 AL 2021)"""", """"FORD KA 10 (1999 AL 2014)"""", """"FORD KA 16 (2001 AL 2014)""""]"",7,[],0,""[""""LUK: 511 0010 10"""", """"SACHS: 6284 000 179:009"""", """"SACHS: 82019"""", """"SKF: VKCH 4728""""]"",4,,,22.1080"
"6284 000 180,https://icepar.specparts.shop/products/detail?slug=sachs_6284000180-95748,310,,,,,""[""""FORD ECOSPORT 1.4 TDCI (2003 AL 2011)"""", """"FORD ECOSPORT 1.6 16V (2012 AL 2018)"""", """"FORD ECOSPORT 1.6 8V ROCAM (2003 AL 2013)"""", """"FORD ECOSPORT 2.0 16V (2003 AL 2022)"""", """"FORD ECOSPORT KINETIC 2.0 16V GDI MT (2017 AL 2019)"""", """"FORD FIESTA 1.4 TDCI (2002 AL 2011)"""", """"FORD FIESTA 1.6 8V (2002 AL 2013)"""", """"FORD FOCUS 16 16¥ (2010 AL 2021)"""", """"FORD MONDE 2.0 16¥ (2008 AL 2009)""""]"",9,""[""""DIAMETRC DE PISTON: 19.05 mm""""]"",1,""[""""LUK: 511 0353 10"""", """"SACHS: 6284 000 180:009"""", """"SACHS: 82020"""", """"SKF: VKCH 4729""""]"",4,,,30.0440"
"6284 000 181,https://icepar.specparts.shop/products/detail?slug=sachs_6284000181-95749,310,,,,,""[""""FORD KA 13 (1997 AL 1999)""""]"",1,""[""""CANTIDAD DE ORIFICIOS DE FUACION: 2""""]"",1,""[""""LUK: 511 0027 100"""", """"SACHS: 6284 000 181:009"""", """"SACHS: 82018"""", """"SKF: VKCH 4744""""]"",4,,,19.8621"
"6284 000 183,https://icepar.specparts.shop/products/detail?slug=sachs_6284000183-95750,310,,,,,""[""""CHEVROLET C-10 4.1 (1988 AL 1993)"""", """"CHEVROLET C-20 4.1 (1994 AL 1996)"""", """"CHEVROLET D-20 4.0 (1993 AL 1998)""""]"",3,""[""""CANTIDAD DE ORIFICIOS DE FUACION: 2""""]"",1,""[""""SACHS: 6284 000 183:009"""", """"SACHS: 82008"""", """"SKF: VKCH 101080""""]"",3,,,22.1304"
"6284 000 185,https://icepar.specparts.shop/products/detail?slug=sachs_6284000185-95751,310,,,,,""[""""FORD CARGO 1317E (2006 AL 2012)"""", """"FORD CARGO 1517E (2007 AL 2016)"""", """"FORD CARGO 1722 3.9 (1999 AL 2008)"""", """"FORD CARGO 1729 6X2 53 CD MT (2018 AL 2022)"""", """"FORD CARGO 1729-37 CD MT (2016 AL 2022)"""", """"FORD CARGO 1729-48 CD MT (2016 AL 2022)"""", """"FORD CARGO 1729-48 CN MT (2016 AL 2022)"""", """"FORD CARGO 1730 3.9 (1999 AL 2009)"""", """"FORD CARGO 1831 3.9 (2002 AL 2007)"""", """"FORD CARGO 1832E (2007 AL 2012)"""", """"FORD CARGO 2525 3.9 (1997 AL 2003)"""", """"FORD CARGO 2631 3.9 (2002 AL 2007)"""", """"FORD CARGO 2632E (2007 AL 2018)"""", """"FORD CARGO 712E (2007 AL 2012)"""", """"FORD CARGO 916 (2016 AL 2026)"""", """"FORD F-14000 F-14.000 (1996 AL 2008)"""", """"VOLKSWAGEN 15160 8.3 (1999 AL 2004)"""", """"VOLKSWAGEN CONSTELLATION 17.250 E (2007 AL 2017)"""", """"VOLKSWAGEN CONSTELLATION 19.320 E (2008 AL 2017)"""", """"VOLKSWAGEN CONSTELLATION 31.320 (2012 AL 2020)"""", """"VOLKSWAGEN CONSTELLATION 31.320 E (2002 AL 2011)"""", """"VOLKSWAGEN CONSTELLATION 31.330 E (2017 AL 2019)"""", """"VOLKSWAGEN VOLKSBUS 18.320 ECT (2006 AL 2020)""""]"",23,[],0,""[""""SACHS: 6284 000 185:009"""", """"SACHS: 82005"""", """"SKF: VKCH 101106""""]"",3,,,39.0266"
"6284 000 186,https://icepar.specparts.shop/products/detail?slug=sachs_6284000186-95752,310,,,,,""[""""DODGE DAKOTA 2.5 TDI (1999 AL 2005)"""", """"DODGE DAKOTA 3.9 (1993 AL 2001)"""", """"DODGE RAM 2.5 TDI (1995 AL 2001)"""", """"DODGE RAM 3.9 V6 (1991 AL 1998)""""]"",4,""[""""CANTIDAD DE ORIFICIOS DE FUACION: 2""""]"",1,""[""""SACHS: 6284 000 186:009"""", """"SACHS: 82003"""", """"SKF: VKCH 101125""""]"",3,,,22.9303"
"6284 600 104,https://icepar.specparts.shop/products/detail?slug=sachs_6284600104-95754,310,,,,,""[""""BMW SERIE 3 318 18 (1983 AL 1998)"""", """"BMW SERIE 3 318 18 15 (1992 AL 1998)"""", """"BMW SERIE 3 318 18 TI (1994 AL 1999)"""", """"BMW SERIE 3 318 181 (1992 AL 1994)"""", """"BMW SERIE 3 318 191 (1986 AL 1999)"""", """"BMW SERIE 3 3181 (2011 AL 2012)"""", """"BMW SERIE 3 323 2.51 (1983 AL 1990, 2000 AL 2001)"""", """"BMW SERIE 3 325 2.5 (2003 AL 2007)"""", """"BMW SERIE 3 325 2.51 (1984 AL 1997, 2001 AL 2007)"""", """"BMW SERIE 3 325 2.51 24V (1992 AL 1997)"""", """"BMW SERIE 3 328 2.81 (1996 AL 2001)"""", """"BMW SERIE 5 523 2.51 (1998 AL 2001)"""", """"BMW SERIE 5 528 2.51 (2000 AL 2001)"""", """"BMW SERIE 5 528 2.81 (1996 AL 2001)""""]"",14,""[""""CANTIDAD DE ORIFICIOS DE FUACION: 2""""]"",1,[],0,,,26.5663"
"6284 600 106,https://icepar.specparts.shop/products/detail?slug=sachs_6284600106-95755,310,,,,,""[""""BMW SERIE 3 318 18 (1983 AL 1998)"""", """"BMW SERIE 3 318 18 15 (1992 AL 1998)"""", """"BMW SERIE 3 318 18 TI (1994 AL 1999)"""", """"BMW SERIE 3 318 181 (1992 AL 1994)"""", """"BMW SERIE 3 318 191 (1986 AL 1999)"""", """"BMW SERIE 3 3181 (2011 AL 2012)"""", """"BMW SERIE 3 323 2.51 (1983 AL 1990, 2000 AL 2001)"""", """"BMW SERIE 3 325 20 TDS (1993 AL 1999)"""", """"BMW SERIE 3 325 2.5 (2001 AL 2007)"""", """"BMW SERIE 3 325 25 TDS (1997 AL 1998)"""", """"BMW SERIE 3 325 2.51 (1984 AL 1997, 2001 AL 2007)"""", """"BMW SERIE 3 325 2.51 24V (1992 AL 1997)"""", """"BMW SERIE 3 328 2.81 (1996 AL 2001)"""", """"BMW SERIE 5 523 2.51 (1998 AL 2001)"""", """"BMW SERIE 5 525 25 TDS (1996 AL 2000)"""", """"BMW SERIE 5 528 2.51 (2000 AL 2001)"""", """"BMW SERIE 5 528 2.81 (1996 AL 2001)""""]"",17,""[""""CANTIDAD DE ORIFICIOS DE FUACION: 2""""]"",1,[],0,,,31.4794"
"6284 600 108,https://icepar.specparts.shop/products/detail?slug=sachs_6284600108-95756,310,,,,,""[""""MERCEDES BENZ 230 2.3 (1983 AL 1993)"""", """"MERCEDES BENZ 230 2.3CE (1983 AL 1994)"""", """"MERCEDES BENZ 230 2.3 TE (1983 AL 1992)""""]"",3,""[""""CANTIDAD DE ORIFICIOS DE FUACION: 2""""]"",1,""[""""SACHS: 5X%:6284 600 108""""]"",1,,,19.5994"
"6284 600 109,https://icepar.specparts.shop/products/detail?slug=sachs_6284600109-95757,310,,,,,""[""""MERCEDES BENZ 200 2.0 (1984 AL 1985, 1992 AL 1995)"""", """"MERCEDES BENZ 200 2.0 TD (1984 AL 1994)"""", """"MERCEDES BENZ 200 2.0 TE (1988 AL 1992)"""", """"MERCEDES BENZ 230 2.3 (1983 AL 1993)"""", """"MERCEDES BENZ 230 2.3CE (1983 AL 1994)"""", """"MERCEDES BENZ 230 2.3 TE (1983 AL 1992)"""", """"MERCEDES BENZ 280 2.8 (1983 AL 1992)"""", """"MERCEDES BENZ 280 C280 (1983 AL 1984)"""", """"MERCEDES BENZ 280 CE (1983 AL 1985)"""", """"MERCEDES BENZ 280 E (1983 AL 1984)"""", """"MERCEDES BENZ 280 SE (1983 AL 1985)"""", """"MERCEDES BENZ 280 SEC (1983 AL 1986)"""", """"MERCEDES BENZ 280 SEL (1983 AL 1985)"""", """"MERCEDES BENZ 300 2.8 (1993 AL 1994)""""]"",14,""[""""CANTIDAD DE ORIFICIOS DE FUACION: 2""""]"",1,[],0,,,26.9239"
"6284 600 111,https://icepar.specparts.shop/products/detail?slug=sachs_6284600111-95758,310,,,,,""[""""MERCEDES BENZ MB180 2.4D (1994 AL 1996)""""]"",1,""[""""CANTIDAD DE ORIFICIOS DE FUACION: 2""""]"",1,""[""""SACHS: 6284 600 111:009"""", """"SACHS: 82027"""", """"SKF: VKCH 4734""""]"",3,,,18.3480"
"6284 600 112,https://icepar.specparts.shop/products/detail?slug=sachs_6284600112-95759,310,,,,,""[""""CHEVROLET ASTRA 18 8V (2000 AL 2003)"""", """"CHEVROLET ASTRA 20 16V (2002 AL 2003)"""", """"CHEVROLET ASTRA 20 8V (1998 AL 2012)"""", """"CHEVROLET KADETT 2.0 8V (1991 AL 1995)"""", """"CHEVROLET OMEGA 2.0 (1993 AL 1995)"""", """"CHEVROLET OMEGA 2.0 &V (1992 AL 1993)"""", """"CHEVROLET VECTRA 2.0 16V (2008 AL 2012)""""]"",7,""[""""CANTIDAD DE ORIFICIOS DE FUACION: 2""""]"",1,""[""""LUK: 511 0296 100"""", """"SACHS: 6284 600 112:009"""", """"SACHS: 82014"""", """"SKF: VKCH 4739""""]"",4,,,28.9149"
"6284 600 113,https://icepar.specparts.shop/products/detail?slug=sachs_6284600113-95760,310,,,,,""[""""CHEVROLET VECTRA 2.0 16V TDI (1998 AL 2003)"""", """"CHEVROLET VECTRA 2.0 &V (1993 AL 1999)"""", """"CHEVROLET VECTRA 2.2 16V (1996 AL 2006)""""]"",3,""[""""CANTIDAD DE ORIFICIOS DE FUACION: 2""""]"",1,""[""""SACHS: 6284 600 113:009"""", """"SACHS: 82025"""", """"SKF: VKCH 4743""""]"",3,,,22.2311"
"6284 600 114,https://icepar.specparts.shop/products/detail?slug=sachs_6284600114-95761,310,,,,,""[""""CHEVROLET KADETT 2.0 8V (1991 AL 1995)"""", """"CHEVROLET OMEGA 2.0 (1993 AL 1995)"""", """"CHEVROLET OMEGA 2.0 &V (1992 AL 1993)"""", """"CHEVROLET VECTRA 2.0 16V TDI (1998 AL 2003)"""", """"CHEVROLET VECTRA 2.0 &V (1993 AL 1999)"""", """"CHEVROLET VECTRA 2.2 16V (1996 AL 2006)""""]"",6,""[""""CANTIDAD DE ORIFICIOS DE FUACION: 2""""]"",1,""[""""SACHS: 6284 600 114:009"""", """"SACHS: 82024"""", """"SKF: VKCH 4742""""]"",3,,,25.6993"
"6284 600 115,https://icepar.specparts.shop/products/detail?slug=sachs_6284600115-95762,311,,,,,""[""""CHEVROLET ZAFIRA 2.0 16¥ (2001 AL 2009)"""", """"CHEVROLET ZAFIRA 2.0 8V (2001 AL 2010)""""]"",2,""[""""CANTIDAD DE ORIFICIOS DE FUACION: 2""""]"",1,""[""""LUK: 511 0297 100"""", """"SACHS: 6284 600 115:009"""", """"SACHS: 82015"""", """"SKF: VKCH 4740""""]"",4,,,21.6916"
"6284 600 189,https://icepar.specparts.shop/products/detail?slug=sachs_6284600189-95763,311,,,,,""[""""CHEVROLET BLAZER 2.2 16V (1997 AL 2000)"""", """"CHEVROLET BLAZER 2.5 TD (1997 AL 2000)"""", """"CHEVROLET BLAZER 2.8 TD (1999 AL 2006)"""", """"CHEVROLET BLAZER 4.3 V6 (1999 AL 2001)"""", """"CHEVROLET 5-10 2.2 EFI (1995 AL 1999)"""", """"CHEVROLET 5-10 25 TD (1996 AL 2001)"""", """"CHEVROLET 5-10 2.8 TDI (2000 AL 2005)"""", """"TOYOTA COROLLA 16 (1983 AL 1989)""""]"",8,[],0,""[""""LUK: 511 0292100"""", """"SACHS: 6284 600 189:009"""", """"SACHS: 82010"""", """"SKF: VKCK 101008""""]"",4,,,22.9863"
"6284 600 221,https://icepar.specparts.shop/products/detail?slug=sachs_6284600221-95764,311,,,,,""[""""FORD EXPLORER 4.0 (1991 AL 2002)"""", """"FORD RANGER 2.2 TDCI (2012 AL 2017}"""", """"FORD RANGER 2.3 MPI (1996 AL 1997)"""", """"FORD RANGER 2.5 MPI (1995 AL 2001)"""", """"FORD RANGER 2.5 TDI (1997 AL 2002)"""", """"FORD RANGER 28 TDI (2001 AL 2004)"""", """"FORD RANGER 3.2 TDCI (2012 AL 2016)"""", """"FORD RANGER 3.2 TDCI MT (2016 AL 2026)"""", """"FORD RANGER 4.0 V6 (1996 AL 2001)""""]"",9,[],0,""[""""LUK: 511 0289 100"""", """"SACHS: 6284 600 221:009"""", """"SACHS: 82004"""", """"SKF: VKCH 101128""""]"",4,,,24.1727"
"6284 600 231,https://icepar.specparts.shop/products/detail?slug=sachs_6284600231-95765,311,,,,,""[""""CHEVROLET BLAZER 2.5 TD (1997 AL 2000)"""", """"CHEVROLET SILVERADO 4.1 (1996 AL 2001)"""", """"CHEVROLET SILVERADO 4.1D (1997 AL 2001)"""", """"CHEVROLET SILVERADGC 4.2 TD (1997 AL 2003)"""", """"TOYOTA COROLLA 16 (1983 AL 1989)""""]"",5,""[""""CANTIDAD DE ORIFICIOS DE FUACION: 2""""]"",1,""[""""SACHS: 6284 600 231:009"""", """"SACHS: 82007"""", """"SKF: VKCH 101097""""]"",3,,,24.3468"
"6284 600 233,https://icepar.specparts.shop/products/detail?slug=sachs_6284600233-95766,311,,,,,""[""""CHEVROLET BLAZER 2.5 TD (1997 AL 2000)"""", """"CHEVROLET BLAZER 2.8 TD (1999 AL 2006)"""", """"CHEVROLET BLAZER 2.8 TD ELECTRONIC (2006 AL 2010)"""", """"CHEVROLET BLAZER 4.3 V6 (1999 AL 2001)"""", """"CHEVROLET 5-10 2.2 EFI (1995 AL 1999)"""", """"CHEVROLET 5-10 25 TD (1996 AL 2001)"""", """"CHEVROLET 5-10 2.8 TDI (2000 AL 2005)"""", """"CHEVROLET 5-10 2.8 TDI ELECTRONIC (2005 AL 2012)"""", """"NISSAN FRONTIER 2.8 TDI (2002 AL 2007}"""", """"NISSAN FRONTIER 2.8 TDI ELECTRONIC (2006 AL 2009)"""", """"NISSAN X-TRAIL 2.8 TDI (2003 AL 2008)"""", """"TOYOTA COROLLA 16 (1983 AL 1989)""""]"",12,[],0,""[""""LUK: 511 0291100"""", """"SACHS: 6284 600 233:009"""", """"SACHS: 82009""""]"",3,,,27.0062"
"6284 600 241,https://icepar.specparts.shop/products/detail?slug=sachs_6284600241-95767,311,,,,,""[""""FORD F-250 F-250 DIESEL (1988 AL 1993)"""", """"FORD F-350 F-350 DIESEL (1988 AL 1993)"""", """"FORD F-4000 2.8 (2014 AL 2022)"""", """"FORD F-4000 3.9 (1999 AL 2011)"""", """"FORD F600/6000 F-600 (1963 AL 1992)"""", """"FORD F7000 F-7000 (1988 AL 1992)""""]"",6,[],0,""[""""SACHS: 6284 600 241:009"""", """"SACHS: 82006"""", """"SKF: VKCH 101126""""]"",3,,,20.6896"
"6284 600 571,https://icepar.specparts.shop/products/detail?slug=sachs_6284600571-95768,311,,,,,""[""""MERCEDES BENZ CLASE A A160 16 (1999 AL 2006)"""", """"MERCEDES BENZ CLASE A A190 19 (1999 AL 2006)""""]"",2,""[""""CANTIDAD DE ORIFICIOS DE FUACION: 2""""]"",1,[],0,,,13.0222"
"6284 600 572,https://icepar.specparts.shop/products/detail?slug=sachs_6284600572-95769,311,,,,,[],0,""[""""CANTIDAD DE ORIFICIOS DE FUACION: 2""""]"",1,""[""""SACHS: 5X%:6284 600 572""""]"",1,,,12.4164"
"6284 600 573,https://icepar.specparts.shop/products/detail?slug=sachs_6284600573-95770,311,,,,,""[""""MERCEDES BENZ SPRINTER 2.2 CDI (2002 AL 2014)""""]"",1,""[""""DIAMETRO: 19.05 mm""""]"",1,""[""""SACHS: 6284 600 573:009"""", """"SACHS: 82022"""", """"SKF: VKCH 190054""""]"",3,,,18.5528"
"6284 600 628,https://icepar.specparts.shop/products/detail?slug=sachs_6284600628-95771,311,,,,,""[""""NISSAN AD 1.6 (1991 AL 1999)"""", """"NISSAN BLUEBIRD 1. (1991 AL 1997)"""", """"NISSAN KICKS 1.6 16V MT (2017 AL 2026)"""", """"NISSAN MARCH 16 16V (2012 AL 2015)"""", """"NISSAN MARCH 16 16V MT (2016 AL 2026)"""", """"NISSAN NOTE 16 16V (2015 AL 2022}"""", """"NISSAN PRIMERA 2.0 (1991 AL 2001)"""", """"NISSAN SENTRA 16 (1991 AL 2001)"""", """"NISSAN SENTRA 2.0 (1992 AL 1996)"""", """"NISSAN SERENA 20 (1994 AL 1999)"""", """"NISSAN TIIDA 1.8 16¥V (2007 AL 2015)"""", """"NISSAN VERSA 16 16V MT (2016 AL 2026)"""", """"NISSAN VERSA 16 VDRIVE MT (2020 AL 2026)""""]"",13,[],0,[],0,,,19.8153"
"6284 600 673,https://icepar.specparts.shop/products/detail?slug=sachs_6284600673-95772,311,,,,,""[""""CITROEN C3 16 VTI (2012 AL 2019)"""", """"CITROEN DS3 16 THP 156CV (2010 AL 2016)"""", """"CITROEN DS53 16 VTI 120CV (2013 AL 2016)"""", """"DS DS3 16 THP 156CV (2016 AL 2017)"""", """"DS DS3 16 THP 165CV MT (2017 AL 2022)"""", """"DS DS3 16 VTI 120CV (2016 AL 2022)"""", """"PEUGEOT 2008 16 VT1 (2019 AL 2026)"""", """"PEUGEOT 207 1.4 HDI (2011 AL 2017)"""", """"PEUGEOT 207 1.41 (2008 AL 2017)"""", """"PEUGEOT 207 14 (2008 AL 2012)"""", """"PEUGEOT 207 14 THP 150CV (2008 AL 2012)"""", """"PEUGEOT 207 14 THP 175CV (2009 AL 2012)"""", """"PEUGEOT 207 1.9D (2008 AL 2012)""""]"",13,[],0,""[""""SACHS: 5X%:6284 600 673""""]"",1,,,25.5422"
"6284 605 006,https://icepar.specparts.shop/products/detail?slug=sachs_6284605006-95774,311,,,,,""[""""MERCEDES BENZ CLASE B B200 Z.OT (2010 AL 2011)""""]"",1,[],0,""[""""SACHS: 5X%:6284 605 006""""]"",1,,,10.7692"
"6284 605 034,https://icepar.specparts.shop/products/detail?slug=sachs_6284605034-95775,311,,,,,""[""""CITROEN BERLINGG 1.6 16V (2010 AL 2019)"""", """"CITROEN BERLINGO 2.0 HDI (2002 AL 2005)"""", """"CITROEN C4 16 16V (2007 AL 2014)"""", """"CITROEN C5 2.01 16V (2005 AL 2011)"""", """"CITROEN XSARA 16 16V (1992 AL 1993, 2003 AL 2005)"""", """"CITROEN XSARA 2.0 HDI (2001 AL 2005)"""", """"CITROEN XSARA PICASSO 1.6 16V (2005 AL 2012)"""", """"CITROEN XSARA PICASSO 2.0 16V (1999 AL 2011)"""", """"CITROEN XSARA PICASSO 2.0 HDI (2001 AL 2011)"""", """"PEUGEOT 206 14 16¥ (2002 AL 2009)"""", """"PEUGEOT 206 2.0 GTI 180 CV (2003 AL 2006)"""", """"PEUGEOT 206 2.0 HDI (2000 AL 2009)"""", """"PEUGEOT 206 2.0 RC (2005 AL 2006)"""", """"PEUGEOT 207 14 16¥ (2008 AL 2013)"""", """"PEUGEOT 207 2.0 HDI (2008 AL 2011)"""", """"PEUGEOT 306 2.0 HDI (2000 AL 2003)"""", """"PEUGEOT 307 2.0 138CV (2005 AL 20059)"""", """"PEUGEOT 307 2.0 143CV (2005 AL 2012)"""", """"PEUGEOT 307 2.0 HDI (2001 AL 2007)"""", """"PEUGEOT 308 2.0 16¥V (2011 AL 2020)"""", """"PEUGEOT 4008 2.0 16V 150CV (2014 AL 2016)"""", """"PEUGEOT 407 2.0 (2006 AL 2011)"""", """"PEUGEOT 408 2.0 16¥V (2010 AL 2026)"""", """"PEUGEOT HOGGAR 1.4 16V (2011 AL 2016)"""", """"PEUGEOT PARTNER 16 16¥V (2010 AL 2026)"""", """"PEUGEOT PARTNER 16 N (2003 AL 2005)"""", """"PEUGEOT PARTNER 2.0 HDI (2002 AL 2006)""""]"",27,[],0,[],0,,,36.7937"
"6284 605 047,https://icepar.specparts.shop/products/detail?slug=sachs_6284605047-95776,311,,,,,""[""""MERCEDES BENZ CLASE C C200 18 CGI (2010 AL 2015)""""]"",1,[],0,""[""""SACHS: 6284 605 047:009""""]"",1,,,10.7469"
"6284 605 086,https://icepar.specparts.shop/products/detail?slug=sachs_6284605086-95777,311,,,,,""[""""MERCEDES BENZ 1521 (2000 AL 2007)"""", """"MERCEDES BENZ 1718 1718M (2001 AL 2007)"""", """"MERCEDES BENZ 1721 (1990 AL 1999)"""", """"MERCEDES BENZ 1722 (1995 AL 2001)"""", """"MERCEDES BENZ ACCELO 815 (2016 AL 2026)"""", """"MERCEDES BENZ ATEGO 1315 (2009 AL 2010)"""", """"MERCEDES BENZ ATEGO 1328 (2013 AL 2014)"""", """"MERCEDES BENZ ATEGO 1418 (2007 AL 2016)"""", """"MERCEDES BENZ ATEGO 1419 (2016 AL 2026)"""", """"MERCEDES BENZ ATEGO 1718 (2005 AL 2016)"""", """"MERCEDES BENZ ATEGO 17721 (2018 AL 2026)"""", """"MERCEDES BENZ ATEGO 2425 (2010 AL 2017)"""", """"MERCEDES BENZ BMO 368 1518 (2014 AL 2015)"""", """"MERCEDES BENZ BMO 368 1618 L/55 (2010 AL 2017)"""", """"MERCEDES BENZ BMO 368 1718 L/62 (2011 AL 2016)"""", """"MERCEDES BENZ BMO 368 17211L/62 (2016 AL 2026)"""", """"MERCEDES BENZ BMO 368 1722 (2014 AL 2015)"""", """"MERCEDES BENZ BMO 384 1418 52 (2008 AL 2016)"""", """"MERCEDES BENZ BMO 384 1519 52 (2016 AL 2017)"""", """"MERCEDES BENZ BMO 384 172159 CM (2018 AL 2020)"""", """"MERCEDES BENZ BMO 384 1722 (2014 AL 2015)"""", """"MERCEDES BENZ BMO 384 1722 59 (2015 AL 2018)"""", """"MERCEDES BENZ BMO 390 1115L/ 46 CA (1998 AL 2003)"""", """"MERCEDES BENZ BMO 390 1315L/52 CA (2008 AL 2011)"""", """"MERCEDES BENZ BMC 390 1521/52 CA (1998 AL 2003)"""", """"MERCEDES BENZ L 1218 L 1218 EL (2001 AL 2008)"""", """"MERCEDES BENZ L 1318 (2007 AL 2012)"""", """"MERCEDES BENZ L 1418 (1998 AL 2003)"""", """"MERCEDES BENZ L 1419 (1995 AL 2001)"""", """"MERCEDES BENZ L 1622 (1995 AL 2001)"""", """"MERCEDES BENZ LK 1218 (1997 AL 1999)"""", """"MERCEDES BENZ LK 12184 EL (1997 AL 2008)"""", """"MERCEDES BENZ LK 1318 (2007 AL 2013)"""", """"MERCEDES BENZ LK 1418 (1997 AL 2007}"""", """"MERCEDES BENZ LO 914 (2004 AL 2008)"""", """"MERCEDES BENZ LO 915 (2006 AL 2016)"""", """"MERCEDES BENZ LO 916 (2016 AL 2026)"""", """"MERCEDES BENZ LP 913 (2006 AL 2009)"""", """"MERCEDES BENZ LS 1622 (1995 AL 2001)"""", """"MERCEDES BENZ OF 1214 (1988 AL 1994)"""", """"MERCEDES BENZ OF 1417 (2001 AL 2007)"""", """"MERCEDES BENZ OF 1418 (2008 AL 2016)"""", """"MERCEDES BENZ OF 1519 (2016 AL 2020)"""", """"MERCEDES BENZ OF 1722 (2003 AL 2016)"""", """"MERCEDES BENZ GH 1418 (1988 AL 1993)""""]"",45,[],0,""[""""SACHS: 6284 605 086:009""""]"",1,,,65.1819"
"068/4,https://icepar.specparts.shop/products/detail?slug=frenosilent_0684-100480,311,,,,,""[""""FORD CARGO 1317 (2005 AL 2007)"""", """"FORD CARGO 1317E (2006 AL 2012)"""", """"FORD CARGO 1416 (1999 AL 2007)"""", """"FORD CARGO 1517 (2005 AL 2009)"""", """"FORD CARGO 1517E (2007 AL 2016)"""", """"FORD CARGO 1716 (1999 AL 2008)"""", """"FORD CARGO 1722 3.9 (1999 AL 2008)"""", """"FORD CARGO 1722E (2007 AL 2018)"""", """"FORD CARGO 1730 3.9 (1999 AL 2009)"""", """"FORD CARGO 1831 3.9 (2002 AL 2007)"""", """"FORD CARGO 1832E (2007 AL 2012)"""", """"FORD CARGO 1932 (2011 AL 2016)"""", """"FORD CARGO 2425 3.9 (1995 AL 2001)"""", """"FORD CARGO 2631 3.9 (2002 AL 2007)"""", """"FORD CARGO 2632E (2007 AL 2018)"""", """"FORD CARGO 712E (2007 AL 2012)"""", """"FORD CARGO 915 (1999 AL 2007)"""", """"FORD CARGO 915E (2007 AL 2016)"""", """"VOLKSWAGEN 15160 8.3 (1999 AL 2004)"""", """"VOLKSWAGEN 15170 (2001 AL 2002)"""", """"VOLKSWAGEN 16210 6.5 (1999 AL 2004)"""", """"VOLKSWAGEN 17300 8.3 (1999 AL 2004)"""", """"VOLKSWAGEN 26300 8.3 (2000 AL 2003)"""", """"VOLKSWAGEN 9140 (1999 AL 2004)"""", """"VOLKSWAGEN CONSTELLATION 17.250 E (2007 AL 2017)"""", """"VOLKSWAGEN CONSTELLATION 19.320 E (2008 AL 2017)"""", """"VOLKSWAGEN CONSTELLATION 25.320 E (2011 AL 2014)"""", """"VOLKSWAGEN CONSTELLATION 31.320 E (2002 AL 2011)"""", """"VOLKSWAGEN TITAN &.3 (2003 AL 2008)"""", """"VOLKSWAGEN VOLKSBUS 17.240 OT (2005 AL 2007)"""", """"VOLKSWAGEN VOLKSBUS 18.320 ECT (2006 AL 2015)"""", """"VOLKSWAGEN VOLKSBUS 8&3 (2007 AL 2008)"""", """"VOLKSWAGEN VOLKSBUS 9.150 OD (2002 AL 2011)"""", """"VOLKSWAGEN WORKER 13180 (2007 AL 2011)"""", """"VOLKSWAGEN WORKER 15180 (2006 AL 2016)"""", """"VOLKSWAGEN WORKER 17210 (2005 AL 2007}"""", """"VOLKSWAGEN WORKER 26.260 E (2007 AL 2016)"""", """"VOLKSWAGEN WORKER 4.7 (2002 AL 2012)"""", """"VOLKSWAGEN WORKER 65 (2007 AL 2017)"""", """"VOLKSWAGEN WORKER 8.150 E (2010 AL 2017)"""", """"VOLKSWAGEN WORKER 8.3 (1999 AL 2015)"""", """"VOLKSWAGEN WORKER 9150 (1999 AL 2007)""""]"",42,""[""""DIAMETRO CAMARA: 22,22 MM"""", """"MEDIDA DE ROSCAS: 12x1"""", """"DISENO: VARGA""""]"",3,""[""""ATE: 6409"""", """"CONTROIL: C-2605"""", """"OEM: 2L5/721405"""", """"OEM: TF3/721405"""", """"VARGA Bras.: RCCEO00297""""]"",5,,,72.0286"
"078/3,https://icepar.specparts.shop/products/detail?slug=frenosilent_0783-100481,311,,,,,""[""""CHEVROLET LUV 2.3 N (1992 AL 1999)"""", """"CHEVROLET LUV 2.5 TD (1999 AL 2001)"""", """"CHEVROLET LUV 2.5D (1992 AL 1999)"""", """"ISUZU PICK UP 2.5 TD (1992 AL 2005)"""", """"ISUZU PICK UP 2.8 TD (1993 AL 2003)"""", """"ISUZU PICK UP 3.1 TD (1997 AL 2005)"""", """"ISUZU RODEO 2.6 (1992 AL 1995)"""", """"ISUZU RODEO 3.2 V6 (1992 AL 2001)"""", """"ISUZU TROOPER 2.6 (1985 AL 1997)"""", """"ISUZU TROOPER 3.0 TDI (2000 AL 2002)"""", """"ISUZU TROOPER 3.1D (1992 AL 1997)"""", """"ISUZU TROOPER 3.1 TDI (1996 AL 2004)"""", """"ISUZU TROOPER 3.2 V6 (1991 AL 1997)""""]"",13,""[""""DIAMETRO CAMARA: 15.88 MM"""", """"MEDIDA DE ROSCAS: 12x1""""]"",2,""[""""LPR: 2188"""", """"OEM: 8944347 100"""", """"TRW: PNB 198""""]"",3,,,34.7947"
"078/5,https://icepar.specparts.shop/products/detail?slug=frenosilent_0785-100482,311,,,,,""[""""CHEVROLET LUV 2.5 TD (1999 AL 2001)"""", """"CHEVROLET LUV 2.5D (1992 AL 1999)"""", """"ISUZU PICK UP 2.5 TD (1992 AL 2005)"""", """"ISUZU PICK UP 2.8 TD (1996 AL 2005)"""", """"ISUZU PICK UP 3.1 TD (1997 AL 2005)"""", """"ISUZU RODEO 3.2 V6 (1993 AL 2001)"""", """"ISUZU TROOPER 3.0 TDI (2000 AL 2002)"""", """"ISUZU TROOPER 3.1 D (2001 AL 2002)"""", """"ISUZU TROOPER 3.1 TDI (1996 AL 2004)"""", """"ISUZU TROOPER 3.2 V6 (1991 AL 1997)""""]"",10,""[""""DIAMETRO CAMARA: 15.88 MM"""", """"MEDIDA DE ROSCAS: 10x1""""]"",2,[],0,,,23.6562"
"078/7,https://icepar.specparts.shop/products/detail?slug=frenosilent_0787-100483,311,,,,,""[""""CHEVROLET AVEO 16 16V (2008 AL 2015)""""]"",1,""[""""DIAMETRO CAMARA: 15.88 MM"""", """"MEDIDA DE ROSCAS: 10x1""""]"",2,""[""""OEM: C96339716""""]"",1,,,17.7163"
"068/1,https://icepar.specparts.shop/products/detail?slug=frenosilent_0681-100484,311,,,,,""[""""FORD CARGO 1317 (2005 AL 2007)"""", """"FORD CARGO 1317E (2006 AL 2012)"""", """"FORD CARGO 1416 (1999 AL 2007)"""", """"FORD CARGO 1517 (2005 AL 2009)"""", """"FORD CARGO 1517E (2007 AL 2016)"""", """"FORD CARGO 1730 3.9 (1999 AL 2009)"""", """"FORD CARGO 2425 3.9 (1995 AL 2001)""""]"",7,""[""""DIAMETRO CAMARA: 22.22 MM"""", """"MEDIDA DE ROSCAS: 12x1"""", """"DISENO: VARGA""""]"",3,""[""""ATE: 6411"""", """"CONTROIL: C-2604"""", """"OEM: ESHT-7A543-BA"""", """"VARGA Bras.: RCCEOO680""""]"",4,,,29.3512"
"068/2,https://icepar.specparts.shop/products/detail?slug=frenosilent_0682-100485,311,,,,,""[""""FORD F-100 2.5 TDI (1993 AL 1999)""""]"",1,""[""""DIAMETRO CAMARA: 19,05 MM"""", """"MEDIDA DE ROSCAS: 12x1"""", """"DISENO: VARGA""""]"",3,""[""""ATE: 6423"""", """"CONTROIL: C-2629"""", """"OEM: 254/721405/RB"""", """"VARGA Bras.: RCCEOO500""""]"",4,,,21.9352"
"068/3,https://icepar.specparts.shop/products/detail?slug=frenosilent_0683-100486,311,,,,,""[""""FORD F-100 3.9D 4X4 (1993 AL 1999)"""", """"FORD F-100 4.20 MWM (1999 AL 2007)"""", """"FORD F-100 4.20 MW 4X4 (1986 AL 2001)"""", """"FORD F-4000 4.3 (1993 AL 1996)""""]"",4,""[""""DIAMETRO CAMARA: 25.40"""", """"MEDIDA DE ROSCAS: 12x1"""", """"DISENO: VARGA""""]"",3,""[""""ATE: 6424"""", """"CONTROIL: C-2628"""", """"OEM: 25B/721405"""", """"VARGA Bras.: RCCEO0490""""]"",4,,,27.2605"
"068/6,https://icepar.specparts.shop/products/detail?slug=frenosilent_0686-100487,311,,,,,""[""""FORD EXPLORER 4.0 (1991 AL 2002)"""", """"FORD RANGER 2.3 MPI (1996 AL 1997)"""", """"FORD RANGER 4.0 V6 (1996 AL 2001)""""]"",3,""[""""DIAMETRO CAMARA: 15.88 MM"""", """"OBSERVACION: ACOPLE RAPIDO"""", """"DISENO: SKF""""]"",3,""[""""CONTROIL: C-2649"""", """"OEM: 1L547A543AC"""", """"SKF: VKCH 101128"""", """"VARGA Bras.: RCCEOO860""""]"",4,,,25.0311"
"068/7,https://icepar.specparts.shop/products/detail?slug=frenosilent_0687-100488,311,,,,,""[""""FORD F-100 3.9 TDI (1999 AL 2012)"""", """"FORD F-14000 F-14.000 (1996 AL 2008)""""]"",2,""[""""DIAMETRO CAMARA: 19,05 MM"""", """"OBSERVACION: ACOPLE RAPIDO"""", """"DISENO: SKF""""]"",3,""[""""CONTROIL: C-2658"""", """"OEM: YC3Z7C522AB"""", """"SKF: VKCH 101106"""", """"VARGA Bras.: RCCEOO830""""]"",4,,,24.3388"
"138/1,https://icepar.specparts.shop/products/detail?slug=frenosilent_1381-100491,312,,,,,""[""""MERCEDES BENZ L 608 (1988 AL 1991)""""]"",1,""[""""DIAMETRO CAMARA: 19,05 MM"""", """"MEDIDA DE ROSCAS: 12x1"""", """"DISENO: TRW""""]"",3,""[""""ATE: 6405"""", """"BENDIX: 12203268"""", """"BOSCH: 986486013"""", """"CONTROIL: C-2600"""", """"OEM: 3082957006"""", """"TRW: PND 105"""", """"VARGA Arg.: 3331223"""", """"VARGA Bras.: RCCEO0041""""]"",8,,,26.2713"
"138/3,https://icepar.specparts.shop/products/detail?slug=frenosilent_1383-100492,312,,,,,""[""""MERCEDES BENZ L 1941 (1995 AL 2001)"""", """"MERCEDES BENZ LO 812/813/814 LO-812/813/814 (1990 AL 2004)"""", """"MERCEDES BENZ LS 1941 (1995 AL 2001)""""]"",3,""[""""DIAMETRO CAMARA: 19,05 MM"""", """"MEDIDA DE ROSCAS: 12x1""""]"",2,""[""""ATE: 6404"""", """"CONTROIL: C-2602"""", """"OEM: 12955906"""", """"VARGA Arg.: 3331224"""", """"VARGA Bras.: RCCEO0122""""]"",5,,,26.6141"
"138/5,https://icepar.specparts.shop/products/detail?slug=frenosilent_1385-100493,312,,,,,[],0,""[""""DIAMETRO CAMARA: 23,81 MM"""", """"MEDIDA DE ROSCAS: 14x1"""", """"DISENO: TRW""""]"",3,""[""""ATE: 6403"""", """"CONTROIL: C-2603"""", """"OEM: 3452957006"""", """"VARGA Arg.: 3331225"""", """"VARGA Bras.: RCCEO0238""""]"",5,,,20.1490"
"138/6,https://icepar.specparts.shop/products/detail?slug=frenosilent_1386-100494,312,,,,,""[""""MERCEDES BENZ L 1941 (1995 AL 2001)""""]"",1,""[""""DIAMETRO CAMARA: 20,64 MM"""", """"MEDIDA DE ROSCAS: 12x1"""", """"DISENO: TRW""""]"",3,""[""""ATE: 6419"""", """"CONTROIL: C-2621"""", """"OEM: 3882957006"""", """"VARGA Arg.: 3338215"""", """"VARGA Bras.: RCCEO0361""""]"",5,,,23.5488"
"138/8,https://icepar.specparts.shop/products/detail?slug=frenosilent_1388-100495,312,,,,,[],0,""[""""DIAMETRO CAMARA: 23,81 MM"""", """"MEDIDA DE ROSCAS: 14x1""""]"",2,""[""""ATE: 6402"""", """"CONTROIL: C-2607"""", """"OEM: 3842957006"""", """"VARGA Arg.: 3331227"""", """"VARGA Bras.: RCCEO0335""""]"",5,,,17.9406"
"138/10,https://icepar.specparts.shop/products/detail?slug=frenosilent_13810-100496,312,,,,,""[""""MERCEDES BENZ © 400 (1995 AL 1999)"""", """"MERCEDES BENZ © 400 RSD (1996 AL 2001)"""", """"MERCEDES BENZ © 400 RSE (2000 AL 2007)""""]"",3,""[""""DIAMETRO CAMARA: 20,64 MM"""", """"MEDIDA DE ROSCAS: 12x1"""", """"DISENO: TRW""""]"",3,""[""""ATE: 6430"""", """"CONTROIL: C-2622"""", """"OEM: 6642957006"""", """"VARGA Arg.: 3338216"""", """"VARGA Bras.: RCCEO0378""""]"",5,,,26.4155"
"138/11,https://icepar.specparts.shop/products/detail?slug=frenosilent_13811-100497,312,,,,,""[""""MERCEDES BENZ SPRINTER 2.2 CDI (2002 AL 2014)"""", """"MERCEDES BENZ SPRINTER 2.2 CDI 116CV (2012 AL 2026)"""", """"MERCEDES BENZ SPRINTER 2.2 CDI 150CV (2016 AL 2026)"""", """"MERCEDES BENZ SPRINTER 2.5D (1996 AL 2002)"""", """"MERCEDES BENZ VITO 2.2 CDI (1998 AL 2009)""""]"",5,""[""""DIAMETRO CAMARA: 19,05 MM"""", """"DISENO: FAG""""]"",2,""[""""BENDIX: 12210368"""", """"BOSCH: 986486053"""", """"CONTROIL: C-2630"""", """"OEM: 000.290.3212"""", """"TRW: PND194"""", """"VARGA Bras.: RCCEO0730""""]"",6,,,28.7749"
"168/1,https://icepar.specparts.shop/products/detail?slug=frenosilent_1681-100498,312,,,,,""[""""PEUGEOT 404 4CIL (1965 AL 1976)"""", """"PEUGEOT 404 &CIL (1965 AL 1978)""""]"",2,""[""""DIAMETRO CAMARA: 19,05 MM"""", """"MEDIDA DE ROSCAS: 1/2x20"""", """"DISENO: BENDX""""]"",3,""[""""VARGA Arg.: 3331216""""]"",1,,,20.7984"
"168/2,https://icepar.specparts.shop/products/detail?slug=frenosilent_1682-100499,312,,,,,""[""""PEUGEOT 404 4CIL (1965 AL 1976)"""", """"PEUGEOT 404 6CIL (1976 AL 1978)"""", """"PEUGEOT 504 2.0 G (1983 AL 2000)"""", """"PEUGEOT 504 2.3 D (1987 AL 2000)""""]"",4,""[""""DIAMETRO CAMARA: 19,05 MM"""", """"MEDIDA DE ROSCAS: 10x1"""", """"DISENO: BENDX""""]"",3,""[""""BENDIX: 2409926"""", """"VARGA Arg.: 3331219""""]"",2,,,23.7716"
"188/1,https://icepar.specparts.shop/products/detail?slug=frenosilent_1881-100500,312,,,,,""[""""RENAULT TRAFIC 14 (1986 AL 1997)"""", """"RENAULT TRAFIC 19D (1988 AL 2002)"""", """"RENAULT TRAFIC 2.1D (1986 AL 1999)"""", """"RENAULT TRAFIC 2.2 (1988 AL 1998)""""]"",4,""[""""DIAMETRO CAMARA: 19,05 MM"""", """"MEDIDA DE ROSCAS: 12x1"""", """"DISENO: BENDX""""]"",3,""[""""GFA: 16901"""", """"IMBASA: 916901"""", """"LPR: 7105"""", """"OEM: 7700667653"""", """"RG: K-3149""""]"",5,,,27.7687"
"198/1,https://icepar.specparts.shop/products/detail?slug=frenosilent_1981-100501,312,,,,,[],0,""[""""DIAMETRO CAMARA: 25.4 MM"""", """"MEDIDA DE ROSCAS: 12x15"""", """"DISENO: TRW""""]"",3,""[""""CONTROIL: C-2623"""", """"LPR: 7005"""", """"OEM: 1361136"""", """"VARGA Bras.: RCCEO0760""""]"",4,,,18.2885"
"198/2,https://icepar.specparts.shop/products/detail?slug=frenosilent_1982-100502,312,,,,,[],0,""[""""DIAMETRO CAMARA: 25.4 MM"""", """"MEDIDA DE ROSCAS: 12x15"""", """"DISENO: TRW""""]"",3,""[""""CONTROIL: C-2683"""", """"OEM: 292962"""", """"VARGA Bras.: RCCEO0770""""]"",3,,,17.0277"
"208/1,https://icepar.specparts.shop/products/detail?slug=frenosilent_2081-100503,312,,,,,""[""""TOYOTA HILUX 2.8D (1997 AL 2001)"""", """"TOYOTA HILUX 3.0 TD (2001 AL 2005)"""", """"TOYOTA HILUX 3.0D (2001 AL 2005)""""]"",3,""[""""DIAMETRO CAMARA: 15.88 MM"""", """"MEDIDA DE ROSCAS: 10x1"""", """"DISENO: AISIN""""]"",3,""[""""LPR: 2553"""", """"OEM: 31410-35271"""", """"TRW: PNB 385""""]"",3,,,23.7772"
"208/2,https://icepar.specparts.shop/products/detail?slug=frenosilent_2082-100504,312,,,,,""[""""TOYOTA HILUX 2.5 TD (2005 AL 2016)"""", """"TOYOTA HILUX 2.7 VVT-14 (2013 AL 2016)"""", """"TOYOTA HILUX 3.0 TDI (2005 AL 2015)"""", """"TOYOTA HILUX 3.0 TDI 177CV (2013 AL 2019)""""]"",4,""[""""DIAMETRO CAMARA: 15.88 MM"""", """"MEDIDA DE ROSCAS: 10x1"""", """"DISENO: AISIN""""]"",3,""[""""IMBASA: 93015601"""", """"LPR: 7037"""", """"OEM: 31420-0K030"""", """"RG: K-9541"""", """"TRW: PNB 902""""]"",5,,,27.3697"
"218/1,https://icepar.specparts.shop/products/detail?slug=frenosilent_2181-100505,312,,,,,""[""""VOLKSWAGEN WORKER 13180 (2007 AL 2011)""""]"",1,""[""""DIAMETRO CAMARA: 19,05 MM"""", """"MEDIDA DE ROSCAS: 12x1"""", """"DISENO: VARGA""""]"",3,""[""""ATE: 6412"""", """"CONTROIL: C-2608"""", """"OEM: TO0/721405"""", """"VARGA Bras.: RCCEOQO149""""]"",4,,,21.7840"
"40203,https://icepar.specparts.shop/products/detail?slug=phcvaleo_40203-144667,312,,,,,""[""""VOLKSWAGEN CROSSFOX 16 &V (2005 AL 2016)"""", """"VOLKSWAGEN FOX 16 8V (2003 AL 2015)"""", """"VOLKSWAGEN FOX 16 &V MSI (2015 AL 2022)"""", """"VOLKSWAGEN FOX 19 SDI (2008 AL 2010)"""", """"VOLKSWAGEN GOL 14 &V MI (2011 AL 2018)"""", """"VOLKSWAGEN GOL TREND 16 8V (2008 AL 2020)"""", """"VOLKSWAGEN SAVEIRO 1.6 8V (2015 AL 2026)"""", """"VOLKSWAGEN SURAN 16 &V (2006 AL 2010)"""", """"VOLKSWAGEN SURAN 139 SDI (2007 AL 2010)"""", """"VOLKSWAGEN VOYAGE 16 8V (2008 AL 2015)"""", """"VOLKSWAGEN VOYAGE 16 8V MSSI (2016 AL 2026)""""]"",11,""[""""CANTIDAD DE ORIFICIOS DE FUACION: 2""""]"",1,""[""""FTE: KG150109.4.1""""]"",1,,,29.0608"
"CLA20038,https://icepar.specparts.shop/products/detail?slug=phcvaleo_cla20038-144668,312,,,,,""[""""CHEVROLET BLAZER 2.2 16V (1997 AL 2000)"""", """"CHEVROLET BLAZER 2.4 16V (2006 AL 2007}"""", """"CHEVROLET SILVERADO 4.1D (1997 AL 2001)""""]"",3,""[""""CANTIDAD DE ORIFICIOS DE FUACION: 2""""]"",1,""[""""FTE: D101097""""]"",1,,,19.6796"
"CLA20445,https://icepar.specparts.shop/products/detail?slug=phcvaleo_cla20445-144670,312,,,,,""[""""RENAULT DUSTER 2.0 16¥ (2011 AL 2022)"""", """"RENAULT DUSTER OROCH 2.0 16V (2016 AL 2026)""""]"",2,[],0,[],0,,,8.0411"
"40196,https://icepar.specparts.shop/products/detail?slug=phcvaleo_40196-144892,312,,,,,""[""""FORD EXPLORER 4.0 (1991 AL 2002)"""", """"FORD F-100 2.5 TDI (1993 AL 1999)"""", """"FORD RANGER 2.3 MPI (1996 AL 1997)"""", """"FORD RANGER 2.5 MPI (1997 AL 2001)"""", """"FORD RANGER 2.5N (2012 AL 2016)"""", """"FORD RANGER 28 TDI (2004 AL 2006)"""", """"FORD RANGER 3.0 TDI (2006 AL 2010)"""", """"FORD RANGER 4.0 V6 (1996 AL 1997)""""]"",8,""[""""CANTIDAD DE ORIFICIOS DE FUACION: 2""""]"",1,""[""""FTE: 0101128""""]"",1,,,24.9513"
"CLA20086,https://icepar.specparts.shop/products/detail?slug=phcvaleo_cla20086-144895,313,,,,,""[""""FORD RANGER 28 TDI (2001 AL 2004)"""", """"FORD RANGER 3.0 TDI (2006 AL 2012)"""", """"FORD RANGER 4.0 V6 (1998 AL 2001)""""]"",3,[],0,""[""""FTE: D701095""""]"",1,,,14.0614"
"CLA20165,https://icepar.specparts.shop/products/detail?slug=phcvaleo_cla20165-144896,313,,,,,""[""""CITROEN C3 16 16V (2005 AL 2013)""""]"",1,[],0,[],0,,,6.3265"
"40195,https://icepar.specparts.shop/products/detail?slug=phcvaleo_40195-145095,313,,,,,""[""""CHEVROLET D-20 4.0 (1993 AL 1998)"""", """"CHEVROLET SILVERADO 4.1D (1997 AL 2001)"""", """"CHEVROLET SILVERADGC 4.2 TD (1997 AL 2003)""""]"",3,""[""""CANTIDAD DE ORIFICIOS DE FUACION: 2""""]"",1,""[""""FTE: D101080""""]"",1,,,19.1887"
"40197,https://icepar.specparts.shop/products/detail?slug=phcvaleo_40197-145096,313,,,,,[],0,""[""""CANTIDAD DE ORIFICIOS DE FUACION: 2""""]"",1,""[""""FTE: KG190054.0.1""""]"",1,,,12.6661"
"CLA20029,https://icepar.specparts.shop/products/detail?slug=phcvaleo_cla20029-145317,313,,,,,""[""""MERCEDES BENZ 1215 1215C (1999 AL 2005)"""", """"MERCEDES BENZ 1218 (1998 AL 2000)"""", """"MERCEDES BENZ 1418 (1996 AL 2001)"""", """"MERCEDES BENZ 1720 (1999 AL 2008)"""", """"MERCEDES BENZ LO 914 (2004 AL 2008)"""", """"MERCEDES BENZ LO 915 (2006 AL 2016)"""", """"MERCEDES BENZ OF 1315 (1992 AL 1994)"""", """"MERCEDES BENZ OF 1417 (2001 AL 2007)"""", """"MERCEDES BENZ OF 1418 (2008 AL 2016)"""", """"MERCEDES BENZ OF 1620 (1995 AL 2001)"""", """"MERCEDES BENZ OF 1722 (2003 AL 2016)"""", """"MERCEDES BENZ GH 1420 (1998)""""]"",12,[],0,[],0,,,18.8895"
"CLA20176,https://icepar.specparts.shop/products/detail?slug=phcvaleo_cla20176-145318,313,,,,,""[""""CITROEN C4 2.0 HDI (2007 AL 2010)"""", """"CITROEN C4 PICASSO 20 16¥ (2009 AL 2013)"""", """"PEUGEOT 307 1.6 HDI (2005 AL 2009)"""", """"PEUGEOT 307 2.0 (2001 AL 2007}"""", """"PEUGEOT 307 2.0 HDI (2001 AL 2007)"""", """"PEUGEOT 307 2.0 HDI 90CV (2006 AL 2010)""""]"",6,[],0,""[""""FTE: KG150400.4""""]"",1,,,17.4943"
"CLA20201,https://icepar.specparts.shop/products/detail?slug=phcvaleo_cla20201-145528,313,,,,,""[""""RENAULT CLIO 15 DCI (2001 AL 2009)"""", """"RENAULT KANGOO 15 DCI (2013 AL 2026)"""", """"RENAULT KANGOO 16 16V (2003 AL 2009, 2013 AL 2022)"""", """"RENAULT SYMBOL 15 DCI (2009 AL 2013)""""]"",4,[],0,[],0,,,9.8355"
"40201,https://icepar.specparts.shop/products/detail?slug=phcvaleo_40201-146223,313,,,,,""[""""ALFA ROMEC MITO 14 TURBO T-JET 16¥V 155CV (2009 AL 2017)"""", """"FIAT PUNTO 1.3 16V MULTUET (2008 AL 2011)""""]"",2,""[""""CANTIDAD DE ORIFICIOS DE FUACION: 2""""]"",1,""[""""FTE: KG15055.4.1"""", """"LUK: 511 0626 100"""", """"SACHS: 6284 600 737""""]"",3,,,20.7922"
CLA20031,https://icepar.specparts.shop/products/detail?slug=phcvaleo_cla20031-146224,313,,,,,[],0,[],0,[],0,,,2.6312
"CLA20060,https://icepar.specparts.shop/products/detail?slug=phcvaleo_cla20060-146225,313,,,,,""[""""MERCEDES BENZ ATEGO 1718 (2005 AL 2016)"""", """"MERCEDES BENZ ATEGO 1725 (2007 AL 2017)"""", """"MERCEDES BENZ ATEGO 1725 A/S (2007 AL 2019)"""", """"MERCEDES BENZ ATEGO 2425 (2010 AL 2017)"""", """"MERCEDES BENZ OF 1519 (2016 AL 2020)""""]"",5,""[""""CANTIDAD DE ORIFICIOS DE FUACION: 2""""]"",1,""[""""FTE: KG200010.38""""]"",1,,,21.6464"
"804615,https://icepar.specparts.shop/products/detail?slug=valeo_804615-194703,314,,,,,""[""""DAEWOG CIELO 1.51 16V (1994 AL 1995)""""]"",1,""[""""CANTIDAD DE ORIFICIOS DE FUACION: 2""""]"",1,[],0,,,10.8971"
"804625,https://icepar.specparts.shop/products/detail?slug=valeo_804625-194704,314,,,,,""[""""DAEWOG LANOS 151 16¥V (1997 AL 2001)"""", """"DAEWOG LANOS 1461 16¥V (1997 AL 2000)""""]"",2,""[""""CANTIDAD DE ORIFICIOS DE FUACION: 2""""]"",1,[],0,,,12.9516"
"804661,https://icepar.specparts.shop/products/detail?slug=valeo_804661-194705,314,,,,,[],0,""[""""CANTIDAD DE ORIFICIOS DE FUACION: 2""""]"",1,[],0,,,7.0435"
"228163,https://icepar.specparts.shop/products/detail?slug=valeo_228163-194706,314,,,,,""[""""FORD EXPLORER 4.0 (1991 AL 2002)""""]"",1,[],0,[],0,,,6.2526"
"228166,https://icepar.specparts.shop/products/detail?slug=valeo_228166-194707,314,,,,,""[""""FORD ECOSPORT 1.4 TDCI (2003 AL 2011)""""]"",1,[],0,[],0,,,6.3422"
"804603,https://icepar.specparts.shop/products/detail?slug=valeo_804603-194708,314,,,,,""[""""HYUNDAI ELANTRA 16 (1992 AL 1995)""""]"",1,[],0,[],0,,,6.3773"
"804610,https://icepar.specparts.shop/products/detail?slug=valeo_804610-194709,314,,,,,""[""""HYUNDAI PONY 15N (1981 AL 1995)""""]"",1,""[""""CANTIDAD DE ORIFICIOS DE FUACION: 2""""]"",1,[],0,,,10.8901"
"804612,https://icepar.specparts.shop/products/detail?slug=valeo_804612-194710,314,,,,,""[""""HYUNDAI ACCENT 1LSN (1994 AL 2003)""""]"",1,""[""""CANTIDAD DE ORIFICIOS DE FUACION: 2""""]"",1,[],0,,,10.9287"
"804619,https://icepar.specparts.shop/products/detail?slug=valeo_804619-194711,314,,,,,""[""""HYUNDAI SANTAMO 20 (1999 AL 2001)""""]"",1,[],0,[],0,,,6.3734"
804622,https://icepar.specparts.shop/products/detail?slug=valeo_804622-194712,314,,,,,[],0,[],0,[],0,,,2.9462
"40117,https://icepar.specparts.shop/products/detail?slug=phcvaleo_40117-195052,314,,,,,""[""""AUDI A3 18 TFSI 180CV (2013 AL 2019)"""", """"AUDI A3 19 TDI (1997 AL 2001, 2008 AL 2005)"""", """"AUDITT L&T (1999 AL 2005)"""", """"AUDI TT 18 TFSI (2009 AL 2017)"""", """"SEAT LEON 16 (2009 AL 2011)"""", """"SEAT TOLEDO 1.6 (1997 AL 2000)"""", """"VOLKSWAGEN BORA 2.0 (2000 AL 2016)"""", """"VOLKSWAGEN GOLF 16 8V (2001 AL 2012)"""", """"VOLKSWAGEN GOLF 14 MI (1996 AL 1998)"""", """"VOLKSWAGEN GOLF L&T (2002 AL 2011)"""", """"VOLKSWAGEN NEW BEETLE L&T (2010 AL 2012)"""", """"VOLKSWAGEN NEW BEETLE 19 TDI (2003 AL 2008)"""", """"VOLKSWAGEN NEW BEETLE 2.0 8V (1999 AL 2010)"""", """"VOLKSWAGEN NEW BEETLE 2.5 (2006 AL 2010)""""]"",14,""[""""CANTIDAD DE ORIFICIOS DE FUACION: 2""""]"",1,""[""""FTE: KG150320.1""""]"",1,,,33.2093"
"CLA20085,https://icepar.specparts.shop/products/detail?slug=phcvaleo_cla20085-195064,314,,,,,""[""""CHEVROLET AVALANCHE 5.3 V& (2004 AL 2007)"""", """"VOLKSWAGEN AMAROK 2.0 TDI 122Cv (2010 AL 2013)""""]"",2,[],0,""[""""FTE: KG190137.4.1""""]"",1,,,12.9701"
"CLA20100,https://icepar.specparts.shop/products/detail?slug=phcvaleo_cla20100-195065,314,,,,,""[""""FORD FOCUS 16 16¥ (2013 AL 2021)"""", """"FORD FOCUS 18 TDCI (2004 AL 2014)"""", """"FORD FOCUS 2.0 16¥ (2005 AL 2010)""""]"",3,[],0,[],0,,,8.7285"
"804500,https://icepar.specparts.shop/products/detail?slug=valeo_804500-243206,314,,,,,""[""""ALFA ROMEC 147 2.0TS (2002 AL 2010)""""]"",1,[],0,""[""""LUK: 510 0015 300"""", """"SACHS: 3182 600 113""""]"",2,,,12.2447"
"804519,https://icepar.specparts.shop/products/detail?slug=valeo_804519-243207,314,,,,,""[""""ALFA ROMEC 147 2.0TS (2002 AL 2010)"""", """"FIAT IDEA 1.8 &V (2005 AL 2010)"""", """"FIAT PALIO 18 8V (2004 AL 2010)"""", """"FIAT PALIO 18 R (2006 AL 2007}"""", """"FIAT PUNTO 1.8 &¥V (2007 AL 2011)"""", """"FIAT SIENA 18 &V (2004 AL 2010)"""", """"FIAT STILO 1.8 16V (2003 AL 2007)"""", """"FIAT STILO 1.8 8V (2004 AL 2010)"""", """"FIAT STRADA 18 8V (2005 AL 2011)"""", """"RENAULT CLIO 16 (1996 AL 1998)""""]"",10,[],0,[],0,,,16.8157"
"804523,https://icepar.specparts.shop/products/detail?slug=valeo_804523-243208,314,,,,,""[""""ALFA ROMEC 147 16TS5 (2007 AL 2010)"""", """"ALFA ROMEC 147 2.0TS (2002 AL 2010)""""]"",2,""[""""DIAMETRO EXTERIOR: 24 mm""""]"",1,[],0,,,13.0715"
"810031,https://icepar.specparts.shop/products/detail?slug=valeo_810031-243219,314,,,,,""[""""FORD ECOSPORT 1.6 8V ROCAM (2003 AL 2013)"""", """"FORD ECOSPORT 2.0 16V (2012 AL 2018)""""]"",2,[],0,[],0,,,7.4798"
"804528,https://icepar.specparts.shop/products/detail?slug=valeo_804528-243222,314,,,,,""[""""CHEVROLET ASTRA 20 16V (2002 AL 2003)"""", """"CHEVROLET ASTRA 20 8V (1998 AL 2012)"""", """"CHEVROLET CORSA 18 &V (2002 AL 2012)"""", """"CHEVROLET MERIVA 18 16¥V (2003 AL 2006)"""", """"CHEVROLET MERIVA 18 8V (2003 AL 2013)"""", """"MERCEDES BENZ SPRINTER 2.2 CDI (2002 AL 2014)""""]"",6,[],0,""[""""LUK: 510 0035 100"""", """"PHC VALEO: CSC3133"""", """"SACHS: 3182 600 210""""]"",3,,,19.8852"
"804544,https://icepar.specparts.shop/products/detail?slug=valeo_804544-243224,314,,,,,""[""""NISSAN SENTRA 2.0 16¥ (2010 AL 2014)"""", """"NISSAN SENTRA 2.0 16V CVT (2014 AL 2022)"""", """"NISSAN TIIDA 1.8 16¥V (2007 AL 2015)"""", """"RENAULT CLIO 12 16V (2012 AL 2020)"""", """"RENAULT FLUENCE 2.0 16V (2010 AL 2019)"""", """"RENAULT KOLEOS 2.5 (2009 AL 2015)"""", """"RENAULT MEGANE 1.5 DCI (2006 AL 2010)""""]"",7,[],0,""[""""LUK: 510 0164 100"""", """"PHC VALEO: CSC3221"""", """"SACHS: 3182 654 301""""]"",3,,,20.7670"
"804526,https://icepar.specparts.shop/products/detail?slug=valeo_804526-243231,314,,,,,""[""""RENAULT MEGANE 2.0 16V (2002 AL 2011)""""]"",1,[],0,""[""""LUK: 510 0088 100"""", """"PHC VALEO: CSC3221C""""]"",2,,,12.3084"
"AP9173,https://icepar.specparts.shop/products/detail?slug=paulucci_ap9173-303761,315,,,,,""[""""RENAULT LAGUNA 18 16V (1998 AL 2002)"""", """"RENAULT LAGUNA 139 DCI PRIVILEGE (2003 AL 2009)"""", """"RENAULT LAGUNA 139 DTI (1998 AL 2002)"""", """"RENAULT LAGUNA 2.0 (1998 AL 2002)"""", """"RENAULT LAGUNA 2.0T (2003 AL 2009)"""", """"RENAULT LAGUNA 2.9 V6 (1998 AL 2002)"""", """"RENAULT LAGUNA 3.0 V6 24V (2003 AL 2005)""""]"",7,[],0,[],0,,,13.1194"
"KG15098.2.1,https://icepar.specparts.shop/products/detail?slug=fte_kg1509821-303806,315,,,,,[],0,[],0,""[""""SKF: VKCH 1509821"""", """"SKF: VKCH1509821""""]"",2,,,8.3405"
KG190089.4.9,https://icepar.specparts.shop/products/detail?slug=fte_kg19008949-303807,315,,,,,[],0,[],0,[],0,,,2.6225
I-KG15098.2.1,https://icepar.specparts.shop/products/detail?slug=hidraulicaimp_ikg1509821-303813,315,,,,,[],0,[],0,[],0,,,2.6363
I-KG150012.7.1,https://icepar.specparts.shop/products/detail?slug=hidraulicaimp_ikg15001271-303819,315,,,,,[],0,[],0,[],0,,,2.9644
I-D101106,https://icepar.specparts.shop/products/detail?slug=hidraulicaimp_id101106-303828,316,,,,,[],0,[],0,[],0,,,2.6249
I-KG15039.0.1,https://icepar.specparts.shop/products/detail?slug=hidraulicaimp_ikg1503901-303829,316,,,,,[],0,[],0,[],0,,,2.5266
I-KG150012.7.1C,https://icepar.specparts.shop/products/detail?slug=hidraulicaimp_ikg15001271c-303831,316,,,,,[],0,[],0,[],0,,,2.6906
I-804814,https://icepar.specparts.shop/products/detail?slug=hidraulicaimp_i804814-303832,316,,,,,[],0,[],0,[],0,,,2.8949
I-D701048,https://icepar.specparts.shop/products/detail?slug=hidraulicaimp_id701048-303839,316,,,,,[],0,[],0,[],0,,,2.5898
I-D701095,https://icepar.specparts.shop/products/detail?slug=hidraulicaimp_id701095-303840,316,,,,,[],0,[],0,[],0,,,2.6702
"CLA20074,https://icepar.specparts.shop/products/detail?slug=phcvaleo_cla20074-303894,316,,,,,[],0,[],0,""[""""LUK: 511 0318 100"""", """"SACHS: 6284 605 102"""", """"VALEO: 874301""""]"",3,,,9.2204"
CLA20007,https://icepar.specparts.shop/products/detail?slug=phcvaleo_cla20007-303905,317,,,,,[],0,[],0,[],0,,,2.6521
CLA20009,https://icepar.specparts.shop/products/detail?slug=phcvaleo_cla20009-303906,317,,,,,[],0,[],0,[],0,,,2.6375
CLA20012,https://icepar.specparts.shop/products/detail?slug=phcvaleo_cla20012-303907,317,,,,,[],0,[],0,[],0,,,2.6033
CLA20023,https://icepar.specparts.shop/products/detail?slug=phcvaleo_cla20023-303908,317,,,,,[],0,[],0,[],0,,,2.9100
CLA20075,https://icepar.specparts.shop/products/detail?slug=phcvaleo_cla20075-303910,317,,,,,[],0,[],0,[],0,,,2.6654
CLA20187,https://icepar.specparts.shop/products/detail?slug=phcvaleo_cla20187-303913,317,,,,,[],0,[],0,[],0,,,2.7634
CLA20199,https://icepar.specparts.shop/products/detail?slug=phcvaleo_cla20199-303914,317,,,,,[],0,[],0,[],0,,,2.7903
CLA20279,https://icepar.specparts.shop/products/detail?slug=phcvaleo_cla20279-303918,317,,,,,[],0,[],0,[],0,,,2.6463
CLA20280,https://icepar.specparts.shop/products/detail?slug=phcvaleo_cla20280-303919,317,,,,,[],0,[],0,[],0,,,2.8416
CLA20281,https://icepar.specparts.shop/products/detail?slug=phcvaleo_cla20281-303920,317,,,,,[],0,[],0,[],0,,,2.8900
CLA20328,https://icepar.specparts.shop/products/detail?slug=phcvaleo_cla20328-303921,317,,,,,[],0,[],0,[],0,,,2.6131
CLA20347,https://icepar.specparts.shop/products/detail?slug=phcvaleo_cla20347-303922,317,,,,,[],0,[],0,[],0,,,2.7965
CLA20389,https://icepar.specparts.shop/products/detail?slug=phcvaleo_cla20389-303924,317,,,,,[],0,[],0,[],0,,,2.7432
CLA20390,https://icepar.specparts.shop/products/detail?slug=phcvaleo_cla20390-303925,317,,,,,[],0,[],0,[],0,,,3.0395
CLA20391,https://icepar.specparts.shop/products/detail?slug=phcvaleo_cla20391-303926,317,,,,,[],0,[],0,[],0,,,2.8619
CLA20397,https://icepar.specparts.shop/products/detail?slug=phcvaleo_cla20397-303927,317,,,,,[],0,[],0,[],0,,,2.6416
CLA20413,https://icepar.specparts.shop/products/detail?slug=phcvaleo_cla20413-303928,317,,,,,[],0,[],0,[],0,,,2.5864
CLA20453,https://icepar.specparts.shop/products/detail?slug=phcvaleo_cla20453-303930,318,,,,,[],0,[],0,[],0,,,2.5965
PMC-01,https://icepar.specparts.shop/products/detail?slug=phcvaleo_pmc01-303931,318,,,,,[],0,[],0,[],0,,,2.8286
PMC-03,https://icepar.specparts.shop/products/detail?slug=phcvaleo_pmc03-303932,318,,,,,[],0,[],0,[],0,,,2.6233
PMC-04,https://icepar.specparts.shop/products/detail?slug=phcvaleo_pmc04-303933,318,,,,,[],0,[],0,[],0,,,2.6335
PMC-08,https://icepar.specparts.shop/products/detail?slug=phcvaleo_pmc08-303935,318,,,,,[],0,[],0,[],0,,,4.4245
PMC-108,https://icepar.specparts.shop/products/detail?slug=phcvaleo_pmc108-303936,318,,,,,[],0,[],0,[],0,,,2.5803
PMC-112,https://icepar.specparts.shop/products/detail?slug=phcvaleo_pmc112-303937,318,,,,,[],0,[],0,[],0,,,2.6129
PMC-12,https://icepar.specparts.shop/products/detail?slug=phcvaleo_pmc12-303938,318,,,,,[],0,[],0,[],0,,,2.7624
PMC-121,https://icepar.specparts.shop/products/detail?slug=phcvaleo_pmc121-303939,318,,,,,[],0,[],0,[],0,,,2.8494
PMC-21,https://icepar.specparts.shop/products/detail?slug=phcvaleo_pmc21-303940,318,,,,,[],0,[],0,[],0,,,2.7298
PMC-24,https://icepar.specparts.shop/products/detail?slug=phcvaleo_pmc24-303941,318,,,,,[],0,[],0,[],0,,,2.6203
PMC-29,https://icepar.specparts.shop/products/detail?slug=phcvaleo_pmc29-303942,318,,,,,[],0,[],0,[],0,,,2.7948
PMC-62,https://icepar.specparts.shop/products/detail?slug=phcvaleo_pmc62-303944,318,,,,,[],0,[],0,[],0,,,2.5677
PMC-65,https://icepar.specparts.shop/products/detail?slug=phcvaleo_pmc65-303945,318,,,,,[],0,[],0,[],0,,,2.8330
PMC-66,https://icepar.specparts.shop/products/detail?slug=phcvaleo_pmc66-303946,318,,,,,[],0,[],0,[],0,,,2.6453
PMC-71,https://icepar.specparts.shop/products/detail?slug=phcvaleo_pmc71-303947,318,,,,,[],0,[],0,[],0,,,3.0188
PMC-82,https://icepar.specparts.shop/products/detail?slug=phcvaleo_pmc82-303948,318,,,,,[],0,[],0,[],0,,,2.7062
PMC-86,https://icepar.specparts.shop/products/detail?slug=phcvaleo_pmc86-303949,318,,,,,[],0,[],0,[],0,,,2.6750
CLA20242,https://icepar.specparts.shop/products/detail?slug=phcvaleo_cla20242-303951,318,,,,,[],0,[],0,[],0,,,2.6605
CLA21716,https://icepar.specparts.shop/products/detail?slug=phcvaleo_cla21716-303953,318,,,,,[],0,[],0,[],0,,,2.6620
CLA21714,https://icepar.specparts.shop/products/detail?slug=phcvaleo_cla21714-303954,319,,,,,[],0,[],0,[],0,,,2.4364
CLA20174,https://icepar.specparts.shop/products/detail?slug=phcvaleo_cla20174-303955,319,,,,,[],0,[],0,[],0,,,2.6143
CLA20110,https://icepar.specparts.shop/products/detail?slug=phcvaleo_cla20110-303956,319,,,,,[],0,[],0,[],0,,,2.7432
PMC-09,https://icepar.specparts.shop/products/detail?slug=phcvaleo_pmc09-303957,319,,,,,[],0,[],0,[],0,,,2.8674
CLA20170,https://icepar.specparts.shop/products/detail?slug=phcvaleo_cla20170-303958,319,,,,,[],0,[],0,[],0,,,2.2725
CLA20133,https://icepar.specparts.shop/products/detail?slug=phcvaleo_cla20133-303959,319,,,,,[],0,[],0,[],0,,,2.8973
CLA20008,https://icepar.specparts.shop/products/detail?slug=phcvaleo_cla20008-303960,319,,,,,[],0,[],0,[],0,,,2.9498
CLA21722,https://icepar.specparts.shop/products/detail?slug=phcvaleo_cla21722-303961,319,,,,,[],0,[],0,[],0,,,2.6214
"CLA20180,https://icepar.specparts.shop/products/detail?slug=phcvaleo_cla20180-303963,319,,,,,""[""""CITROEN JUMPER 2.2 HDI 130CV (2017 AL 2026)"""", """"CITROEN JUMPER 2.2 HDI 130CV MT6 (2022 AL 2026)"""", """"FIAT DUCATO 2.3 MULTUJET (2018 AL 2026)"""", """"PEUGEOT BOXER 2.2 HDI 130CV (2017 AL 2026)""""]"",4,[],0,[],0,,,10.1707"
CLA21712,https://icepar.specparts.shop/products/detail?slug=phcvaleo_cla21712-303964,319,,,,,[],0,[],0,[],0,,,3.2504
197206,https://icepar.specparts.shop/products/detail?slug=presion_197206-303966,319,,,,,[],0,[],0,[],0,,,2.6893
30170,https://icepar.specparts.shop/products/detail?slug=presion_30170-303967,319,,,,,[],0,[],0,[],0,,,2.6023
30190,https://icepar.specparts.shop/products/detail?slug=presion_30190-303968,319,,,,,[],0,[],0,[],0,,,2.7823
30890,https://icepar.specparts.shop/products/detail?slug=presion_30890-303969,319,,,,,[],0,[],0,[],0,,,2.6832
PR30515,https://icepar.specparts.shop/products/detail?slug=presion_pr30515-303970,319,,,,,[],0,[],0,[],0,,,2.7476
190793,https://icepar.specparts.shop/products/detail?slug=presion_190793-303971,319,,,,,[],0,[],0,[],0,,,2.6444
30510,https://icepar.specparts.shop/products/detail?slug=presion_30510-303973,319,,,,,[],0,[],0,[],0,,,2.9563
190006,https://icepar.specparts.shop/products/detail?slug=presion_190006-303974,319,,,,,[],0,[],0,[],0,,,2.6992
190020,https://icepar.specparts.shop/products/detail?slug=presion_190020-303976,319,,,,,[],0,[],0,[],0,,,2.5993
190037,https://icepar.specparts.shop/products/detail?slug=presion_190037-303977,319,,,,,[],0,[],0,[],0,,,2.6369
190044,https://icepar.specparts.shop/products/detail?slug=presion_190044-303978,319,,,,,[],0,[],0,[],0,,,2.6922
190082,https://icepar.specparts.shop/products/detail?slug=presion_190082-303979,319,,,,,[],0,[],0,[],0,,,2.8735
190129,https://icepar.specparts.shop/products/detail?slug=presion_190129-303980,319,,,,,[],0,[],0,[],0,,,2.6264
190178,https://icepar.specparts.shop/products/detail?slug=presion_190178-303981,320,,,,,[],0,[],0,[],0,,,2.8001
190327,https://icepar.specparts.shop/products/detail?slug=presion_190327-303983,320,,,,,[],0,[],0,[],0,,,2.6275
190334,https://icepar.specparts.shop/products/detail?slug=presion_190334-303984,320,,,,,[],0,[],0,[],0,,,2.6421
190341,https://icepar.specparts.shop/products/detail?slug=presion_190341-303985,320,,,,,[],0,[],0,[],0,,,2.5891
190358,https://icepar.specparts.shop/products/detail?slug=presion_190358-303986,320,,,,,[],0,[],0,[],0,,,2.6017
190419,https://icepar.specparts.shop/products/detail?slug=presion_190419-303987,320,,,,,[],0,[],0,[],0,,,2.6506
190426,https://icepar.specparts.shop/products/detail?slug=presion_190426-303988,320,,,,,[],0,[],0,[],0,,,2.5691
190433,https://icepar.specparts.shop/products/detail?slug=presion_190433-303989,320,,,,,[],0,[],0,[],0,,,2.7659
190440,https://icepar.specparts.shop/products/detail?slug=presion_190440-303990,320,,,,,[],0,[],0,[],0,,,2.5906
190457,https://icepar.specparts.shop/products/detail?slug=presion_190457-303991,320,,,,,[],0,[],0,[],0,,,2.7596
190792,https://icepar.specparts.shop/products/detail?slug=presion_190792-303992,320,,,,,[],0,[],0,[],0,,,2.6339
190815,https://icepar.specparts.shop/products/detail?slug=presion_190815-303993,320,,,,,[],0,[],0,[],0,,,2.7101
191061,https://icepar.specparts.shop/products/detail?slug=presion_191061-303994,320,,,,,[],0,[],0,[],0,,,2.6120
191115,https://icepar.specparts.shop/products/detail?slug=presion_191115-303996,320,,,,,[],0,[],0,[],0,,,2.7880
191177,https://icepar.specparts.shop/products/detail?slug=presion_191177-303997,320,,,,,[],0,[],0,[],0,,,2.5525
191191,https://icepar.specparts.shop/products/detail?slug=presion_191191-303999,320,,,,,[],0,[],0,[],0,,,2.6539
191207,https://icepar.specparts.shop/products/detail?slug=presion_191207-304001,320,,,,,[],0,[],0,[],0,,,2.6556
191221,https://icepar.specparts.shop/products/detail?slug=presion_191221-304002,320,,,,,[],0,[],0,[],0,,,2.6408
191252,https://icepar.specparts.shop/products/detail?slug=presion_191252-304003,320,,,,,[],0,[],0,[],0,,,3.9304
191818,https://icepar.specparts.shop/products/detail?slug=presion_191818-304004,320,,,,,[],0,[],0,[],0,,,2.6311
191894,https://icepar.specparts.shop/products/detail?slug=presion_191894-304007,320,,,,,[],0,[],0,[],0,,,2.7311
191924,https://icepar.specparts.shop/products/detail?slug=presion_191924-304009,320,,,,,[],0,[],0,[],0,,,2.6615
191931,https://icepar.specparts.shop/products/detail?slug=presion_191931-304010,320,,,,,[],0,[],0,[],0,,,2.5776
191948,https://icepar.specparts.shop/products/detail?slug=presion_191948-304011,320,,,,,[],0,[],0,[],0,,,2.6272
191955,https://icepar.specparts.shop/products/detail?slug=presion_191955-304012,321,,,,,[],0,[],0,[],0,,,2.6435
191962,https://icepar.specparts.shop/products/detail?slug=presion_191962-304013,321,,,,,[],0,[],0,[],0,,,2.6571
191993,https://icepar.specparts.shop/products/detail?slug=presion_191993-304014,321,,,,,[],0,[],0,[],0,,,2.6941
192002,https://icepar.specparts.shop/products/detail?slug=presion_192002-304015,321,,,,,[],0,[],0,[],0,,,2.6423
192019,https://icepar.specparts.shop/products/detail?slug=presion_192019-304016,321,,,,,[],0,[],0,[],0,,,2.6098
192020,https://icepar.specparts.shop/products/detail?slug=presion_192020-304017,321,,,,,[],0,[],0,[],0,,,2.6134
192033,https://icepar.specparts.shop/products/detail?slug=presion_192033-304018,321,,,,,[],0,[],0,[],0,,,2.6232
193760,https://icepar.specparts.shop/products/detail?slug=presion_193760-304019,321,,,,,[],0,[],0,[],0,,,2.5802
193770,https://icepar.specparts.shop/products/detail?slug=presion_193770-304020,321,,,,,[],0,[],0,[],0,,,2.6154
193784,https://icepar.specparts.shop/products/detail?slug=presion_193784-304021,321,,,,,[],0,[],0,[],0,,,2.6782
193791,https://icepar.specparts.shop/products/detail?slug=presion_193791-304022,321,,,,,[],0,[],0,[],0,,,2.8562
193807,https://icepar.specparts.shop/products/detail?slug=presion_193807-304023,321,,,,,[],0,[],0,[],0,,,2.6693
193814,https://icepar.specparts.shop/products/detail?slug=presion_193814-304024,321,,,,,[],0,[],0,[],0,,,2.7439
193852,https://icepar.specparts.shop/products/detail?slug=presion_193852-304026,321,,,,,[],0,[],0,[],0,,,2.7461
193869,https://icepar.specparts.shop/products/detail?slug=presion_193869-304027,321,,,,,[],0,[],0,[],0,,,2.7803
193890,https://icepar.specparts.shop/products/detail?slug=presion_193890-304028,321,,,,,[],0,[],0,[],0,,,2.6909
193906,https://icepar.specparts.shop/products/detail?slug=presion_193906-304029,321,,,,,[],0,[],0,[],0,,,2.8071
197199,https://icepar.specparts.shop/products/detail?slug=presion_197199-304030,321,,,,,[],0,[],0,[],0,,,2.6438
197365,https://icepar.specparts.shop/products/detail?slug=presion_197365-304031,321,,,,,[],0,[],0,[],0,,,2.5958
197380,https://icepar.specparts.shop/products/detail?slug=presion_197380-304032,321,,,,,[],0,[],0,[],0,,,2.7289
197411,https://icepar.specparts.shop/products/detail?slug=presion_197411-304034,321,,,,,[],0,[],0,[],0,,,2.5994
197412,https://icepar.specparts.shop/products/detail?slug=presion_197412-304035,321,,,,,[],0,[],0,[],0,,,2.6855
197414,https://icepar.specparts.shop/products/detail?slug=presion_197414-304036,321,,,,,[],0,[],0,[],0,,,2.7817
228168,https://icepar.specparts.shop/products/detail?slug=valeo_228168-304039,321,,,,,[],0,[],0,[],0,,,2.6190
228177,https://icepar.specparts.shop/products/detail?slug=valeo_228177-304040,322,,,,,[],0,[],0,[],0,,,2.6917
228178,https://icepar.specparts.shop/products/detail?slug=valeo_228178-304041,322,,,,,[],0,[],0,[],0,,,2.6000
228171,https://icepar.specparts.shop/products/detail?slug=valeo_228171-304043,322,,,,,[],0,[],0,[],0,,,2.6400
V5560,https://icepar.specparts.shop/products/detail?slug=vicem_v5560-304044,322,,,,,[],0,[],0,[],0,,,2.6639
V5562,https://icepar.specparts.shop/products/detail?slug=vicem_v5562-304045,322,,,,,[],0,[],0,[],0,,,2.7022
V5563,https://icepar.specparts.shop/products/detail?slug=vicem_v5563-304046,322,,,,,[],0,[],0,[],0,,,2.5674
"2552,https://icepar.specparts.shop/products/detail?slug=lpr_2552-438093,322,,,,,""[""""TOYOTA HILUX 2.4D (1992 AL 1997}""""]"",1,""[""""DIAMETRC DE PISTON: 15.87 mm"""", """"MEDIDA DE ROSCAS: 10x1""""]"",2,""[""""DELPHI: LM61094"""", """"JAPKO: 952014"""", """"TRW: PNB3&0""""]"",3,,,19.5789"
"2561,https://icepar.specparts.shop/products/detail?slug=lpr_2561-438094,322,,,,,""[""""ACURA INTEGRA 1.8 (1992 AL 1997)"""", """"ACURA INTEGRA 1.8 V-TEC 16¥V (1998 AL 2001)"""", """"HONDA CIVIC 1.5 (1988 AL 1996)"""", """"HONDA CIVIC 14 (1991 AL 2001)""""]"",4,""[""""DIAMETRC DE PISTON: 15.87 mm"""", """"MEDIDA DE ROSCAS: 10x1""""]"",2,""[""""BENDIX: 124250B"""", """"BOSCH: 0 986 486 142"""", """"CIFAM: 505 141"""", """"FERODO: FHC5107"""", """"FTE: KG1500013.1"""", """"SACHS: 6284 600 146"""", """"TRW: PNB241""""]"",7,,,28.4072"
"AP9100,https://icepar.specparts.shop/products/detail?slug=paulucci_ap9100-448020,322,,,,,""[""""MECC DAILY 3.0 (2020 AL 2026)"""", """"MECC DAILY 3.0 CRDI (2008 AL 2026)"""", """"MECC DAILY 30130 (2020 AL 2026)"""", """"MECC DAILY 30513 PASO 3000 (2020 AL 2026)"""", """"MECC DAILY 70C14G (2020 AL 2022)"""", """"MECC DAILY NATURAL POWER (2019 AL 2020)""""]"",6,[],0,[],0,,,11.7922"
V5565,https://icepar.specparts.shop/products/detail?slug=vicem_v5565-475798,322,,,,,[],0,[],0,[],0,,,2.6183
"AP 5540,https://icepar.specparts.shop/products/detail?slug=paulucci_ap5540-548988,322,,,,,""[""""FORD RANGER 2.3 MPI (1996 AL 1997)"""", """"FORD RANGER 2.3N (2006 AL 2012)"""", """"FORD RANGER 2.5 MPI (1995 AL 2001)"""", """"FORD RANGER 2.5 TDI (1997 AL 2002)"""", """"FORD RANGER 28 TDI (2001 AL 2006)"""", """"FORD RANGER 3.0 TDI (2006 AL 2012)"""", """"FORD RANGER 4.0 V6 (1998 AL 2001)""""]"",7,[],0,[],0,,,13.5633"
"AP 9112,https://icepar.specparts.shop/products/detail?slug=paulucci_ap9112-548990,322,,,,,""[""""FORD FIESTA 1.6 16V (2010 AL 2020)""""]"",1,[],0,[],0,,,6.2360"
"AP 9125,https://icepar.specparts.shop/products/detail?slug=paulucci_ap9125-548991,322,,,,,""[""""TOYOTA HILUX 2.5 TD (2005 AL 2016)"""", """"TOYOTA HILUX 2.7 VVT-14 (2013 AL 2016)"""", """"TOYOTA HILUX 3.0 TDI (2005 AL 2015)"""", """"TOYOTA HILUX 3.0 TDI 177CV (2013 AL 2019)""""]"",4,[],0,[],0,,,9.6827"
"AP 9174,https://icepar.specparts.shop/products/detail?slug=paulucci_ap9174-548992,322,,,,,""[""""NISSAN SENTRA 2.0 16¥ (2010 AL 2014)"""", """"NISSAN X-TRAIL 2.5 VVTI (2008 AL 2016)"""", """"RENAULT GRAND SCENIC 2.0 (2007 AL 2009)"""", """"RENAULT KOLEOS 2.5 (2009 AL 2015)"""", """"RENAULT KOLEOS 2.5 16V (2009 AL 2013)"""", """"RENAULT MEGANE 1.5 DCI (2006 AL 2010)"""", """"RENAULT MEGANE 1.6 16V (2006 AL 2011)"""", """"RENAULT MEGANE 1.9 DCI (2005 AL 2008)"""", """"RENAULT MEGANE 2.0 16V (2005 AL 2011)""""]"",9,[],0,[],0,,,15.3715"
"AP 9177,https://icepar.specparts.shop/products/detail?slug=paulucci_ap9177-548993,322,,,,,""[""""RENAULT DUSTER 16 16V (2011 AL 2017)"""", """"RENAULT DUSTER 2.0 16¥ (2011 AL 2022)"""", """"RENAULT DUSTER PH2 16 16¥ (2017 AL 2022)"""", """"RENAULT DUSTER PH2 20 16¥ (2017 AL 2022)""""]"",4,[],0,[],0,,,9.8449"
"AP 2530,https://icepar.specparts.shop/products/detail?slug=paulucci_ap2530-553394,322,,,,,""[""""VOLKSWAGEN CROSSFOX 16 &V (2005 AL 2016)"""", """"VOLKSWAGEN FOX 16 8V (2003 AL 2015)"""", """"VOLKSWAGEN FOX 19 SDI (2008 AL 2010)"""", """"VOLKSWAGEN SURAN 16 &V (2006 AL 2015)"""", """"VOLKSWAGEN SURAN 139 SDI (2007 AL 2010)""""]"",5,""[""""Incluye valvula de seguridad: NO"""", """"Incluye deposito: NO""""]"",2,[],0,,,17.6173"
"AP 2533,https://icepar.specparts.shop/products/detail?slug=paulucci_ap2533-553395,322,,,,,""[""""VOLKSWAGEN CADDY 16 MI (1998 AL 2010)"""", """"VOLKSWAGEN CADDY 139 D (1998 AL 2009)"""", """"VOLKSWAGEN POLO CLASSIC 16 8V (2001 AL 2009)"""", """"VOLKSWAGEN POLO CLASSIC 16 MI (1996 AL 2001)"""", """"VOLKSWAGEN POLO CLASSIC 18 MI (2001 AL 2009)"""", """"VOLKSWAGEN POLO CLASSIC 19 5D (2001 AL 2005)"""", """"VOLKSWAGEN POLO CLASSIC 19 TDI (2001 AL 2009)""""]"",7,[],0,[],0,,,13.2909"
"AP 2534,https://icepar.specparts.shop/products/detail?slug=paulucci_ap2534-553396,322,,,,,""[""""AUDI A3 16 (2000 AL 2004)"""", """"AUDI A3 18 T (1997 AL 2005)"""", """"AUDI A3 19 TDI (2000 AL 2005)"""", """"AUDI53 18 T (240CV) (2000 AL 2002)"""", """"AUDITT L&T (1999 AL 2005)"""", """"SEAT LEON 16 (2001 AL 2003)"""", """"SEAT LEON 18 20V T (2003 AL 2005)"""", """"SEAT LEON 19 TDI (2001 AL 2005)"""", """"SEAT TOLEDO 1.6 (2000 AL 2002)"""", """"SEAT TOLEDO 1.8 20V (2000 AL 2005)"""", """"SEAT TOLEDO 1.9 TDI (2000 AL 2005)"""", """"SEAT TOLEDO 2.3 V5 (2000 AL 2005)"""", """"VOLKSWAGEN BORA 18T (2003 AL 2016)"""", """"VOLKSWAGEN BORA 19 TDI (2000 AL 2016)"""", """"VOLKSWAGEN BORA 2.0 (2000 AL 2016)"""", """"VOLKSWAGEN GOLF 16 8V (1999 AL 2012)"""", """"VOLKSWAGEN GOLF L&T (1999 AL 2011)"""", """"VOLKSWAGEN GOLF 19 TDI (1999 AL 2011)"""", """"VOLKSWAGEN GOLF 2.0 8V (1999 AL 2012)"""", """"VOLKSWAGEN GOLF 2.0 TSI (2011 AL 2014)"""", """"VOLKSWAGEN GOLF 2.8 V6 (2003 AL 2004)"""", """"VOLKSWAGEN NEW BEETLE L&T (2010 AL 2012)"""", """"VOLKSWAGEN NEW BEETLE 19 TDI (2003 AL 2008)"""", """"VOLKSWAGEN NEW BEETLE 2.0 8V (1999 AL 2010)"""", """"VOLKSWAGEN NEW BEETLE 2.5 (2006 AL 2010)""""]"",25,""[""""Incluye valvula de seguridad: 51"""", """"Incluye deposito: NO""""]"",2,[],0,,,41.4477"
