codigo,detail_url,page,arts_articulo,arts_articulo_emp,arts_nombre,arts_descripcion,aplicaciones_ocr,aplicaciones_ocr_count,atributos_ocr,atributos_ocr_count,referencias_ocr,referencias_ocr_count,oem_ocr,oem_ocr_count,processing_seconds
91206010,https://icepar.specparts.shop/products/detail?slug=zf_91206010-491568,901,,,,,[],0,[],0,[],0,,,2.8162
91206048,https://icepar.specparts.shop/products/detail?slug=zf_91206048-491569,901,,,,,[],0,[],0,[],0,,,2.7352
91206073,https://icepar.specparts.shop/products/detail?slug=zf_91206073-491570,901,,,,,[],0,[],0,[],0,,,2.6523
91206074,https://icepar.specparts.shop/products/detail?slug=zf_91206074-491571,901,,,,,[],0,[],0,[],0,,,2.5955
91206076,https://icepar.specparts.shop/products/detail?slug=zf_91206076-491572,901,,,,,[],0,[],0,[],0,,,2.9044
91206094,https://icepar.specparts.shop/products/detail?slug=zf_91206094-491573,901,,,,,[],0,[],0,[],0,,,2.6399
91208035,https://icepar.specparts.shop/products/detail?slug=zf_91208035-491574,901,,,,,[],0,[],0,[],0,,,2.6214
91218002,https://icepar.specparts.shop/products/detail?slug=zf_91218002-491575,901,,,,,[],0,[],0,[],0,,,2.8219
91218004,https://icepar.specparts.shop/products/detail?slug=zf_91218004-491576,901,,,,,[],0,[],0,[],0,,,2.7380
91218005,https://icepar.specparts.shop/products/detail?slug=zf_91218005-491577,901,,,,,[],0,[],0,[],0,,,2.8629
91232021,https://icepar.specparts.shop/products/detail?slug=zf_91232021-491578,901,,,,,[],0,[],0,[],0,,,2.6345
91232034,https://icepar.specparts.shop/products/detail?slug=zf_91232034-491579,901,,,,,[],0,[],0,[],0,,,3.0745
91234006,https://icepar.specparts.shop/products/detail?slug=zf_91234006-491580,901,,,,,[],0,[],0,[],0,,,2.6296
91301141,https://icepar.specparts.shop/products/detail?slug=zf_91301141-491583,901,,,,,[],0,[],0,[],0,,,2.5978
91302073,https://icepar.specparts.shop/products/detail?slug=zf_91302073-491584,901,,,,,[],0,[],0,[],0,,,2.6179
91302085,https://icepar.specparts.shop/products/detail?slug=zf_91302085-491585,901,,,,,[],0,[],0,[],0,,,2.8532
91302086,https://icepar.specparts.shop/products/detail?slug=zf_91302086-491586,901,,,,,[],0,[],0,[],0,,,2.6118
91302089,https://icepar.specparts.shop/products/detail?slug=zf_91302089-491587,901,,,,,[],0,[],0,[],0,,,2.7358
91302152,https://icepar.specparts.shop/products/detail?slug=zf_91302152-491589,901,,,,,[],0,[],0,[],0,,,2.5919
91302194,https://icepar.specparts.shop/products/detail?slug=zf_91302194-491591,901,,,,,[],0,[],0,[],0,,,2.5865
91302204,https://icepar.specparts.shop/products/detail?slug=zf_91302204-491592,901,,,,,[],0,[],0,[],0,,,2.5606
91302268,https://icepar.specparts.shop/products/detail?slug=zf_91302268-491593,901,,,,,[],0,[],0,[],0,,,2.5759
91302272,https://icepar.specparts.shop/products/detail?slug=zf_91302272-491594,901,,,,,[],0,[],0,[],0,,,2.5465
91302289,https://icepar.specparts.shop/products/detail?slug=zf_91302289-491595,901,,,,,[],0,[],0,[],0,,,2.6011
91302294,https://icepar.specparts.shop/products/detail?slug=zf_91302294-491596,902,,,,,[],0,[],0,[],0,,,2.5077
91302307,https://icepar.specparts.shop/products/detail?slug=zf_91302307-491598,902,,,,,[],0,[],0,[],0,,,2.6235
91303030,https://icepar.specparts.shop/products/detail?slug=zf_91303030-491600,902,,,,,[],0,[],0,[],0,,,2.5184
91303031,https://icepar.specparts.shop/products/detail?slug=zf_91303031-491601,902,,,,,[],0,[],0,[],0,,,2.5955
91303106,https://icepar.specparts.shop/products/detail?slug=zf_91303106-491604,902,,,,,[],0,[],0,[],0,,,2.7684
91303136,https://icepar.specparts.shop/products/detail?slug=zf_91303136-491605,902,,,,,[],0,[],0,[],0,,,2.5826
91303137,https://icepar.specparts.shop/products/detail?slug=zf_91303137-491606,902,,,,,[],0,[],0,[],0,,,2.6032
91303141,https://icepar.specparts.shop/products/detail?slug=zf_91303141-491607,902,,,,,[],0,[],0,[],0,,,2.5943
91303142,https://icepar.specparts.shop/products/detail?slug=zf_91303142-491608,902,,,,,[],0,[],0,[],0,,,2.5960
91303146,https://icepar.specparts.shop/products/detail?slug=zf_91303146-491609,902,,,,,[],0,[],0,[],0,,,2.5526
91303157,https://icepar.specparts.shop/products/detail?slug=zf_91303157-491610,902,,,,,[],0,[],0,[],0,,,2.5737
91303171,https://icepar.specparts.shop/products/detail?slug=zf_91303171-491611,902,,,,,[],0,[],0,[],0,,,2.5699
91303174,https://icepar.specparts.shop/products/detail?slug=zf_91303174-491612,902,,,,,[],0,[],0,[],0,,,2.5300
91303185,https://icepar.specparts.shop/products/detail?slug=zf_91303185-491613,902,,,,,[],0,[],0,[],0,,,2.5178
91304052,https://icepar.specparts.shop/products/detail?slug=zf_91304052-491614,902,,,,,[],0,[],0,[],0,,,2.5451
91304054,https://icepar.specparts.shop/products/detail?slug=zf_91304054-491615,902,,,,,[],0,[],0,[],0,,,2.5545
91304061,https://icepar.specparts.shop/products/detail?slug=zf_91304061-491616,902,,,,,[],0,[],0,[],0,,,2.5732
91304062,https://icepar.specparts.shop/products/detail?slug=zf_91304062-491617,902,,,,,[],0,[],0,[],0,,,2.5785
91304068,https://icepar.specparts.shop/products/detail?slug=zf_91304068-491618,902,,,,,[],0,[],0,[],0,,,2.6026
91304070,https://icepar.specparts.shop/products/detail?slug=zf_91304070-491619,902,,,,,[],0,[],0,[],0,,,2.5669
91304120,https://icepar.specparts.shop/products/detail?slug=zf_91304120-491620,902,,,,,[],0,[],0,[],0,,,2.5710
91304128,https://icepar.specparts.shop/products/detail?slug=zf_91304128-491621,902,,,,,[],0,[],0,[],0,,,2.5364
91304191,https://icepar.specparts.shop/products/detail?slug=zf_91304191-491622,902,,,,,[],0,[],0,[],0,,,2.6321
91304194,https://icepar.specparts.shop/products/detail?slug=zf_91304194-491623,902,,,,,[],0,[],0,[],0,,,2.6881
91304202,https://icepar.specparts.shop/products/detail?slug=zf_91304202-491625,903,,,,,[],0,[],0,[],0,,,2.6426
91304204,https://icepar.specparts.shop/products/detail?slug=zf_91304204-491626,903,,,,,[],0,[],0,[],0,,,2.7292
91304207,https://icepar.specparts.shop/products/detail?slug=zf_91304207-491627,903,,,,,[],0,[],0,[],0,,,2.7602
91304216,https://icepar.specparts.shop/products/detail?slug=zf_91304216-491628,903,,,,,[],0,[],0,[],0,,,2.5130
91304219,https://icepar.specparts.shop/products/detail?slug=zf_91304219-491629,903,,,,,[],0,[],0,[],0,,,3.0075
91304238,https://icepar.specparts.shop/products/detail?slug=zf_91304238-491630,903,,,,,[],0,[],0,[],0,,,3.3997
91304267,https://icepar.specparts.shop/products/detail?slug=zf_91304267-491632,903,,,,,[],0,[],0,[],0,,,3.0277
91304271,https://icepar.specparts.shop/products/detail?slug=zf_91304271-491633,903,,,,,[],0,[],0,[],0,,,2.6077
91304272,https://icepar.specparts.shop/products/detail?slug=zf_91304272-491634,903,,,,,[],0,[],0,[],0,,,2.5210
91304293,https://icepar.specparts.shop/products/detail?slug=zf_91304293-491636,903,,,,,[],0,[],0,[],0,,,2.6397
91304297,https://icepar.specparts.shop/products/detail?slug=zf_91304297-491637,903,,,,,[],0,[],0,[],0,,,2.5608
91304298,https://icepar.specparts.shop/products/detail?slug=zf_91304298-491638,903,,,,,[],0,[],0,[],0,,,2.9697
91304310,https://icepar.specparts.shop/products/detail?slug=zf_91304310-491639,903,,,,,[],0,[],0,[],0,,,2.5901
91304314,https://icepar.specparts.shop/products/detail?slug=zf_91304314-491641,903,,,,,[],0,[],0,[],0,,,2.5918
91304338,https://icepar.specparts.shop/products/detail?slug=zf_91304338-491643,903,,,,,[],0,[],0,[],0,,,2.5758
91304339,https://icepar.specparts.shop/products/detail?slug=zf_91304339-491644,903,,,,,[],0,[],0,[],0,,,2.5545
91304342,https://icepar.specparts.shop/products/detail?slug=zf_91304342-491646,903,,,,,[],0,[],0,[],0,,,2.5599
91304361,https://icepar.specparts.shop/products/detail?slug=zf_91304361-491647,903,,,,,[],0,[],0,[],0,,,2.5414
91305011,https://icepar.specparts.shop/products/detail?slug=zf_91305011-491648,903,,,,,[],0,[],0,[],0,,,2.6099
91305014,https://icepar.specparts.shop/products/detail?slug=zf_91305014-491649,903,,,,,[],0,[],0,[],0,,,2.6438
91307084,https://icepar.specparts.shop/products/detail?slug=zf_91307084-491650,903,,,,,[],0,[],0,[],0,,,2.6285
91307102,https://icepar.specparts.shop/products/detail?slug=zf_91307102-491651,903,,,,,[],0,[],0,[],0,,,2.6704
91307125,https://icepar.specparts.shop/products/detail?slug=zf_91307125-491652,903,,,,,[],0,[],0,[],0,,,2.5925
91307152,https://icepar.specparts.shop/products/detail?slug=zf_91307152-491653,903,,,,,[],0,[],0,[],0,,,2.6011
91307160,https://icepar.specparts.shop/products/detail?slug=zf_91307160-491654,904,,,,,[],0,[],0,"[""MERCEDES-BENZ: 000 267 0048"", ""MERCEDES-BENZ: 000 267 0148"", ""MERCEDES-BENZ: A000 267 0048"", ""MERCEDES-BENZ: A000 267 0148"", ""VOLVO: 1526790""]",5,,,11.6678
91307182,https://icepar.specparts.shop/products/detail?slug=zf_91307182-491655,904,,,,,[],0,[],0,[],0,,,2.5793
91307197,https://icepar.specparts.shop/products/detail?slug=zf_91307197-491656,904,,,,,[],0,[],0,[],0,,,2.5251
91307216,https://icepar.specparts.shop/products/detail?slug=zf_91307216-491657,904,,,,,[],0,[],0,[],0,,,2.7097
91307231,https://icepar.specparts.shop/products/detail?slug=zf_91307231-491658,904,,,,,[],0,[],0,[],0,,,2.6272
91307303,https://icepar.specparts.shop/products/detail?slug=zf_91307303-491659,904,,,,,[],0,[],0,[],0,,,2.6392
91312023,https://icepar.specparts.shop/products/detail?slug=zf_91312023-491662,904,,,,,[],0,[],0,[],0,,,2.5915
91312025,https://icepar.specparts.shop/products/detail?slug=zf_91312025-491663,904,,,,,[],0,[],0,[],0,,,2.5350
91332045,https://icepar.specparts.shop/products/detail?slug=zf_91332045-491664,904,,,,,[],0,[],0,[],0,,,2.6000
91332057,https://icepar.specparts.shop/products/detail?slug=zf_91332057-491665,904,,,,,[],0,[],0,[],0,,,2.6084
501206040,https://icepar.specparts.shop/products/detail?slug=zf_501206040-491667,904,,,,,[],0,[],0,[],0,,,2.5733
501208795,https://icepar.specparts.shop/products/detail?slug=zf_501208795-491668,904,,,,,[],0,[],0,[],0,,,2.5716
501209188,https://icepar.specparts.shop/products/detail?slug=zf_501209188-491669,904,,,,,[],0,[],0,[],0,,,2.6192
501209492,https://icepar.specparts.shop/products/detail?slug=zf_501209492-491671,904,,,,,[],0,[],0,[],0,,,3.2225
501215940,https://icepar.specparts.shop/products/detail?slug=zf_501215940-491674,904,,,,,[],0,[],0,[],0,,,2.6167
501216474,https://icepar.specparts.shop/products/detail?slug=zf_501216474-491675,904,,,,,[],0,[],0,[],0,,,2.5762
501217928,https://icepar.specparts.shop/products/detail?slug=zf_501217928-491676,904,,,,,[],0,[],0,[],0,,,2.5853
501221590,https://icepar.specparts.shop/products/detail?slug=zf_501221590-491679,904,,,,,[],0,[],0,[],0,,,2.5065
501324670,https://icepar.specparts.shop/products/detail?slug=zf_501324670-491681,904,,,,,[],0,[],0,[],0,,,2.5663
501331660,https://icepar.specparts.shop/products/detail?slug=zf_501331660-491682,904,,,,,[],0,[],0,[],0,,,2.5678
501396577,https://icepar.specparts.shop/products/detail?slug=zf_501396577-491684,904,,,,,[],0,[],0,[],0,,,2.5830
501396578,https://icepar.specparts.shop/products/detail?slug=zf_501396578-491685,904,,,,,[],0,[],0,[],0,,,2.6248
501396579,https://icepar.specparts.shop/products/detail?slug=zf_501396579-491686,904,,,,,[],0,[],0,[],0,,,2.6768
501396629,https://icepar.specparts.shop/products/detail?slug=zf_501396629-491687,904,,,,,[],0,[],0,[],0,,,2.6501
501396719,https://icepar.specparts.shop/products/detail?slug=zf_501396719-491689,905,,,,,[],0,[],0,[],0,,,2.5203
501396736,https://icepar.specparts.shop/products/detail?slug=zf_501396736-491690,905,,,,,[],0,[],0,[],0,,,2.6083
501396737,https://icepar.specparts.shop/products/detail?slug=zf_501396737-491691,905,,,,,[],0,[],0,[],0,,,2.5724
501396738,https://icepar.specparts.shop/products/detail?slug=zf_501396738-491692,905,,,,,[],0,[],0,[],0,,,2.5093
501396739,https://icepar.specparts.shop/products/detail?slug=zf_501396739-491693,905,,,,,[],0,[],0,[],0,,,2.6493
501396741,https://icepar.specparts.shop/products/detail?slug=zf_501396741-491694,905,,,,,[],0,[],0,[],0,,,2.5694
501396744,https://icepar.specparts.shop/products/detail?slug=zf_501396744-491696,905,,,,,[],0,[],0,[],0,,,2.5924
501396755,https://icepar.specparts.shop/products/detail?slug=zf_501396755-491698,905,,,,,[],0,[],0,[],0,,,2.6981
501398233,https://icepar.specparts.shop/products/detail?slug=zf_501398233-491699,905,,,,,[],0,[],0,[],0,,,2.6676
501398360,https://icepar.specparts.shop/products/detail?slug=zf_501398360-491702,905,,,,,[],0,[],0,[],0,,,2.9045
501398371,https://icepar.specparts.shop/products/detail?slug=zf_501398371-491704,905,,,,,[],0,[],0,[],0,,,2.5806
501398461,https://icepar.specparts.shop/products/detail?slug=zf_501398461-491705,905,,,,,[],0,[],0,[],0,,,2.6412
501398708,https://icepar.specparts.shop/products/detail?slug=zf_501398708-491706,905,,,,,[],0,[],0,[],0,,,2.6032
501398753,https://icepar.specparts.shop/products/detail?slug=zf_501398753-491712,905,,,,,[],0,[],0,[],0,,,2.6708
501398813,https://icepar.specparts.shop/products/detail?slug=zf_501398813-491713,905,,,,,[],0,[],0,[],0,,,2.6359
501398842,https://icepar.specparts.shop/products/detail?slug=zf_501398842-491714,905,,,,,[],0,[],0,[],0,,,2.6347
630501024,https://icepar.specparts.shop/products/detail?slug=zf_630501024-491715,905,,,,,[],0,[],0,[],0,,,2.6891
630501028,https://icepar.specparts.shop/products/detail?slug=zf_630501028-491716,905,,,,,[],0,[],0,[],0,,,2.5887
630501045,https://icepar.specparts.shop/products/detail?slug=zf_630501045-491719,905,,,,,[],0,[],0,[],0,,,2.7577
630501147,https://icepar.specparts.shop/products/detail?slug=zf_630501147-491730,905,,,,,[],0,[],0,[],0,,,2.7367
630501151,https://icepar.specparts.shop/products/detail?slug=zf_630501151-491732,905,,,,,[],0,[],0,[],0,,,2.5931
630501195,https://icepar.specparts.shop/products/detail?slug=zf_630501195-491735,905,,,,,[],0,[],0,[],0,,,2.5574
630501196,https://icepar.specparts.shop/products/detail?slug=zf_630501196-491736,905,,,,,[],0,[],0,[],0,,,2.6274
630501314,https://icepar.specparts.shop/products/detail?slug=zf_630501314-491737,905,,,,,[],0,[],0,[],0,,,2.5535
630501315,https://icepar.specparts.shop/products/detail?slug=zf_630501315-491738,906,,,,,[],0,[],0,[],0,,,2.6190
630501316,https://icepar.specparts.shop/products/detail?slug=zf_630501316-491739,906,,,,,[],0,[],0,[],0,,,2.7060
630513070,https://icepar.specparts.shop/products/detail?slug=zf_630513070-491740,906,,,,,[],0,[],0,[],0,,,2.5248
630531050,https://icepar.specparts.shop/products/detail?slug=zf_630531050-491741,906,,,,,[],0,[],0,[],0,,,2.6114
631329167,https://icepar.specparts.shop/products/detail?slug=zf_631329167-491742,906,,,,,[],0,[],0,[],0,,,2.6371
631330131,https://icepar.specparts.shop/products/detail?slug=zf_631330131-491743,906,,,,,[],0,[],0,[],0,,,2.6202
634313018,https://icepar.specparts.shop/products/detail?slug=zf_634313018-491744,906,,,,,[],0,[],0,[],0,,,3.0602
634313198,https://icepar.specparts.shop/products/detail?slug=zf_634313198-491745,906,,,,,[],0,[],0,[],0,,,2.7655
634313320,https://icepar.specparts.shop/products/detail?slug=zf_634313320-491746,906,,,,,[],0,[],0,[],0,,,2.7423
634314020,https://icepar.specparts.shop/products/detail?slug=zf_634314020-491747,906,,,,,[],0,[],0,[],0,,,2.7986
635303019,https://icepar.specparts.shop/products/detail?slug=zf_635303019-491748,906,,,,,[],0,[],0,[],0,,,2.6598
635333049,https://icepar.specparts.shop/products/detail?slug=zf_635333049-491750,906,,,,,[],0,[],0,[],0,,,2.7416
635374019,https://icepar.specparts.shop/products/detail?slug=zf_635374019-491751,906,,,,,[],0,[],0,[],0,,,2.5787
635470012,https://icepar.specparts.shop/products/detail?slug=zf_635470012-491752,906,,,,,[],0,[],0,[],0,,,2.6174
730002680,https://icepar.specparts.shop/products/detail?slug=zf_730002680-491756,906,,,,,[],0,[],0,[],0,,,2.7416
730002682,https://icepar.specparts.shop/products/detail?slug=zf_730002682-491757,906,,,,,[],0,[],0,[],0,,,2.6144
730002684,https://icepar.specparts.shop/products/detail?slug=zf_730002684-491759,906,,,,,[],0,[],0,[],0,,,2.6898
730002780,https://icepar.specparts.shop/products/detail?slug=zf_730002780-491761,906,,,,,[],0,[],0,[],0,,,2.7258
730003160,https://icepar.specparts.shop/products/detail?slug=zf_730003160-491762,906,,,,,[],0,[],0,[],0,,,2.7197
730062608,https://icepar.specparts.shop/products/detail?slug=zf_730062608-491763,906,,,,,[],0,[],0,[],0,,,2.6549
730102061,https://icepar.specparts.shop/products/detail?slug=zf_730102061-491765,906,,,,,[],0,[],0,[],0,,,2.6783
730102105,https://icepar.specparts.shop/products/detail?slug=zf_730102105-491766,906,,,,,[],0,[],0,[],0,,,2.6606
730102504,https://icepar.specparts.shop/products/detail?slug=zf_730102504-491768,906,,,,,[],0,[],0,[],0,,,2.6199
730102505,https://icepar.specparts.shop/products/detail?slug=zf_730102505-491769,906,,,,,[],0,[],0,[],0,,,2.6184
730102632,https://icepar.specparts.shop/products/detail?slug=zf_730102632-491770,907,,,,,[],0,[],0,[],0,,,2.5785
730102995,https://icepar.specparts.shop/products/detail?slug=zf_730102995-491771,907,,,,,[],0,[],0,[],0,,,2.7397
730103510,https://icepar.specparts.shop/products/detail?slug=zf_730103510-491772,907,,,,,[],0,[],0,[],0,,,2.6733
730103760,https://icepar.specparts.shop/products/detail?slug=zf_730103760-491773,907,,,,,[],0,[],0,[],0,,,2.6828
730103763,https://icepar.specparts.shop/products/detail?slug=zf_730103763-491774,907,,,,,[],0,[],0,[],0,,,2.7232
730103804,https://icepar.specparts.shop/products/detail?slug=zf_730103804-491775,907,,,,,[],0,[],0,[],0,,,2.6820
730103846,https://icepar.specparts.shop/products/detail?slug=zf_730103846-491776,907,,,,,[],0,[],0,[],0,,,2.6714
730106561,https://icepar.specparts.shop/products/detail?slug=zf_730106561-491777,907,,,,,[],0,[],0,[],0,,,2.7044
730108096,https://icepar.specparts.shop/products/detail?slug=zf_730108096-491779,907,,,,,[],0,[],0,[],0,,,2.6638
730162428,https://icepar.specparts.shop/products/detail?slug=zf_730162428-491780,907,,,,,[],0,[],0,[],0,,,2.5569
730361046,https://icepar.specparts.shop/products/detail?slug=zf_730361046-491781,907,,,,,[],0,[],0,[],0,,,2.6208
730501233,https://icepar.specparts.shop/products/detail?slug=zf_730501233-491782,907,,,,,[],0,[],0,[],0,,,2.6657
730501260,https://icepar.specparts.shop/products/detail?slug=zf_730501260-491783,907,,,,,[],0,[],0,[],0,,,2.8176
730501265,https://icepar.specparts.shop/products/detail?slug=zf_730501265-491784,907,,,,,[],0,[],0,[],0,,,2.6561
730505054,https://icepar.specparts.shop/products/detail?slug=zf_730505054-491785,907,,,,,[],0,[],0,[],0,,,2.7401
730505093,https://icepar.specparts.shop/products/detail?slug=zf_730505093-491786,907,,,,,[],0,[],0,[],0,,,2.5374
731201732,https://icepar.specparts.shop/products/detail?slug=zf_731201732-491787,907,,,,,[],0,[],0,[],0,,,2.6200
732040417,https://icepar.specparts.shop/products/detail?slug=zf_732040417-491788,907,,,,,[],0,[],0,[],0,,,2.5706
732040554,https://icepar.specparts.shop/products/detail?slug=zf_732040554-491789,907,,,,,[],0,[],0,[],0,,,2.7081
732040736,https://icepar.specparts.shop/products/detail?slug=zf_732040736-491790,907,,,,,[],0,[],0,[],0,,,2.5744
732040986,https://icepar.specparts.shop/products/detail?slug=zf_732040986-491791,907,,,,,[],0,[],0,"[""DAF: 0692228"", ""DAF: 692228"", ""MAN: 8197602.0264"", ""MERCEDES-BENZ: 004 993 9601"", ""MERCEDES-BENZ: A004 993 9601"", ""VOLVO: 1526791""]",6,,,12.7434
732041946,https://icepar.specparts.shop/products/detail?slug=zf_732041946-491792,907,,,,,[],0,[],0,[],0,,,2.5900
732041947,https://icepar.specparts.shop/products/detail?slug=zf_732041947-491793,907,,,,,[],0,[],0,[],0,,,2.6359
734307294,https://icepar.specparts.shop/products/detail?slug=zf_734307294-491794,907,,,,,[],0,[],0,[],0,,,2.7041
734310111,https://icepar.specparts.shop/products/detail?slug=zf_734310111-491795,908,,,,,[],0,[],0,[],0,,,2.5701
734310253,https://icepar.specparts.shop/products/detail?slug=zf_734310253-491796,908,,,,,[],0,[],0,[],0,,,2.5145
734310387,https://icepar.specparts.shop/products/detail?slug=zf_734310387-491797,908,,,,,[],0,[],0,[],0,,,2.5613
734319104,https://icepar.specparts.shop/products/detail?slug=zf_734319104-491798,908,,,,,[],0,[],0,[],0,,,2.5662
734319551,https://icepar.specparts.shop/products/detail?slug=zf_734319551-491799,908,,,,,[],0,[],0,[],0,,,2.6707
734319609,https://icepar.specparts.shop/products/detail?slug=zf_734319609-491800,908,,,,,[],0,[],0,[],0,,,2.5505
735298169,https://icepar.specparts.shop/products/detail?slug=zf_735298169-491801,908,,,,,[],0,[],0,[],0,,,2.5672
735320154,https://icepar.specparts.shop/products/detail?slug=zf_735320154-491802,908,,,,,[],0,[],0,[],0,,,2.6265
735320407,https://icepar.specparts.shop/products/detail?slug=zf_735320407-491803,908,,,,,[],0,[],0,[],0,,,2.6073
735320471,https://icepar.specparts.shop/products/detail?slug=zf_735320471-491804,908,,,,,[],0,[],0,[],0,,,2.5762
735320496,https://icepar.specparts.shop/products/detail?slug=zf_735320496-491805,908,,,,,[],0,[],0,[],0,,,2.6052
735320837,https://icepar.specparts.shop/products/detail?slug=zf_735320837-491806,908,,,,,[],0,[],0,[],0,,,2.6306
735371372,https://icepar.specparts.shop/products/detail?slug=zf_735371372-491808,908,,,,,[],0,[],0,[],0,,,2.6278
735371563,https://icepar.specparts.shop/products/detail?slug=zf_735371563-491809,908,,,,,[],0,[],0,"[""DAF: 0069589"", ""DAF: 69589"", ""NECO: 500182 3861"", ""NECO: 9315 6500"", ""MAN: 81935010080"", ""MERCEDES-BENZ: 009 9810201"", ""MERCEDES-BENZ: A009 9810201"", ""RENAULT: 50 01 823 861"", ""RENAULT: 74 21 313 397"", ""VOLKSWAGEN: 2U2 311 219"", ""VOLVO: 23351731"", ""VOLVO: 3096877"", ""ZG: ZG.02951-0008""]",13,,,20.4060
735455012,https://icepar.specparts.shop/products/detail?slug=zf_735455012-491810,908,,,,,[],0,[],0,[],0,,,2.6100
735470007,https://icepar.specparts.shop/products/detail?slug=zf_735470007-491812,908,,,,,[],0,[],0,[],0,,,2.5318
735470074,https://icepar.specparts.shop/products/detail?slug=zf_735470074-491813,908,,,,,[],0,[],0,[],0,,,2.5825
735470156,https://icepar.specparts.shop/products/detail?slug=zf_735470156-491814,908,,,,,[],0,[],0,[],0,,,2.6148
750112034,https://icepar.specparts.shop/products/detail?slug=zf_750112034-491815,908,,,,,[],0,[],0,[],0,,,2.7015
750112131,https://icepar.specparts.shop/products/detail?slug=zf_750112131-491816,908,,,,,[],0,[],0,[],0,,,2.5488
750112253,https://icepar.specparts.shop/products/detail?slug=zf_750112253-491818,908,,,,,[],0,[],0,[],0,,,2.5977
750115011,https://icepar.specparts.shop/products/detail?slug=zf_750115011-491819,908,,,,,[],0,[],0,"[""MAN: 06.33709.0152"", ""MAN: 8193402.0015"", ""MAN: 8193402.0066"", ""MERCEDES-BENZ: 001 9814210"", ""MERCEDES-BENZ: 008 981 1810"", ""MERCEDES-BENZ: 008 981 1910"", ""MERCEDES-BENZ: 010 981 1010"", ""MERCEDES-BENZ: A001 9814210"", ""MERCEDES-BENZ: A008 981 1810"", ""MERCEDES-BENZ: A008 981 1910"", ""MERCEDES-BENZ: A010 981 1010"", ""VOLVO: 1526667""]",12,,,20.0284
750115059,https://icepar.specparts.shop/products/detail?slug=zf_750115059-491820,908,,,,,[],0,[],0,[],0,,,2.7007
750115233,https://icepar.specparts.shop/products/detail?slug=zf_750115233-491821,908,,,,,[],0,[],0,[],0,,,2.6135
750115335,https://icepar.specparts.shop/products/detail?slug=zf_750115335-491823,909,,,,,[],0,[],0,"[""MERCEDES-BENZ: 000 267 0368"", ""MERCEDES-BENZ: A000 267 0368"", ""VOLVO: 1526868"", ""VOLVO: 1526869"", ""VOLVO: 1527340""]",5,,,11.2458
750115349,https://icepar.specparts.shop/products/detail?slug=zf_750115349-491824,909,,,,,[],0,[],0,[],0,,,2.6129
750115531,https://icepar.specparts.shop/products/detail?slug=zf_750115531-491825,909,,,,,[],0,[],0,[],0,,,2.6286
750115953,https://icepar.specparts.shop/products/detail?slug=zf_750115953-491826,909,,,,,[],0,[],0,[],0,,,2.5506
750115955,https://icepar.specparts.shop/products/detail?slug=zf_750115955-491827,909,,,,,[],0,[],0,[],0,,,2.5984
750115956,https://icepar.specparts.shop/products/detail?slug=zf_750115956-491828,909,,,,,[],0,[],0,[],0,,,2.8355
750116394,https://icepar.specparts.shop/products/detail?slug=zf_750116394-491830,909,,,,,[],0,[],0,"[""DAF: 0692184"", ""DAF: 1617901"", ""DAF: 1638161"", ""DAF: 692184"", ""FORD: LC46-7B8412-AA"", ""FORD: LC46-7P315-AA"", ""FORD: LC46-7P363-AA"", ""FORD: LC46-7P366-AA"", ""FORD: LC46-7P366-BA"", ""FORD: LC46-7R205-AA"", ""FORD: LC76&-7N430-AA"", ""ISUZU: 1-33139-014-0"", ""NECO: 0798 2088"", ""NECO: 4249 2381"", ""NECO: 4254 0086"", ""NECO: 4254 1739"", ""NECO: 500186 4538"", ""NECO: 798 2083"", ""MAN: 06.31421 1002"", ""MAN: 06.31429.0054"", ""MAN: 81934 10.0046"", ""MAN: 8193410.0112"", ""MERCEDES-BENZ: 000 981 2920"", ""MERCEDES-BENZ: 009 9815125"", ""MERCEDES-BENZ: A000 981 2920"", ""MERCEDES-BENZ: A009 9815125"", ""RENAULT: 50 00 808 037"", ""RENAULT: 50 01 858 080"", ""RENAULT: 50 01 861 689"", ""RENAULT: 50 01 864 538"", ""RENAULT: 74 21 318 753"", ""VOLVO: 19499""]",32,,,40.5951
750117008,https://icepar.specparts.shop/products/detail?slug=zf_750117008-491831,909,,,,,[],0,[],0,[],0,,,2.6169
750117009,https://icepar.specparts.shop/products/detail?slug=zf_750117009-491832,909,,,,,[],0,[],0,"[""ASTRA: 103973"", ""DAF: 0691357"", ""DAF: 1818257"", ""DAF: 691357"", ""GENERAL MOTORS: 9418062"", ""ISUZU: 1-33319-087-0"", ""NECO: 0062 3660"", ""NECO: 0798 2090"", ""NECO: 4249 2258"", ""NECO: 62 3660"", ""NECO: 7 50117009"", ""NECO: 798 2090"", ""JEFFERY: 187992"", ""MAN: 8193420.0187"", ""MAN: 8193420.0391"", ""MAN: 8193420.0413"", ""MAN: 82.93420.0018"", ""MERCEDES-BENZ: 001 980 8402"", ""MERCEDES-BENZ: A001 980 8402"", ""RENAULT: 50 01 843 170"", ""RENAULT: 74 21 313 308"", ""RENAULT: 74 21 318 172"", ""VOLVO: 1662515"", ""VOLVO: 21313308"", ""VOLVO: 21318172"", ""ZG: ZG.03027-0008""]",26,,,34.0586
750117083,https://icepar.specparts.shop/products/detail?slug=zf_750117083-491833,909,,,,,[],0,[],0,[],0,,,2.5689
750117678,https://icepar.specparts.shop/products/detail?slug=zf_750117678-491834,909,,,,,[],0,[],0,[],0,,,2.5727
750117732,https://icepar.specparts.shop/products/detail?slug=zf_750117732-491835,909,,,,,[],0,[],0,[],0,,,2.6120
750117883,https://icepar.specparts.shop/products/detail?slug=zf_750117883-491836,909,,,,,[],0,[],0,[],0,,,2.6651
750118010,https://icepar.specparts.shop/products/detail?slug=zf_750118010-491837,909,,,,,[],0,[],0,[],0,,,2.5524
750118038,https://icepar.specparts.shop/products/detail?slug=zf_750118038-491838,909,,,,,[],0,[],0,[],0,,,2.8325
750118082,https://icepar.specparts.shop/products/detail?slug=zf_750118082-491839,909,,,,,[],0,[],0,"[""DAF: 0124784"", ""DAF: 124784"", ""NECO: 0296 8252"", ""NECO: 296 8252"", ""MAN: 06.32679.0001"", ""MAN: 84.93420.0015"", ""MERCEDES-BENZ: 001 9815301"", ""MERCEDES-BENZ: 005 9818501"", ""MERCEDES-BENZ: 005412 770001"", ""MERCEDES-BENZ: A001 9815301"", ""MERCEDES-BENZ: A005 9818501"", ""MERCEDES-BENZ: NOO05412 770001"", ""RENAULT: 50 00 815 651"", ""VOLVO: 1139717""]",14,,,21.4377
750118130,https://icepar.specparts.shop/products/detail?slug=zf_750118130-491840,909,,,,,[],0,[],0,[],0,,,2.6372
750118471,https://icepar.specparts.shop/products/detail?slug=zf_750118471-491842,909,,,,,[],0,[],0,[],0,,,2.5801
750119116,https://icepar.specparts.shop/products/detail?slug=zf_750119116-491843,909,,,,,[],0,[],0,[],0,,,2.5029
750119124,https://icepar.specparts.shop/products/detail?slug=zf_750119124-491844,909,,,,,[],0,[],0,[],0,,,2.5120
1090298126,https://icepar.specparts.shop/products/detail?slug=zf_1090298126-491846,909,,,,,[],0,[],0,[],0,,,2.5702
1262304050,https://icepar.specparts.shop/products/detail?slug=zf_1262304050-491860,910,,,,,[],0,[],0,[],0,,,2.8904
1268304136,https://icepar.specparts.shop/products/detail?slug=zf_1268304136-491868,910,,,,,[],0,[],0,[],0,,,2.5116
1268304143,https://icepar.specparts.shop/products/detail?slug=zf_1268304143-491871,910,,,,,[],0,[],0,[],0,,,2.5397
1268304491,https://icepar.specparts.shop/products/detail?slug=zf_1268304491-491875,910,,,,,[],0,[],0,[],0,,,2.5795
1268304537,https://icepar.specparts.shop/products/detail?slug=zf_1268304537-491878,910,,,,,[],0,[],0,[],0,,,2.5411
1272304078,https://icepar.specparts.shop/products/detail?slug=zf_1272304078-491884,910,,,,,[],0,[],0,[],0,,,2.7988
1290198406,https://icepar.specparts.shop/products/detail?slug=zf_1290198406-491890,911,,,,,[],0,[],0,[],0,,,2.6073
1290295012,https://icepar.specparts.shop/products/detail?slug=zf_1290295012-491891,911,,,,,[],0,[],0,[],0,,,2.6141
1290298864,https://icepar.specparts.shop/products/detail?slug=zf_1290298864-491892,911,,,,,[],0,[],0,[],0,,,2.5469
1290298865,https://icepar.specparts.shop/products/detail?slug=zf_1290298865-491893,911,,,,,[],0,[],0,[],0,,,2.6147
1290304076,https://icepar.specparts.shop/products/detail?slug=zf_1290304076-491894,911,,,,,[],0,[],0,[],0,,,2.6594
1290304366,https://icepar.specparts.shop/products/detail?slug=zf_1290304366-491897,911,,,,,[],0,[],0,[],0,,,2.7103
1290304383,https://icepar.specparts.shop/products/detail?slug=zf_1290304383-491899,911,,,,,[],0,[],0,[],0,,,2.6429
1290304438,https://icepar.specparts.shop/products/detail?slug=zf_1290304438-491900,911,,,,,[],0,[],0,[],0,,,2.6450
1290304473,https://icepar.specparts.shop/products/detail?slug=zf_1290304473-491901,911,,,,,[],0,[],0,[],0,,,2.5640
1290304474,https://icepar.specparts.shop/products/detail?slug=zf_1290304474-491902,911,,,,,[],0,[],0,[],0,,,2.6576
1290304624,https://icepar.specparts.shop/products/detail?slug=zf_1290304624-491903,911,,,,,[],0,[],0,[],0,,,2.5653
1290305029,https://icepar.specparts.shop/products/detail?slug=zf_1290305029-491904,911,,,,,[],0,[],0,[],0,,,2.5904
1290395013,https://icepar.specparts.shop/products/detail?slug=zf_1290395013-491907,911,,,,,[],0,[],0,[],0,,,2.5783
1290395021,https://icepar.specparts.shop/products/detail?slug=zf_1290395021-491908,911,,,,,[],0,[],0,[],0,,,2.6785
1290395025,https://icepar.specparts.shop/products/detail?slug=zf_1290395025-491909,911,,,,,[],0,[],0,[],0,,,2.5868
1290395033,https://icepar.specparts.shop/products/detail?slug=zf_1290395033-491910,911,,,,,[],0,[],0,[],0,,,2.6019
1290395034,https://icepar.specparts.shop/products/detail?slug=zf_1290395034-491911,911,,,,,[],0,[],0,[],0,,,2.6210
1290395040,https://icepar.specparts.shop/products/detail?slug=zf_1290395040-491912,912,,,,,[],0,[],0,[],0,,,2.8589
1290395058,https://icepar.specparts.shop/products/detail?slug=zf_1290395058-491913,912,,,,,[],0,[],0,[],0,,,2.8135
1290395134,https://icepar.specparts.shop/products/detail?slug=zf_1290395134-491915,912,,,,,[],0,[],0,[],0,,,2.5574
1290395188,https://icepar.specparts.shop/products/detail?slug=zf_1290395188-491920,912,,,,,[],0,[],0,[],0,,,2.6881
1290395190,https://icepar.specparts.shop/products/detail?slug=zf_1290395190-491921,912,,,,,[],0,[],0,[],0,,,2.7475
1290395191,https://icepar.specparts.shop/products/detail?slug=zf_1290395191-491922,912,,,,,[],0,[],0,[],0,,,2.7887
1290395192,https://icepar.specparts.shop/products/detail?slug=zf_1290395192-491923,912,,,,,[],0,[],0,[],0,,,2.8033
1290395193,https://icepar.specparts.shop/products/detail?slug=zf_1290395193-491924,912,,,,,[],0,[],0,[],0,,,2.9555
1290395197,https://icepar.specparts.shop/products/detail?slug=zf_1290395197-491926,912,,,,,[],0,[],0,[],0,,,2.7565
1290395365,https://icepar.specparts.shop/products/detail?slug=zf_1290395365-491933,912,,,,,[],0,[],0,[],0,,,2.6678
1290395385,https://icepar.specparts.shop/products/detail?slug=zf_1290395385-491935,912,,,,,[],0,[],0,[],0,,,2.6113
1295202011,https://icepar.specparts.shop/products/detail?slug=zf_1295202011-491937,912,,,,,[],0,[],0,[],0,,,2.5064
1295303037,https://icepar.specparts.shop/products/detail?slug=zf_1295303037-491945,912,,,,,[],0,[],0,[],0,,,2.6638
1295304248,https://icepar.specparts.shop/products/detail?slug=zf_1295304248-491948,912,,,,,[],0,[],0,[],0,,,2.5236
1295307115,https://icepar.specparts.shop/products/detail?slug=zf_1295307115-491951,912,,,,,[],0,[],0,[],0,,,2.5788
1295334075,https://icepar.specparts.shop/products/detail?slug=zf_1295334075-491965,913,,,,,[],0,[],0,"[""OEM: 1527363""]",1,,,7.0191
1297202072,https://icepar.specparts.shop/products/detail?slug=zf_1297202072-491977,913,,,,,[],0,[],0,[],0,,,2.5203
1297298401,https://icepar.specparts.shop/products/detail?slug=zf_1297298401-491979,913,,,,,[],0,[],0,[],0,,,2.5493
1297298402,https://icepar.specparts.shop/products/detail?slug=zf_1297298402-491980,913,,,,,[],0,[],0,[],0,,,2.5216
1297304026,https://icepar.specparts.shop/products/detail?slug=zf_1297304026-491981,913,,,,,[],0,[],0,[],0,,,2.5730
1304207021,https://icepar.specparts.shop/products/detail?slug=zf_1304207021-491990,913,,,,,[],0,[],0,[],0,,,2.5321
1307201069,https://icepar.specparts.shop/products/detail?slug=zf_1307201069-491996,913,,,,,[],0,[],0,[],0,,,2.6292
1307204230,https://icepar.specparts.shop/products/detail?slug=zf_1307204230-491999,913,,,,,[],0,[],0,[],0,,,2.5764
1307206022,https://icepar.specparts.shop/products/detail?slug=zf_1307206022-492001,913,,,,,[],0,[],0,[],0,,,2.5115
1307295014,https://icepar.specparts.shop/products/detail?slug=zf_1307295014-492002,913,,,,,[],0,[],0,[],0,,,2.5640
1307295015,https://icepar.specparts.shop/products/detail?slug=zf_1307295015-492003,913,,,,,[],0,[],0,[],0,,,2.5930
1307295023,https://icepar.specparts.shop/products/detail?slug=zf_1307295023-492004,913,,,,,[],0,[],0,[],0,,,2.8386
1307295038,https://icepar.specparts.shop/products/detail?slug=zf_1307295038-492006,913,,,,,[],0,[],0,[],0,,,2.7803
1307295235,https://icepar.specparts.shop/products/detail?slug=zf_1307295235-492009,913,,,,,[],0,[],0,[],0,,,2.8239
1307301188,https://icepar.specparts.shop/products/detail?slug=zf_1307301188-492013,913,,,,,[],0,[],0,[],0,,,2.7498
1307304167,https://icepar.specparts.shop/products/detail?slug=zf_1307304167-492014,913,,,,,[],0,[],0,[],0,,,2.6647
1307304175,https://icepar.specparts.shop/products/detail?slug=zf_1307304175-492016,914,,,,,[],0,[],0,[],0,,,2.6263
1307304182,https://icepar.specparts.shop/products/detail?slug=zf_1307304182-492018,914,,,,,[],0,[],0,[],0,,,2.6025
1307304352,https://icepar.specparts.shop/products/detail?slug=zf_1307304352-492019,914,,,,,[],0,[],0,[],0,,,2.6174
1307304607,https://icepar.specparts.shop/products/detail?slug=zf_1307304607-492022,914,,,,,[],0,[],0,[],0,,,2.7821
1307304608,https://icepar.specparts.shop/products/detail?slug=zf_1307304608-492023,914,,,,,[],0,[],0,"[""OEM: A0012620735""]",1,,,7.8430
1307304626,https://icepar.specparts.shop/products/detail?slug=zf_1307304626-492024,914,,,,,[],0,[],0,[],0,,,2.5620
1307304628,https://icepar.specparts.shop/products/detail?slug=zf_1307304628-492025,914,,,,,[],0,[],0,[],0,,,2.8223
1307304643,https://icepar.specparts.shop/products/detail?slug=zf_1307304643-492026,914,,,,,[],0,[],0,[],0,,,2.7661
1307304644,https://icepar.specparts.shop/products/detail?slug=zf_1307304644-492027,914,,,,,[],0,[],0,[],0,,,2.4850
1307304668,https://icepar.specparts.shop/products/detail?slug=zf_1307304668-492028,914,,,,,[],0,[],0,[],0,,,2.6254
1307304669,https://icepar.specparts.shop/products/detail?slug=zf_1307304669-492029,914,,,,,[],0,[],0,[],0,,,2.5373
1307304670,https://icepar.specparts.shop/products/detail?slug=zf_1307304670-492030,914,,,,,[],0,[],0,[],0,,,2.6834
1307304671,https://icepar.specparts.shop/products/detail?slug=zf_1307304671-492031,914,,,,,[],0,[],0,[],0,,,2.5676
1307306046,https://icepar.specparts.shop/products/detail?slug=zf_1307306046-492033,914,,,,,[],0,[],0,[],0,,,2.5624
1307306229,https://icepar.specparts.shop/products/detail?slug=zf_1307306229-492037,914,,,,,[],0,[],0,[],0,,,2.5570
1307306271,https://icepar.specparts.shop/products/detail?slug=zf_1307306271-492038,914,,,,,[],0,[],0,[],0,,,2.7621
1307395014,https://icepar.specparts.shop/products/detail?slug=zf_1307395014-492040,914,,,,,[],0,[],0,[],0,,,3.2724
1307395026,https://icepar.specparts.shop/products/detail?slug=zf_1307395026-492041,914,,,,,[],0,[],0,[],0,,,2.5771
1307395047,https://icepar.specparts.shop/products/detail?slug=zf_1307395047-492044,914,,,,,[],0,[],0,[],0,,,2.5554
1307395079,https://icepar.specparts.shop/products/detail?slug=zf_1307395079-492045,914,,,,,[],0,[],0,[],0,,,2.5369
1307395114,https://icepar.specparts.shop/products/detail?slug=zf_1307395114-492048,915,,,,,[],0,[],0,[],0,,,2.5768
1307395123,https://icepar.specparts.shop/products/detail?slug=zf_1307395123-492049,915,,,,,[],0,[],0,[],0,,,2.5530
1307395141,https://icepar.specparts.shop/products/detail?slug=zf_1307395141-492051,915,,,,,[],0,[],0,[],0,,,2.6448
1307395142,https://icepar.specparts.shop/products/detail?slug=zf_1307395142-492052,915,,,,,[],0,[],0,[],0,,,2.5290
1307395147,https://icepar.specparts.shop/products/detail?slug=zf_1307395147-492053,915,,,,,[],0,[],0,[],0,,,2.6185
1307395179,https://icepar.specparts.shop/products/detail?slug=zf_1307395179-492054,915,,,,,[],0,[],0,[],0,,,2.7312
1307395180,https://icepar.specparts.shop/products/detail?slug=zf_1307395180-492055,915,,,,,[],0,[],0,[],0,,,2.5474
1307395224,https://icepar.specparts.shop/products/detail?slug=zf_1307395224-492056,915,,,,,[],0,[],0,[],0,,,2.5941
1307395316,https://icepar.specparts.shop/products/detail?slug=zf_1307395316-492057,915,,,,,[],0,[],0,[],0,,,2.5863
1307395322,https://icepar.specparts.shop/products/detail?slug=zf_1307395322-492058,915,,,,,[],0,[],0,[],0,,,2.5877
1310304202,https://icepar.specparts.shop/products/detail?slug=zf_1310304202-492061,915,,,,,[],0,[],0,"[""OEM: 1662710""]",1,,,7.1212
1312304159,https://icepar.specparts.shop/products/detail?slug=zf_1312304159-492068,915,,,,,[],0,[],0,"[""DAF: 1300312"", ""NECO: 4253 1384"", ""MAN: 81.38108.0005"", ""MERCEDES-BENZ: 000 262 4240"", ""MERCEDES-BENZ: 000 262 8035"", ""MERCEDES-BENZ: A000 262 4240"", ""MERCEDES-BENZ: A000 262 8035"", ""OEM: 3121703"", ""RENAULT: 50 01 832 974"", ""SCANIA: 1544589"", ""VOLVO: 3121703""]",11,,,18.1008
1315301224,https://icepar.specparts.shop/products/detail?slug=zf_1315301224-492075,915,,,,,[],0,[],0,[],0,,,2.6247
1315303027,https://icepar.specparts.shop/products/detail?slug=zf_1315303027-492078,915,,,,,[],0,[],0,"[""OEM: 2122105""]",1,,,6.9971
1315307327,https://icepar.specparts.shop/products/detail?slug=zf_1315307327-492083,915,,,,,[],0,[],0,[],0,,,2.5648
1315334034,https://icepar.specparts.shop/products/detail?slug=zf_1315334034-492087,916,,,,,[],0,[],0,[],0,,,2.7821
1315334069,https://icepar.specparts.shop/products/detail?slug=zf_1315334069-492088,916,,,,,[],0,[],0,"[""DAF: 1781372"", ""NECO: 4253 4474"", ""OEM: 1315334069"", ""RENAULT: 50 01 849 893"", ""RENAULT: 50 01 875 157"", ""VOLKSWAGEN: 2U2 311 675 B""]",6,,,12.2702
1316304132,https://icepar.specparts.shop/products/detail?slug=zf_1316304132-492102,916,,,,,[],0,[],0,[],0,,,2.5403
1316304152,https://icepar.specparts.shop/products/detail?slug=zf_1316304152-492104,916,,,,,[],0,[],0,[],0,,,2.6066
1316304154,https://icepar.specparts.shop/products/detail?slug=zf_1316304154-492105,916,,,,,[],0,[],0,[],0,,,2.5195
1316312015,https://icepar.specparts.shop/products/detail?slug=zf_1316312015-492122,916,,,,,[],0,[],0,"[""DAF: 1295233"", ""DAF: 1317310"", ""NECO: 4253 1413"", ""NECO: 9319 1208"", ""MAN: 8132638.0023"", ""MAN: 8132638.0037"", ""OEM: 1316312015"", ""RENAULT: 50 01 848 895"", ""VOLKSWAGEN: 2U2 311 675A""]",9,,,16.7659
1324207033,https://icepar.specparts.shop/products/detail?slug=zf_1324207033-492123,916,,,,,[],0,[],0,"[""OEM: 1662590""]",1,,,6.9849
1324207034,https://icepar.specparts.shop/products/detail?slug=zf_1324207034-492124,916,,,,,[],0,[],0,"[""OEM: 1527352""]",1,,,7.1098
1324307245,https://icepar.specparts.shop/products/detail?slug=zf_1324307245-492125,916,,,,,[],0,[],0,[],0,,,2.6233
1356304025,https://icepar.specparts.shop/products/detail?slug=zf_1356304025-492129,916,,,,,[],0,[],0,"[""OEM: 42562890""]",1,,,7.0495
1356304026,https://icepar.specparts.shop/products/detail?slug=zf_1356304026-492130,916,,,,,[],0,[],0,"[""OEM: 500054280""]",1,,,6.8970
6038 202 003,https://icepar.specparts.shop/products/detail?slug=zf_6038202003-492131,916,,,,,[],0,[],0,[],0,,,2.6092
TK327127,https://icepar.specparts.shop/products/detail?slug=tekbond_tk327127-489855,917,,,,,"[""UNIVERSAL UNIVERSAL (0 AL 2026)""]",1,[],0,[],0,,,6.1718
TK327134,https://icepar.specparts.shop/products/detail?slug=tekbond_tk327134-489857,917,,,,,"[""UNIVERSAL UNIVERSAL (0 AL 2026)""]",1,[],0,[],0,,,6.1746
TK327139,https://icepar.specparts.shop/products/detail?slug=tekbond_tk327139-489858,917,,,,,"[""UNIVERSAL UNIVERSAL (0 AL 2026)""]",1,[],0,[],0,,,6.1784
TK327144,https://icepar.specparts.shop/products/detail?slug=tekbond_tk327144-489861,917,,,,,"[""UNIVERSAL UNIVERSAL (0 AL 2026)""]",1,[],0,[],0,,,6.3463
TK327145,https://icepar.specparts.shop/products/detail?slug=tekbond_tk327145-489862,917,,,,,"[""UNIVERSAL UNIVERSAL (0 AL 2026)""]",1,[],0,[],0,,,6.1100
TK327146,https://icepar.specparts.shop/products/detail?slug=tekbond_tk327146-489863,917,,,,,"[""UNIVERSAL UNIVERSAL (0 AL 2026)""]",1,[],0,[],0,,,6.1308
TK327147,https://icepar.specparts.shop/products/detail?slug=tekbond_tk327147-489864,917,,,,,"[""UNIVERSAL UNIVERSAL (0 AL 2026)""]",1,[],0,[],0,,,6.2305
TK327148,https://icepar.specparts.shop/products/detail?slug=tekbond_tk327148-489865,917,,,,,"[""UNIVERSAL UNIVERSAL (0 AL 2026)""]",1,[],0,[],0,,,6.2267
TK327149,https://icepar.specparts.shop/products/detail?slug=tekbond_tk327149-489866,917,,,,,"[""UNIVERSAL UNIVERSAL (0 AL 2026)""]",1,[],0,[],0,,,6.6428
TK327156,https://icepar.specparts.shop/products/detail?slug=tekbond_tk327156-489871,917,,,,,"[""UNIVERSAL UNIVERSAL (0 AL 2026)""]",1,[],0,[],0,,,6.1652
TK327164,https://icepar.specparts.shop/products/detail?slug=tekbond_tk327164-489874,917,,,,,"[""UNIVERSAL UNIVERSAL (0 AL 2026)""]",1,[],0,[],0,,,6.0922
TK327165,https://icepar.specparts.shop/products/detail?slug=tekbond_tk327165-489875,917,,,,,"[""UNIVERSAL UNIVERSAL (0 AL 2026)""]",1,[],0,[],0,,,6.1874
TK327167,https://icepar.specparts.shop/products/detail?slug=tekbond_tk327167-489877,918,,,,,"[""UNIVERSAL UNIVERSAL (0 AL 2026)""]",1,[],0,[],0,,,6.2604
TK366617,https://icepar.specparts.shop/products/detail?slug=tekbond_tk366617-489879,918,,,,,"[""UNIVERSAL UNIVERSAL (0 AL 2026)""]",1,[],0,[],0,,,6.4966
TK714551,https://icepar.specparts.shop/products/detail?slug=tekbond_tk714551-489883,918,,,,,"[""UNIVERSAL UNIVERSAL (0 AL 2026)""]",1,[],0,[],0,,,6.2305
TK714559,https://icepar.specparts.shop/products/detail?slug=tekbond_tk714559-489884,918,,,,,"[""UNIVERSAL UNIVERSAL (0 AL 2026)""]",1,[],0,[],0,,,6.2496
TK714562,https://icepar.specparts.shop/products/detail?slug=tekbond_tk714562-489887,918,,,,,"[""UNIVERSAL UNIVERSAL (0 AL 2026)""]",1,[],0,[],0,,,6.2379
TK714565,https://icepar.specparts.shop/products/detail?slug=tekbond_tk714565-489890,918,,,,,"[""UNIVERSAL UNIVERSAL (0 AL 2026)""]",1,[],0,[],0,,,6.2428
TK714566,https://icepar.specparts.shop/products/detail?slug=tekbond_tk714566-489891,918,,,,,"[""UNIVERSAL UNIVERSAL (0 AL 2026)""]",1,[],0,[],0,,,6.2182
TK714567,https://icepar.specparts.shop/products/detail?slug=tekbond_tk714567-489892,918,,,,,"[""UNIVERSAL UNIVERSAL (0 AL 2026)""]",1,[],0,[],0,,,6.2050
TK714568,https://icepar.specparts.shop/products/detail?slug=tekbond_tk714568-489893,918,,,,,"[""UNIVERSAL UNIVERSAL (0 AL 2026)""]",1,[],0,[],0,,,6.1147
TK714570,https://icepar.specparts.shop/products/detail?slug=tekbond_tk714570-489895,918,,,,,"[""UNIVERSAL UNIVERSAL (0 AL 2026)""]",1,[],0,[],0,,,6.5748
TK714571,https://icepar.specparts.shop/products/detail?slug=tekbond_tk714571-489896,918,,,,,"[""UNIVERSAL UNIVERSAL (0 AL 2026)""]",1,[],0,[],0,,,6.2454
TK714574,https://icepar.specparts.shop/products/detail?slug=tekbond_tk714574-489898,918,,,,,"[""UNIVERSAL UNIVERSAL (0 AL 2026)""]",1,[],0,[],0,,,6.1097
TK714606,https://icepar.specparts.shop/products/detail?slug=tekbond_tk714606-489899,918,,,,,"[""UNIVERSAL UNIVERSAL (0 AL 2026)""]",1,[],0,[],0,,,6.1157
TK714607,https://icepar.specparts.shop/products/detail?slug=tekbond_tk714607-489900,919,,,,,"[""UNIVERSAL UNIVERSAL (0 AL 2026)""]",1,[],0,[],0,,,6.1585
TK714608,https://icepar.specparts.shop/products/detail?slug=tekbond_tk714608-489901,919,,,,,"[""UNIVERSAL UNIVERSAL (0 AL 2026)""]",1,[],0,[],0,,,6.1061
TK714609,https://icepar.specparts.shop/products/detail?slug=tekbond_tk714609-489902,919,,,,,"[""UNIVERSAL UNIVERSAL (0 AL 2026)""]",1,[],0,[],0,,,6.1682
TK714610,https://icepar.specparts.shop/products/detail?slug=tekbond_tk714610-489903,919,,,,,"[""UNIVERSAL UNIVERSAL (0 AL 2026)""]",1,[],0,[],0,,,6.2304
TK714613,https://icepar.specparts.shop/products/detail?slug=tekbond_tk714613-489904,919,,,,,"[""UNIVERSAL UNIVERSAL (0 AL 2026)""]",1,[],0,[],0,,,6.1587
TK714614,https://icepar.specparts.shop/products/detail?slug=tekbond_tk714614-489905,919,,,,,"[""UNIVERSAL UNIVERSAL (0 AL 2026)""]",1,[],0,[],0,,,6.2935
TK714615,https://icepar.specparts.shop/products/detail?slug=tekbond_tk714615-489906,919,,,,,"[""UNIVERSAL UNIVERSAL (0 AL 2026)""]",1,[],0,[],0,,,6.2090
TK714616,https://icepar.specparts.shop/products/detail?slug=tekbond_tk714616-489907,919,,,,,"[""UNIVERSAL UNIVERSAL (0 AL 2026)""]",1,[],0,[],0,,,6.3289
TK714618,https://icepar.specparts.shop/products/detail?slug=tekbond_tk714618-489908,919,,,,,"[""UNIVERSAL UNIVERSAL (0 AL 2026)""]",1,[],0,[],0,,,6.1169
TK714619,https://icepar.specparts.shop/products/detail?slug=tekbond_tk714619-489909,919,,,,,"[""UNIVERSAL UNIVERSAL (0 AL 2026)""]",1,[],0,[],0,,,6.2239
TK714620,https://icepar.specparts.shop/products/detail?slug=tekbond_tk714620-489910,919,,,,,"[""UNIVERSAL UNIVERSAL (0 AL 2026)""]",1,[],0,[],0,,,6.6746
TK714621,https://icepar.specparts.shop/products/detail?slug=tekbond_tk714621-489911,919,,,,,"[""UNIVERSAL UNIVERSAL (0 AL 2026)""]",1,[],0,[],0,,,6.1444
TK714625,https://icepar.specparts.shop/products/detail?slug=tekbond_tk714625-489912,919,,,,,"[""UNIVERSAL UNIVERSAL (0 AL 2026)""]",1,[],0,[],0,,,6.1682
TK714626,https://icepar.specparts.shop/products/detail?slug=tekbond_tk714626-489913,919,,,,,"[""UNIVERSAL UNIVERSAL (0 AL 2026)""]",1,[],0,[],0,,,6.1324
TK714628,https://icepar.specparts.shop/products/detail?slug=tekbond_tk714628-489914,919,,,,,"[""UNIVERSAL UNIVERSAL (0 AL 2026)""]",1,[],0,[],0,,,6.3384
TK714631,https://icepar.specparts.shop/products/detail?slug=tekbond_tk714631-489915,919,,,,,"[""UNIVERSAL UNIVERSAL (0 AL 2026)""]",1,[],0,[],0,,,6.0588
TK714633,https://icepar.specparts.shop/products/detail?slug=tekbond_tk714633-489916,919,,,,,"[""UNIVERSAL UNIVERSAL (0 AL 2026)""]",1,[],0,[],0,,,6.1625
TK714634,https://icepar.specparts.shop/products/detail?slug=tekbond_tk714634-489917,919,,,,,"[""UNIVERSAL UNIVERSAL (0 AL 2026)""]",1,[],0,[],0,,,6.1565
TK714637,https://icepar.specparts.shop/products/detail?slug=tekbond_tk714637-489918,919,,,,,"[""UNIVERSAL UNIVERSAL (0 AL 2026)""]",1,[],0,[],0,,,6.2461
TK714639,https://icepar.specparts.shop/products/detail?slug=tekbond_tk714639-489919,919,,,,,"[""UNIVERSAL UNIVERSAL (0 AL 2026)""]",1,[],0,[],0,,,6.0827
TK714644,https://icepar.specparts.shop/products/detail?slug=tekbond_tk714644-489920,919,,,,,"[""UNIVERSAL UNIVERSAL (0 AL 2026)""]",1,[],0,[],0,,,6.2628
TK714645,https://icepar.specparts.shop/products/detail?slug=tekbond_tk714645-489921,919,,,,,"[""UNIVERSAL UNIVERSAL (0 AL 2026)""]",1,[],0,[],0,,,6.3306
TK709244,https://icepar.specparts.shop/products/detail?slug=tekbond_tk709244-489922,919,,,,,"[""UNIVERSAL UNIVERSAL (0 AL 2026)""]",1,[],0,[],0,,,6.2980
TK709345,https://icepar.specparts.shop/products/detail?slug=tekbond_tk709345-489960,919,,,,,"[""UNIVERSAL UNIVERSAL (0 AL 2026)""]",1,[],0,[],0,,,6.1739
1296334039,https://icepar.specparts.shop/products/detail?slug=zf_1296334039-491975,920,,,,,[],0,[],0,"[""OEM: 1527462""]",1,,,7.1055
1295307176,https://icepar.specparts.shop/products/detail?slug=zf_1295307176-491955,920,,,,,[],0,[],0,"[""OEM: 1527329""]",1,,,7.7626
1295307178,https://icepar.specparts.shop/products/detail?slug=zf_1295307178-491956,920,,,,,[],0,[],0,"[""OEM: 1527326""]",1,,,7.2358
1295307585,https://icepar.specparts.shop/products/detail?slug=zf_1295307585-491958,920,,,,,[],0,[],0,"[""OEM: 1527327""]",1,,,7.2027
3482 001 413,https://icepar.specparts.shop/products/detail?slug=sachs_3482001413-35211,920,,,,,"[""MERCEDES BENZ 2428 (2001 AL 2007)"", ""MERCEDES BENZ ATEGO 1328 (2013 AL 2014)"", ""MERCEDES BENZ ATEGO 1725 (2007 AL 2017)"", ""MERCEDES BENZ ATEGO 1725 A/S (2007 AL 2019)"", ""MERCEDES BENZ ATEGO 2426 &X2 (2016 AL 2026)"", ""MERCEDES BENZ ATEGO 2730B (2017 AL 2026)"", ""MERCEDES BENZ ATEGO 2730K (2017 AL 2026)"", ""MERCEDES BENZ ATRON 1624 (2013 AL 2016)"", ""MERCEDES BENZ BMO 695 1624 (2013 AL 2017}"", ""MERCEDES BENZ L 1623 (2001 AL 2007)"", ""MERCEDES BENZ L 1632 (1999 AL 2004)"", ""MERCEDES BENZ © 500 M (2004 AL 2026)"", ""MERCEDES BENZ © 500 U (2004 AL 2026)"", ""VOLKSWAGEN VOLKSBUS 17.230 OD (2018 AL 2026)"", ""VOLKSWAGEN VOLKSBUS 4.6 MT (2015 AL 2026)""]",15,"[""DIAMETRO EXTERIOR DE PLACA: 395 mm""]",1,"[""SACHS: 1597"", ""SACHS: 3482 000 527"", ""SACHS: 3482001 413:009"", ""SACHS: 3482 123 833""]",4,,,41.2556
3082 119 131,https://icepar.specparts.shop/products/detail?slug=sachs_3082119131-35321,920,,,,,"[""PEUGEOT 404 4CIL (1965 AL 1976)"", ""PEUGEOT 404 &CIL (1965 AL 1976)"", ""PEUGEOT 505 2.0 GR (1983 AL 1985)""]",3,"[""DIAMETRO EXTERIOR DE PLATO: 215 mm"", ""TIPO: A DIAFRAGMA""]",2,[],0,,,15.8055
1882 205 234,https://icepar.specparts.shop/products/detail?slug=sachs_1882205234-62199,920,,,,,"[""MERCEDES BENZ L 608 (1988 AL 1991)""]",1,"[""DIAMETRO EXTERIOR DE PLATO: 250 mm""]",1,"[""SACHS: 1125"", ""SACHS: 1246"", ""SACHS: 1882 205 234:009""]",3,,,19.2249
1882 226 405,https://icepar.specparts.shop/products/detail?slug=sachs_1882226405-62200,920,,,,,[],0,"[""DIAMETRO EXTERIOR DE DISCO: 420 mm""]",1,"[""SACHS: 1159"", ""SACHS: 1197"", ""SACHS: 1211"", ""SACHS: 1882 226 405:009""]",4,,,16.3842
1882 230 093,https://icepar.specparts.shop/products/detail?slug=sachs_1882230093-62201,920,,,,,[],0,[],0,"[""SACHS: 1140"", ""SACHS: 1882 230 093:009""]",2,,,8.3191
1882 230 238,https://icepar.specparts.shop/products/detail?slug=sachs_1882230238-62202,920,,,,,[],0,"[""DIAMETRO: 280 mm""]",1,"[""SACHS: 1106"", ""SACHS: 1107"", ""SACHS: 1882 230 238:009""]",3,,,14.5004
1882 305 192,https://icepar.specparts.shop/products/detail?slug=sachs_1882305192-62204,920,,,,,[],0,"[""DIAMETRO EXTERIOR DE PLATO: 310 mm""]",1,"[""OEM: 1171"", ""SACHS: 1153"", ""SACHS: 1155"", ""SACHS: 1171"", ""SACHS: 1172"", ""SACHS: 1185"", ""SACHS: 1186"", ""SACHS: 1882 305 192:009""]",8,,,20.1367
1882 600 119,https://icepar.specparts.shop/products/detail?slug=sachs_1882600119-62205,920,,,,,[],0,"[""DIAMETRO EXTERIOR DE PLATO: 305 mm""]",1,"[""LUK: 133 0010 100 Al"", ""SACHS: 1286"", ""SACHS: 1882 600 119:009""]",3,,,14.6849
1882 600 120,https://icepar.specparts.shop/products/detail?slug=sachs_1882600120-62206,920,,,,,[],0,"[""DIAMETRO EXTERIOR DE PLATO: 305 mm""]",1,"[""SACHS: 1452"", ""SACHS: 1882 600 120:009""]",2,,,13.4976
1890 000 005,https://icepar.specparts.shop/products/detail?slug=sachs_1890000005-62207,920,,,,,[],0,"[""DIAMETRO EXTERIOR DE PLATO: 305 mm""]",1,"[""SACHS: 1521"", ""SACHS: 1890 000 005:009""]",2,,,13.6755
3082 121 031,https://icepar.specparts.shop/products/detail?slug=sachs_3082121031-62299,920,,,,,"[""MERCEDES BENZ 280 C280 (1983 AL 1984)"", ""MERCEDES BENZ 280 CE (1983 AL 1985)"", ""MERCEDES BENZ 280 E (1983 AL 1984)"", ""MERCEDES BENZ 280 SE (1983 AL 1985)"", ""MERCEDES BENZ 280 SEC (1983 AL 1986)"", ""MERCEDES BENZ 280 SEL (1983 AL 1985)"", ""MERCEDES BENZ 300 2.8 (1993 AL 1994)""]",7,"[""DIAMETRO: 228 mm""]",1,[],0,,,18.3105
3082 137 031,https://icepar.specparts.shop/products/detail?slug=sachs_3082137031-62300,920,,,,,"[""MERCEDES BENZ 190 2.0D (1988 AL 1993)""]",1,"[""DIAMETRO: 200 mm""]",1,[],0,,,10.4564
3082 149 436,https://icepar.specparts.shop/products/detail?slug=sachs_3082149436-62301,920,,,,,"[""AUDI 80 19 TDI (1994 AL 1997)"", ""FORD ESCORT 18 (1990 AL 1995)"", ""FORD ESCORT 184 XR3 (1994 AL 1997)"", ""FORD VERONA 1.81 (1994 AL 1995)"", ""SEAT CORDOBA 1.8 (1994 AL 1997)"", ""SEAT CORDOBA 1.9 TD (1994 AL 1998)"", ""SEAT CORDOBA 1.9D (1994 AL 1997}"", ""SEAT IBIZA L9D (1993 AL 1996)"", ""SEAT INCA 19D (1997 AL 2001)"", ""SEAT TOLEDO 1.8 (1991 AL 1994)"", ""SEAT TOLEDO 1.9 TDI (1994 AL 1997)"", ""SEAT TOLEDO 1.9D (1994 AL 2000)"", ""VOLKSWAGEN CADDY 16 MI (1998 AL 2010)"", ""VOLKSWAGEN GOLF 19 TD (1996 AL 1999)"", ""VOLKSWAGEN POLO CLASSIC 14 MI (1997 AL 2000)""]",15,"[""DIAMETRO: 210 mm""]",1,"[""SACHS: 1392"", ""SACHS: 3082 149 436:009""]",2,,,40.9167
3082 149 541,https://icepar.specparts.shop/products/detail?slug=sachs_3082149541-62302,920,,,,,"[""SEAT CORDOBA 1.8 (1994 AL 1997)"", ""SEAT IBIZA 18 (1994 AL 1997)"", ""SEAT TOLEDO 1.8 (1994 AL 1996)"", ""VOLKSWAGEN GOLF 14 MI (1996 AL 1998)"", ""VOLKSWAGEN POLO CLASSIC 14 MI (1997 AL 2000)""]",5,"[""DIAMETRO: 210 mm""]",1,"[""SACHS: 1492"", ""SACHS: 3082 149 541:009""]",2,,,33.1973
3082 156 031,https://icepar.specparts.shop/products/detail?slug=sachs_3082156031-62303,920,,,,,"[""MERCEDES BENZ 230 2.3CE (1983 AL 1994)""]",1,"[""DIAMETRO: 228 mm""]",1,[],0,,,10.8830
3082 164 031,https://icepar.specparts.shop/products/detail?slug=sachs_3082164031-62304,920,,,,,"[""MERCEDES BENZ 200 2.0 (1984 AL 1985, 1992 AL 1995)"", ""MERCEDES BENZ 200 2.0 TD (1984 AL 1994)"", ""MERCEDES BENZ 200 2.0 TE (1988 AL 1992)"", ""MERCEDES BENZ 250 2.5 TD (1988 AL 1993)"", ""MERCEDES BENZ 300 2.5 TD (1990 AL 1995)""]",5,"[""DIAMETRO: 215 mm""]",1,[],0,,,16.4246
3082 191 032,https://icepar.specparts.shop/products/detail?slug=sachs_3082191032-62305,921,,,,,[],0,"[""DIAMETRO: 228 mm""]",1,"[""SACHS: 5X%:3082 191032""]",1,,,12.6199
3082 196 131,https://icepar.specparts.shop/products/detail?slug=sachs_3082196131-62306,921,,,,,"[""FORD TRANSIT 2.5 TDI (1996 AL 2001)""]",1,"[""DIAMETRO: 242 mm""]",1,[],0,,,10.8864
3082 277 131,https://icepar.specparts.shop/products/detail?slug=sachs_3082277131-62307,921,,,,,[],0,"[""DIAMETRO: 210 mm""]",1,"[""SACHS: 5X%:3082 277 131""]",1,,,12.7821
3082 288 031,https://icepar.specparts.shop/products/detail?slug=sachs_3082288031-62308,921,,,,,"[""MERCEDES BENZ CLASE C C180 18 (1993 AL 1995)"", ""MERCEDES BENZ CLASE C C200 2.0 (1993 AL 2000)"", ""MERCEDES BENZ CLASEC C250 2.5D (1993 AL 1996)""]",3,"[""DIAMETRO: 215 mm""]",1,[],0,,,14.2253
3082 294 931,https://icepar.specparts.shop/products/detail?slug=sachs_3082294931-62309,921,,,,,"[""MERCEDES BENZ CLASE A A160 16 (1999 AL 2006)""]",1,"[""DIAMETRO: 215 mm""]",1,[],0,,,10.6515
3082 307 531,https://icepar.specparts.shop/products/detail?slug=sachs_3082307531-62310,921,,,,,"[""MERCEDES BENZ SPRINTER 2.2 CDI (2002 AL 2014)"", ""MERCEDES BENZ SPRINTER 2.5D (1996 AL 2002)""]",2,"[""DIAMETRO: 240 mm""]",1,"[""LUK: 124 0196 110"", ""SACHS: 1484"", ""SACHS: 1531"", ""SACHS: 3082 307 531:009""]",4,,,21.5015
3082 600 711,https://icepar.specparts.shop/products/detail?slug=sachs_3082600711-62311,921,,,,,"[""CHEVROLET GRAND VITARA 2.0 HDI (1999 AL 2003)"", ""CITROEN C5 2.0 HDI (2002 AL 2005)"", ""CITROEN XANTIA 2.0 HDI (1999 AL 2001)"", ""MAZDA 626 2.0D (1997 AL 2000)"", ""PEUGEOT 307 2.0 HDI 110CV (2006 AL 2012)"", ""PEUGEOT 406 2.0 HDI (2000 AL 2004)"", ""PEUGEOT 806 2.0 HDI (2000 AL 2002)"", ""SUZUKI GRAND VITARA 20 HDI (2002 AL 2007)"", ""SUZUKI GRAND VITARA 20 TDI (2002 AL 2003)""]",9,"[""DIAMETRO: 225 mm""]",1,[],0,,,21.0063
3082 639 701,https://icepar.specparts.shop/products/detail?slug=sachs_3082639701-62312,921,,,,,"[""CHRYSLER GRAND CARAVAN 2.5 TD (1996 AL 1997)"", ""CHRYSLER TOWN & COUNTRY 36 V6 PENTASTAR (2012 AL 2021)"", ""DODGE JOURNEY 3.6 V6 PENTASTAR (2013 AL 2022)"", ""JEEP CHEROKEE 2.5 (1992 AL 1997)"", ""JEEP CHEROKEE 2.5 TD (1995 AL 2001)"", ""JEEP CHEROKEE 4.0 (1985 AL 2000)"", ""JEEP COMPASS 2.4 16V (2007 AL 2015)"", ""JEEP GRAND CHEROKEE 2.5 TD (1994 AL 2001)"", ""JEEP GRAND CHEROKEE 3.6 V6 PENTASTAR (2012 AL 2026)"", ""JEEP GRAND CHEROKEE 4.0 (1991 AL 2005)"", ""JEEP WRANGLER 3.6 V6 PENTASTAR (2012 AL 2026)"", ""JEEP WRANGLER 3.8 (2007 AL 2013)"", ""JEEP WRANGLER 3.8 V6 (2015 AL 2016)"", ""JEEP WRANGLER 4.0 (1993 AL 2002)""]",14,"[""DIAMETRO: 267 mm""]",1,[],0,,,26.7504
3082 644 001,https://icepar.specparts.shop/products/detail?slug=sachs_3082644001-62313,921,,,,,"[""MERCEDES BENZ CLASE C C220 2.2 (1993 AL 1996)"", ""MERCEDES BENZ CLASE C C230 2.3 (1997 AL 1998)"", ""MERCEDES BENZ CLASE C C240 2.4 (1997 AL 2001)"", ""MERCEDES BENZ CLASE E E220 2.2 (1993 AL 1996)"", ""MERCEDES BENZ CLASE E E230 2.3 (1996 AL 1998)""]",5,"[""DIAMETRO: 228 mm""]",1,[],0,,,16.2786
3082 654 138,https://icepar.specparts.shop/products/detail?slug=sachs_3082654138-62314,921,,,,,"[""NEW HOLLAND 7610 (2008 AL 2026)"", ""NEW HOLLAND 7630 4WD (1999 AL 2012)"", ""NEW HOLLAND 7630 4WD doble traccion (2009 AL 2026)"", ""NEW HOLLAND 7630 simple traccién (2004 AL 2010)"", ""NEW HOLLAND 7810 (1988 AL 2026)"", ""NEW HOLLAND 8030 4WD (1999 AL 2012)"", ""NEW HOLLAND 8030 4WD doble traccién (2009 AL 2026)"", ""NEW HOLLAND 8030 simple tracci6n (2008 AL 2009)""]",8,"[""DIAMETRO EXTERIOR DE PLATO: 325 mm""]",1,"[""SACHS: 1324"", ""SACHS: 3082 654 138:009""]",2,,,26.1823
3082 654 139,https://icepar.specparts.shop/products/detail?slug=sachs_3082654139-62315,921,,,,,[],0,"[""DIAMETRO EXTERIOR DE PLATO: 420 mm""]",1,"[""SACHS: 1215"", ""SACHS: 1237"", ""SACHS: 3082 654 139:009""]",3,,,14.5178
3082 654 325,https://icepar.specparts.shop/products/detail?slug=sachs_3082654325-62316,921,,,,,"[""SEAT CORDOBA 1.9D (1994 AL 1997}"", ""SEAT IBIZA L9D (1993 AL 1996)"", ""SEAT INCA 19D (1997 AL 2001)"", ""SEAT TOLEDO 1.9D (1994 AL 2000)"", ""VOLKSWAGEN CADDY 16 MI (1998 AL 2010)"", ""VOLKSWAGEN CADDY 139 D (1998 AL 2009)"", ""VOLKSWAGEN GACEL 16 D (1992 AL 1993)"", ""VOLKSWAGEN GOL 16 D (1995 AL 1998)"", ""VOLKSWAGEN GOL 139 D (1998)"", ""VOLKSWAGEN GOL 19 5D (1998 AL 2009)"", ""VOLKSWAGEN GOL 19D (1998 AL 1999)"", ""VOLKSWAGEN POLO CLASSIC 19 5D (1996 AL 2005)"", ""VOLKSWAGEN SAVEIRO 1.6 D (1990 AL 1997)"", ""VOLKSWAGEN SAVEIRO 1.9 D (2003 AL 2010)"", ""VOLKSWAGEN SAVEIRO 1.9 5D (1998 AL 2001)"", ""VOLKSWAGEN SENDA 16 D (1990 AL 1997}""]",16,"[""TIPO: A DIAFRAGMA""]",1,"[""SACHS: 1493"", ""SACHS: 3082 654 325:009""]",2,,,34.9471
3082 654 329,https://icepar.specparts.shop/products/detail?slug=sachs_3082654329-62317,921,,,,,"[""CHEVROLET ASTRA 2.4 16V (2005 AL 2010)"", ""CHEVROLET BLAZER 2.4 16V (2006 AL 2007}"", ""CHEVROLET 5-10 2.2 EFI (1995 AL 1999)"", ""CHEVROLET VECTRA 2.4 16V (2006 AL 2011)""]",4,[],0,"[""SACHS: 1545"", ""SACHS: 3082 654 329:009""]",2,,,16.2233
3082 654 361,https://icepar.specparts.shop/products/detail?slug=sachs_3082654361-62318,921,,,,,"[""FORD GALAXY 18) (1994 AL 1996)"", ""VOLKSWAGEN CARAT 14 (1987 AL 1991)"", ""VOLKSWAGEN CARAT 2.0 (1989 AL 1992)"", ""VOLKSWAGEN GACEL 18 GLS5 (1987 AL 1994)"", ""VOLKSWAGEN GOL 16 CFI (1995 AL 1998)"", ""VOLKSWAGEN GOL 16 MI (1996 AL 2011)"", ""VOLKSWAGEN GOL 18 CFI (1995 AL 1997)"", ""VOLKSWAGEN GOL 18 GL (1993 AL 1995)"", ""VOLKSWAGEN GOL 2.0 (1991 AL 1994)"", ""VOLKSWAGEN POINTER 16 CFI (1994 AL 1997)"", ""VOLKSWAGEN QUANTUM 18 (1986 AL 1996)"", ""VOLKSWAGEN QUANTUM 14 MI (1996 AL 1998)"", ""VOLKSWAGEN QUANTUM 2.0 (1992 AL 1998)"", ""VOLKSWAGEN SANTANA 2.6 (2002 AL 2007)""]",14,[],0,"[""SACHS: 1061"", ""SACHS: 3082 654 361:009""]",2,,,27.9797
3082 654 370,https://icepar.specparts.shop/products/detail?slug=sachs_3082654370-62319,921,,,,,"[""FORD ESCORT 16 (1988 AL 1996)"", ""SEAT IBIZA 18 (1994 AL 1997)"", ""SEAT TOLEDO 1.8 (1994 AL 1996)"", ""VOLKSWAGEN GACEL 16 &V (1983 AL 1993)"", ""VOLKSWAGEN GACEL 16 D (1992 AL 1993)"", ""VOLKSWAGEN GOL 16 CFI (1991 AL 1998)"", ""VOLKSWAGEN GOL 16 D (1995 AL 1998)"", ""VOLKSWAGEN GOL 16 MI (1996 AL 2011)"", ""VOLKSWAGEN GOLF 14 MI (1996 AL 1998)"", ""VOLKSWAGEN POINTER 16 CFI (1994 AL 1997)"", ""VOLKSWAGEN SENDA 16 8V (1989 AL 1997)"", ""VOLKSWAGEN SENDA 16 D (1990 AL 1997}""]",12,"[""CANTIDAD DE ESTRIAS DE DISCO: 17"", ""DIAMETRO EXTERIOR DE DISCO: 200 mm""]",2,"[""SACHS: 1199"", ""SACHS: 3082 654 370:009""]",2,,,33.2843
3082 670 001,https://icepar.specparts.shop/products/detail?slug=sachs_3082670001-62320,921,,,,,[],0,"[""DIAMETRO: 220 mm""]",1,"[""SACHS: 5X%:3082 670 001""]",1,,,12.5651
3482 000 026,https://icepar.specparts.shop/products/detail?slug=sachs_3482000026-62399,921,,,,,"[""DIMEX 1116 A 5.9 (2001 AL 2004)"", ""DIMEX D 1416 5.9 (2001 AL 2004)"", ""DIMEX D 1721 N 5.9 (2001 AL 2004)"", ""DIMEX D 1721 T 5.9 (2001 AL 2004)"", ""FORD CARGO 1317 (2005 AL 2007)"", ""FORD CARGO 1416 (1999 AL 2007)"", ""FORD CARGO 1517 (2005 AL 2009)"", ""FORD CARGO 1716 (1999 AL 2008)"", ""FORD CARGO 1729 6X2 53 CD MT (2018 AL 2022)"", ""FORD CARGO 1729-37 CD MT (2016 AL 2022)"", ""FORD CARGO 1729-48 CD MT (2016 AL 2022)"", ""FORD CARGO 1729-48 CN MT (2016 AL 2022)"", ""FORD CARGO 1730 3.9 (1999 AL 2009)"", ""FORD CARGO 1831 3.9 (2002 AL 2007)"", ""FORD CARGO 2425 3.9 (1995 AL 2001)"", ""FORD CARGO 2525 3.9 (1997 AL 2003)"", ""FORD CARGO 2631 3.9 (2002 AL 2007)"", ""FORD CARGO 916 (2016 AL 2026)"", ""FORD F-14000 F-14.000 (1996 AL 2008)"", ""VOLKSWAGEN 15160 8.3 (1999 AL 2004)"", ""VOLKSWAGEN 17160 (2000 AL 2001)"", ""VOLKSWAGEN CONSTELLATION 17.250 E (2007 AL 2017)"", ""VOLKSWAGEN VOLKSBUS 17.210 OD (2005 AL 2007)"", ""VOLKSWAGEN WORKER 13180 (2007 AL 2011)"", ""VOLKSWAGEN WORKER 13190 (2019 AL 2021)"", ""VOLKSWAGEN WORKER 15180 (2006 AL 2016)"", ""VOLKSWAGEN WORKER 17210 (2005 AL 2007}"", ""VOLKSWAGEN WORKER 8.3 (1999 AL 2015)""]",28,"[""DIAMETRO EXTERIOR DE PLATO: 350 mm""]",1,"[""SACHS: 1078"", ""SACHS: 3482 000 026:009""]",2,,,48.9155
3482 000 032,https://icepar.specparts.shop/products/detail?slug=sachs_3482000032-62400,921,,,,,[],0,"[""DIAMETRO EXTERIOR DE PLATO: 280 mm""]",1,"[""SACHS: 1249"", ""SACHS: 3482 000 032:009""]",2,,,13.8953
3482 000 060,https://icepar.specparts.shop/products/detail?slug=sachs_3482000060-62401,921,,,,,"[""MERCEDES BENZ 710 (2001)"", ""MERCEDES BENZ L 710 (1990 AL 1999)""]",2,"[""DIAMETRO EXTERIOR DE PLATO: 310 mm""]",1,"[""SACHS: 1204"", ""SACHS: 3482 000 060:009""]",2,,,19.8003
3482 000 084,https://icepar.specparts.shop/products/detail?slug=sachs_3482000084-62402,921,,,,,"[""MERCEDES BENZ 1215 1215C (1999 AL 2005)"", ""MERCEDES BENZ 1718 1718M (2001 AL 2007)"", ""MERCEDES BENZ 712 712C (2001 AL 2007)"", ""MERCEDES BENZ 914C (2001 AL 2007)"", ""MERCEDES BENZ 921/913/912/914 (1993 AL 2004)"", ""MERCEDES BENZ ACCELO 1016 (2016 AL 2026)"", ""MERCEDES BENZ ACCELO 815 (2016 AL 2026)"", ""MERCEDES BENZ ACCELO 915C (2005 AL 2016)"", ""MERCEDES BENZ ATEGO 1315 (2009 AL 2010)"", ""MERCEDES BENZ ATEGO 1328 (2013 AL 2014)"", ""MERCEDES BENZ ATEGO 1418 (2007 AL 2016)"", ""MERCEDES BENZ ATEGO 1718 (2005 AL 2016)"", ""MERCEDES BENZ ATEGO 1720/36 (2016 AL 2022)"", ""MERCEDES BENZ ATEGO 1720/48 (2016 AL 2022)"", ""MERCEDES BENZ ATEGO 1725 (2007 AL 2017)"", ""MERCEDES BENZ ATEGO 1726 (2016 AL 2026)"", ""MERCEDES BENZ ATEGO 1726 5 (2016 AL 2026)"", ""MERCEDES BENZ ATEGO 1726/36 (2016 AL 2022)"", ""MERCEDES BENZ ATEGO 1726/42 (2016 AL 2020)"", ""MERCEDES BENZ ATEGO 2425 (2010 AL 2017)"", ""MERCEDES BENZ ATEGO 2426 &X2 (2016 AL 2026)"", ""MERCEDES BENZ ATEGO 2730B (2017 AL 2026)"", ""MERCEDES BENZ ATEGO 2730K (2017 AL 2026)"", ""MERCEDES BENZ AXOR 1933 L5 (2016 AL 2022)"", ""MERCEDES BENZ AXOR 1933 5 (2007 AL 2022)"", ""MERCEDES BENZ AXOR 2831 B/K (2007 AL 2018)"", ""MERCEDES BENZ BMO 368 1518 (2014 AL 2015)"", ""MERCEDES BENZ BMO 368 1618 L/55 (2010 AL 2017)"", ""MERCEDES BENZ BMO 368 1718 L/62 (2011 AL 2016)"", ""MERCEDES BENZ BMO 368 915 (2014 AL 2016)"", ""MERCEDES BENZ BMO 384 1418 52 (2008 AL 2016)"", ""MERCEDES BENZ BMO 384 1621 CA (2018 AL 2026)"", ""MERCEDES BENZ BMO 390 1115L/ 46 CA (1998 AL 2003)"", ""MERCEDES BENZ BMO 390 1315L/52 CA (2008 AL 2011)"", ""MERCEDES BENZ BMO 693 1720 36 (2016 AL 2020)"", ""MERCEDES BENZ BMO 693 1720/36 (2011 AL 2016)"", ""MERCEDES BENZ L 1218 L 1218 EL (2001 AL 2008)"", ""MERCEDES BENZ L 1318 (2007 AL 2012)"", ""MERCEDES BENZ L 1418 (1998 AL 2003)"", ""MERCEDES BENZ L 1419 (1995 AL 2001)"", ""MERCEDES BENZ L 1618 (1995 AL 2001)"", ""MERCEDES BENZ LK 1218 (1997 AL 1999)"", ""MERCEDES BENZ LK 12184 EL (1997 AL 2008)"", ""MERCEDES BENZ LK 1318 (2007 AL 2013)"", ""MERCEDES BENZ LK 1418 (1997 AL 2007}"", ""MERCEDES BENZ LO 914 (2004 AL 2008)"", ""MERCEDES BENZ LO 915 (2006 AL 2016)"", ""MERCEDES BENZ © 500 (2022 AL 2026)"", ""MERCEDES BENZ OF 1214 (1988 AL 1994)"", ""MERCEDES BENZ OF 1417 (2001 AL 2007)"", ""MERCEDES BENZ OF 1418 (2008 AL 2016)"", ""MERCEDES BENZ GH 1418 (1988 AL 1993)""]",52,"[""DIAMETRO EXTERIOR DE PLATO: 362 mm""]",1,"[""SACHS: 1157"", ""SACHS: 1343"", ""SACHS: 3482 000 084:009""]",3,,,79.3506
3482 000 237,https://icepar.specparts.shop/products/detail?slug=sachs_3482000237-62403,921,,,,,"[""FORD CARGO 2042 (2016 AL 2026)"", ""FORD CARGO 2842 6X2 - 33 CD AMT (2016 AL 2022)"", ""NECO 180E32 (2012 AL 2016)"", ""NECO 180E32 7.8 (2007 AL 2011)"", ""MECC 180E33 7.8 (2010 AL 2018)"", ""MECC 200E41 13.8 (1995 AL 2001)"", ""MECC 450 (1995 AL 2001)"", ""MECC 450E33T 14.0 (2010 AL 2017)"", ""MECC 450E33T 7.8 (2017 AL 2026)"", ""MECC 570546T 12.9 (2012 AL 2016)"", ""MECC EUROTECH 13.8 (2002 AL 2012)"", ""MECC EUROTRAKKER 13.8 (2002 AL 2007)"", ""MECC EUROTRAKKER MP190E37W (2002 AL 2007)"", ""MECC STRALIS 12.9 (2007 AL 2018)"", ""NVECG STRALIS 13.0 (2006 AL 2026)"", ""MECC TRAKKER (2017 AL 2026)"", ""MECC TRAKKER 13 (2015 AL 2017)"", ""MECC TRAKKER 13.0 (2015 AL 2017)"", ""MECC TRAKKER 360 (2012 AL 2015)"", ""MECC TRAKKER 380 (2012 AL 2015)"", ""MECC TRAKKER L2C3F7D8 (2020 AL 2026)"", ""MERCEDES BENZ 1938 5 (1999 AL 2007)"", ""MERCEDES BENZ 1944 5 (2002 AL 2005)"", ""MERCEDES BENZ ATRON 1634 (2013 AL 2016)"", ""MERCEDES BENZ ATRON 1635 5 (2020 AL 2026)"", ""MERCEDES BENZ AXOR 2041 5 (2016 AL 2026)"", ""MERCEDES BENZ AXOR 2044 5 (2007 AL 2012)"", ""MERCEDES BENZ BMO 695 1634 (2013 AL 2020)"", ""MERCEDES BENZ L 1938 (1995 AL 2001)"", ""MERCEDES BENZ L 1941 (1995 AL 2001)"", ""MERCEDES BENZ L 2638 (2005 AL 2007)"", ""MERCEDES BENZ LK 2638 (2005 AL 2006)"", ""MERCEDES BENZ LS 1938 (2007 AL 2009)"", ""MERCEDES BENZ LS 1941 (1995 AL 2001)"", ""MERCEDES BENZ LS 2638 (2007 AL 2009)"", ""MERCEDES BENZ © 400 (1995 AL 1999)"", ""MERCEDES BENZ © 500 RS (2008 AL 2022)"", ""MERCEDES BENZ © 500 RSD (2008 AL 2026)""]",38,"[""DIAMETRO EXTERIOR DE PLATO: 430 mm""]",1,"[""DIESEL TECHNIC: 5.50042"", ""OEM: 1542"", ""SACHS: 1542"", ""SACHS: 3482 000 237:009""]",4,,,61.3724
3482 000 251,https://icepar.specparts.shop/products/detail?slug=sachs_3482000251-62404,921,,,,,"[""SCANIA SERIE G G310 A4X2 (2013 AL 2022)"", ""SCANIA SERIE G G340 A4X2 (2007 AL 2014, 2019 AL 2026)"", ""SCANIA SERIE G G340 A6X2 (2019 AL 2026)"", ""SCANIA SERIE G G340 B4X2 (2007 AL 2013)"", ""SCANIA SERIE G G340 B6X2 (2019 AL 2021)"", ""SCANIA SERIE G G360 A6X2 (2019 AL 2026)"", ""SCANIA SERIE G G410 A/B4X2 (2013 AL 2017)"", ""SCANIA SERIE G G420 A4X2 (2007 AL 2013)"", ""SCANIA SERIE G G420 B4X2 (2007 AL 2012)"", ""SCANIA SERIE G G420 B&X4 (2012 AL 2014)"", ""SCANIA SERIE K K124 IB (1999 AL 2008)"", ""SCANIA SERIE K K250 4X2 (2016 AL 2026)"", ""SCANIA SERIE K K310 4X2 (2007 AL 2026)"", ""SCANIA SERIE K K380 6X2 (2007 AL 2013)"", ""SCANIA SERIE K K420 6X2 (2007 AL 2015)"", ""SCANIA SERIE K K94IB (2002 AL 2008)"", ""SCANIA SERIE P P114 GA (1999 AL 2005)"", ""SCANIA SERIE P P114LA6X2 (2001 AL 2006)"", ""SCANIA SERIE P P124CA (2001 AL 2006)"", ""SCANIA SERIE P P124CB (2001 AL 2006)"", ""SCANIA SERIE P P124GA 4X2 NZ360 (2007)"", ""SCANIA SERIE P P124GB 4X2 NZ420 (2001 AL 2006)"", ""SCANIA SERIE P P270 6X2 (2007 AL 2010)"", ""SCANIA SERIE P P310 4X2 (2007 AL 2017)"", ""SCANIA SERIE P P310 6X2 (2013 AL 2022)"", ""SCANIA SERIE P P310 6X4 (2007 AL 2022)"", ""SCANIA SERIE P P320 A&X4 (2020 AL 2022)"", ""SCANIA SERIE P P340 4X2 (2007 AL 2014)"", ""SCANIA SERIE P P340 6X2 (2007 AL 2014)"", ""SCANIA SERIE P P360 4X2 (2013 AL 2026)"", ""SCANIA SERIE P P360 4X4 (2018 AL 2021)"", ""SCANIA SERIE P P360 6X4 (2018 AL 2021)"", ""SCANIA SERIE P P360 8X4 (2017 AL 2026)"", ""SCANIA SERIE P P380 6X4 (2001 AL 2015)"", ""SCANIA SERIE P P380 8X2 (2018 AL 2020)"", ""SCANIA SERIE P P380 8X4 (2007 AL 2015)"", ""SCANIA SERIE P P420 6X4 (2007 AL 2012)"", ""SCANIA SERIE P P420 8X4 (2007 AL 2010)"", ""SCANIA SERIE P P94 CB (2001 AL 2008)"", ""SCANIA SERIE P P94 DB (1999 AL 2008)"", ""SCANIA SERIE P P94 GA (1999 AL 2008)"", ""SCANIA SERIE R R114GA (2007 AL 2008)"", ""SCANIA SERIE R R114GB (2001 AL 2008)"", ""SCANIA SERIE R R124 CB 6X4 (2001 AL 2008)"", ""SCANIA SERIE R R124 CB 8X4 (2001 AL 2008)"", ""SCANIA SERIE R R124 GA (2001 AL 2008)"", ""SCANIA SERIE R R124 GB (2001 AL 2008)"", ""SCANIA SERIE R R124 LA (2001 AL 2008)"", ""SCANIA SERIE R R340 4X2 (2001 AL 2008)"", ""SCANIA SERIE R R380 4X2 (2007 AL 2012)"", ""SCANIA SERIE R R380 6X2 (2007 AL 2011)"", ""SCANIA SERIE R R380 &X4 (2007 AL 2012)"", ""SCANIA SERIE R R420 4X2 (2007 AL 2014)"", ""SCANIA SERIE R R420 &X4 (2007 AL 2012)"", ""SCANIA SERIE R R470 4X2 (2009 AL 2012)"", ""SCANIA SERIE R R500 4X2 (2012 AL 2015)"", ""SCANIA SERIE R R500 &X4 (2019 AL 2021)"", ""SCANIA SERIE R R500 A4X2 (2019 AL 2026)"", ""SCANIA SERIE R R500 A6X2 (2019 AL 2026)"", ""SCANIA SERIE R R500 A6X4 (2019 AL 2026)"", ""SCANIA SERIE R R500 BSX4 (2019 AL 2022)"", ""SCANIA SERIE R R510 A4X2 (2019 AL 2021)"", ""SCANIA SERIE R R580 4X2 (2013 AL 2016)"", ""SCANIA SERIE R R580 &X4 (2014 AL 2016)"", ""SCANIA SERIE 5 5500 A6X2 (2019 AL 2026)"", ""SCANIA SERIE 5 5500 A6X4 (2019 AL 2021)"", ""SCANIA SERIE T T114 GA 320 (1999 AL 2006)"", ""SCANIA SERIE T T114 GB 360 (2001 AL 2006)"", ""SCANIA SERIE T T124 GA 360 (2001 AL 2006)"", ""SCANIA SERIE T T124 GB 420 (2001 AL 2006)""]",70,"[""DIAMETRO EXTERIOR DE PLATO: 430 mm""]",1,"[""DIESEL TECHNIC: 1.13127"", ""EATON: 170003-31"", ""OEM: 1450"", ""SACHS: 1450"", ""SACHS: 3482 000 251:009"", ""VALEO: 232610""]",6,,,99.9277
3482 000 257,https://icepar.specparts.shop/products/detail?slug=sachs_3482000257-62405,921,,,,,"[""DODGE DP400 4.2 (1965 AL 1980)"", ""DODGE DP600 5.8 (19645 AL 1980)"", ""ISUZU NPR 4.8D INTERCOOLER (2001 AL 2004, 2017 AL 2026)"", ""ISUZU NPR 5.2 (2018 AL 2026)"", ""NMECO 170528 (2017 AL 2026)"", ""ECO 240E28NLM73 (2020 AL 2022)"", ""MECC BUS 170528 170528 (2022 AL 2026)"", ""MECC STRALIS (2020 AL 2026)"", ""MECC STRALIS 240E28 (2017 AL 2026)"", ""MECC TECTOR (2020 AL 2026)"", ""MECC TECTOR 170E28 (2017 AL 2026)"", ""MECC TECTOR 240E28 (2017 AL 2022)"", ""MECC TECTOR 5.9 (2016 AL 2026)"", ""SCANIA SERIE G G310 A4X2 (2013 AL 2022)"", ""SCANIA SERIE G G340 A4X2 (2007 AL 2014, 2019 AL 2026)"", ""SCANIA SERIE G G340 A6X2 (2019 AL 2026)"", ""SCANIA SERIE G G340 B4X2 (2007 AL 2013)"", ""SCANIA SERIE G G340 B6X2 (2019 AL 2021)"", ""SCANIA SERIE G G360 6X2 (2013 AL 2022)"", ""SCANIA SERIE G G360 A/B4X2 (2012 AL 2020)"", ""SCANIA SERIE G G360 A6X2 (2019 AL 2026)"", ""SCANIA SERIE G G380 A4X2 (2007 AL 2015)"", ""SCANIA SERIE G G380 A6X2 (2007 AL 2012)"", ""SCANIA SERIE G G380 A6X4 (2007 AL 2012)"", ""SCANIA SERIE G G380 B4X2 (2007 AL 2012)"", ""SCANIA SERIE G G400 6X4 (2017 AL 2021)"", ""SCANIA SERIE G G410 A/B4X2 (2013 AL 2017)"", ""SCANIA SERIE G G420 A4X2 (2007 AL 2013)"", ""SCANIA SERIE G G420 B4X2 (2007 AL 2012)"", ""SCANIA SERIE G G420 B&X4 (2012 AL 2014)"", ""SCANIA SERIE G G440 6X4 (2018 AL 2026)"", ""SCANIA SERIE K K250 4X2 (2016 AL 2026)"", ""SCANIA SERIE K K400 6X2 (2016 AL 2026)"", ""SCANIA SERIE P P250 4X2 (2013 AL 2022)"", ""SCANIA SERIE P P250 6X2 (2013 AL 2022)"", ""SCANIA SERIE P P270 6X2 (2007 AL 2010)"", ""SCANIA SERIE P P310 4X2 (2007 AL 2017)"", ""SCANIA SERIE P P310 6X2 (2013 AL 2022)"", ""SCANIA SERIE P P310 6X4 (2007 AL 2022)"", ""SCANIA SERIE P P310 8X4 (2014 AL 2021)"", ""SCANIA SERIE P P320 A4X2 (2019 AL 2026)"", ""SCANIA SERIE P P320 A6X2 (2019 AL 2026)"", ""SCANIA SERIE P P320 A6X4 (2019 AL 2026)"", ""SCANIA SERIE P P320 A&X4 (2020 AL 2022)"", ""SCANIA SERIE P P320 B6X2 (2019 AL 2022)"", ""SCANIA SERIE P P320 B&X4 (2019 AL 2021)"", ""SCANIA SERIE P P360 (2016 AL 2019)"", ""SCANIA SERIE P P360 4X2 (2013 AL 2026)"", ""SCANIA SERIE P P360 4X4 (2018 AL 2021)"", ""SCANIA SERIE P P360 6X2 (2013 AL 2019)"", ""SCANIA SERIE P P360 6X4 (2018 AL 2021)"", ""SCANIA SERIE P P360 8X4 (2017 AL 2026)"", ""SCANIA SERIE P P410 6X4 (2013 AL 2020)"", ""SCANIA SERIE P P410 8X4 (2013 AL 2021)"", ""SCANIA SERIE P P410 A6X2 (2019 AL 2026)"", ""SCANIA SERIE R R340 4X2 (2001 AL 2008)"", ""SCANIA SERIE R R360 4X2 (2013 AL 2020)"", ""SCANIA SERIE R R400 4X2 (2016 AL 2022}"", ""SCANIA SERIE R R400 4X4 (2018 AL 2020)"", ""SCANIA SERIE R R400 6X2 (2016 AL 2022)"", ""SCANIA SERIE R R410 4X2 (2013 AL 2016, 2020 AL 2026)"", ""SCANIA SERIE R R410 6X2 (2013 AL 2016)"", ""SCANIA SERIE R R410 &X4 (2020 AL 2026)"", ""SCANIA SERIE R R440 &X4 (2017 AL 2022)"", ""SCANIA SERIE R R560 6X4 (2016 AL 2021)"", ""SCANIA SERIE R R620 (2019 AL 2022)"", ""SCANIA SERIE R RH440 (2016 AL 2019)"", ""SCANIA SERIE R RH480 (2016 AL 2019)"", ""SCANIA SERIE R RH560 (2016 AL 2019)"", ""SCANIA SERIE R RH620 (2016 AL 2019)"", ""SCANIA SERIE R RN360 (2016 AL 2019)"", ""SCANIA SERIE R RN400 (2016 AL 2019)"", ""SCANIA SERIE R RN440 (2016 AL 2019)"", ""SCANIA SERIE R RN480 (2016 AL 2019)"", ""VOLKSWAGEN CONSTELLATION 19.330 (2020 AL 2026)"", ""VOLKSWAGEN CONSTELLATION 19.330 HR (2016 AL 2022}"", ""VOLKSWAGEN CONSTELLATION 19.360 HR (2016 AL 2026)"", ""VOLKSWAGEN CONSTELLATION 25.360 (2018 AL 2026)"", ""VOLKSWAGEN CONSTELLATION 31.330 DC (2018 AL 2022)"", ""VOLKSWAGEN CONSTELLATION 32.360 VIRONIC 6X4 (2022 AL 2026)"", ""VOLKSWAGEN VOLKSBUS 18.330 OT (2018 AL 2026)""]",81,"[""DIAMETRO: 430 mm""]",1,"[""OEM: 1513718"", ""SACHS: 1453"", ""SACHS: 3482 000 257:009""]",3,,,119.8544
3482 000 391,https://icepar.specparts.shop/products/detail?slug=sachs_3482000391-62406,921,,,,,"[""FORD CARGO 2525 3.9 (1997 AL 2003)"", ""FORD CARGO 916 (2016 AL 2026)"", ""VOLKSWAGEN 15160 8.3 (1999 AL 2004)"", ""VOLKSWAGEN CONSTELLATION 19.320 E (2008 AL 2017)"", ""VOLKSWAGEN CONSTELLATION 31.320 E (2002 AL 2011)"", ""VOLKSWAGEN CONSTELLATION 31.330 E (2017 AL 2019)"", ""VOLKSWAGEN VOLKSBUS 18.320 ECT (2006 AL 2020)""]",7,"[""DIAMETRO EXTERIOR DE PLATO: 430 mm""]",1,"[""OEM: 1596"", ""SACHS: 1596"", ""SACHS: 3482 000 391:009""]",3,,,26.8367
3482 000 627,https://icepar.specparts.shop/products/detail?slug=sachs_3482000627-62407,922,,,,,"[""AGRALE MA MA 10.0 (2017 AL 2026)"", ""AGRALE VOLARE 4.8 (2004 AL 2007)"", ""MECC VERTIS 3.9 (2012 AL 2022)""]",3,"[""DIAMETRO EXTERIOR DE PLATO: 362 mm""]",1,"[""SACHS: 1852"", ""SACHS: 3482 000 627:009""]",2,,,20.8084
3482 000 660,https://icepar.specparts.shop/products/detail?slug=sachs_3482000660-62408,922,,,,,"[""MECC VERTIS 3.9 (2012 AL 2015)""]",1,"[""DIAMETRO EXTERIOR DE PLATO: 330 mm""]",1,"[""SACHS: 1759"", ""SACHS: 3482 000 660:009""]",2,,,17.7648
3482 000 782,https://icepar.specparts.shop/products/detail?slug=sachs_3482000782-62409,922,,,,,"[""ASTRA HDS HDS 66.44 (2022 AL 2026)"", ""DODGE DP400 4.2 (1965 AL 1980)"", ""DODGE DP600 5.8 (19645 AL 1980)"", ""ISUZU NPR 4.8D INTERCOOLER (2001 AL 2004, 2017 AL 2026)"", ""ISUZU NPR 5.2 (2018 AL 2026)"", ""NMECO 170528 (2017 AL 2026)"", ""ECO 240E28NLM73 (2020 AL 2022)"", ""NMECO 380T42 12.9 (2012 AL 2017)"", ""MECC 460536T (2016 AL 2022)"", ""NECC 570541T 12.9 (2012 AL 2015)"", ""MECC 570546T 12.9 (2012 AL 2016)"", ""MECC BUS 170528 170528 (2022 AL 2026)"", ""MECC EUROTRAKKER 19240 (2001 AL 2017)"", ""MECC EUROTRAKKER 190E44 (2001 AL 2017)"", ""MECC EUROTRAKKER 340E38 (2001 AL 2017)"", ""MECC EUROTRAKKER 340E44 (2001 AL 2017)"", ""MECC EUROTRAKKER 380E38 (2001 AL 2017)"", ""MECC EUROTRAKKER 380E44 (2001 AL 2017)"", ""MECC EUROTRAKKER 410E38 (2001 AL 2017)"", ""MECC EUROTRAKKER 410E44 (2001 AL 2017)"", ""MECC STRALIS (2020 AL 2026)"", ""MECC STRALIS 12.9 (2016 AL 2018)"", ""MECC STRALIS 13.0 (2019 AL 2026)"", ""MECC STRALIS 240E28 (2017 AL 2026)"", ""MECC STRALIS 260E30NCM24 (2018 AL 2026)"", ""MECC STRALIS 8.7 (2017 AL 2026)"", ""MECC TECTOR (2020 AL 2026)"", ""MECC TECTOR 170E28 (2017 AL 2026)"", ""MECC TECTOR 240E28 (2017 AL 2022)"", ""MECC TECTOR 5.9 (2016 AL 2026)"", ""MECC TRAKKER 410 (2011 AL 2015)"", ""MECC TRAKKER 420 (2018 AL 2020)"", ""MECC TRAKKER 440 (2013 AL 2015)"", ""SCANIA SERIE P P320 A4X2 (2019 AL 2026)"", ""SCANIA SERIE P P320 A6X2 (2019 AL 2026)"", ""SCANIA SERIE P P410 A6X2 (2019 AL 2026)"", ""VOLKSWAGEN CONSTELLATION 19.330 (2020 AL 2026)"", ""VOLKSWAGEN CONSTELLATION 19.330 HR (2016 AL 2022}"", ""VOLKSWAGEN CONSTELLATION 19.360 HR (2016 AL 2026)"", ""VOLKSWAGEN CONSTELLATION 25.360 (2018 AL 2026)"", ""VOLKSWAGEN CONSTELLATION 31.330 DC (2018 AL 2022)"", ""VOLKSWAGEN CONSTELLATION 32.360 VIRONIC 6X4 (2022 AL 2026)"", ""VOLKSWAGEN VOLKSBUS 18.330 OT (2018 AL 2026)""]",43,"[""DIAMETRO EXTERIOR DE PLATO: 430 mm""]",1,"[""SACHS: 1457"", ""SACHS: 3482 000 782:009""]",2,,,71.3912
3482 000 851,https://icepar.specparts.shop/products/detail?slug=sachs_3482000851-62410,922,,,,,"[""MERCEDES BENZ ATRON 1634 (2013 AL 2016)"", ""MERCEDES BENZ ATRON 1635 5 (2020 AL 2026)"", ""MERCEDES BENZ BMO 695 1634 (2013 AL 2020)"", ""MERCEDES BENZ LK 2638 (2005 AL 2006)"", ""MERCEDES BENZ LS 2638 (2007 AL 2009)"", ""MERCEDES BENZ © 400 (1995 AL 1999)"", ""MERCEDES BENZ © 500 RS (2008 AL 2022)"", ""MERCEDES BENZ © 500 UA (2008 AL 2012)""]",8,"[""DIAMETRO: 430 mm""]",1,[],0,,,19.9054
3482 001 063,https://icepar.specparts.shop/products/detail?slug=sachs_3482001063-62411,922,,,,,"[""AEOLUS EQ1061T 3.9 (2001 AL 2004)"", ""AEOLUS EQ1061TSSD 3.9 (2001 AL 2004)"", ""AGRALE 14000 14000 6X2 (2016 AL 2021)"", ""AGRALE 6000 6000 CD (2004 AL 2012)"", ""AGRALE 6000 6000 D (2004 AL 2012)"", ""AGRALE 7500 (2004 AL 2012)"", ""AGRALE &-SERIES 8500 TCA (2005 AL 2017)"", ""AGRALE &-SERIES MA &.7 V (2017 AL 2026)"", ""AGRALE 9200 TCA (2005 AL 2016)"", ""AGRALE A 8700 AS700 (2016 AL 2026)"", ""AGRALE A8700 (2016 AL 2021)"", ""AGRALE MA 15.0 (2005 AL 2016)"", ""AGRALE MA 15.0 MA 15.0 SUSP NEUM (2016 AL 2017)"", ""AGRALE MA &.5TCA (2005 AL 2017)"", ""AGRALE MA &.7 (2017 AL 2020)"", ""AGRALE MT 47 (2012 AL 2022)"", ""AGRALE MT MT 15.0 (2009 AL 2022)"", ""AGRALE VOLARE 4.8 (2004 AL 2007)"", ""DODGE DP600 5.8 (19645 AL 1980)"", ""DODGE DP800 5.8 (1965 AL 1980)"", ""FORD CARGO 1119-39 (2016 AL 2026)"", ""FORD CARGO 1119-42 (2016 AL 2026)"", ""FORD CARGO 712E (2007 AL 2012)"", ""FORD CARGO 915 (1999 AL 2007)"", ""FORD CARGO 915E (2007 AL 2016)"", ""FORD F-250 F-250 DIESEL (1988 AL 1993)"", ""FORD F-350 F-350 DIESEL (1988 AL 1993)"", ""FORD F-4000 3.9 (1999 AL 2011)"", ""FORD F-4000 4.3 (1993 AL 1996)"", ""FORD F600/6000 F-600 (1963 AL 1992)"", ""FORD F7000 F-7000 (1988 AL 1992)"", ""MECC EUROCARGO 5.9 (2007 AL 20059)"", ""VOLKSWAGEN 9140 (1999 AL 2004)"", ""VOLKSWAGEN 9140 9.140 CO (1999 AL 2004)"", ""VOLKSWAGEN DELIVERY 11.180 (2018 AL 2026)"", ""VOLKSWAGEN DELIVERY 11.180 V-TRONIC 3.8 (2020 AL 2022)"", ""VOLKSWAGEN DELIVERY 5.140 E (2006 AL 2011)"", ""VOLKSWAGEN DELIVERY 9.170 (2018 AL 2026)"", ""VOLKSWAGEN VOLKSBUS 9.150 EOD MWM (2008 AL 2017)"", ""VOLKSWAGEN VOLKSBUS 9.150 OD (2002 AL 2011)"", ""VOLKSWAGEN WORKER 8.150 E (2010 AL 2017)"", ""VOLKSWAGEN WORKER 9.150 E (2016 AL 2017)"", ""VOLKSWAGEN WORKER 9.160 E (2018 AL 2022)"", ""VOLKSWAGEN WORKER 9150 (1999 AL 2007)"", ""VOLKSWAGEN WORKER 9160 OD (2018 AL 2026)"", ""VOLVO VM-SERIES VM210 4X2 R (2006 AL 2007, 2011 AL 2016)"", ""VOLVO VM-SERIES VM210 6X2 R (2013 AL 2016)""]",47,"[""DIAMETRO EXTERIOR DE PLATO: 330 mm""]",1,"[""EATON: 165000BR"", ""LUK: 133 0010 100 Al"", ""OEM: 1585"", ""SACHS: 1085"", ""SACHS: 1142"", ""SACHS: 1289"", ""SACHS: 1560"", ""SACHS: 1585"", ""SACHS: 3482 000 064"", ""SACHS: 3482001 063:009""]",10,,,81.2879
3482 001 234,https://icepar.specparts.shop/products/detail?slug=sachs_3482001234-62412,922,,,,,"[""SCANIAL113 CL (1998 AL 1999)"", ""SCANIA SERIE F F113 (1991 AL 1998)"", ""SCANIA SERIE K K112 (1988 AL 1990)"", ""SCANIA SERIE K K113 (1991 AL 1999)"", ""SCANIA SERIE R R112 (1991 AL 1998)"", ""SCANIA SERIE T T112 (1988 AL 1990)""]",6,"[""DIAMETRO: 420 mm""]",1,"[""OEM: 1201"", ""SACHS: 1201"", ""SACHS: 3482 001 234:009""]",3,,,25.7626
3482 001 308,https://icepar.specparts.shop/products/detail?slug=sachs_3482001308-62414,922,,,,,"[""RENAULT KERAX 440 DXI (2006 AL 2013)"", ""RENAULT PREMIUM 440 DXI (2007 AL 2017)"", ""VOLVO B-SERIES 8380 4X2 (2017 AL 2026)"", ""VOLVO FH-SERIES FH 400 4X2 R (2007 AL 2012)"", ""VOLVO FH-SERIES FH 400 4X2 T (2007 AL 2012)"", ""VOLVO FH-SERIES FH 400 6X2 T (2008 AL 2011)"", ""VOLVO FH-SERIES FH 420 6X4 (2018 AL 2026)"", ""VOLVO FH-SERIES FH 440 4X2 T/R (2007 AL 2016)"", ""VOLVO FH-SERIES FH 440 6X2 T (2012 AL 2015)"", ""VOLVO FH-SERIES FH 440 6X4 T (2012 AL 2016)"", ""VOLVO FH-SERIES FH 480 4X2 T (2007 AL 2011)"", ""VOLVO FH-SERIES FH 500 6X4 (2017 AL 2019)"", ""VOLVO FH-SERIES FH 520 4X2 T (2007 AL 2016)"", ""VOLVO FH-SERIES FH 520 6X4 T (2000 AL 2003)"", ""VOLVO FM-SERIES FM 330 (2019 AL 2022)"", ""VOLVO FM-SERIES FM 330 6X2 T (2018 AL 2026)"", ""VOLVO FM-SERIES FM 330 EVO WIN (2019 AL 2020)"", ""VOLVO FM-SERIES FM 330 MIXER 6X2 T (2019 AL 2020)"", ""VOLVO FM-SERIES FM 370 4X2 R/T (2012 AL 2016)"", ""VOLVO FM-SERIES FM 370 4X2 T (2010 AL 2012)"", ""VOLVO FM-SERIES FM 370 6X2 T (2010 AL 2016)"", ""VOLVO FM-SERIES FM 420 &X4R (2007 AL 2011)"", ""VOLVO FM-SERIES FM 440 &X4 R (2012 AL 2016)"", ""VOLVO FM-SERIES FM 440 &X4 R (2016 AL 2021)"", ""VOLVO FM-SERIES FM 480 &X4 R (2008 AL 2015)"", ""VOLVO NH NH12 380 4X2 (2000 AL 2003)""]",26,"[""DIAMETRO: 430 mm""]",1,"[""DIESEL TECHNIC: 2.30381"", ""OEM: 3482 000 553"", ""SACHS: 1713"", ""SACHS: 3482 000 187"", ""SACHS: 3482 000 553"", ""SACHS: 3482 001 308:009""]",6,,,52.2233
3482 012 240,https://icepar.specparts.shop/products/detail?slug=sachs_3482012240-62415,922,,,,,"[""MERCEDES BENZ 1017 1017 (AUTOBOMBA) (2005 AL 2007)"", ""MERCEDES BENZ 1214 (1995 AL 2001)"", ""MERCEDES BENZ 1418 (1996 AL 2001)"", ""MERCEDES BENZ 1715 (1995 AL 2001)"", ""MERCEDES BENZ ATEGO 17721 (2018 AL 2026)"", ""MERCEDES BENZ BMO 368 17211L/62 (2016 AL 2026)"", ""MERCEDES BENZ BMO 384 172159 CM (2018 AL 2020)"", ""MERCEDES BENZ BMO 384 1722 59 (2015 AL 2018)"", ""MERCEDES BENZ BMO 390 1621L/59 (1998 AL 2003)"", ""MERCEDES BENZ L 1518 (1988 AL 1991)"", ""MERCEDES BENZ L 1614 (1995 AL 1999)"", ""MERCEDES BENZ LB 2318 (1995 AL 2001)"", ""MERCEDES BENZ LK 2318 (1995 AL 2001)"", ""MERCEDES BENZ OF 1315 (1992 AL 1994)"", ""MERCEDES BENZ OF 1318 (1993 AL 1995)"", ""MERCEDES BENZ OF 1721 (2016 AL 2026)"", ""MERCEDES BENZ GH 1315 (1990 AL 1992)"", ""MERCEDES BENZ GH 1318 (1988 AL 1995)"", ""MERCEDES BENZ GH 1319 (1990 AL 1992)""]",19,"[""DIAMETRO EXTERIOR DE PLATO: 330 mm""]",1,"[""SACHS: 1112"", ""SACHS: 1192"", ""SACHS: 3482 012 240:009""]",3,,,39.8479
3482 051 131,https://icepar.specparts.shop/products/detail?slug=sachs_3482051131-62416,922,,,,,"[""MECC EUROCARGO 5.9 (2002 AL 2012)"", ""MERCEDES BENZ 1218 (1998 AL 2000)"", ""MERCEDES BENZ 1418 (1996 AL 2001)"", ""MERCEDES BENZ 1715 (1995 AL 2001)"", ""MERCEDES BENZ 1720 (1999 AL 2008)"", ""MERCEDES BENZ 1720A (1999 AL 2008)"", ""MERCEDES BENZ 1720K (2001 AL 2007)"", ""MERCEDES BENZ 1721 (1990 AL 1999)"", ""MERCEDES BENZ ATEGO 17721 (2018 AL 2026)"", ""MERCEDES BENZ BMO 368 17211L/62 (2016 AL 2026)"", ""MERCEDES BENZ BMO 384 172159 CM (2018 AL 2020)"", ""MERCEDES BENZ BMO 384 1722 59 (2015 AL 2018)"", ""MERCEDES BENZ BMO 390 1621L/59 (1998 AL 2003)"", ""MERCEDES BENZ L 1620 (1999 AL 2010)"", ""MERCEDES BENZ LB 2318 (1995 AL 2001)"", ""MERCEDES BENZ LK 2318 (1995 AL 2001)"", ""MERCEDES BENZ OF 1315 (1992 AL 1994)"", ""MERCEDES BENZ OF 1318 (1993 AL 1995)"", ""MERCEDES BENZ OF 1721 (1998 AL 2002, 2016 AL 2026)"", ""MERCEDES BENZ GH 1315 (1990 AL 1992)"", ""MERCEDES BENZ GH 1318 (1988 AL 1995)"", ""MERCEDES BENZ GH 1319 (1990 AL 1992)"", ""MERCEDES BENZ GH 1420 (1998)"", ""MERCEDES BENZ GH 1620 (1998)"", ""MERCEDES BENZ OHL 1621 (1998 AL 2000)""]",25,"[""DIAMETRO EXTERIOR DE PLATO: 350 mm""]",1,"[""EATON: 164000BR"", ""OEM: 1258"", ""SACHS: 1193"", ""SACHS: 1258"", ""SACHS: 3482051 131:009""]",5,,,48.0315
3482 054 131,https://icepar.specparts.shop/products/detail?slug=sachs_3482054131-62417,922,,,,,"[""MERCEDES BENZ 710 (1997 AL 2001)"", ""MERCEDES BENZ L 710 (1990 AL 1999)""]",2,"[""DIAMETRO EXTERIOR DE PLATO: 280 mm""]",1,"[""SACHS: 1202"", ""SACHS: 3482 054 131:009""]",2,,,19.6116
3482 055 101,https://icepar.specparts.shop/products/detail?slug=sachs_3482055101-62418,922,,,,,"[""MERCEDES BENZ 921/913/912/914 921 (1998 AL 1999)"", ""MERCEDES BENZ L 710 (1990 AL 1999)""]",2,"[""DIAMETRO EXTERIOR DE PLATO: 310 mm""]",1,"[""OEM: 1203"", ""SACHS: 1203"", ""SACHS: 3482 055 101:009""]",3,,,20.6474
3482 055 132,https://icepar.specparts.shop/products/detail?slug=sachs_3482055132-62419,922,,,,,"[""MERCEDES BENZ 710 (1997 AL 2001)"", ""MERCEDES BENZ 921/913/912/914 921 (1998 AL 1999)"", ""MERCEDES BENZ L 1114 (1987 AL 1995)"", ""MERCEDES BENZ L 1214 (1997 AL 1999)"", ""MERCEDES BENZ L 710 (1990 AL 1999)"", ""MERCEDES BENZ L 912 (1995 AL 1999)"", ""MERCEDES BENZ L 913 (1990 AL 1996)"", ""MERCEDES BENZ L 914 (1994 AL 1997)""]",8,"[""DIAMETRO: 310 mm""]",1,"[""OEM: 1314"", ""SACHS: 1314"", ""SACHS: 3482 055 132:009""]",3,,,28.9897
3482 078 134,https://icepar.specparts.shop/products/detail?slug=sachs_3482078134-62420,922,,,,,"[""MECC CURSOR (2017 AL 2020)""]",1,"[""DIAMETRO: 400 mm""]",1,"[""SACHS: 1641"", ""SACHS: 3482 078 134:009""]",2,,,18.1506
3482 083 037,https://icepar.specparts.shop/products/detail?slug=sachs_3482083037-62421,922,,,,,"[""VOLVO B-SERIES B7R (2015 AL 2018)""]",1,"[""DIAMETRO: 430 mm""]",1,"[""OEM: 1469"", ""SACHS: 1229"", ""SACHS: 1251"", ""SACHS: 1469"", ""SACHS: 3482 083 037:009""]",5,,,20.4929
3482 083 150,https://icepar.specparts.shop/products/detail?slug=sachs_3482083150-62422,922,,,,,"[""SCANIA SERIE G G340 A4X2 (2007 AL 2014, 2019 AL 2026)"", ""SCANIA SERIE G G340 A6X2 (2019 AL 2026)"", ""SCANIA SERIE G G340 B4X2 (2007 AL 2013)"", ""SCANIA SERIE G G340 B6X2 (2019 AL 2021)"", ""SCANIA SERIE G G360 6X2 (2013 AL 2022)"", ""SCANIA SERIE G G360 A/B4X2 (2012 AL 2020)"", ""SCANIA SERIE G G360 A6X2 (2019 AL 2026)"", ""SCANIA SERIE G G380 A4X2 (2007 AL 2015)"", ""SCANIA SERIE G G380 A6X2 (2007 AL 2012)"", ""SCANIA SERIE G G380 A6X4 (2007 AL 2012)"", ""SCANIA SERIE G G380 B4X2 (2007 AL 2012)"", ""SCANIA SERIE G G400 6X4 (2017 AL 2021)"", ""SCANIA SERIE G G410 6X2 (2013 AL 2017)"", ""SCANIA SERIE G G410 6X4 (2013 AL 2016)"", ""SCANIA SERIE G G410 8X4 (2015 AL 2018)"", ""SCANIA SERIE G G410 A/B4X2 (2013 AL 2017)"", ""SCANIA SERIE G G420 A4X2 (2007 AL 2013)"", ""SCANIA SERIE G G420 B4X2 (2007 AL 2012)"", ""SCANIA SERIE G G420 B&X4 (2012 AL 2014)"", ""SCANIA SERIE G G440 6X2 (2019 AL 2026)"", ""SCANIA SERIE G G440 6X4 (2018 AL 2026)"", ""SCANIA SERIE G G460 A/B4X2 (2013 AL 2015)"", ""SCANIA SERIE G G460 A/B6X2 (2013 AL 2015)"", ""SCANIA SERIE G G460 A/BBX4 (2013 AL 2015)"", ""SCANIA SERIE G G480 6X4 (2019 AL 2020)"", ""SCANIA SERIE G G480 B&X4 (2019 AL 2021)"", ""SCANIA SERIE G G500 B&X4 (2021 AL 2026)"", ""SCANIA SERIE G G540 B&X4 (2021 AL 2026)"", ""SCANIA SERIE K K124 6X2/PARADISO 1800DD (2000 AL 2007)"", ""SCANIA SERIE K K124 IB (1999 AL 2008)"", ""SCANIA SERIE K K124 IBX2/PANORAMICO DD (2000 AL 2007)"", ""SCANIA SERIE K K380 6X2 (2007 AL 2013)"", ""SCANIA SERIE K K420 6X2 (2007 AL 2015)"", ""SCANIA SERIE P P114 GA (1999 AL 2005)"", ""SCANIA SERIE P P114LA6X2 (2001 AL 2006)"", ""SCANIA SERIE P P124CA (2001 AL 2006)"", ""SCANIA SERIE P P124CB (2001 AL 2006)"", ""SCANIA SERIE P P124GA 4X2 NZ360 (2007)"", ""SCANIA SERIE P P124GB 4X2 NZ420 (2001 AL 2006)"", ""SCANIA SERIE P P270 6X2 (2007 AL 2010)"", ""SCANIA SERIE P P340 4X2 (2007 AL 2014)"", ""SCANIA SERIE P P340 6X2 (2007 AL 2014)"", ""SCANIA SERIE P P360 4X2 (2013 AL 2026)"", ""SCANIA SERIE P P360 4X4 (2018 AL 2021)"", ""SCANIA SERIE P P360 6X2 (2013 AL 2019)"", ""SCANIA SERIE P P360 6X4 (2018 AL 2021)"", ""SCANIA SERIE P P360 8X4 (2017 AL 2026)"", ""SCANIA SERIE P P380 6X4 (2001 AL 2015)"", ""SCANIA SERIE P P380 8X2 (2018 AL 2020)"", ""SCANIA SERIE P P380 8X4 (2007 AL 2015)"", ""SCANIA SERIE P P410 6X4 (2013 AL 2020)"", ""SCANIA SERIE P P410 8X4 (2013 AL 2021)"", ""SCANIA SERIE P P420 6X4 (2007 AL 2012)"", ""SCANIA SERIE P P420 8X4 (2007 AL 2010)"", ""SCANIA SERIE P P94 CB (2001 AL 2008)"", ""SCANIA SERIE P P94 DB (1999 AL 2008)"", ""SCANIA SERIE P P94 GA (1999 AL 2008)"", ""SCANIA SERIE R R114GB (2001 AL 2008)"", ""SCANIA SERIE R R124 CB 6X4 (2001 AL 2008)"", ""SCANIA SERIE R R124 CB 8X4 (2001 AL 2008)"", ""SCANIA SERIE R R124 GA (2001 AL 2008)"", ""SCANIA SERIE R R124 GB (2001 AL 2008)"", ""SCANIA SERIE R R124 LA (2001 AL 2008)"", ""SCANIA SERIE R R340 4X2 (2001 AL 2008)"", ""SCANIA SERIE R R360 4X2 (2013 AL 2020)"", ""SCANIA SERIE R R380 4X2 (2007 AL 2012)"", ""SCANIA SERIE R R380 6X2 (2007 AL 2011)"", ""SCANIA SERIE R R380 &X4 (2007 AL 2012)"", ""SCANIA SERIE R R400 4X2 (2017 AL 2019)"", ""SCANIA SERIE R R400 6X2 (2017 AL 2022}"", ""SCANIA SERIE R R410 4X2 (2013 AL 2016, 2020 AL 2026)"", ""SCANIA SERIE R R410 6X2 (2013 AL 2016)"", ""SCANIA SERIE R R410 &X4 (2020 AL 2026)"", ""SCANIA SERIE R R420 4X2 (2007 AL 2014)"", ""SCANIA SERIE R R420 &X4 (2007 AL 2012)"", ""SCANIA SERIE R R440 4X2 (2016 AL 2022}"", ""SCANIA SERIE R R440 6X2 (2016 AL 2019)"", ""SCANIA SERIE R R440 &X4 (2017 AL 2022)"", ""SCANIA SERIE R R480 4X2 (2017 AL 2022)"", ""SCANIA SERIE R R480 6X2 (2017 AL 2021)"", ""SCANIA SERIE R R480 &X4 (2017 AL 2020)"", ""SCANIA SERIE R R500 4X2 (2012 AL 2015)"", ""SCANIA SERIE R R500 A4X2 (2019 AL 2026)"", ""SCANIA SERIE R R500 A6X2 (2019 AL 2026)"", ""SCANIA SERIE R R500 A6X4 (2019 AL 2026)"", ""SCANIA SERIE R R500 BSX4 (2019 AL 2022)"", ""SCANIA SERIE R R510 A4X2 (2019 AL 2021)"", ""SCANIA SERIE R R560 4X2 (2017 AL 2020)"", ""SCANIA SERIE R R560 6X4 (2016 AL 2021)"", ""SCANIA SERIE R R580 4X2 (2013 AL 2019)"", ""SCANIA SERIE R R580 &X4 (2014 AL 2016)"", ""SCANIA SERIE R R620 4X2 (2017 AL 2021)"", ""SCANIA SERIE R R620 &X4 (2016 AL 2020)"", ""SCANIA SERIE R R620 BSX4 (2019 AL 2021)"", ""SCANIA SERIE 5 5500 A6X2 (2019 AL 2026)"", ""SCANIA SERIE 5 5500 A6X4 (2019 AL 2021)"", ""SCANIA SERIE T T114 GA 320 (1999 AL 2006)"", ""SCANIA SERIE T T114 GB 360 (2001 AL 2006)"", ""SCANIA SERIE T T124 GA 360 (2001 AL 2006)"", ""SCANIA SERIE T T124 GB 420 (2001 AL 2006)""]",100,"[""DIAMETRO EXTERIOR DE PLATO: 430 mm""]",1,"[""OEM: 1511"", ""SACHS: 1511"", ""SACHS: 3482 083 150:009""]",3,,,133.0855
3482 083 226,https://icepar.specparts.shop/products/detail?slug=sachs_3482083226-62423,922,,,,,[],0,"[""DIAMETRO EXTERIOR DE PLATO: 430 mm""]",1,"[""SACHS: 1233"", ""SACHS: 1470"", ""SACHS: 3482 083 226:009""]",3,,,15.4943
3482 085 033,https://icepar.specparts.shop/products/detail?slug=sachs_3482085033-62424,922,,,,,"[""MECC 190.29 12.8 (1995 AL 2001)"", ""ECO 190.33 12.8 (1992 AL 1997)""]",2,"[""DIAMETRO: 420 mm""]",1,"[""SACHS: 1882 326 331""]",1,,,18.1087
3482 100 004,https://icepar.specparts.shop/products/detail?slug=sachs_3482100004-62425,922,,,,,[],0,"[""DIAMETRO EXTERIOR DE PLATO: 280 mm""]",1,"[""SACHS: 1313"", ""SACHS: 3482 100 004:009""]",2,,,13.9715
3482 123 225,https://icepar.specparts.shop/products/detail?slug=sachs_3482123225-62426,922,,,,,[],0,"[""DIAMETRO EXTERIOR DE PLATO: 430 mm""]",1,"[""OEM: 1518"", ""SACHS: 1499"", ""SACHS: 1518"", ""SACHS: 3482 123 225:009""]",4,,,15.8363
3482 126 305,https://icepar.specparts.shop/products/detail?slug=sachs_3482126305-62427,922,,,,,"[""MERCEDES BENZ 1215 1215C (1999 AL 2005)"", ""MERCEDES BENZ 712 712C (2001 AL 2007)"", ""MERCEDES BENZ 914C (2001 AL 2007)"", ""MERCEDES BENZ 921/913/912/914 (1993 AL 2004)"", ""MERCEDES BENZ ACCELO 1016 (2016 AL 2026)"", ""MERCEDES BENZ ACCELO 815 (2016 AL 2026)"", ""MERCEDES BENZ ATEGO 1315 (2009 AL 2010)"", ""MERCEDES BENZ ATEGO 1328 (2013 AL 2014)"", ""MERCEDES BENZ ATEGO 1418 (2007 AL 2016)"", ""MERCEDES BENZ ATEGO 1720/36 (2016 AL 2022)"", ""MERCEDES BENZ ATEGO 1720/48 (2016 AL 2022)"", ""MERCEDES BENZ ATEGO 1726 (2016 AL 2026)"", ""MERCEDES BENZ ATEGO 1726 5 (2016 AL 2026)"", ""MERCEDES BENZ ATEGO 1726/36 (2016 AL 2022)"", ""MERCEDES BENZ ATEGO 1726/42 (2016 AL 2020)"", ""MERCEDES BENZ ATEGO 2425 (2010 AL 2017)"", ""MERCEDES BENZ ATEGO 2426 &X2 (2016 AL 2026)"", ""MERCEDES BENZ ATEGO 2730B (2017 AL 2026)"", ""MERCEDES BENZ ATEGO 2730K (2017 AL 2026)"", ""MERCEDES BENZ AXOR 1933 L5 (2016 AL 2022)"", ""MERCEDES BENZ AXOR 1933 5 (2007 AL 2022)"", ""MERCEDES BENZ AXOR 2831 B/K (2007 AL 2018)"", ""MERCEDES BENZ BMO 368 1518 (2014 AL 2015)"", ""MERCEDES BENZ BMO 384 1418 52 (2008 AL 2016)"", ""MERCEDES BENZ BMO 390 1115L/ 46 CA (1998 AL 2003)"", ""MERCEDES BENZ BMO 390 1315L/52 CA (2008 AL 2011)"", ""MERCEDES BENZ BMO 693 1720 36 (2016 AL 2020)"", ""MERCEDES BENZ BMO 693 1720/36 (2011 AL 2016)"", ""MERCEDES BENZ L 1218 L 1218 EL (2001 AL 2008)"", ""MERCEDES BENZ L 1418 (1998 AL 2003)"", ""MERCEDES BENZ L 1419 (1995 AL 2001)"", ""MERCEDES BENZ L 1618 (1995 AL 2001)"", ""MERCEDES BENZ LK 1218 (1997 AL 1999)"", ""MERCEDES BENZ LK 12184 EL (1997 AL 2008)"", ""MERCEDES BENZ LK 1418 (1997 AL 2007}"", ""MERCEDES BENZ LO 914 (2004 AL 2008)"", ""MERCEDES BENZ LO 915 (2006 AL 2016)"", ""MERCEDES BENZ © 500 (2022 AL 2026)"", ""MERCEDES BENZ OF 1214 (1988 AL 1994)"", ""MERCEDES BENZ OF 1417 (2001 AL 2007)"", ""MERCEDES BENZ OF 1418 (2008 AL 2016)"", ""MERCEDES BENZ GH 1418 (1988 AL 1993)""]",42,"[""DIAMETRO EXTERIOR DE PLATO: 362 mm""]",1,"[""OEM: 1342"", ""SACHS: 1342"", ""SACHS: 3482 126 305:009""]",3,,,66.0480
3482 654 110,https://icepar.specparts.shop/products/detail?slug=sachs_3482654110-62428,922,,,,,[],0,"[""DIAMETRO EXTERIOR DE PLATO: 325 mm""]",1,"[""SACHS: 1265"", ""SACHS: 1308"", ""SACHS: 3482 654 110:009""]",3,,,14.7662
3482 654 113,https://icepar.specparts.shop/products/detail?slug=sachs_3482654113-62429,922,,,,,"[""MERCEDES BENZ 1017 1017 (AUTOBOMBA) (2005 AL 2007)"", ""MERCEDES BENZ 1113 1113 (AUTOBOMBA) (2005 AL 2007)"", ""MERCEDES BENZ L 1114 (1987 AL 1995)"", ""MERCEDES BENZ L 1518 (1988 AL 1991)""]",4,"[""DIAMETRO EXTERIOR DE PLATO: 310 mm""]",1,"[""OEM: 1236"", ""SACHS: 1235"", ""SACHS: 1236"", ""SACHS: 3482 654 113:009""]",4,,,24.4736
3482 654 119,https://icepar.specparts.shop/products/detail?slug=sachs_3482654119-62430,922,,,,,"[""MERCEDES BENZ 1215 1215C (1999 AL 2005)"", ""MERCEDES BENZ 1218 (1998 AL 2000)"", ""MERCEDES BENZ 1418 (1996 AL 2001)"", ""MERCEDES BENZ 1420 (1995 AL 1999)"", ""MERCEDES BENZ 1715 (1995 AL 2001)"", ""MERCEDES BENZ 1720 (1999 AL 2008)"", ""MERCEDES BENZ 1720A (1999 AL 2008)"", ""MERCEDES BENZ 1720K (2001 AL 2007)"", ""MERCEDES BENZ 712 712C (2001 AL 2007)"", ""MERCEDES BENZ 914C (2001 AL 2007)"", ""MERCEDES BENZ 921/913/912/914 (1993 AL 2004)"", ""MERCEDES BENZ ATEGO 1315 (2009 AL 2010)"", ""MERCEDES BENZ ATEGO 1328 (2013 AL 2014)"", ""MERCEDES BENZ ATEGO 1418 (2007 AL 2016)"", ""MERCEDES BENZ ATEGO 1720/36 (2016 AL 2022)"", ""MERCEDES BENZ ATEGO 1720/48 (2016 AL 2022)"", ""MERCEDES BENZ ATEGO 17721 (2018 AL 2026)"", ""MERCEDES BENZ ATEGO 1726 (2016 AL 2026)"", ""MERCEDES BENZ ATEGO 1726 5 (2016 AL 2026)"", ""MERCEDES BENZ ATEGO 1726/36 (2016 AL 2022)"", ""MERCEDES BENZ ATEGO 1726/42 (2016 AL 2020)"", ""MERCEDES BENZ ATEGO 2425 (2010 AL 2017)"", ""MERCEDES BENZ ATEGO 2426 &X2 (2016 AL 2026)"", ""MERCEDES BENZ ATEGO 2730B (2017 AL 2026)"", ""MERCEDES BENZ ATEGO 2730K (2017 AL 2026)"", ""MERCEDES BENZ AXOR 1933 L5 (2016 AL 2022)"", ""MERCEDES BENZ AXOR 1933 5 (2007 AL 2022)"", ""MERCEDES BENZ AXOR 2831 B/K (2007 AL 2018)"", ""MERCEDES BENZ BMO 368 1621L/55 (2016 AL 2017)"", ""MERCEDES BENZ BMO 368 17211L/62 (2016 AL 2026)"", ""MERCEDES BENZ BMO 384 1418 52 (2008 AL 2016)"", ""MERCEDES BENZ BMO 384 172159 CM (2018 AL 2020)"", ""MERCEDES BENZ BMO 384 1722 59 (2015 AL 2018)"", ""MERCEDES BENZ BMO 390 1115L/ 46 CA (1998 AL 2003)"", ""MERCEDES BENZ BMO 390 1315L/52 CA (2008 AL 2011)"", ""MERCEDES BENZ BMO 390 1621L/59 (1998 AL 2003)"", ""MERCEDES BENZ BMO 693 1720 36 (2016 AL 2020)"", ""MERCEDES BENZ BMO 693 1720/36 (2011 AL 2016)"", ""MERCEDES BENZ L 1218 L 1218 EL (2001 AL 2008)"", ""MERCEDES BENZ L 1418 (1998 AL 2003)"", ""MERCEDES BENZ L 1419 (1995 AL 2001)"", ""MERCEDES BENZ L 1618 (1995 AL 2001)"", ""MERCEDES BENZ L 1620 (1999 AL 2010)"", ""MERCEDES BENZ LB 2318 (1995 AL 2001)"", ""MERCEDES BENZ LK 1218 (1997 AL 1999)"", ""MERCEDES BENZ LK 12184 EL (1997 AL 2008)"", ""MERCEDES BENZ LK 1418 (1997 AL 2007}"", ""MERCEDES BENZ LK 2318 (1995 AL 2001)"", ""MERCEDES BENZ LO 914 (2004 AL 2008)"", ""MERCEDES BENZ © 500 (2022 AL 2026)"", ""MERCEDES BENZ OF 1214 (1988 AL 1994)"", ""MERCEDES BENZ OF 1315 (1992 AL 1994)"", ""MERCEDES BENZ OF 1318 (1993 AL 1995)"", ""MERCEDES BENZ OF 1721 (1998 AL 2002, 2016 AL 2026)"", ""MERCEDES BENZ GH 1315 (1990 AL 1992)"", ""MERCEDES BENZ GH 1318 (1988 AL 1995)"", ""MERCEDES BENZ GH 1319 (1990 AL 1992)"", ""MERCEDES BENZ GH 1620 (1998)""]",58,"[""DIAMETRO EXTERIOR DE PLATO: 350 mm""]",1,"[""OEM: 1512"", ""SACHS: 1474"", ""SACHS: 1504"", ""SACHS: 1512"", ""SACHS: 3482 654 119:009""]",5,,,86.1800
3482 654 121,https://icepar.specparts.shop/products/detail?slug=sachs_3482654121-62431,922,,,,,"[""MERCEDES BENZ LS 1633 (1995 AL 2001)""]",1,"[""DIAMETRO EXTERIOR DE PLATO: 420 mm""]",1,"[""SACHS: 1254"", ""SACHS: 3482 654 121:009""]",2,,,17.3678
3482 654 122,https://icepar.specparts.shop/products/detail?slug=sachs_3482654122-62432,923,,,,,"[""FORD F-100 4.20 MWM (1999 AL 2007)"", ""FORD F-100 4.20 MW 4X4 (1986 AL 2001)"", ""FORD F-4000 4.3 (1993 AL 1996)""]",3,"[""DIAMETRO EXTERIOR DE PLATO: 300 mm""]",1,"[""OEM: 1279"", ""SACHS: 1243"", ""SACHS: 1279"", ""SACHS: 3482 654 122:009""]",4,,,22.5043
3482 654 124,https://icepar.specparts.shop/products/detail?slug=sachs_3482654124-62433,923,,,,,"[""FORD F-100 3.9D 4X4 (1993 AL 1999)"", ""FORD F-400 F-400 DIESEL (1988 AL 1994)"", ""FORD F-4000 4.3 (1993 AL 1996)""]",3,"[""DIAMETRO: 280 mm""]",1,"[""SACHS: 1165"", ""SACHS: 1166"", ""SACHS: 1282"", ""SACHS: 1297"", ""SACHS: 1553"", ""SACHS: 3482 654 124:009""]",6,,,24.8535
3482 654 133,https://icepar.specparts.shop/products/detail?slug=sachs_3482654133-62434,923,,,,,[],0,"[""DIAMETRO EXTERIOR DE PLATO: 255 mm""]",1,"[""SACHS: 1291"", ""SACHS: 1329"", ""SACHS: 3482 654 133:009""]",3,,,14.8298
3482 654 144,https://icepar.specparts.shop/products/detail?slug=sachs_3482654144-62435,923,,,,,[],0,"[""DIAMETRO EXTERIOR DE PLATO: 430 mm""]",1,"[""SACHS: 1273"", ""SACHS: 3482 654 144:009""]",2,,,13.7656
3482 654 149,https://icepar.specparts.shop/products/detail?slug=sachs_3482654149-62436,923,,,,,[],0,"[""DIAMETRO EXTERIOR DE PLACA: 305 mm""]",1,"[""SACHS: 1325"", ""SACHS: 3482 654 149:009""]",2,,,13.5546
3483 000 001,https://icepar.specparts.shop/products/detail?slug=sachs_3483000001-62437,923,,,,,[],0,"[""DIAMETRO EXTERIOR DE PLATO: 350 mm""]",1,"[""SACHS: 1548"", ""SACHS: 3483 000 001:009""]",2,,,13.4535
3483 000 057,https://icepar.specparts.shop/products/detail?slug=sachs_3483000057-62438,923,,,,,"[""AGRALE 13000 (2004 AL 2015)"", ""DIMEX 1116 A 5.9 (2001 AL 2004)"", ""DIMEX D 1416 5.9 (2001 AL 2004)"", ""DIMEX D 1721 N 5.9 (2001 AL 2004)"", ""DIMEX D 1721 T 5.9 (2001 AL 2004)"", ""FORD CARGO 1722 3.9 (1999 AL 2008)"", ""FORD CARGO 1722E (2007 AL 2018)"", ""FORD CARGO 1729 6X2 53 CD MT (2018 AL 2022)"", ""FORD CARGO 1729-37 CD MT (2016 AL 2022)"", ""FORD CARGO 1729-48 CD MT (2016 AL 2022)"", ""FORD CARGO 1729-48 CN MT (2016 AL 2022)"", ""FORD CARGO 1730 3.9 (1999 AL 2009)"", ""FORD CARGO 1831 3.9 (2002 AL 2007)"", ""FORD CARGO 2425 3.9 (1995 AL 2001)"", ""FORD CARGO 2525 3.9 (1997 AL 2003)"", ""FORD CARGO 2631 3.9 (2002 AL 2007)"", ""FORD CARGO 916 (2016 AL 2026)"", ""FORD F-14000 F-14.000 (1996 AL 2008)"", ""VOLKSWAGEN 15160 8.3 (1999 AL 2004)"", ""VOLKSWAGEN 16210 6.5 (1999 AL 2004)"", ""VOLKSWAGEN CONSTELLATION 17.250 E (2007 AL 2017)"", ""VOLKSWAGEN WORKER 17210 (2005 AL 2007}"", ""VOLKSWAGEN WORKER 65 (2001 AL 2017)"", ""VOLKSWAGEN WORKER 8.3 (1999 AL 2015)"", ""VOLVO VM-SERIES VM23 210 6X2 (2005 AL 2007)"", ""VOLVO VM-SERIES VM23 240 6X2 (2005 AL 2007)""]",26,"[""DIAMETRO EXTERIOR DE PLATO: 380 mm""]",1,"[""SACHS: 1979"", ""SACHS: 3483 000 057:009""]",2,,,47.3191
3483 000 058,https://icepar.specparts.shop/products/detail?slug=sachs_3483000058-62439,923,,,,,"[""DIMEX D 1725 N &3 (2001 AL 2004)"", ""DIMEX D 1725 T 8.3 (2001 AL 2004)"", ""FORD CARGO 1722 3.9 (1999 AL 2008)"", ""FORD CARGO 1722E (2007 AL 2018)"", ""FORD CARGO 1730 3.9 (1999 AL 2009)"", ""FORD CARGO 1831 3.9 (2002 AL 2007)"", ""FORD CARGO 2525 3.9 (1997 AL 2003)"", ""FORD CARGO 2631 3.9 (2002 AL 2007)"", ""VOLKSWAGEN 17300 8.3 (1999 AL 2004)"", ""VOLKSWAGEN 26300 8.3 (2000 AL 2003)"", ""VOLKSWAGEN CONSTELLATION 17.250 E (2007 AL 2017)"", ""VOLKSWAGEN TITAN &.3 (2003 AL 2008)"", ""VOLKSWAGEN VOLKSBUS 8&3 (2007 AL 2008)"", ""VOLKSWAGEN WORKER 4.7 (2002 AL 2012)"", ""VOLKSWAGEN WORKER 8.3 (1999 AL 2015)""]",15,"[""DIAMETRO EXTERIOR DE PLATO: 380 mm""]",1,"[""SACHS: 1980"", ""SACHS: 1981"", ""SACHS: 3483 000 053:009""]",3,,,35.4939
3483 000 095,https://icepar.specparts.shop/products/detail?slug=sachs_3483000095-62440,923,,,,,"[""DIMEX D 1725 N &3 (2001 AL 2004)"", ""DIMEX D 1725 T 8.3 (2001 AL 2004)"", ""FORD CARGO 1730 3.9 (1999 AL 2009)"", ""FORD CARGO 1832E (2007 AL 2012)"", ""FORD CARGO 2425 3.9 (1995 AL 2001)"", ""FORD CARGO 2631 3.9 (2002 AL 2007)"", ""FORD CARGO 2632E (2007 AL 2018)"", ""VOLKSWAGEN 17300 8.3 (1999 AL 2004)"", ""VOLKSWAGEN 26300 8.3 (2000 AL 2003)"", ""VOLKSWAGEN TITAN &.3 (2003 AL 2008)"", ""VOLKSWAGEN VOLKSBUS 8&3 (2007 AL 2008)""]",11,"[""DIAMETRO EXTERIOR DE PLATO: 380 mm""]",1,"[""SACHS: 1982"", ""SACHS: 3483 000 095:009""]",2,,,29.5238
3483 000 104,https://icepar.specparts.shop/products/detail?slug=sachs_3483000104-62441,923,,,,,"[""MECC ATTACK 170E30NLA31 (2018 AL 2026)"", ""MECC ATTACK 170E30TLA21 (2018 AL 2022)"", ""NMECO CC170E22 (2005 AL 2012)"", ""MECC EUROCARGO 5.9 (2005 AL 2020)"", ""MECC TECTOR (2020 AL 2026)"", ""MECC TECTOR 5.9 (2009 AL 2026)""]",6,"[""DIAMETRO EXTERIOR DE PLATO: 380 mm""]",1,"[""SACHS: 1583"", ""SACHS: 3483 000 104:009""]",2,,,23.7440
3483 000 117,https://icepar.specparts.shop/products/detail?slug=sachs_3483000117-62442,923,,,,,"[""AGRALE 13000 (2004 AL 2015)"", ""DIMEX 1116 A 5.9 (2001 AL 2004)"", ""DIMEX D 1416 5.9 (2001 AL 2004)"", ""DIMEX D 1721 N 5.9 (2001 AL 2004)"", ""DIMEX D 1721 T 5.9 (2001 AL 2004)"", ""FORD CARGO 1722 3.9 (1999 AL 2008)"", ""FORD CARGO 1722E (2007 AL 2018)"", ""FORD CARGO 1729 6X2 53 CD MT (2018 AL 2022)"", ""FORD CARGO 1729-37 CD MT (2016 AL 2022)"", ""FORD CARGO 1729-48 CD MT (2016 AL 2022)"", ""FORD CARGO 1729-48 CN MT (2016 AL 2022)"", ""FORD CARGO 1730 3.9 (1999 AL 2009)"", ""FORD CARGO 1831 3.9 (2002 AL 2007)"", ""FORD CARGO 2425 3.9 (1995 AL 2001)"", ""FORD CARGO 2525 3.9 (1997 AL 2003)"", ""FORD CARGO 2631 3.9 (2002 AL 2007)"", ""FORD CARGO 916 (2016 AL 2026)"", ""FORD F-14000 F-14.000 (1996 AL 2008)"", ""VOLKSWAGEN 15160 8.3 (1999 AL 2004)"", ""VOLKSWAGEN 16210 6.5 (1999 AL 2004)"", ""VOLKSWAGEN CONSTELLATION 17.250 E (2007 AL 2017)"", ""VOLKSWAGEN WORKER 17210 (2005 AL 2007}"", ""VOLKSWAGEN WORKER 65 (2001 AL 2017)"", ""VOLKSWAGEN WORKER 8.3 (1999 AL 2015)""]",24,"[""DIAMETRO EXTERIOR DE PLATO: 380 mm""]",1,"[""SACHS: 1978"", ""SACHS: 3483 000 117:009""]",2,,,45.2288
3483 000 280,https://icepar.specparts.shop/products/detail?slug=sachs_3483000280-62443,923,,,,,[],0,"[""DIAMETRO EXTERIOR DE PLATO: 430 mm""]",1,"[""SACHS: 1509"", ""SACHS: 1537"", ""SACHS: 3483 000 280:009""]",3,,,14.7283
3483 000 283,https://icepar.specparts.shop/products/detail?slug=sachs_3483000283-62444,923,,,,,[],0,"[""DIAMETRO EXTERIOR DE PLATO: 430 mm""]",1,"[""SACHS: 1467"", ""SACHS: 1489"", ""SACHS: 3483 000 283:009""]",3,,,14.8792
3483 000 348,https://icepar.specparts.shop/products/detail?slug=sachs_3483000348-62445,923,,,,,"[""VOLVO FH-SERIES FH 400 4X2 R (2007 AL 2012)"", ""VOLVO FH-SERIES FH 400 4X2 T (2007 AL 2012)"", ""VOLVO FH-SERIES FH 420 6X4 (2018 AL 2026)"", ""VOLVO FH-SERIES FH 440 4X2 T/R (2007 AL 2016)"", ""VOLVO FH-SERIES FH 480 4X2 T (2007 AL 2011)"", ""VOLVO FH-SERIES FH 520 4X2 T (2007 AL 2016)"", ""VOLVO FH-SERIES FH 520 6X4 T (2000 AL 2003)"", ""VOLVO FM-SERIES FM 410 &X2 (2022 AL 2026)"", ""VOLVO FM-SERIES FM 420 4X2 (2017 AL 2021)"", ""VOLVO FM-SERIES FM 420 &X2 (2017 AL 2026)"", ""VOLVO FM-SERIES FM 420 &X4R (2007 AL 2011)"", ""VOLVO FM-SERIES FM 440 &X4 R (2012 AL 2016)"", ""VOLVO FM-SERIES FM 440 &X4 R (2016 AL 2021)"", ""VOLVO FM-SERIES FM 460 &X4 (2017 AL 2022)"", ""VOLVO FM-SERIES FM 480 &X4 R (2008 AL 2011)"", ""VOLVO FM-SERIES FMX 420 6X4 (2020 AL 2022)"", ""VOLVO FM-SERIES FMX 460 6X4 (2020 AL 2022)"", ""VOLVO FM-SERIES FMX 460 &X4 (2020 AL 2022)"", ""VOLVO FM-SERIES FMX 500 &X4 (2020 AL 2022)""]",19,"[""DIAMETRO: 430 mm""]",1,"[""DIESEL TECHNIC: 2.30375"", ""OEM: 1413"", ""SACHS: 1413"", ""SACHS: 3483 000 343:009""]",4,,,42.1575
3483 000 380,https://icepar.specparts.shop/products/detail?slug=sachs_3483000380-62446,923,,,,,"[""DIMEX 1116 A 5.9 (2001 AL 2004)"", ""DIMEX D 1416 5.9 (2001 AL 2004)"", ""DIMEX D 1721 N 5.9 (2001 AL 2004)"", ""DIMEX D 1721 T 5.9 (2001 AL 2004)"", ""FORD CARGO 1416 (1999 AL 2007)"", ""FORD CARGO 1716 (1999 AL 2008)"", ""VOLKSWAGEN 17160 (2000 AL 2001)"", ""VOLKSWAGEN WORKER 13180 (2007 AL 2011)"", ""VOLKSWAGEN WORKER 13190 (2019 AL 2021)""]",9,"[""DIAMETRO EXTERIOR DE PLATO: 350 mm""]",1,"[""SACHS: 1481"", ""SACHS: 1578"", ""SACHS: 3483 000 380:009""]",3,,,28.3634
3483 000 381,https://icepar.specparts.shop/products/detail?slug=sachs_3483000381-62447,923,,,,,"[""DIMEX 1116 A 5.9 (2001 AL 2004)"", ""DIMEX D 1416 5.9 (2001 AL 2004)"", ""DIMEX D 1721 N 5.9 (2001 AL 2004)"", ""DIMEX D 1721 T 5.9 (2001 AL 2004)"", ""FORD CARGO 1317 (2005 AL 2007)"", ""FORD CARGO 1416 (1999 AL 2007)"", ""FORD CARGO 1517 (2005 AL 2009)"", ""FORD CARGO 1716 (1999 AL 2008)"", ""FORD CARGO 1729 6X2 53 CD MT (2018 AL 2022)"", ""FORD CARGO 1729-37 CD MT (2016 AL 2022)"", ""FORD CARGO 1729-48 CD MT (2016 AL 2022)"", ""FORD CARGO 1729-48 CN MT (2016 AL 2022)"", ""FORD CARGO 1730 3.9 (1999 AL 2009)"", ""FORD CARGO 1831 3.9 (2002 AL 2007)"", ""FORD CARGO 2425 3.9 (1995 AL 2001)"", ""FORD CARGO 2525 3.9 (1997 AL 2003)"", ""FORD CARGO 2631 3.9 (2002 AL 2007)"", ""FORD CARGO 916 (2016 AL 2026)"", ""FORD F-14000 F-14.000 (1996 AL 2008)"", ""VOLKSWAGEN 15160 8.3 (1999 AL 2004)"", ""VOLKSWAGEN 17160 (2000 AL 2001)"", ""VOLKSWAGEN CONSTELLATION 17.250 E (2007 AL 2017)"", ""VOLKSWAGEN VOLKSBUS 17.210 OD (2005 AL 2007)"", ""VOLKSWAGEN WORKER 13180 (2007 AL 2011)"", ""VOLKSWAGEN WORKER 13190 (2019 AL 2021)"", ""VOLKSWAGEN WORKER 15180 (2006 AL 2016)"", ""VOLKSWAGEN WORKER 17210 (2005 AL 2007}"", ""VOLKSWAGEN WORKER 8.3 (1999 AL 2015)""]",28,"[""DIAMETRO EXTERIOR DE PLATO: 350 mm""]",1,"[""SACHS: 1503"", ""SACHS: 1519"", ""SACHS: 1579"", ""SACHS: 3483 000 381:009"", ""SACHS: 3483 600 107""]",5,,,52.6712
3483 000 459,https://icepar.specparts.shop/products/detail?slug=sachs_3483000459-62448,923,,,,,"[""FORD CARGO 3131 6X4-45-H (2018 AL 2021)""]",1,"[""DIAMETRO EXTERIOR DE DISCO: 395 mm""]",1,"[""SACHS: 1459"", ""SACHS: 3483 000 459:009""]",2,,,17.3711
3483 020 032,https://icepar.specparts.shop/products/detail?slug=sachs_3483020032-62450,923,,,,,[],0,"[""DIAMETRO: 430 mm""]",1,"[""SACHS: 1228"", ""SACHS: 1466"", ""SACHS: 1491"", ""SACHS: 3483020 032:009""]",4,,,15.8796
3483 020 033,https://icepar.specparts.shop/products/detail?slug=sachs_3483020033-62451,923,,,,,"[""SCANIA SERIE T T113H 4X2 42 (1991 AL 1998)"", ""SCANIA SERIE T T113H 6X2 (1991 AL 1998)""]",2,"[""DIAMETRO EXTERIOR DE PLATO: 430 mm""]",1,"[""SACHS: 1232"", ""SACHS: 1465"", ""SACHS: 1485"", ""SACHS: 3483 020 033:009""]",4,,,21.8447
3483 020 036,https://icepar.specparts.shop/products/detail?slug=sachs_3483020036-62452,923,,,,,[],0,"[""DIAMETRO EXTERIOR DE PLATO: 430 mm"", ""TIPO: A DIAFRAGMA""]",2,"[""SACHS: 1482"", ""SACHS: 3483020 036:009""]",2,,,14.8029
3483 024 031,https://icepar.specparts.shop/products/detail?slug=sachs_3483024031-62453,923,,,,,[],0,"[""DIAMETRO: 430 mm""]",1,"[""SACHS: 5X%:3483 024031""]",1,,,12.6662
3483 028 031,https://icepar.specparts.shop/products/detail?slug=sachs_3483028031-62454,923,,,,,[],0,"[""DIAMETRO: 400 mm""]",1,"[""SACHS: 1530"", ""SACHS: 3483 028 031:009""]",2,,,13.6364
3483 030 032,https://icepar.specparts.shop/products/detail?slug=sachs_3483030032-62455,923,,,,,"[""MERCEDES BENZ 1938 5 (1999 AL 2007)"", ""MERCEDES BENZ AXOR 1933 5 (2007 AL 2022)"", ""MERCEDES BENZ AXOR 2035 5 (2007 AL 2019)"", ""MERCEDES BENZ L 1634 (2005 AL 2014)"", ""MERCEDES BENZ LS 1634 (2001 AL 2014)"", ""MERCEDES BENZ © 400 RSE (2000 AL 2007)"", ""MERCEDES BENZ PARADISO PARADISO 1800DD (2008 AL 2012)""]",7,"[""DIAMETRO EXTERIOR DE PLATO: 430 mm""]",1,"[""SACHS: 1497"", ""SACHS: 3483 030 032:009""]",2,,,24.8298
3483 034 033,https://icepar.specparts.shop/products/detail?slug=sachs_3483034033-62456,923,,,,,[],0,"[""DIAMETRO EXTERIOR DE PLATO: 430 mm""]",1,"[""OEM: 1498"", ""SACHS: 1487"", ""SACHS: 1498"", ""SACHS: 3483 034 033:009""]",4,,,15.5848
3483 034 034,https://icepar.specparts.shop/products/detail?slug=sachs_3483034034-62457,924,,,,,"[""VOLVO FH-SERIES FH12 380 4X2 (1999 AL 2006)"", ""VOLVO FH-SERIES FH12 420 4X2 (1999 AL 2006)"", ""VOLVO FM-SERIES FM 300 &X2 (2008 AL 2011)"", ""VOLVO FM-SERIES FM12 340 4X2 (2006 AL 2007)"", ""VOLVO FM-SERIES FM12 420 6X4 (2006 AL 2007)"", ""VOLVO NH NH12 380 4X2 (2000 AL 2003)""]",6,"[""DIAMETRO EXTERIOR DE PLATO: 430 mm""]",1,"[""DIESEL TECHNIC: 2.30277"", ""OEM: 1555"", ""SACHS: 1555"", ""SACHS: 3483 034 034:009""]",4,,,25.7752
3483 600 108,https://icepar.specparts.shop/products/detail?slug=sachs_3483600108-62458,924,,,,,"[""MECC EUROCARGO 5.9 (2005 AL 2012)""]",1,"[""DIAMETRO EXTERIOR DE PLATO: 350 mm""]",1,"[""SACHS: 1529"", ""SACHS: 1533"", ""SACHS: 3483 600 103:009""]",3,,,18.1468
3483 600 109,https://icepar.specparts.shop/products/detail?slug=sachs_3483600109-62459,924,,,,,"[""MECC ATTACK 170E22NCM21 (2017 AL 2022)"", ""MECC ATTACK 170E22NCM31 (2017 AL 2026)"", ""MECC ATTACK 170E22NCMS51 (2017 AL 2022)"", ""MECC ATTACK 170E22NLM3!1 (2017 AL 2022)"", ""MECC ATTACK 170E22NLMS51 (2017 AL 2020)"", ""MECC ATTACK 170E22RCM31 (2017 AL 2026)"", ""MECC ATTACK 170E22TLM2B (2017 AL 2022)"", ""MECC ATTACK 170E30NCA31 (2018 AL 2020)"", ""NECC ATTACK 6.7 (2019 AL 2021)"", ""MECC EUROCARGO 5.9 (2005 AL 2020)""]",10,"[""DIAMETRO EXTERIOR DE PLATO: 350 mm""]",1,"[""SACHS: 1569"", ""SACHS: 3483 600 109:009""]",2,,,28.3605
3488 000 024,https://icepar.specparts.shop/products/detail?slug=sachs_3488000024-62460,924,,,,,"[""VOLVO FM-SERIES FM 380 4X2 (2016 AL 2022)"", ""VOLVO FM-SERIES FM 380 &X2 (2016 AL 2022)"", ""VOLVO FM-SERIES FM 380 6X4R (2019 AL 2026)""]",3,"[""DIAMETRO: 400 mm""]",1,"[""OEM: 7741"", ""SACHS: 3488 000 024:009"", ""SACHS: 7741""]",3,,,21.7852
3488 022 253,https://icepar.specparts.shop/products/detail?slug=sachs_3488022253-62462,924,,,,,[],0,"[""DIAMETRO EXTERIOR DE PLATO: 400 mm""]",1,"[""SACHS: 3488 022 253:009"", ""SACHS: 7740""]",2,,,13.7619
3483 000 463,https://icepar.specparts.shop/products/detail?slug=sachs_3483000463-141687,924,,,,,"[""FORD CARGO 1519-35 (2016 AL 2022)"", ""FORD CARGO 1519-42 (2017 AL 2019)"", ""FORD CARGO 1519-48 (2016 AL 2022)"", ""FORD CARGO 1723 4X2 CD MT 37 (2016 AL 2022)"", ""FORD CARGO 1723 4X2 CD MT 43 (2016 AL 2026)"", ""FORD CARGO 1723 4X2 CD MT 48 (2016 AL 2022)"", ""FORD CARGO 1723 4X2 CN MT 37 (2016 AL 2022)"", ""FORD CARGO 1723 4X2 CN MT 43 (2016 AL 2022)"", ""FORD CARGO 1723 4X2 CN MT 48 (2016 AL 2021)"", ""FORD CARGO 1723 6X2 CN MT 48 (2016 AL 2021)"", ""FORD CARGO 1723 6X2 CN MT 53 (2017 AL 2021)"", ""FORD CARGO 3131 6X4-34-H (2018 AL 2022)""]",12,"[""DIAMETRO EXTERIOR DE PLATO: 365 mm""]",1,[],0,,,24.4570
232508,https://icepar.specparts.shop/products/detail?slug=valeo_232508-141697,924,,,,,"[""MERCEDES BENZ 1215 1215C (1999 AL 2005)"", ""MERCEDES BENZ 1718 1718M (2001 AL 2007)"", ""MERCEDES BENZ 712 712C (2001 AL 2007)"", ""MERCEDES BENZ 914C (2001 AL 2007)"", ""MERCEDES BENZ 921/913/912/914 (1993 AL 2004)"", ""MERCEDES BENZ ACCELO 915C (2005 AL 2016)"", ""MERCEDES BENZ ATEGO 1315 (2009 AL 2010)"", ""MERCEDES BENZ ATEGO 1328 (2013 AL 2014)"", ""MERCEDES BENZ ATEGO 1418 (2007 AL 2016)"", ""MERCEDES BENZ ATEGO 1718 (2005 AL 2016)"", ""MERCEDES BENZ ATEGO 1725 (2007 AL 2017)"", ""MERCEDES BENZ BMO 368 1618 L/55 (2010 AL 2017)"", ""MERCEDES BENZ BMO 368 1718 L/62 (2011 AL 2016)"", ""MERCEDES BENZ BMO 384 1418 52 (2008 AL 2016)"", ""MERCEDES BENZ BMO 384 1519 52 (2016 AL 2017)"", ""MERCEDES BENZ BMO 390 1115L/ 46 CA (1998 AL 2003)"", ""MERCEDES BENZ BMO 390 1315L/52 CA (2008 AL 2011)"", ""MERCEDES BENZ L 1218 L 1218 EL (2001 AL 2008)"", ""MERCEDES BENZ L 1318 (2007 AL 2012)"", ""MERCEDES BENZ L 1418 (1998 AL 2003)"", ""MERCEDES BENZ L 1618 (1995 AL 2001)"", ""MERCEDES BENZ LK 1218 (1997 AL 1999)"", ""MERCEDES BENZ LK 12184 EL (1997 AL 2008)"", ""MERCEDES BENZ LK 1318 (2007 AL 2013)"", ""MERCEDES BENZ LK 1418 (1997 AL 2007}"", ""MERCEDES BENZ LO 914 (2004 AL 2008)"", ""MERCEDES BENZ LO 915 (2006 AL 2016)"", ""MERCEDES BENZ OF 1417 (2001 AL 2007)"", ""MERCEDES BENZ OF 1418 (2008 AL 2016)"", ""MERCEDES BENZ OF 1519 (2016 AL 2020)"", ""MERCEDES BENZ GH 1418 (1988 AL 1993)"", ""MERCEDES BENZ GH 1518 (2005 AL 2015)""]",32,"[""DIAMETRO EXTERIOR DE PLACA: 362 mm""]",1,[],0,,,48.5314
232513,https://icepar.specparts.shop/products/detail?slug=valeo_232513-141698,924,,,,,"[""MERCEDES BENZ 1938 5 (1999 AL 2007)"", ""MERCEDES BENZ 1944 5 (2002 AL 2005)"", ""MERCEDES BENZ L 1634 (2005 AL 2014)"", ""MERCEDES BENZ L 1938 (1995 AL 2001)"", ""MERCEDES BENZ LS 1634 (2001 AL 2014)"", ""MERCEDES BENZ LS 1938 (2007 AL 2009)"", ""MERCEDES BENZ © 400 RSE (2000 AL 2007)""]",7,"[""DIAMETRO EXTERIOR DE PLACA: 430 mm""]",1,[],0,,,20.3355
232550,https://icepar.specparts.shop/products/detail?slug=valeo_232550-141699,924,,,,,"[""MERCEDES BENZ 2423 B (2005 AL 2011)"", ""MERCEDES BENZ 2423 K (2005 AL 2013)"", ""MERCEDES BENZ ATEGO 1725 (2007 AL 2017)"", ""MERCEDES BENZ ATEGO 1725 A/S (2007 AL 2019)"", ""MERCEDES BENZ L 1622 (1995 AL 2001)"", ""MERCEDES BENZ OF 1722 (2003 AL 2016)"", ""VOLKSWAGEN CONSTELLATION 26.280 DC (2016 AL 2026)"", ""VOLKSWAGEN CONSTELLATION 31.280 DC (2016 AL 2026)"", ""VOLKSWAGEN VOLKSBUS 4.6 MT (2015 AL 2026)""]",9,"[""DIAMETRO EXTERIOR DE PLACA: 395 mm""]",1,[],0,,,20.6065
232516,https://icepar.specparts.shop/products/detail?slug=valeo_232516-141700,924,,,,,"[""SCANIA SERIE K K124 IB (1999 AL 2008)"", ""SCANIA SERIE P P114 GA (1999 AL 2005)"", ""SCANIA SERIE P P114LA6X2 (2001 AL 2006)"", ""SCANIA SERIE P P124CA (2001 AL 2006)"", ""SCANIA SERIE P P124CB (2001 AL 2006)"", ""SCANIA SERIE P P124GA 4X2 NZ360 (2007)"", ""SCANIA SERIE P P124GB 4X2 NZ420 (2001 AL 2006)"", ""SCANIA SERIE R R114GA (2007 AL 2008)"", ""SCANIA SERIE R R114GB (2001 AL 2008)"", ""SCANIA SERIE R R124 CB 6X4 (2001 AL 2008)"", ""SCANIA SERIE R R124 CB 8X4 (2001 AL 2008)"", ""SCANIA SERIE R R124 GA (2001 AL 2008)"", ""SCANIA SERIE R R124 GB (2001 AL 2008)"", ""SCANIA SERIE R R124 LA (2001 AL 2008)"", ""SCANIA SERIE T T114 GA 320 (1999 AL 2006)"", ""SCANIA SERIE T T114 GB 360 (2001 AL 2006)"", ""SCANIA SERIE T T124 GA 360 (2001 AL 2006)"", ""SCANIA SERIE T T124 GB 420 (2001 AL 2006)""]",18,"[""DIAMETRO EXTERIOR DE PLACA: 430 mm""]",1,[],0,,,30.4509
232610,https://icepar.specparts.shop/products/detail?slug=valeo_232610-141701,924,,,,,"[""SCANIA F94 (1999 AL 2000)"", ""SCANIA SERIE G G420 B&X4 (2012 AL 2014)"", ""SCANIA SERIE K K124 6X2/PARADISO 1800DD (2000 AL 2007)"", ""SCANIA SERIE K K124 IB (1999 AL 2008)"", ""SCANIA SERIE K K124 IBX2/PANORAMICO DD (2000 AL 2007)"", ""SCANIA SERIE K K380 6X2 (2007 AL 2013)"", ""SCANIA SERIE P P114 GA (1999 AL 2005)"", ""SCANIA SERIE P P114LA6X2 (2001 AL 2006)"", ""SCANIA SERIE P P124CA (2001 AL 2006)"", ""SCANIA SERIE P P124CB (2001 AL 2006)"", ""SCANIA SERIE P P124GA 4X2 NZ360 (2007)"", ""SCANIA SERIE P P124GB 4X2 NZ420 (2001 AL 2006)"", ""SCANIA SERIE P P270 6X2 (2007 AL 2010)"", ""SCANIA SERIE P P310 4X2 (2007 AL 2017)"", ""SCANIA SERIE P P310 6X4 (2007 AL 2012, 2014 AL 2017)"", ""SCANIA SERIE P P310 8X4 (2014 AL 2021)"", ""SCANIA SERIE R R114GA (2007 AL 2008)"", ""SCANIA SERIE R R114GB (2001 AL 2008)"", ""SCANIA SERIE R R124 CB 6X4 (2001 AL 2008)"", ""SCANIA SERIE R R124 CB 8X4 (2001 AL 2008)"", ""SCANIA SERIE R R124 GA (2001 AL 2008)"", ""SCANIA SERIE R R124 GB (2001 AL 2008)"", ""SCANIA SERIE R R124 LA (2001 AL 2008)"", ""SCANIA SERIE R R380 4X2 (2007 AL 2012)"", ""SCANIA SERIE R R380 6X2 (2007 AL 2011)"", ""SCANIA SERIE R R380 &X4 (2007 AL 2012)"", ""SCANIA SERIE R R420 4X2 (2007 AL 2014)"", ""SCANIA SERIE R R420 &X4 (2007 AL 2012)"", ""SCANIA SERIE R R470 4X2 (2009 AL 2012)"", ""SCANIA SERIE R R500 4X2 (2012 AL 2015)"", ""SCANIA SERIE R R580 4X2 (2013 AL 2016)"", ""SCANIA SERIE T T114 GA 320 (1999 AL 2006)"", ""SCANIA SERIE T T114 GB 360 (2001 AL 2006)"", ""SCANIA SERIE T T124 GA 360 (2001 AL 2006)"", ""SCANIA SERIE T T124 GB 420 (2001 AL 2006)""]",35,"[""DIAMETRO EXTERIOR DE PLACA: 430 mm""]",1,"[""DIESEL TECHNIC: 1.13127"", ""EATON: 170003-31"", ""OEM: 1450"", ""SACHS: 3482000 251""]",4,,,60.4450
20083,https://icepar.specparts.shop/products/detail?slug=phcvaleo_20083-176497,924,,,,,[],0,"[""TIPO: A DIAFRAGMA"", ""DIAMETRO EXTERIOR DE PLATO: 280 mm""]",2,[],0,,,8.3712
AMC-49,https://icepar.specparts.shop/products/detail?slug=phcvaleo_amc49-176498,924,,,,,[],0,"[""DIAMETRO EXTERIOR DE PLATO: 268 mm"", ""TIPO: A DIAFRAGMA""]",2,[],0,,,8.4979
232543,https://icepar.specparts.shop/products/detail?slug=valeo_232543-176499,924,,,,,"[""AGRALE 9200 TCA (2005 AL 2016)"", ""AGRALE MA &.5TCA (2005 AL 2017)"", ""FORD CARGO 712E (2007 AL 2012)"", ""FORD CARGO 915E (2007 AL 2016)""]",4,"[""DIAMETRO EXTERIOR DE PLACA: 330 mm""]",1,[],0,,,15.2215
121 0048 10,https://icepar.specparts.shop/products/detail?slug=luk_121004810-985652,924,,,,,"[""FORD ECOSPORT 1.4 TDCI (2003 AL 2011)"", ""FORD ECOSPORT 1.6 8V ROCAM (2003 AL 2013)"", ""FORD FIESTA 1.4 TDCI (2002 AL 2011)"", ""FORD FIESTA 1.6 8V (2002 AL 2013)""]",4,"[""DIAMETRO EXTERIOR: 210 mm""]",1,"[""LUK: 1210048100"", ""SACHS: 3082 001 233""]",2,,,21.6184
125 0800 10,https://icepar.specparts.shop/products/detail?slug=luk_125080010-985667,924,,,,,"[""FORD F-100 2.5 TDI (1993 AL 1999)"", ""FORD F-100 3.6 (1983 AL 1997)""]",2,"[""DIAMETRO EXTERIOR: 250""]",1,"[""SACHS: 3082 654 345"", ""UNIVERSAL: 125080010""]",2,,,19.5118
128 0205 10,https://icepar.specparts.shop/products/detail?slug=luk_128020510-985673,924,,,,,[],0,"[""DIAMETRO EXTERIOR: 280 mm""]",1,"[""LUK: 1280205100"", ""SACHS: 1282/1553"", ""SACHS: 3482000 032""]",3,,,15.6949
130 0217 10,https://icepar.specparts.shop/products/detail?slug=luk_130021710-985681,924,,,,,"[""FORD F-100 3.9 TDI (1999 AL 2012)"", ""FORD F-350 F-350 DIESEL (1988 AL 1993)"", ""FORD F-4000 3.9 (1999 AL 2011)""]",3,"[""DIAMETRO EXTERIOR: 300 mm""]",1,"[""LUK: 1300217100""]",1,,,19.4400
142 0028 10,https://icepar.specparts.shop/products/detail?slug=luk_142002810-985685,924,,,,,"[""MERCEDES BENZ L 1419 (1995 AL 2001)"", ""MERCEDES BENZ L 2325 (1995 AL 2001)"", ""MERCEDES BENZ LK 2325 (1995 AL 2001)"", ""MERCEDES BENZ LS 1941 (1995 AL 2001)""]",4,"[""DIAMETRO EXTERIOR: 420 mm""]",1,"[""LUK: 1420028100"", ""SACHS: 1181"", ""SACHS: 1882 301 239"", ""VALEO: 355138""]",4,,,24.0562
128 0206 10,https://icepar.specparts.shop/products/detail?slug=luk_128020610-985686,924,,,,,"[""MERCEDES BENZ 1113 1113 (AUTOBOMBA) (2005 AL 2007)"", ""MERCEDES BENZ 1117 D (2006 AL 2007)"", ""MERCEDES BENZ LAF 1113 B LAF 1113 B (AUTOBCOMBA) (2001 AL 2007)"", ""MERCEDES BENZ LK 12184 EL (1997 AL 2008)""]",4,"[""DIAMETRO EXTERIOR: 330 mm""]",1,"[""LUK: 1280206100"", ""MWM: 903102030028"", ""SACHS: 1882 230 238""]",3,,,23.0572
128 0207 10,https://icepar.specparts.shop/products/detail?slug=luk_128020710-985689,924,,,,,"[""CHEVROLET C-20 4.1 (1994 AL 1996)"", ""CHEVROLET SILVERADO 4.1 (1996 AL 2001)"", ""CHEVROLET SILVERADO 4.1D (1997 AL 2001)""]",3,"[""DIAMETRO EXTERIOR: 280 mm""]",1,"[""LUK: 1280207100"", ""SACHS: 1294"", ""SACHS: 3082 654 135""]",3,,,22.3298
124 0196 11,https://icepar.specparts.shop/products/detail?slug=luk_124019611-985690,924,,,,,"[""SSANGYONG KORANDO 2.9 D 4X4 (1995 AL 2001)"", ""SSANGYONG KORANDO 2.9 TD (1998 AL 1999)"", ""SSANGYONG MUSSO 2.9 TD (1993 AL 2001)""]",3,"[""DIAMETRO EXTERIOR: 240 mm""]",1,"[""LUK: 1240196110""]",1,,,19.3695
130 0800 10,https://icepar.specparts.shop/products/detail?slug=luk_130080010-985699,924,,,,,"[""FORD F-4000 4.3 (1993 AL 1996)""]",1,"[""DIAMETRO EXTERIOR: 325 mm""]",1,"[""LUK: 1300800100"", ""SACHS: 1279"", ""SACHS: 3482 654 122""]",3,,,18.4607
125 0002 11,https://icepar.specparts.shop/products/detail?slug=luk_125000211-985701,924,,,,,"[""MERCEDES BENZ L 608 (1988 AL 1991)"", ""MERCEDES BENZ L 913 (1990 AL 1996)""]",2,"[""DIAMETRO EXTERIOR: 250""]",1,"[""LUK: 1250002110"", ""SACHS: 1882 205 234""]",2,,,19.2552
133 0210 12,https://icepar.specparts.shop/products/detail?slug=luk_133021012-985706,925,,,,,"[""MERCEDES BENZ 1017 1017 (AUTOBOMBA) (2005 AL 2007)"", ""MERCEDES BENZ 1019 AF (2006 AL 2007)"", ""MERCEDES BENZ L 1518 (1988 AL 1991)"", ""MERCEDES BENZ LK 2325 (1995 AL 2001)"", ""MERCEDES BENZ OF 1214 (1988 AL 1994)""]",5,"[""DIAMETRO EXTERIOR: 330 mm""]",1,"[""LUK: 1330210120"", ""SACHS: 1192"", ""SACHS: 3482012 240"", ""UNIVERSAL: 133021012""]",4,,,26.0536
143 0314 10,https://icepar.specparts.shop/products/detail?slug=luk_143031410-985707,925,,,,,"[""MERCEDES BENZ © 500 M (2004 AL 2026)"", ""MERCEDES BENZ © 500 RS (2008 AL 2022)"", ""MERCEDES BENZ © 500 U (2004 AL 2026)""]",3,"[""DIAMETRO EXTERIOR: 430 mm""]",1,"[""SACHS: 1542"", ""SACHS: 3482 000 237""]",2,,,20.6460
128 0800 10,https://icepar.specparts.shop/products/detail?slug=luk_128080010-985708,925,,,,,"[""FORD F-100 3.6 (1983 AL 1997)"", ""FORD F-100 3.9 TDI (1999 AL 2012)""]",2,"[""DIAMETRO EXTERIOR: 280 mm""]",1,"[""LUK: 1280800100""]",1,,,18.6954
133 0010 13,https://icepar.specparts.shop/products/detail?slug=luk_133001013-985711,925,,,,,"[""FIAT TORO 20 MJT 16V MT (2016 AL 2026)"", ""FORD F7000 F-7000 (1988 AL 1992)""]",2,"[""DIAMETRO EXTERIOR: 327 mm""]",1,"[""SACHS: 1085/1585"", ""SACHS: 3482001063"", ""UNIVERSAL: 133001013""]",3,,,22.0568
131 0216 10,https://icepar.specparts.shop/products/detail?slug=luk_131021610-985716,925,,,,,"[""MERCEDES BENZ 1017 1017 (AUTOBOMBA) (2005 AL 2007)"", ""MERCEDES BENZ 1019 AF (2006 AL 2007)"", ""MERCEDES BENZ 1113 1113 (AUTOBOMBA) (2005 AL 2007)"", ""MERCEDES BENZ 1117 D (2006 AL 2007)"", ""MERCEDES BENZ L 1114 (1987 AL 1995)"", ""MERCEDES BENZ L 1518 (1988 AL 1991)"", ""MERCEDES BENZ LK 2325 (1995 AL 2001)""]",7,"[""DIAMETRO EXTERIOR: 310 mm""]",1,"[""LUK: 1310216100"", ""SACHS: 1171/1236"", ""SACHS: 3482 654 113""]",3,,,28.1104
133 0010 10,https://icepar.specparts.shop/products/detail?slug=luk_133001010-985728,925,,,,,"[""EL DETALLE OA 101 (1995 AL 2001)"", ""FORD F-4000 4.3 (1993 AL 1996)"", ""FORD F600/6000 F-600 (1963 AL 1992)"", ""MECC EUROCARGO 5.9 (2007 AL 20059)""]",4,"[""DIAMETRO EXTERIOR: 325 mm""]",1,"[""CBT: 7A556913"", ""LUK: 1330010100"", ""MWM: 903100100004"", ""SACHS: 1585/1286"", ""SACHS: 3482001063""]",5,,,26.3559
135 0207 11,https://icepar.specparts.shop/products/detail?slug=luk_135020711-985736,925,,,,,"[""MERCEDES BENZ 1117 D (2006 AL 2007)"", ""MERCEDES BENZ 1215 1215C (1999 AL 2005)"", ""MERCEDES BENZ 1218 (1998 AL 2000)"", ""MERCEDES BENZ 1418 (1996 AL 2001)"", ""MERCEDES BENZ © 400 (1995 AL 1999)"", ""MERCEDES BENZ GH 1620 (1998)"", ""MERCEDES BENZ OHL 1420 (1995 AL 2001)""]",7,"[""DIAMETRO EXTERIOR: 350 mm""]",1,"[""LUK: 1350207110"", ""SACHS: 1258"", ""SACHS: 3482051131""]",3,,,26.1635
136 0207 10,https://icepar.specparts.shop/products/detail?slug=luk_136020710-985737,925,,,,,"[""MERCEDES BENZ 1215 1215C (1999 AL 2005)"", ""MERCEDES BENZ 1720 (1999 AL 2008)"", ""MERCEDES BENZ 710 (1997 AL 2001)"", ""MERCEDES BENZ 914C (2001 AL 2007)"", ""MERCEDES BENZ 921/913/912/914 (1993 AL 2004)"", ""MERCEDES BENZ L 1418 (1998 AL 2003)"", ""MERCEDES BENZ L 1419 (1995 AL 2001)"", ""MERCEDES BENZ L 1618 (1995 AL 2001)"", ""MERCEDES BENZ LK 1318 (2007 AL 2013)"", ""MERCEDES BENZ LK 1418 (1997 AL 2007}"", ""MERCEDES BENZ LO 914 (2004 AL 2008)"", ""MERCEDES BENZ LO 915 (2006 AL 2016)"", ""MERCEDES BENZ OF 1417 (2001 AL 2007)"", ""MERCEDES BENZ OF 1418 (2008 AL 2016)"", ""MERCEDES BENZ OF 1721 (1998 AL 2002)"", ""MERCEDES BENZ OF 1722 (2003 AL 2016)"", ""MERCEDES BENZ GH 1418 (1988 AL 1993)"", ""MERCEDES BENZ GH 1522 (1990 AL 1994)""]",18,"[""DIAMETRO EXTERIOR: 360""]",1,"[""SACHS: 1342"", ""SACHS: 3482 000 462"", ""SACHS: 3482 126 305"", ""SACHS: 3482 126 331"", ""VALEO: 805772""]",5,,,54.9810
137 9002 10,https://icepar.specparts.shop/products/detail?slug=luk_137900210-985753,925,,,,,"[""FORD CARGO 1722 3.9 (1999 AL 2008)"", ""FORD F-14000 F-14.000 (1996 AL 2008)"", ""VOLKSWAGEN 15170 (2001 AL 2002)""]",3,"[""DIAMETRO EXTERIOR: 380 mm""]",1,"[""LUK: 1379002100"", ""SACHS: 1979"", ""SACHS: 3483000 057""]",3,,,22.0790
143 9323 10,https://icepar.specparts.shop/products/detail?slug=luk_143932310-985759,925,,,,,"[""MERCEDES BENZ 1938 5 (1999 AL 2007)"", ""MERCEDES BENZ 1944 5 (2002 AL 2005)"", ""MERCEDES BENZ L 1938 (1995 AL 2001)"", ""MERCEDES BENZ LK 2318 (1995 AL 2001)"", ""MERCEDES BENZ © 400 RSD (1996 AL 2001)"", ""MERCEDES BENZ © 500 M (2004 AL 2026)""]",6,"[""DIAMETRO EXTERIOR: 430 mm""]",1,"[""LUK: 1439323100"", ""SACHS: 1497"", ""SACHS: 3483030 032""]",3,,,25.8169
137 9001 10,https://icepar.specparts.shop/products/detail?slug=luk_137900110-985774,925,,,,,"[""FORD CARGO 1317 (2005 AL 2007)"", ""VOLKSWAGEN 15170 (2001 AL 2002)"", ""VOLKSWAGEN 16210 6.5 (1999 AL 2004)"", ""VOLKSWAGEN WORKER 15180 (2006 AL 2016)"", ""VOLKSWAGEN WORKER 4.7 (2002 AL 2012)"", ""VOLKSWAGEN WORKER 65 (2007 AL 2017)""]",6,"[""DIAMETRO EXTERIOR: 370""]",1,[],0,,,50.7030
140 0216 10,https://icepar.specparts.shop/products/detail?slug=luk_140021610-985779,925,,,,,"[""MERCEDES BENZ 2428 (2001 AL 2007)"", ""MERCEDES BENZ 914C (2001 AL 2007)"", ""MERCEDES BENZ L 1623 (2001 AL 2007)"", ""MERCEDES BENZ L 1624 (2007 AL 2014)"", ""MERCEDES BENZ L 1632 (1999 AL 2004)"", ""MERCEDES BENZ L 1633 (1999 AL 2001)"", ""MERCEDES BENZ L 1634 (2005 AL 2014)""]",7,"[""DIAMETRO EXTERIOR: 400""]",1,"[""LUK: 1400216100"", ""SACHS: 1546"", ""SACHS: 3482 123 833""]",3,,,26.7391
140 0227 10,https://icepar.specparts.shop/products/detail?slug=luk_140022710-985789,925,,,,,"[""MERCEDES BENZ 1721 (1990 AL 1999)""]",1,"[""DIAMETRO EXTERIOR: 400""]",1,"[""LUK: 1400227100""]",1,,,16.4399
143 0293 10,https://icepar.specparts.shop/products/detail?slug=luk_143029310-985790,925,,,,,"[""MERCEDES BENZ L 1419 (1995 AL 2001)"", ""MERCEDES BENZ L 2325 (1995 AL 2001)"", ""MERCEDES BENZ LK 2325 (1995 AL 2001)"", ""MERCEDES BENZ LS 1941 (1995 AL 2001)""]",4,"[""DIAMETRO EXTERIOR: 420 mm""]",1,"[""LUK: 1430293100"", ""SACHS: 1215"", ""SACHS: 3082 654 139""]",3,,,22.8280
143 0335 10,https://icepar.specparts.shop/products/detail?slug=luk_143033510-985805,925,,,,,"[""SCANIA SERIE P P114 GA (1999 AL 2005)"", ""SCANIA SERIE P P114LA6X2 (2001 AL 2006)"", ""SCANIA SERIE P P124CA (2001 AL 2006)"", ""SCANIA SERIE R R114GA (2007 AL 2008)"", ""SCANIA SERIE R R114GB (2001 AL 2008)"", ""SCANIA SERIE R R124 CB 6X4 (2001 AL 2008)"", ""SCANIA SERIE T T114 GA 320 (1999 AL 2006)"", ""SCANIA SERIE T T114 GB 360 (2001 AL 2006)"", ""SCANIA SERIE T T124 GA 360 (2001 AL 2006)""]",9,"[""DIAMETRO EXTERIOR: 430 mm""]",1,"[""LUK: 1430335100"", ""UNIVERSAL: 143033510""]",2,,,28.0237
CNC-110,https://icepar.specparts.shop/products/detail?slug=phcvaleo_cnc110-1294814,925,,,,,[],0,[],0,[],0,,,2.8784
1296333046,https://icepar.specparts.shop/products/detail?slug=zf_1296333046-491972,925,,,,,[],0,[],0,"[""OEM: 1296333046""]",1,,,10.3722
1297304196,https://icepar.specparts.shop/products/detail?slug=zf_1297304196-491984,925,,,,,[],0,[],0,"[""OEM: 6889863""]",1,,,11.1920
1312304027,https://icepar.specparts.shop/products/detail?slug=zf_1312304027-492065,925,,,,,[],0,[],0,"[""OEM: 1312304027""]",1,,,7.7092
1316304159,https://icepar.specparts.shop/products/detail?slug=zf_1316304159-492107,925,,,,,[],0,[],0,"[""OEM: 1316304159""]",1,,,7.3665
1316304185,https://icepar.specparts.shop/products/detail?slug=zf_1316304185-492116,925,,,,,[],0,[],0,"[""OEM: 1316304185""]",1,,,7.3134
1316304190,https://icepar.specparts.shop/products/detail?slug=zf_1316304190-492119,925,,,,,[],0,[],0,"[""OEM: 4194003""]",1,,,7.1577
LRAP017,https://icepar.specparts.shop/products/detail?slug=lucas_lrap017-29821,925,,,,,[],0,[],0,[],0,,,2.8626
OAP7106,https://icepar.specparts.shop/products/detail?slug=gates_oap7106-259046,926,,,,,[],0,[],0,"[""GATES EUR: OAP7 106"", ""INA: 535010510""]",2,,,8.4643
OAP7110,https://icepar.specparts.shop/products/detail?slug=gates_oap7110-259047,926,,,,,[],0,[],0,"[""GATES EUR: OAP7110"", ""INA: 535008110""]",2,,,8.4919
535 0080 10,https://icepar.specparts.shop/products/detail?slug=ina_535008010-1001548,926,,,,,"[""RENAULT CAPTUR 16 16V CVT (2018 AL 2026)"", ""RENAULT CAPTUR 16 16V MT (2018 AL 2026)"", ""RENAULT DUSTER 2.0 16¥V (2011 AL 2017)"", ""RENAULT FLUENCE 2.0 16V (2014 AL 2019)"", ""RENAULT MASTER 2.3 DCI (2013 AL 2026)"", ""RENAULT MEGANE 2.0 16V 2465CV (2014 AL 2020)""]",6,"[""CANTIDAD DE VIAS: 7"", ""ALTURA: 406.8 mm"", ""DIAMETRO EXTERIOR: 48.6 mm"", ""DIAMETRO INTERIOR: 17 mm""]",4,"[""DAYCO: ALP2369"", ""GATES: OAP7231"", ""SKF: VKM03615""]",3,,,28.4334
535 0044 10,https://icepar.specparts.shop/products/detail?slug=ina_535004410-1001563,926,,,,,[],0,"[""CANTIDAD DE VIAS: 6"", ""ALTURA: 406.6 mm"", ""DIAMETRO INTERIOR: 17 mm"", ""DIAMETRO EXTERIOR: 52.2 mm""]",4,[],0,,,10.7894
535 0028 10,https://icepar.specparts.shop/products/detail?slug=ina_535002810-1001584,926,,,,,"[""RENAULT LAGUNA 2.0T (2003 AL 2009)"", ""RENAULT MEGANE 1.9 DTI (2002 AL 2003)"", ""RENAULT MEGANE 1.9 TD (1998 AL 1999)"", ""RENAULT SCENIC 19 DTI (1998 AL 2001)"", ""VOLVO 540 19 TDI (1998 AL 2001)"", ""VOLVO V40 19 TDI (1998 AL 2001)""]",6,"[""DIAMETRO EXTERIOR: 55.9 mm"", ""CANTIDAD DE VIAS: 6""]",2,"[""DAYCO: ALP2345"", ""GATES: OAP7043"", ""HUTCHINSON: DBO256"", ""INA: F-556599.01"", ""SKF: VKMO3600""]",5,,,28.6446
535 0232 10,https://icepar.specparts.shop/products/detail?slug=ina_535023210-1001590,926,,,,,[],0,[],0,[],0,,,2.6510
535 0011 10,https://icepar.specparts.shop/products/detail?slug=ina_535001110-1001594,926,,,,,[],0,"[""ALTURA: 44.4 mm"", ""CANTIDAD DE VIAS: 5"", ""DIAMETRO EXTERIOR: 49.7 mm"", ""DIAMETRO INTERIOR: 17 mm""]",4,"[""INA: F-226954.07""]",1,,,16.1321
535 0032 10,https://icepar.specparts.shop/products/detail?slug=ina_535003210-1001634,926,,,,,"[""VOLKSWAGEN GOL 16 D (1995 AL 1998)"", ""VOLKSWAGEN GOL 139 D (1998)"", ""VOLKSWAGEN GOL 19 5D (1998 AL 2009)"", ""VOLKSWAGEN GOL 19D (1998 AL 1999)""]",4,"[""DIAMETRO EXTERIOR: 55.9 mm"", ""CANTIDAD DE VIAS: 6"", ""ALTURA: 326mm"", ""DIAMETRO INTERIOR: 17 mm""]",4,"[""DAYCO: ALP2375"", ""INA: F-230209.04""]",2,,,29.3117
535 0041 10,https://icepar.specparts.shop/products/detail?slug=ina_535004110-1001646,926,,,,,"[""AUDI A3 18 TFSI (2008 AL 2015)"", ""AUDI A3 2.0 TFSI (2006 AL 2008)"", ""AUDI A4 2.0 TFSI (2006 AL 2008)"", ""AUDI TT 18 TFSI (2009 AL 2017)"", ""AUDI TT 2.0 TFSI (2006 AL 2013)"", ""VOLKSWAGEN GOLF 2.0 TSI (2011 AL 2014)"", ""VOLKSWAGEN PASSAT 1.8 TSI (2011 AL 2016)"", ""VOLKSWAGEN SCIROCCO 2.0TSI (2012 AL 2016)"", ""VOLKSWAGEN SHARAN 2.0 TSI BLUEMOTION (2011 AL 2015)"", ""VOLKSWAGEN THE BEETLE 20 TSI (2014 AL 2022)""]",10,"[""CANTIDAD DE VIAS: 6"", ""DIAMETRO EXTERIOR: 55.9 mm""]",2,"[""DAYCO: ALP2350"", ""GATES: OAP7044"", ""HUTCHINSON: DBO259"", ""INA: F-581445"", ""SKF: VKMO3116""]",5,,,35.9017
535 0098 10,https://icepar.specparts.shop/products/detail?slug=ina_535009810-1001658,926,,,,,[],0,"[""ALTURA: 36.2 mm"", ""DIAMETRO INTERIOR: 17 mm"", ""CANTIDAD DE VIAS: 6"", ""DIAMETRO EXTERIOR: 58.7 mm""]",4,"[""INA: F-233608.03""]",1,,,15.9197
535 0116 10,https://icepar.specparts.shop/products/detail?slug=ina_535011610-1001675,926,,,,,"[""RENAULT CLIO 15 DCI (2001 AL 2009)"", ""RENAULT KANGOO 16 16V (2003 AL 2014)"", ""RENAULT MEGANE 1.5 DCI (2006 AL 2010)"", ""RENAULT MEGANE 1.6 16V (1999 AL 2011)"", ""RENAULT SCENIC 16 16¥V (1998 AL 2011)""]",5,"[""DIAMETRO EXTERIOR: 55.9 mm"", ""ALTURA: 37.2 mm"", ""CANTIDAD DE VIAS: 5"", ""DIAMETRO INTERIOR: 17 mm""]",4,"[""DAYCO: ALP2374"", ""GATES: OAP7108"", ""SKF: VKMO03604"", ""SKF: VKM03616""]",4,,,29.6093
535 0015 10,https://icepar.specparts.shop/products/detail?slug=ina_535001510-1001676,926,,,,,[],0,"[""DIAMETRO EXTERIOR: 49.7 mm"", ""CANTIDAD DE VIAS: 6""]",2,"[""INA: F-228824.11""]",1,,,14.1181
535 0050 10,https://icepar.specparts.shop/products/detail?slug=ina_535005010-1001688,926,,,,,"[""CHRYSLER PT CRUISER 2.2 CRDI (2006 AL 2005)""]",1,"[""CANTIDAD DE VIAS: 6"", ""ALTURA: 39 mm"", ""DIAMETRO INTERIOR: 17 mm"", ""DIAMETRO EXTERIOR: 49.7 mm""]",4,"[""GATES: OAP7057"", ""INA: F-559320.01"", ""SKF: VKM03828""]",3,,,22.2720
535 0077 10,https://icepar.specparts.shop/products/detail?slug=ina_535007710-1001689,926,,,,,"[""CHEVROLET CAPTIVA 2.0 VCDI (2007 AL 2012)"", ""SSANGYONG ISTANA 2.9 (1993 AL 2001)"", ""SSANGYONG KORANDO 2.9 D 4X4 (1998 AL 1999)"", ""SSANGYONG KORANDO 2.9 TD (1998 AL 1999)"", ""SSANGYONG MUSSCO 2.9 D 4X4 (1998 AL 1999)"", ""SSANGYONG MUSSCO 2.9 D 4X4 D. SLD (1998 AL 1999)"", ""SSANGYONG MUSSO 2.9 TD (1993 AL 2001)""]",7,"[""DIAMETRO EXTERIOR: 55.7 mm"", ""ALTURA: 35.7 mm"", ""CANTIDAD DE VIAS: 6"", ""DIAMETRO INTERIOR: 17 mm""]",4,"[""DAYCO: ALP2326"", ""HUTCHINSON: DBO283"", ""INA: F-225643.14"", ""SKF: VKM03824""]",4,,,30.7433
535 0141 10,https://icepar.specparts.shop/products/detail?slug=ina_535014110-1001695,926,,,,,"[""BMW SERIE 2 2201 (2015 AL 2017)"", ""BMW SERIE 4 4281 (2015 AL 2018)"", ""BMW SERIE 4 4351 (2015 AL 2017)"", ""BMW SERIE 5 5231 (2012 AL 2014)"", ""BMW SERIE 5 5281 (2010 AL 2013)""]",5,"[""ALTURA: 412 mm"", ""CANTIDAD DE VIAS: 8"", ""DIAMETRO INTERIOR: 17 mm"", ""DIAMETRO EXTERIOR: 49.7 mm""]",4,"[""INA: F-558553"", ""SKF: VKM03834""]",2,,,26.1988
535 0128 10,https://icepar.specparts.shop/products/detail?slug=ina_535012810-1001698,926,,,,,"[""FORD RANGER 2.2 TDCI (2012 AL 2017}"", ""FORD RANGER 2.2 TDCI MT (2016 AL 2026)"", ""FORD RANGER 3.2 TDCI (2012 AL 2016)"", ""FORD TRANSIT 2.2 TDCI (2012 AL 2026)"", ""FORD TRANSIT 2.4 TDCI (2010 AL 2015)""]",5,"[""CANTIDAD DE VIAS: 7"", ""DIAMETRO EXTERIOR: 58.7 mm"", ""ALTURA: 37.7 mm"", ""DIAMETRO INTERIOR: 17 mm""]",4,"[""CONTINENTAL: AP9063"", ""INA: F-55617401"", ""SKF: VKM03412"", ""VALEO: 588057""]",4,,,28.9375
535 0102 10,https://icepar.specparts.shop/products/detail?slug=ina_535010210-1001700,926,,,,,"[""RENAULT CLIO 15 DCI (2001 AL 2009)"", ""RENAULT DUSTER 16 16V (2011 AL 2017)"", ""RENAULT FLUENCE 16 16¥V (2010 AL 2014)"", ""RENAULT KANGOO 15 DCI (2008 AL 2026)"", ""RENAULT LOGAN 1.5 DCI (2007 AL 2011)"", ""RENAULT LOGAN 1.6 16V (2013 AL 2021)""]",6,"[""CANTIDAD DE VIAS: 6"", ""ALTURA: 406.6 mm"", ""DIAMETRO EXTERIOR: 54.8 mm"", ""DIAMETRO INTERIOR: 17 mm""]",4,"[""GATES: OAP7238"", ""SKF: VKMO3608""]",2,,,27.3353
535 0059 10,https://icepar.specparts.shop/products/detail?slug=ina_535005910-1001701,926,,,,,[],0,"[""CANTIDAD DE VIAS: 6"", ""ALTURA: 33.6 mm"", ""DIAMETRO EXTERIOR: 54.1 mm"", ""DIAMETRO INTERIOR: 17 mm""]",4,"[""INA: F-232369.08""]",1,,,16.2155
535 0155 10,https://icepar.specparts.shop/products/detail?slug=ina_535015510-1001713,926,,,,,"[""AUDI A1 12 TFSI (2011 AL 2016)"", ""AUDI A1 14 TFSI (2011 AL 2016)"", ""AUDI A3 14 TFSI (2010 AL 2015)"", ""AUDI A3 14 TSI 122CV (2015 AL 2018)"", ""VOLKSWAGEN POLO 16 16V AT (2015 AL 2022)"", ""VOLKSWAGEN SCIROCCO 14 TSI (2012 AL 2017}"", ""VOLKSWAGEN SHARAN 14 TSI BLUEMOTION (2010 AL 2016)"", ""VOLKSWAGEN THE BEETLE 14 TSI (2014 AL 2022)"", ""VOLKSWAGEN UP! 10 12V (2014 AL 2022}"", ""VOLKSWAGEN UP! 10 12V IMOTION (2015 AL 2022)""]",10,"[""CANTIDAD DE VIAS: 6"", ""DIAMETRO EXTERIOR: 49.4 mm""]",2,"[""DAYCO: ALP2438"", ""GATES: OAP7090"", ""INA: F-576346"", ""SKF: VKMO3118""]",4,,,32.6993
535 0153 10,https://icepar.specparts.shop/products/detail?slug=ina_535015310-1001729,926,,,,,[],0,[],0,[],0,,,2.6924
535 0004 10,https://icepar.specparts.shop/products/detail?slug=ina_535000410-1001739,926,,,,,[],0,"[""ALTURA: 35 mm"", ""CANTIDAD DE VIAS: 5"", ""DIAMETRO EXTERIOR: 55.9 mm"", ""DIAMETRO INTERIOR: 17 mm""]",4,"[""INA: F-225653.12""]",1,,,16.1428
535 0118 10,https://icepar.specparts.shop/products/detail?slug=ina_535011810-1001753,926,,,,,[],0,"[""DIAMETRO INTERIOR: 17 mm"", ""ALTURA: 33.6 mm"", ""DIAMETRO EXTERIOR: 76 mm""]",3,"[""INA: F-237653""]",1,,,15.7585
535 0030 10,https://icepar.specparts.shop/products/detail?slug=ina_535003010-1001758,927,,,,,"[""RENAULT FLUENCE 2.0 16V (2010 AL 2014)"", ""RENAULT LAGUNA 139 DCI PRIVILEGE (2003 AL 2009)"", ""RENAULT MASTER 25 DCI (2006 AL 2009)"", ""RENAULT MEGANE 2.0 16V (2011 AL 2020)"", ""RENAULT MEGANE 2.0 16V 250CV (2011 AL 2014)"", ""VOLVO 540 19 TDI (1998 AL 2001)"", ""VOLVO V40 19 TDI (1998 AL 2001)""]",7,"[""ALTURA: 34.3 mm"", ""CANTIDAD DE VIAS: 6"", ""DIAMETRO INTERIOR: 17 mm"", ""DIAMETRO EXTERIOR: 49.1 mm""]",4,"[""DAYCO: ALP2346"", ""GATES: OAP7081"", ""HUTCHINSON: DBO257"", ""INA: F-229643.11"", ""SKF: VKMO3603""]",5,,,31.2780
535 0012 10,https://icepar.specparts.shop/products/detail?slug=ina_535001210-1001776,927,,,,,"[""AUDI A3 18 (1997 AL 2001)"", ""AUDI A3 18 T (1997 AL 2001)"", ""AUDI A3 19 TDI (1997 AL 2001)"", ""AUDI A3 2.0 TFSI (2006 AL 2015)"", ""AUDI A3 3.2 V6 FSI (2006 AL 2008)"", ""AUDI A4 19 TDI (2001 AL 2007)"", ""AUDI A4 2.0 TDI (2006 AL 2008)"", ""AUDI Q3 20 TDI (2013 AL 2015)"", ""AUDITT L&T (1999 AL 2005)"", ""AUDI TT 2.0 TFSI (2006 AL 2013)"", ""AUDI TT 3.2 V6 FSI (2007 AL 2011)"", ""SEAT ALHAMBRA 139 TDI (1997 AL 1999, 2001 AL 2003)"", ""SEAT ALHAMBRA 20 (1997 AL 1999)"", ""SEAT ALTEA 2.0 TDI (2008 AL 2009)"", ""SEAT ALTEA 2.0 TFSI (2008 AL 2011)"", ""SEAT CORDOBA 1.9 TDI (1997 AL 2000, 2003 AL 2005)"", ""SEAT IBIZA 19 TDI (2003 AL 2005)"", ""SEAT INCA 19D (1997 AL 2001)"", ""SEAT LEON 16 (2001 AL 2003, 2009 AL 2011)"", ""SEAT LEON 18 20V (2001 AL 2005)"", ""SEAT LEON 18 20V T (2003 AL 2005)"", ""SEAT LEON 19 TDI (2001 AL 2005, 2009 AL 2011)"", ""SEAT LEON 2.0 FSI (2008 AL 2005)"", ""SEAT LEON 2.0 TDI (2008 AL 2009)"", ""SEAT LEON 2.0 TFSI (2009 AL 2011)"", ""SEAT TOLEDO 1.6 (2000 AL 2002)"", ""SEAT TOLEDO 1.8 20V (2000 AL 2005)"", ""SEAT TOLEDO 1.9 TDI (2000 AL 2005)"", ""SEAT TOLEDO 2.0 TDI (2008 AL 2005)"", ""SEAT TOLEDO 2.3 V5 (2000 AL 2005)"", ""VOLKSWAGEN BORA 18T (2003 AL 2016)"", ""VOLKSWAGEN BORA 2.0 (2000 AL 2016)"", ""VOLKSWAGEN GOLF 16 8V (1999 AL 2012)"", ""VOLKSWAGEN GOLF L&T (1999 AL 2011)"", ""VOLKSWAGEN GOLF 19 TDI (1999 AL 2011)"", ""VOLKSWAGEN GOLF 2.0 8V (1999 AL 2012)"", ""VOLKSWAGEN NEW BEETLE 19 TDI (2003 AL 2008)"", ""VOLKSWAGEN NEW BEETLE 2.0 8V (1999 AL 2010)"", ""VOLKSWAGEN PASSAT 2.0 FSI (2006 AL 2010)"", ""VOLKSWAGEN PASSAT 2.0 TDI (2006 AL 2011)"", ""VOLKSWAGEN PASSAT 2.0 TDI BLUEMOTION (2011 AL 2016)"", ""VOLKSWAGEN PASSAT 3.2 V6 FSI (2006 AL 2011)"", ""VOLKSWAGEN SHARAN 18 T (2001 AL 2011)"", ""VOLKSWAGEN SHARAN 19 TDI (2001 AL 2011)"", ""VOLKSWAGEN TIGUAN 2.0 TDI TIPTRONIC (2009 AL 2016)"", ""VOLKSWAGEN TRANSPORTER 139 TDI (2008 AL 2011)"", ""VOLKSWAGEN VENTO 139 TDI (2006 AL 2011)""]",47,"[""CANTIDAD DE VIAS: 6"", ""DIAMETRO EXTERIOR: 55.9 mm""]",2,"[""GATES: OAP7013"", ""HUTCHINSON: DBO251"", ""INA: F-553470.02"", ""SKF: VKMO3100""]",4,,,73.1983
535 0105 10,https://icepar.specparts.shop/products/detail?slug=ina_535010510-1001792,927,,,,,"[""RENAULT CLIO 15 DCI (2001 AL 2009)"", ""RENAULT DUSTER 16 16V (2011 AL 2017)"", ""RENAULT KANGOO 14 (1998 AL 2001)"", ""RENAULT KANGOO 15 DCI (2008 AL 2026)"", ""RENAULT KANGOO 16 16¥V (2003 AL 2005)"", ""RENAULT LOGAN 1.5 DCI (2007 AL 2011)"", ""RENAULT LOGAN 1.6 16¥V (2007 AL 2010)"", ""RENAULT MEGANE 1.6 110C¥ (2000 AL 2002)"", ""RENAULT MEGANE 1.6 16V (1999 AL 2011)"", ""RENAULT SANDERO 1.5 DCI (2008 AL 2011)"", ""RENAULT SCENIC 16 16¥V (1998 AL 2011)""]",11,"[""CANTIDAD DE VIAS: 6"", ""DIAMETRO EXTERIOR: 55 mm""]",2,"[""DAYCO: ALP2402"", ""HUTCHINSON: D7512RA"", ""INA: F-55018 103"", ""SKF: VKM03612""]",4,,,32.9347
535 0010 10,https://icepar.specparts.shop/products/detail?slug=ina_535001010-1001797,927,,,,,"[""AUDI A3 19 TDI (1997 AL 2001)"", ""SEAT CORDOBA 1.9 TDI (1997 AL 2000)"", ""SEAT INCA 19D (1997 AL 2001)"", ""SEAT TOLEDO 1.9 TDI (1996 AL 2000)"", ""VOLKSWAGEN GOLF 19 TDI (1999 AL 2011)"", ""VOLKSWAGEN POLO CLASSIC 19 TDI (1998 AL 2000)"", ""VOLKSWAGEN SHARAN 18 T (2001 AL 2011)""]",7,"[""CANTIDAD DE VIAS: 6"", ""DIAMETRO EXTERIOR: 55.9 mm""]",2,"[""DAYCO: ALP2334"", ""GATES: OAP7047"", ""HUTCHINSON: DBO250"", ""INA: F-226804.09"", ""SKF: VKMO3101""]",5,,,29.3742
535 0039 10,https://icepar.specparts.shop/products/detail?slug=ina_535003910-1001798,927,,,,,"[""CITROEN BERLINGG 1.6 HDI (2010 AL 2026)"", ""CITROEN C5 2.0 HDI (2002 AL 2005)"", ""CITROEN JUMPER 2.3 HDI (2010 AL 2020)"", ""CITROEN XANTIA 2.0 HDI (1999 AL 2001)"", ""CITROEN XSARA PICASSO 2.0 HDI (2001 AL 2011)"", ""PEUGEOT 306 2.0 HDI (2000 AL 2003)"", ""PEUGEOT 307 1.6 HDI (2005 AL 2009)"", ""PEUGEOT 307 2.0 HDI (2001 AL 2007)"", ""PEUGEOT 307 2.0 HDI 90CV (2006 AL 2010)"", ""PEUGEOT 406 2.0 HDI (2000 AL 2004)"", ""PEUGEOT BOXER 2.3 HDI (2010 AL 2017)"", ""PEUGEOT EXPERT 16 HDI (2008 AL 2011)""]",12,"[""ALTURA: 34.3 mm"", ""DIAMETRO EXTERIOR: 54.3 mm"", ""CANTIDAD DE VIAS: 6"", ""DIAMETRO INTERIOR: 17 mm""]",4,"[""DAYCO: ALP2361-ALP2349"", ""GATES: OAP7034-OAP7030"", ""HUTCHINSON: DBO266-DB0258"", ""INA: F-229603.19"", ""SKF: VKMO3301""]",5,,,37.5274
535 0208 10,https://icepar.specparts.shop/products/detail?slug=ina_535020810-1001799,927,,,,,[],0,"[""DIAMETRO EXTERIOR: 55 mm"", ""DIAMETRO INTERIOR: 17 mm"", ""CANTIDAD DE VIAS: 6"", ""ALTURA: 43 mm""]",4,[],0,,,10.8564
535 0023 10,https://icepar.specparts.shop/products/detail?slug=ina_535002310-1001804,927,,,,,"[""ALFA ROMEC 145 19 JTD (1999 AL 2002)"", ""ALFA ROMEC 146 19 JTD (1999 AL 2002)"", ""ALFA ROMEC 156 2.4 JTD (1998 AL 2003)"", ""FIAT BRAVA 1.9 JTD (2000 AL 2003)"", ""FIAT MAREA 139 JTD (2000 AL 2002)"", ""FIAT MULTIPLA 19 JTD (1998 AL 2002)""]",6,"[""ALTURA: 37.9 mm"", ""DIAMETRO EXTERIOR: 61.5 mm"", ""DIAMETRO INTERIOR: 17 mm"", ""CANTIDAD DE VIAS: 6""]",4,[],0,,,21.0592
535 0168 10,https://icepar.specparts.shop/products/detail?slug=ina_535016810-1001810,927,,,,,[],0,[],0,[],0,,,2.6706
535 0090 10,https://icepar.specparts.shop/products/detail?slug=ina_535009010-1001818,927,,,,,[],0,"[""ALTURA: 39.4 mm"", ""CANTIDAD DE VIAS: 6"", ""DIAMETRO EXTERIOR: 54.1 mm"", ""DIAMETRO INTERIOR: 17 mm""]",4,"[""INA: F-556614""]",1,,,16.0902
535 0042 10,https://icepar.specparts.shop/products/detail?slug=ina_535004210-1001850,927,,,,,[],0,"[""CANTIDAD DE VIAS: 7"", ""DIAMETRO EXTERIOR: 55.7 mm"", ""ALTURA: 44.5 mm"", ""DIAMETRO INTERIOR: 17 mm""]",4,"[""DAYCO: ALP2366"", ""GATES: OAP7056"", ""INA: F-23200 107"", ""SKF: VKMO03829""]",4,,,19.1429
535 0048 10,https://icepar.specparts.shop/products/detail?slug=ina_535004810-1001858,927,,,,,"[""RENAULT DUSTER 2.0 16¥ (2011 AL 2022)"", ""RENAULT DUSTER OROCH 2.0 16V (2016 AL 2026)"", ""RENAULT LAGUNA 139 DCI PRIVILEGE (2003 AL 2009)""]",3,"[""ALTURA: 34.3 mm"", ""DIAMETRO INTERIOR: 17 mm"", ""CANTIDAD DE VIAS: 5"", ""DIAMETRO EXTERIOR: 48.8 mm""]",4,"[""DAYCO: ALP2352"", ""GATES: OAP7082"", ""HUTCHINSON: DBO261"", ""INA: F-234637.04"", ""SKF: VKMO03602""]",5,,,28.3470
535 0088 10,https://icepar.specparts.shop/products/detail?slug=ina_535008810-1001864,927,,,,,[],0,"[""CANTIDAD DE VIAS: 6"", ""ALTURA: 34.7 mm"", ""DIAMETRO INTERIOR: 17 mm"", ""DIAMETRO EXTERIOR: 48.9 mm""]",4,"[""INA: F-238120.02""]",1,,,16.2676
535 0009 10,https://icepar.specparts.shop/products/detail?slug=ina_535000910-1001891,927,,,,,[],0,"[""CANTIDAD DE VIAS: 5"", ""ALTURA: 37.2 mm"", ""DIAMETRO INTERIOR: 17 mm"", ""DIAMETRO EXTERIOR: 55.9 mm""]",4,"[""DAYCO: ALP2333"", ""HUTCHINSON: DBO249"", ""SKF: VKMO3109""]",3,,,18.1769
535 0008 10,https://icepar.specparts.shop/products/detail?slug=ina_535000810-1001899,927,,,,,"[""AUDI A4 18 (1997 AL 2000)"", ""AUDI A4 18 T (1997 AL 2001)"", ""AUDI A4 19 TDI (1997 AL 2001)"", ""VOLKSWAGEN PASSAT 1.8 (1998 AL 2001)"", ""VOLKSWAGEN PASSAT 18 T (1998 AL 2001)""]",5,"[""DIAMETRO EXTERIOR: 55.9 mm"", ""ALTURA: 35 mm"", ""CANTIDAD DE VIAS: 5"", ""DIAMETRO INTERIOR: 17 mm""]",4,"[""DAYCO: ALP2332"", ""INA: F-226322.14"", ""SKF: VKMO3113""]",3,,,27.3047
535 0246 10,https://icepar.specparts.shop/products/detail?slug=ina_535024610-1001901,927,,,,,"[""CITROEN C4 AIRCROSS 2.0 16¥V (2013 AL 2016)"", ""CITROEN C4 AIRCROSS 2.0 16V CVT (2013 AL 2016)"", ""PEUGEOT 4008 2.0 16V 150CV (2014 AL 2016)"", ""SUBARU FORESTER 20 T (2016 AL 2021)"", ""SUBARU FORESTER 201 (2016 AL 2021)"", ""SUBARU FORESTER 25 (2013 AL 2015)"", ""SUBARU FORESTER 25 T (2016 AL 2022)""]",7,"[""ALTURA: 37.6 mm"", ""CANTIDAD DE VIAS: 6"", ""DIAMETRO INTERIOR: 17 mm"", ""DIAMETRO EXTERIOR: 55 mm""]",4,"[""GATES: 37133P"", ""INA: F-238163.05""]",2,,,28.3367
535 0177 10,https://icepar.specparts.shop/products/detail?slug=ina_535017710-1001914,927,,,,,[],0,"[""DIAMETRO EXTERIOR: 64.9 mm"", ""ALTURA: 39.5 mm"", ""CANTIDAD DE VIAS: 7"", ""DIAMETRO INTERIOR: 17 mm""]",4,[],0,,,10.5497
535 0226 10,https://icepar.specparts.shop/products/detail?slug=ina_535022610-1001925,927,,,,,[],0,"[""ALTURA: 37.5 mm"", ""DIAMETRO INTERIOR: 17 mm"", ""CANTIDAD DE VIAS: 6"", ""DIAMETRO EXTERIOR: 55.7 mm""]",4,"[""INA: F-564313""]",1,,,15.9431
535 0016 10,https://icepar.specparts.shop/products/detail?slug=ina_535001610-1001931,927,,,,,[],0,"[""ALTURA: 35.6 mm"", ""CANTIDAD DE VIAS: 6"", ""DIAMETRO EXTERIOR: 49.7 mm"", ""DIAMETRO INTERIOR: 17 mm""]",4,"[""INA: F-559585.01""]",1,,,15.9457
535 0005 10,https://icepar.specparts.shop/products/detail?slug=ina_535000510-1001954,927,,,,,"[""AUDI A4 18 (1997 AL 2000)"", ""AUDI A4 18 T (1997 AL 2001, 2008 AL 2010)"", ""AUDI A4 19 TDI (1997 AL 2007)"", ""VOLKSWAGEN PASSAT 1.8 (1998 AL 2001)"", ""VOLKSWAGEN PASSAT 1 T (1998 AL 2005)"", ""VOLKSWAGEN PASSAT 1.9 TDI (1998 AL 2005)""]",6,"[""ALTURA: 35 mm"", ""CANTIDAD DE VIAS: 5"", ""DIAMETRO INTERIOR: 17 mm"", ""DIAMETRO EXTERIOR: 55.9 mm""]",4,"[""DAYCO: ALP2329"", ""GATES: OAP7033"", ""INA: F-552699.02"", ""SKF: VKMO3107""]",4,,,29.4820
535 0146 10,https://icepar.specparts.shop/products/detail?slug=ina_535014610-1001958,927,,,,,"[""NISSAN TIIDA 1.8 16¥V (2007 AL 2015)""]",1,"[""ALTURA: 39.8 mm"", ""CANTIDAD DE VIAS: 6"", ""DIAMETRO EXTERIOR: 49.8 mm"", ""DIAMETRO INTERIOR: 17 mm""]",4,"[""DAYCO: ALP2432"", ""GATES: OAP7179"", ""SKF: VKM06203""]",3,,,21.7957
535 0062 10,https://icepar.specparts.shop/products/detail?slug=ina_535006210-1001959,927,,,,,"[""CITROEN BERLINGG 1.6 HDI 92C¥V (2013 AL 2026)"", ""CITROEN BERLINGO 2.0 HDI (2002 AL 2005)"", ""CITROEN C3 14 HDI (2003 AL 2011)"", ""CITROEN C4 16 HDI (2011 AL 2014)"", ""CITROEN C4 PICASSO 16 HDI (2010 AL 2015)"", ""PEUGEOT 206 2.0 HDI (2000 AL 2009)"", ""PEUGEOT 207 1.4 HDI (2011 AL 2017)"", ""PEUGEOT 207 2.0 HDI (2008 AL 2011)"", ""PEUGEOT 407 2.0 HDI (2005 AL 2011)"", ""PEUGEOT EXPERT 2.0 HDI 120CV (2008 AL 2005)"", ""PEUGEOT PARTNER 16 HDI (2010 AL 2011)"", ""PEUGEOT PARTNER 2.0 HDI (2002 AL 2006)""]",12,"[""DIAMETRO EXTERIOR: 54.2 mm"", ""ALTURA: 34.3 mm"", ""DIAMETRO INTERIOR: 17 mm"", ""CANTIDAD DE VIAS: 6""]",4,"[""DAYCO: ALP2423"", ""GATES: OAP7077"", ""SKF: VKMO3305""]",3,,,37.1602
535 0072 10,https://icepar.specparts.shop/products/detail?slug=ina_535007210-1001965,927,,,,,"[""VOLVO C70 2.3T5 (1998 AL 2000)"", ""VOLVO 540 19 T4 (1998 AL 2002)"", ""VOLVO 540 2.0 (2000 AL 2002)"", ""VOLVO 540 2.0T (1998 AL 2002)"", ""VOLVO 560 2.4 (2001 AL 2003)"", ""VOLVO 560 2.4 D5 (2003 AL 2010)"", ""VOLVO 560 2.4T (2001 AL 2009)"", ""VOLVO 580 2.9 (1998 AL 2003)"", ""VOLVO V40 19 TDI (1998 AL 2001)"", ""VOLVO V40 2.0 (1997 AL 2005)"", ""VOLVO V40 2.0T (1998 AL 2003)"", ""VOLVO V40 2.0T4 (1998 AL 2002)"", ""VOLVO V70 2.3T5 (1997 AL 1998)"", ""VOLVO V70 2.4 (2001 AL 2011)""]",14,"[""ALTURA: 37.8 mm"", ""CANTIDAD DE VIAS: 6"", ""DIAMETRO EXTERIOR: 55.9 mm"", ""DIAMETRO INTERIOR: 17 mm""]",4,"[""DAYCO: ALP2360"", ""HUTCHINSON: DBO265"", ""INA: F-23040 17"", ""SKF: VKM03651""]",4,,,38.3407
535 0001 10,https://icepar.specparts.shop/products/detail?slug=ina_535000110-1001968,927,,,,,"[""SEAT ALHAMBRA 139 TDI (1997 AL 1999)"", ""SEAT ALHAMBRA 20 (1997 AL 1999)"", ""SEAT CORDOBA 1.9 TDI (1997 AL 2000)"", ""SEAT INCA 19D (1997 AL 2001)"", ""SEAT TOLEDO 1.9 TDI (1996 AL 2000)"", ""VOLKSWAGEN GOLF 19 TD (1996 AL 1999)"", ""VOLKSWAGEN PASSAT 1.9 TDI (1995 AL 2001)"", ""VOLKSWAGEN TRANSPORTER 24 SD (1999 AL 2004)""]",8,"[""DIAMETRO INTERIOR: 17 mm"", ""ALTURA: 40.2 mm"", ""CANTIDAD DE VIAS: 6"", ""DIAMETRO EXTERIOR: 49.4 mm""]",4,"[""DAYCO: ALP2325"", ""HUTCHINSON: DBO243"", ""INA: F-225355.10"", ""SKF: VKMO03106""]",4,,,32.1953
535 0060 10,https://icepar.specparts.shop/products/detail?slug=ina_535006010-1001970,927,,,,,[],0,"[""ALTURA: 39.4 mm"", ""DIAMETRO EXTERIOR: 55.7 mm"", ""DIAMETRO INTERIOR: 17 mm"", ""CANTIDAD DE VIAS: 6""]",4,"[""DAYCO: ALP2367"", ""HUTCHINSON: DBO273"", ""INA: F-233593.05"", ""SKF: VKMO3111""]",4,,,19.0996
535 0194 10,https://icepar.specparts.shop/products/detail?slug=ina_535019410-1001972,928,,,,,"[""CITROEN BERLINGG 1.6 HDI (2010 AL 2026)"", ""CITROEN BERLINGO 1.6 HDI 110CV (2011 AL 2014)"", ""CITROEN BERLINGG 1.6 HDI 92C¥V (2013 AL 2026)"", ""CITROEN BERLINGO 1.9D (1998 AL 2010)"", ""CITROEN BERLINGO 2.0 HDI (2002 AL 2005)"", ""CITROEN C3 14 HDI (2003 AL 2011)"", ""CITROEN C3 141 (2003 AL 2012)"", ""CITROEN C4 16 HDI (2011 AL 2014)"", ""CITROEN C4 2.0 HDI (2007 AL 2010)"", ""CITROEN C4 PICASSO 16 HDI (2010 AL 2015)"", ""CITROEN C5 2.0 HDI (2002 AL 2013)"", ""CITROEN XSARA 2.0 HDI (2001 AL 2003)"", ""FORD FIESTA 1.4 TDCI (2002 AL 2011)"", ""PEUGEOT 2008 16 VT (2016 AL 2026)"", ""PEUGEOT 2008 16 VTI TIPTRONIC (2016 AL 2026)"", ""PEUGEOT 206 2.0 HDI (2000 AL 2009)"", ""PEUGEOT 207 1.4 HDI (2011 AL 2017)"", ""PEUGEOT 3008 16 HDI (2010)"", ""PEUGEOT 3008 2.0 HDI (2013 AL 2020)"", ""PEUGEOT 301 14 HDI 92CV (2017 AL 2022)"", ""PEUGEOT 307 1.6 HDI (2005 AL 2009)"", ""PEUGEOT 307 2.0 (2001 AL 2007}"", ""PEUGEOT 307 2.0 HDI (2001 AL 2007)"", ""PEUGEOT 307 2.0 HDI 110CV (2006 AL 2012)"", ""PEUGEOT 307 2.0 HDI 90CV (2006 AL 2010)"", ""PEUGEOT 308 1.6 HDI (2011 AL 2026)"", ""PEUGEOT 308 1.4 VTI (2011 AL 2015)"", ""PEUGEOT 406 2.0 HDI (2000 AL 2004)"", ""PEUGEOT 407 2.0 (2006 AL 2011)"", ""PEUGEOT 407 2.0 HDI (2005 AL 2011)"", ""PEUGEOT 407 2.2 HDI (2007 AL 2010)"", ""PEUGEOT 508 2.0 HDI 163CV (2012 AL 2017)"", ""PEUGEOT 807 2.0 HDI (2003 AL 2010)"", ""PEUGEOT EXPERT 19D (1999 AL 2006)"", ""PEUGEOT EXPERT 2.0 HDI (2013 AL 2017}"", ""PEUGEOT EXPERT 2.0 HDI 95CV (2006 AL 2008)"", ""PEUGEOT PARTNER 16 HDI (2010 AL 2022)"", ""PEUGEOT PARTNER 16 HDI 92CV (2011 AL 2026)"", ""PEUGEOT PARTNER 19D (1998 AL 2003)"", ""PEUGEOT PARTNER 2.0 HDI (2002 AL 2006)""]",40,"[""CANTIDAD DE VIAS: 6"", ""DIAMETRO EXTERIOR: 54.2 mm"", ""ALTURA: 34.3 mm"", ""DIAMETRO INTERIOR: 17 mm""]",4,"[""INA: 535 0194 10"", ""SKF: VKMO3308"", ""VALEO: 588002""]",3,,,66.0112
535 0157 10,https://icepar.specparts.shop/products/detail?slug=ina_535015710-1001983,928,,,,,"[""FORD FOCUS 18 TDCI (2004 AL 2014)"", ""FORD MONDE 18 TDCI (2007 AL 2009)"", ""FORD 5-MAX 18 TDCI (2008 AL 2010)""]",3,"[""ALTURA: 36.2 mm"", ""DIAMETRO INTERIOR: 17 mm"", ""DIAMETRO EXTERIOR: 58.7 mm"", ""CANTIDAD DE VIAS: 6""]",4,"[""CONTINENTAL: AP9045"", ""DAYCO: ALP2456"", ""GATES: OAP7050""]",3,,,25.1333
535 0166 10,https://icepar.specparts.shop/products/detail?slug=ina_535016610-1001986,928,,,,,[],0,[],0,"[""INA: F-560565""]",1,,,7.3065
535 0013 10,https://icepar.specparts.shop/products/detail?slug=ina_535001310-1002032,928,,,,,"[""MERCEDES BENZ CLASE C C220 2.2 (1993 AL 1996)"", ""MERCEDES BENZ CLASEC C250 2.5 TD (1997 AL 1999)"", ""MERCEDES BENZ CLASEC C250 2.5D (1993 AL 1996)"", ""MERCEDES BENZ CLASE E E290 2.9 TD (1996 AL 2000)"", ""MERCEDES BENZ CLASE E E300 3.0 TD (1998 AL 2000)"", ""MERCEDES BENZ CLASE 5 5300 3.0 TD (1996 AL 1999)""]",6,"[""CANTIDAD DE VIAS: 6"", ""ALTURA: 34.2 mm"", ""DIAMETRO EXTERIOR: 55.7 mm"", ""DIAMETRO INTERIOR: 17 mm""]",4,"[""DAYCO: ALP2378"", ""GATES: DB0244"", ""GATES: OAP7072"", ""INA: F-228215.04"", ""SKF: VKM03822""]",5,,,32.1057
535 0020 10,https://icepar.specparts.shop/products/detail?slug=ina_535002010-1002033,928,,,,,[],0,"[""DIAMETRO INTERIOR: 17 mm"", ""DIAMETRO EXTERIOR: 51.7 mm"", ""ALTURA: 44.4 mm"", ""CANTIDAD DE VIAS: 5""]",4,"[""INA: F-230759.05""]",1,,,16.1981
535 0173 10,https://icepar.specparts.shop/products/detail?slug=ina_535017310-1002038,928,,,,,"[""TOYOTA HILUX 2.4 TDI (2015 AL 2026)"", ""TOYOTA HILUX 2.5 TD (2005 AL 2016)"", ""TOYOTA HILUX 2.8 TDI AT (2015 AL 2022)"", ""TOYOTA HILUX 2.8 TDI MT (2015 AL 2026)"", ""TOYOTA HILUX 3.0 TDI (2005 AL 2015)"", ""TOYOTA HILUX 3.0 TDI 177CV (2013 AL 2019)""]",6,"[""CANTIDAD DE VIAS: 7"", ""ALTURA: 412 mm"", ""DIAMETRO EXTERIOR: 53 mm"", ""DIAMETRO INTERIOR: 17 mm""]",4,"[""DAYCO: ALP2447"", ""GATES: OAP7125"", ""INA: F-567525"", ""SKF: VKM06107"", ""VALEO: 588082""]",5,,,30.7844
535 0124 10,https://icepar.specparts.shop/products/detail?slug=ina_535012410-1002044,928,,,,,"[""AUDI A3 3.2 V6 FSI (2006 AL 2011)"", ""AUDI A4 20 TDI (2008 AL 2014)"", ""AUDI AS 20 TDI (2012 AL 2013)"", ""AUDI Q5 20 TDI (2009 AL 2014)"", ""AUDI Q5 20 TDI177CV (2013 AL 2014)"", ""AUDI TT 3.2 V6 FSI (2007 AL 2011)"", ""VOLKSWAGEN AMAROK 2.0 TDI 122Cv (2010 AL 2013)"", ""VOLKSWAGEN AMAROK 2.0 TDI 140CV (2012 AL 2017)"", ""VOLKSWAGEN AMAROK 2.0 TDI BIT 180CV MT (2012 AL 2026)"", ""VOLKSWAGEN PASSAT 2.0 TDI (2006 AL 2011)"", ""VOLKSWAGEN TIGUAN 2.0 TDI DSG (2019 AL 2022)"", ""VOLKSWAGEN TIGUAN 2.0 TDI TIPTRONIC (2009 AL 2016)""]",12,"[""DIAMETRO EXTERIOR: 49.4 mm"", ""CANTIDAD DE VIAS: 6""]",2,[],0,,,27.4885
535 0081 10,https://icepar.specparts.shop/products/detail?slug=ina_535008110-1002058,928,,,,,"[""RENAULT CAPTUR 16 16V CVT (2018 AL 2026)"", ""RENAULT CAPTUR 16 16V MT (2018 AL 2026)"", ""RENAULT LAGUNA 139 DCI PRIVILEGE (2003 AL 2009)"", ""RENAULT MASTER 25 DCI (2006 AL 2009)""]",4,"[""ALTURA: 36.8 mm"", ""CANTIDAD DE VIAS: 7"", ""DIAMETRO EXTERIOR: 48.9 mm"", ""DIAMETRO INTERIOR: 17 mm""]",4,"[""GATES: OAP7110"", ""HUTCHINSON: DBO279"", ""INA: F-238512.06"", ""SKF: VKMO3601""]",4,,,28.6792
535 0103 10,https://icepar.specparts.shop/products/detail?slug=ina_535010310-1002070,928,,,,,"[""MECC DAILY 3.0 CRDI (2016 AL 2026)"", ""PORSCHE BOXSTER 2.0 (2019 AL 2020)"", ""PORSCHE CAYMAN 2.0 (2019 AL 2020)""]",3,"[""CANTIDAD DE VIAS: 6"", ""ALTURA: 36.1 mm"", ""DIAMETRO EXTERIOR: 55 mm"", ""DIAMETRO INTERIOR: 17 mm""]",4,"[""DAYCO: ALP2364"", ""INA: F-550532.01"", ""SKF: VKMO03203""]",3,,,25.7010
OAP7109,https://icepar.specparts.shop/products/detail?slug=gates_oap7109-1255918,928,,,,,[],0,[],0,"[""GATES EUR: OAP7 109""]",1,,,7.1282
T38089,https://icepar.specparts.shop/products/detail?slug=gates_t38089-103823,928,,,,,"[""BMW SERIE 5 523 251A (1998 AL 2001)"", ""MERCEDES BENZ 190 2.0 (1984 AL 1998)"", ""MERCEDES BENZ 190 2.5 16V (1989 AL 1993)"", ""MERCEDES BENZ 200 2.0 (1984 AL 1985, 1992 AL 1995)"", ""MERCEDES BENZ 230 2.3 (1984 AL 1993)"", ""MERCEDES BENZ CLASEC C250 2.5 TD (1997 AL 2001)"", ""MERCEDES BENZ CLASE E E220 D (1995 AL 1999)"", ""MERCEDES BENZ CLASE E E250 25D TE (1993 AL 1996)"", ""MERCEDES BENZ CLASE E E290 2.9 TD (1996 AL 2000)"", ""MERCEDES BENZ CLASE E E300 3.0 TD (1998 AL 2000)"", ""MERCEDES BENZ CLASE E E300 3.0D TE (1993 AL 1995)"", ""MERCEDES BENZ CLASE 5 5300 3.0 TD (1996 AL 1999)""]",12,"[""DIAMETRO EXTERIOR: 80 mm"", ""MATERIAL DE POLEA: METAL"", ""ANCHO: 25.5 mm""]",3,"[""GATES EUR: T38089""]",1,,,32.0452
T36048,https://icepar.specparts.shop/products/detail?slug=gates_t36048-103828,928,,,,,"[""RENAULT CLIO 2.0 (2000 AL 2005)"", ""RENAULT SCENIC 19 DTI (1998 AL 2002)"", ""VOLVO 540 19 TDI (1998 AL 2001)"", ""VOLVO V40 19 TDI (1998 AL 2001)""]",4,"[""ANCHO: 26 mm"", ""MATERIAL DE POLEA: METAL"", ""DIAMETRO EXTERIOR: 50 mm""]",3,"[""GATES EUR: T36048"", ""KUGELLAGER: 1556T""]",2,,,23.8155
T38092,https://icepar.specparts.shop/products/detail?slug=gates_t38092-103830,928,,,,,"[""MERCEDES BENZ 190 2.6E (1988 AL 1994)"", ""MERCEDES BENZ 260 2.6 (1983 AL 1992)"", ""MERCEDES BENZ 300 2.8 (1993 AL 1994)"", ""MERCEDES BENZ 300 3.0 24V (1989 AL 1994)"", ""MERCEDES BENZ 300 3.0 CE (1986 AL 1994)"", ""MERCEDES BENZ 300 3.0 CE 24V (1992 AL 1993)"", ""MERCEDES BENZ CLASE E E290 2.9 TD (1996 AL 2000)"", ""MERCEDES BENZ CLASE E E420 4.3 (1996 AL 1998)"", ""MERCEDES BENZ CLASE 5 5280 (1993 AL 1994)"", ""MERCEDES BENZ CLASE 5 5500 5.0 (1993 AL 1999)"", ""MERCEDES BENZ 5L SL500 5.0 (1993 AL 2002)""]",11,"[""ANCHO: 26.3 mm"", ""DIAMETRO EXTERIOR: 75 mm"", ""MATERIAL DE POLEA: PLASTICO""]",3,"[""GATES EUR: T38092""]",1,,,30.6896
T36044,https://icepar.specparts.shop/products/detail?slug=gates_t36044-103837,928,,,,,"[""RENAULT LAGUNA 2.0 (1996 AL 1998)""]",1,"[""DIAMETRO EXTERIOR: 70 mm"", ""MATERIAL DE POLEA: METAL"", ""ANCHO: 28 mm""]",3,"[""GATES EUR: T36044"", ""KUGELLAGER: 1553T""]",2,,,19.3428
T36084,https://icepar.specparts.shop/products/detail?slug=gates_t36084-103851,928,,,,,"[""RENAULT DUSTER 2.0 16¥ (2011 AL 2022)"", ""RENAULT DUSTER OROCH 2.0 16V (2016 AL 2026)"", ""RENAULT DUSTER PH2 20 16¥ (2017 AL 2022)"", ""RENAULT MASTER 25 DCI (2006 AL 2013)"", ""RENAULT SANDERG 2.0 16V (2016 AL 2026)""]",5,"[""ANCHO: 31 mm"", ""DIAMETRO EXTERIOR: 60 mm"", ""MATERIAL DE POLEA: METAL""]",3,"[""GATES EUR: T36084"", ""HUTCHINSON: G2015"", ""KUGELLAGER: 1579T""]",3,,,26.2825
T38094,https://icepar.specparts.shop/products/detail?slug=gates_t38094-103852,928,,,,,"[""SEAT IBIZA 19D (2000 AL 2005)""]",1,"[""ANCHO: 26 mm"", ""MATERIAL DE POLEA: PLASTICO"", ""DIAMETRO EXTERIOR: 64 mm""]",3,"[""GATES EUR: T38094""]",1,,,18.2248
T36042,https://icepar.specparts.shop/products/detail?slug=gates_t36042-103860,928,,,,,"[""VOLVO 850 2.3 TS (1993 AL 1998)"", ""VOLVO 850 2.5 (1993 AL 1998)"", ""VOLVO 940 2.3 T (1991 AL 1997}"", ""VOLVO 940 2.4 TD (1991 AL 1997)"", ""VOLVO 960 2.5 (1991 AL 1998)"", ""VOLVO 960 3.0 (1993 AL 1998)""]",6,"[""ANCHO: 26 mm"", ""DIAMETRO EXTERIOR: 83 mm"", ""MATERIAL DE POLEA: PLASTICO""]",3,"[""GATES EUR: T36042""]",1,,,24.4784
T36025,https://icepar.specparts.shop/products/detail?slug=gates_t36025-103870,928,,,,,"[""PEUGEOT 206 1.9D (1999 AL 2009)"", ""PEUGEOT EXPERT 19D (1999 AL 2006)"", ""PEUGEOT PARTNER 19D (1998 AL 2003)"", ""SUZUKI VITARA L9D (1996 AL 1999)""]",4,"[""ANCHO: 27 mm"", ""MATERIAL DE POLEA: METAL"", ""DIAMETRO EXTERIOR: 37 mm""]",3,"[""GATES EUR: T36025"", ""INA: 532029610"", ""KUGELLAGER: 1513T""]",3,,,24.7976
T36032,https://icepar.specparts.shop/products/detail?slug=gates_t36032-103871,928,,,,,"[""CITROEN BERLINGO 1.9D (1998 AL 2010)"", ""FIAT DUCATO 2.5D (1996 AL 1998)"", ""PEUGEOT 206 1.9D (1999 AL 2009)"", ""PEUGEOT EXPERT 19D (1999 AL 2006)"", ""PEUGEOT PARTNER 19D (1998 AL 2003)"", ""SUZUKI VITARA L9D (1996 AL 1999)""]",6,"[""ANCHO: 25 mm"", ""MATERIAL DE POLEA: PLASTICO"", ""DIAMETRO EXTERIOR: 59.8 mm""]",3,"[""GATES EUR: T36032"", ""KUGELLAGER: 1519T""]",2,,,25.7676
T36170,https://icepar.specparts.shop/products/detail?slug=gates_t36170-103877,929,,,,,"[""SCANIA SERIE P P114 GA (1999 AL 2005)"", ""SCANIA SERIE P P114LA6X2 (2001 AL 2006)"", ""SCANIA SERIE R R500 4X2 (2012 AL 2015)"", ""SCANIA SERIE R R580 4X2 (2013 AL 2016)"", ""SCANIA SERIE T T114 GA 320 (1999 AL 2006)"", ""SCANIA SERIE T T114 GB 360 (2001 AL 2006)""]",6,"[""ANCHO: 30 mm"", ""DIAMETRO EXTERIOR: 101 mm"", ""MATERIAL DE POLEA: PLASTICO""]",3,"[""GATES EUR: T36170"", ""GATES EUR: T36170 ES"", ""KUGELLAGER: 1851T"", ""ZEN: 13246""]",4,,,28.2232
T36029,https://icepar.specparts.shop/products/detail?slug=gates_t36029-103882,929,,,,,"[""CITROEN C3 16 16V (2005 AL 2012)"", ""CITROEN C4 16 16V (2007 AL 2014)"", ""CITROEN XSARA 16 16V (1992 AL 1993, 2003 AL 2005)"", ""PEUGEOT PARTNER 16 N (2003 AL 2005)""]",4,"[""ANCHO: 27 mm"", ""MATERIAL DE POLEA: METAL"", ""DIAMETRO EXTERIOR: 70 mm""]",3,"[""GATES EUR: T36029"", ""KUGELLAGER: 1528T""]",2,,,24.2828
T36190,https://icepar.specparts.shop/products/detail?slug=gates_t36190-103883,929,,,,,"[""CITROEN BERLINGGO 1.41 (2015 AL 2022)"", ""CITROEN BERLINGO 1.6 16V (2010 AL 2017)"", ""CITROEN C3 151 (2013 AL 2022)"", ""CITROEN C3 16 16V (2005 AL 2013)"", ""CITROEN C3 16 VTI (2013 AL 2016)"", ""CITROEN C4 16 16V (2007 AL 2014)"", ""CITROEN XSARA 16 16V (1992 AL 1993, 2003 AL 2005)"", ""CITROEN XSARA PICASSO 1.6 16V (2005 AL 2012)"", ""FIAT QUBO 1.4 8V (2012 AL 2016)"", ""PEUGEOT 206 1.41 (2001 AL 2013)"", ""PEUGEOT 206 14 16¥ (2002 AL 2009)"", ""PEUGEOT PARTNER 141 (2002 AL 2021)"", ""PEUGEOT PARTNER 16 N (2003 AL 2005)""]",13,"[""DIAMETRO EXTERIOR: 60 mm"", ""MATERIAL DE POLEA: PLASTICO"", ""ANCHO: 26.5 mm""]",3,"[""GATES EUR: T36190"", ""INA: 124197.51"", ""INA: 532033110"", ""KUGELLAGER: 1532T""]",4,,,36.2503
T36012,https://icepar.specparts.shop/products/detail?slug=gates_t36012-103887,929,,,,,"[""CITROEN BERLINGO 2.0 HDI (2002 AL 2005)"", ""CITROEN C4 2.0 HDI (2007 AL 2010)"", ""CITROEN C5 2.0 HDI (2002 AL 2005)"", ""CITROEN XANTIA 2.0 HDI (1999 AL 2001)"", ""CITROEN XSARA 2.0 HDI (2001 AL 2005)"", ""CITROEN XSARA PICASSO 2.0 HDI (2001 AL 2011)"", ""PEUGEOT 206 2.0 HDI (2000 AL 2009)"", ""PEUGEOT 207 2.0 HDI (2008 AL 2011)"", ""PEUGEOT 306 2.0 HDI (2000 AL 2003)"", ""PEUGEOT 307 2.0 HDI (2001 AL 2007)"", ""PEUGEOT 307 2.0 HDI 110CV (2006 AL 2012)"", ""PEUGEOT 307 2.0 HDI 90CV (2006 AL 2010)"", ""PEUGEOT 406 2.0 HDI (2000 AL 2004)"", ""PEUGEOT 806 2.0 HDI (2000 AL 2002)"", ""PEUGEOT 807 2.0 HDI (2003 AL 2010)"", ""PEUGEOT PARTNER 2.0 HDI (2002 AL 2006)""]",16,"[""DIAMETRO EXTERIOR: 70.4 mm"", ""MATERIAL DE POLEA: METAL"", ""ANCHO: 27.9 mm""]",3,"[""GATES EUR: T36012"", ""KUGELLAGER: 1525T""]",2,,,37.8267
T36068,https://icepar.specparts.shop/products/detail?slug=gates_t36068-103897,929,,,,,"[""CITROEN XANTIA 2.0 16V (1993 AL 1998)"", ""CITROEN ZX 2.0 16V (1993 AL 1999)"", ""PEUGEOT 406 2.0 (138CV) (2000 AL 2002)"", ""PEUGEOT 406 2.0 ST (1999 AL 2002)"", ""PEUGEOT 806 2.0 ST (2000 AL 2002)""]",5,"[""MATERIAL DE POLEA: PLASTICO"", ""ANCHO: 25 mm"", ""DIAMETRO EXTERIOR: 70 mm""]",3,"[""GATES EUR: T36068"", ""INA: 123761""]",2,,,24.6722
T36034,https://icepar.specparts.shop/products/detail?slug=gates_t36034-103899,929,,,,,"[""CITROEN C3 14 HDI (2003 AL 2011)"", ""CITROEN GRAND PICASSO 16 HDI (2008 AL 2014)"", ""FORD ECOSPORT 1.4 TDCI (2003 AL 2011)"", ""PEUGEOT 207 1.4 HDI (2011 AL 2017)""]",4,"[""DIAMETRO EXTERIOR: 60 mm"", ""MATERIAL DE POLEA: PLASTICO"", ""ANCHO: 30.3 mm""]",3,"[""GATES EUR: T36034"", ""INA: 532032010"", ""KUGELLAGER: 1531T""]",3,,,25.4639
T36033,https://icepar.specparts.shop/products/detail?slug=gates_t36033-103906,929,,,,,"[""CITROEN BERLINGO 1.8 N (2002 AL 2003)"", ""CITROEN XANTIA 2.01 (1993 AL 1998)"", ""CITROEN ZX 18 (1993 AL 1996)"", ""CITROEN ZX 2.0 16V (1993 AL 1999)"", ""PEUGEOT 206 1.4 &V (1999 AL 2003)"", ""PEUGEOT 306 2.0 (1995 AL 1997}"", ""PEUGEOT 306 2.0 16¥V (1997 AL 1999)"", ""PEUGEOT 307 2.0 180CV (2005 AL 20059)"", ""PEUGEOT 405 14 (1992 AL 1997}""]",9,"[""ANCHO: 25 mm"", ""MATERIAL DE POLEA: PLASTICO"", ""DIAMETRO EXTERIOR: 90.5 mm""]",3,"[""GATES EUR: T36033"", ""INA: 123749"", ""KUGELLAGER: 1504T""]",3,,,30.6618
T36380,https://icepar.specparts.shop/products/detail?slug=gates_t36380-103909,929,,,,,"[""MERCEDES BENZ VITO 1.6 CDI (2015 AL 2026)"", ""RENAULT MASTER 2.3 DCI (2013 AL 2026)""]",2,"[""DIAMETRO EXTERIOR: 60 mm"", ""ANCHO: 30 mm"", ""MATERIAL DE POLEA: PLASTICO""]",3,"[""GATES EUR: T36380""]",1,,,20.9179
T36021,https://icepar.specparts.shop/products/detail?slug=gates_t36021-103912,929,,,,,"[""CITROEN XANTIA 1.9 TD (1993 AL 1999)"", ""CITROEN XANTIA 1.9D (1993 AL 1996)"", ""PEUGEOT 405 1.9 SRD (1991 AL 1997)""]",3,"[""ANCHO: 28.1 mm"", ""DIAMETRO EXTERIOR: 60 mm"", ""MATERIAL DE POLEA: METAL""]",3,"[""GATES EUR: T36021"", ""INA: 532018410"", ""KUGELLAGER: 1501T""]",3,,,24.0247
T36182,https://icepar.specparts.shop/products/detail?slug=gates_t36182-103916,929,,,,,"[""CHEVROLET CORSA 17 TDI (2002 AL 2009)"", ""CHEVROLET CORSA 17D (1998 AL 2005)"", ""CHEVROLET MERIVA 17 TDI (2004 AL 2005)""]",3,"[""ANCHO: 26 mm"", ""DIAMETRO EXTERIOR: 76 mm"", ""MATERIAL DE POLEA: METAL""]",3,"[""GATES EUR: 951230"", ""GATES EUR: T36182""]",2,,,23.1521
T36129,https://icepar.specparts.shop/products/detail?slug=gates_t36129-103917,929,,,,,"[""CHEVROLET MERIVA 18 8V (2003 AL 2013)""]",1,"[""MATERIAL DE POLEA: PLASTICO"", ""ANCHO: 23.2 mm"", ""DIAMETRO EXTERIOR: 75.6 mm""]",3,"[""GATES BRA: 36129"", ""GATES EUR: T36038"", ""INA: 224134""]",3,,,21.2351
T36001,https://icepar.specparts.shop/products/detail?slug=gates_t36001-103924,929,,,,,"[""ALFA ROMEC 145 14 16V (1996 AL 1998)"", ""ALFA ROMEC 145 16 IE (1994 AL 1997)"", ""ALFA ROMEC 145 17 16V (1994 AL 1997)"", ""ALFA ROMEC 145 17 8V BOXER (1994 AL 1997)"", ""ALFA ROMEC 145 14 16V (1996 AL 2002)"", ""ALFA ROMEC 145 2.0L (1996 AL 2002)"", ""ALFA ROMEC 146 14 16V (2000 AL 2002)"", ""ALFA ROMEC 146 18TS5 (1996 AL 2002)"", ""ALFA ROMEC 146 2.0TI (1996 AL 2000)"", ""ALFA ROMEC 155 16TS5 (1995 AL 1996)"", ""ALFA ROMEC 155 LBTS5 (1992 AL 1996)"", ""FIAT BARCHETTA 18 16V (1995 AL 2002)"", ""FIAT PALIO 17 TD (1997 AL 2010)"", ""FIAT SIENA 17 TD (1997 AL 2010)"", ""FIAT STRADA 17 TD (1999 AL 2010)""]",15,"[""DIAMETRO EXTERIOR: 91 mm"", ""ANCHO: 26 mm"", ""MATERIAL DE POLEA: PLASTICO""]",3,"[""GATES BRA: T36001"", ""GATES EUR: T36001"", ""KUGELLAGER: 1429T""]",3,,,36.8063
T36006,https://icepar.specparts.shop/products/detail?slug=gates_t36006-103926,929,,,,,"[""ALFA ROMEC 145 19 JTD (1999 AL 2002)"", ""ALFA ROMEC 146 19 JTD (1999 AL 2002)"", ""ALFA ROMEC 147 19 JTD (2002 AL 2010)"", ""FIAT BRAVA 1.9 JTD (2000 AL 2003)"", ""FIAT MAREA 139 JTD (2000 AL 2006)"", ""FIAT MAREA 139 TDI (1998 AL 2000)"", ""FIAT MULTIPLA 19 JTD (1998 AL 2002)"", ""FIAT STILO 1.9 JTD (2003 AL 2007}""]",8,"[""ANCHO: 26 mm"", ""MATERIAL DE POLEA: PLASTICO"", ""DIAMETRO EXTERIOR: 80 mm""]",3,"[""GATES EUR: T36006""]",1,,,27.4753
T36133,https://icepar.specparts.shop/products/detail?slug=gates_t36133-103928,929,,,,,"[""FIAT BRAVO 2.0 (1999 AL 2001)"", ""FIAT MAREA 2.0 20V (1998 AL 2001)"", ""FIAT PALIO 13 MPI (1999 AL 2004)"", ""FIAT UNG 13 MPI (2002 AL 2004)""]",4,"[""ANCHO: 28.7 mm"", ""MATERIAL DE POLEA: PLASTICO"", ""DIAMETRO EXTERIOR: 80.7 mm""]",3,"[""GATES BRA: 36133"", ""GATES EUR: T36004""]",2,,,23.7114
T36002,https://icepar.specparts.shop/products/detail?slug=gates_t36002-103929,929,,,,,"[""FIAT BRAVO 2.0 (1999 AL 2001)"", ""FIAT COUPE 2.0 20¥V (1994 AL 2001)"", ""FIAT MAREA 2.0 20V (1998 AL 2001)"", ""FIAT TIPO 2.0 16¥V (1993 AL 1995)""]",4,"[""DIAMETRO EXTERIOR: 80.2 mm"", ""ANCHO: 24.3 mm"", ""MATERIAL DE POLEA: PLASTICO""]",3,"[""DAYCO: APV2061"", ""GATES BRA: T36002"", ""INA: 5310392100"", ""SKF: VKM 32015"", ""ZEN: 13242""]",5,,,27.0799
T36011,https://icepar.specparts.shop/products/detail?slug=gates_t36011-103935,930,,,,,"[""FIAT PALIO 17 TD (1997 AL 2010)"", ""FIAT SIENA 17 TD (1997 AL 2010)"", ""FIAT STRADA 17 TD (1999 AL 2010)""]",3,"[""DIAMETRO EXTERIOR: 80 mm"", ""MATERIAL DE POLEA: PLASTICO"", ""ANCHO: 21 mm""]",3,"[""GATES EUR: T36011"", ""INA: 531 0742 10"", ""KUGELLAGER: 1419T""]",3,,,23.6833
T36090,https://icepar.specparts.shop/products/detail?slug=gates_t36090-103937,930,,,,,"[""CITROEN GRAND PICASSO 16 HDI (2008 AL 2014)"", ""FORD ECOSPORT 1.4 TDCI (2003 AL 2011)""]",2,"[""ANCHO: 26 mm"", ""MATERIAL DE POLEA: METAL"", ""DIAMETRO EXTERIOR: 51 mm""]",3,"[""GATES EUR: T36090""]",1,,,20.7560
T36030,https://icepar.specparts.shop/products/detail?slug=gates_t36030-103945,930,,,,,"[""CITROEN BERLINGO 1.81 (2003 AL 2004)"", ""CITROEN XSARA 18 16V (1998 AL 2002)""]",2,"[""ANCHO: 25 mm"", ""DIAMETRO EXTERIOR: 90.5 mm"", ""MATERIAL DE POLEA: PLASTICO""]",3,"[""GATES EUR: T36030"", ""INA: 123760""]",2,,,21.8174
T36214,https://icepar.specparts.shop/products/detail?slug=gates_t36214-103947,930,,,,,"[""RENAULT KANGOO 14 (1998 AL 2001)""]",1,"[""ANCHO: 15 mm"", ""DIAMETRO EXTERIOR: 70 mm"", ""MATERIAL DE POLEA: PLASTICO""]",3,"[""GATES EUR: T36214""]",1,,,18.4039
T36076,https://icepar.specparts.shop/products/detail?slug=gates_t36076-103951,930,,,,,"[""RENAULT MASTER 28D ASPIRADA (2003 AL 2006)""]",1,"[""MATERIAL DE POLEA: METAL"", ""ANCHO: 26 mm"", ""DIAMETRO EXTERIOR: 60 mm""]",3,"[""GATES EUR: T36076"", ""KUGELLAGER: 1571T""]",2,,,19.6195
T36080,https://icepar.specparts.shop/products/detail?slug=gates_t36080-103955,930,,,,,"[""ALFA ROMEC 156 2.4 JTD (1998 AL 2003)""]",1,"[""ANCHO: 25 mm"", ""DIAMETRO EXTERIOR: 90 mm"", ""MATERIAL DE POLEA: METAL""]",3,"[""GATES EUR: T36080""]",1,,,18.6028
T36008,https://icepar.specparts.shop/products/detail?slug=gates_t36008-103957,930,,,,,"[""ALFA ROMEC SPIDER 2.0 (1990 AL 1993)"", ""ALFA ROMEC SPIDER 2.2 JTS (2007 AL 2009)""]",2,"[""DIAMETRO EXTERIOR: 100 mm"", ""ANCHO: 29 mm"", ""MATERIAL DE POLEA: METAL""]",3,"[""GATES EUR: T36008""]",1,,,20.5972
T38071,https://icepar.specparts.shop/products/detail?slug=gates_t38071-103958,930,,,,,"[""BMW M3 3.0 (1988 AL 1995)"", ""BMW M3 3.2 (1995 AL 1999)"", ""BMW SERIE 3 316 16 (1992 AL 1995)"", ""BMW SERIE 3 318 17 TDS (1996 AL 2002)"", ""BMW SERIE 3 318 18 (1993 AL 1998)"", ""BMW SERIE 3 318 18 15 (1992 AL 1998)"", ""BMW SERIE 3 318 1815 A/2 AT (1996 AL 1997)"", ""BMW SERIE 3 318 18 TI (1994 AL 1999)"", ""BMW SERIE 3 318 191 (1992 AL 1999)"", ""BMW SERIE 3 323 2.5 TI (1998 AL 2002)"", ""BMW SERIE 3 323 2.5 TIA (1998 AL 2001)"", ""BMW SERIE 3 330 3.0 (2001 AL 2003)""]",12,"[""ANCHO: 24.5 mm"", ""DIAMETRO EXTERIOR: 70 mm"", ""MATERIAL DE POLEA: PLASTICO""]",3,"[""DAYCO: 89133"", ""GATES EUR: T38071"", ""GATES USA: 38071"", ""INA: 532000110"", ""INA: 5320001100"", ""SKF: VKM 38004""]",6,,,37.3741
532 0027 10,https://icepar.specparts.shop/products/detail?slug=ina_532002710-1000956,930,,,,,[],0,"[""ANCHO: 22 mm"", ""CANTIDAD DE CANALES: 6"", ""TIPO: CANALADA"", ""DIAMETRO EXTERIOR: 64 mm""]",4,"[""INA: F-220124""]",1,,,15.8237
532 0060 20,https://icepar.specparts.shop/products/detail?slug=ina_532006020-1000969,930,,,,,[],0,"[""DIAMETRO EXTERIOR: 80 mm"", ""ANCHO: 24 mm""]",2,"[""INA: F-551828""]",1,,,13.6660
531 0742 10,https://icepar.specparts.shop/products/detail?slug=ina_531074210-1001006,930,,,,,"[""FIAT FIORINO 17D (2004 AL 2006)"", ""FIAT PALIO 17 TD (1997 AL 2010)"", ""FIAT SIENA 17 TD (1997 AL 2003)"", ""FIAT STRADA 17 TD (1999 AL 2002)""]",4,"[""ANCHO: 17 mm"", ""DIAMETRO EXTERIOR: 80 mm""]",2,"[""DAYCO: APV1033"", ""GATES: T36011"", ""INA: F-110790"", ""SKF: VKM32011""]",4,,,24.6525
532 0156 10,https://icepar.specparts.shop/products/detail?slug=ina_532015610-1001045,930,,,,,[],0,"[""DIAMETRO EXTERIOR: 64.5 mm"", ""ANCHO: 24.5 mm""]",2,[],0,,,8.4845
532 0160 10,https://icepar.specparts.shop/products/detail?slug=ina_532016010-1001106,930,,,,,"[""AUDI A4 2.5 TDI (2002 AL 2005)"", ""AUDI A4 3.0 TDI (2006 AL 2008)"", ""AUDI A6 2.5 TDI (2000 AL 2002)"", ""AUDI A6 2.7 TDI (2005 AL 2007)"", ""AUDI A7 3.0 TDI (2012 AL 2015)"", ""CHRYSLER 300C 3.5 V6 (2006 AL 2010)"", ""CHRYSLER CROSSFIRE 3.2 (2006 AL 2005)"", ""DODGE CHALLENGER R/T (2016 AL 2020)"", ""JEEP GRAND CHEROKEE 3.6 V6 PENTASTAR (2012 AL 2026)"", ""RAM 1500 5.7 V& (2014 AL 2026)"", ""VOLKSWAGEN TOUAREG 3.0 V6 TDI (2011 AL 2016)""]",11,"[""ANCHO: 26.4 mm"", ""DIAMETRO EXTERIOR: 69 mm""]",2,"[""DAYCO: APV2134"", ""GATES: T38099"", ""HUTCHINSON: T0045"", ""INA: F-561724.03"", ""SKF: VKM31041""]",5,,,34.0116
532 0143 10,https://icepar.specparts.shop/products/detail?slug=ina_532014310-1001108,930,,,,,"[""CITROEN BERLINGO 2.0 HDI (2003 AL 2004)""]",1,"[""DIAMETRO EXTERIOR: 50 mm"", ""ANCHO: 26 mm""]",2,"[""DAYCO: APV2128"", ""GATES: T36151-T36043"", ""HUTCHINSON: T0022"", ""INA: F-122530.12"", ""SKF: VKM33069"", ""ZEN: 12904""]",6,,,22.7365
532 0138 10,https://icepar.specparts.shop/products/detail?slug=ina_532013810-1001127,930,,,,,[],0,"[""ANCHO: 25 mm"", ""DIAMETRO EXTERIOR: 90 mm""]",2,"[""BLM: 5751-202"", ""BLM: 5751-20A"", ""HUTCHINSON: T 0205"", ""INA: 532 0138 10"", ""INA: F-123749""]",5,,,17.9424
532 0174 10,https://icepar.specparts.shop/products/detail?slug=ina_532017410-1001132,930,,,,,[],0,"[""CANTIDAD DE CANALES: 6"", ""TIPO: CANALADA"", ""ANCHO: 25 mm"", ""DIAMETRO EXTERIOR: 90 mm""]",4,"[""INA: F-123139""]",1,,,16.3251
532 0333 10,https://icepar.specparts.shop/products/detail?slug=ina_532033310-1001158,930,,,,,[],0,"[""ANCHO: 26.4 mm"", ""DIAMETRO EXTERIOR: 124.4 mm"", ""CANTIDAD DE CANALES: 6"", ""TIPO: CANALADA""]",4,"[""INA: F-123717""]",1,,,15.7209
532 0326 30,https://icepar.specparts.shop/products/detail?slug=ina_532032630-1001192,930,,,,,"[""VOLKSWAGEN FOX 16 8V (2003 AL 2015)"", ""VOLKSWAGEN VOYAGE 16 8V (2008 AL 2015)""]",2,"[""ANCHO: 26 mm"", ""DIAMETRO EXTERIOR: 76 mm""]",2,[],0,,,46.8081
532 0310 10,https://icepar.specparts.shop/products/detail?slug=ina_532031010-1001193,930,,,,,[],0,"[""ANCHO: 29 mm"", ""DIAMETRO EXTERIOR: 28.5 mm""]",2,"[""INA: F-552282"", ""ZEN: 13070""]",2,,,14.6954
532 0244 10,https://icepar.specparts.shop/products/detail?slug=ina_532024410-1001201,930,,,,,[],0,"[""ANCHO: 26 mm"", ""CANTIDAD DE CANALES: 5"", ""DIAMETRO EXTERIOR: 63.5 mm"", ""TIPO: CANALADA""]",4,"[""INA: F-553461""]",1,,,17.0837
532 0001 10,https://icepar.specparts.shop/products/detail?slug=ina_532000110-1001216,930,,,,,"[""BMW SERIE 3 316 16 (1992 AL 1995)"", ""BMW SERIE 3 316 161 (1994 AL 1996)"", ""BMW SERIE 3 325 2.51 (1984 AL 1991)"", ""BMW SERIE 3 325 2.51 24V (1992 AL 1997)"", ""BMW SERIE 3 325 251A (1994 AL 1997)"", ""BMW SERIE 3 328 2.81 (1996 AL 2001)""]",6,"[""ANCHO: 24.5 mm"", ""DIAMETRO EXTERIOR: 70 mm""]",2,"[""DAYCO: APV2109"", ""GATES: T38071"", ""HUTCHINSON: T0010"", ""INA: F-220259.2"", ""SKF: VKM38006""]",5,,,30.0958
532 0198 10,https://icepar.specparts.shop/products/detail?slug=ina_532019810-1001234,931,,,,,[],0,"[""DIAMETRO EXTERIOR: 95 mm"", ""ANCHO: 32 mm""]",2,"[""DAYCO: APV2143"", ""GATES: T36135"", ""HUTCHINSON: T0024"", ""INA: F-232625"", ""SKF: VKMCV56002"", ""ZEN: 13248""]",6,,,18.8465
532 0062 10,https://icepar.specparts.shop/products/detail?slug=ina_532006210-1001238,931,,,,,[],0,"[""DIAMETRO EXTERIOR: 80 mm"", ""ANCHO: 28 mm""]",2,"[""INA: F-225633""]",1,,,13.5491
532 0649 10,https://icepar.specparts.shop/products/detail?slug=ina_532064910-1001239,931,,,,,[],0,"[""ANCHO: 29 mm"", ""DIAMETRO EXTERIOR: 73 mm""]",2,[],0,,,8.5016
532 0360 10,https://icepar.specparts.shop/products/detail?slug=ina_532036010-1001247,931,,,,,"[""ALFA ROMEO 156 2.4 JTD (150 CV} (2003 AL 2007)"", ""ALFA ROMEC 156 2.4 JTD (1998 AL 2003)"", ""FIAT BRAVO 2.0 (1999 AL 2001)"", ""FIAT COUPE 2.0 20¥V (1994 AL 2001)"", ""FIAT MAREA 2.0 20V (1998 AL 2002)"", ""RENAULT LAGUNA 2.0T (2003 AL 2009)""]",6,"[""DIAMETRO EXTERIOR: 65 mm"", ""ANCHO: 26 mm""]",2,"[""HUTCHINSON: TGO44E"", ""INA: F-122332.06""]",2,,,24.9129
532 0191 10,https://icepar.specparts.shop/products/detail?slug=ina_532019110-1001249,931,,,,,[],0,"[""DIAMETRO EXTERIOR: 83 mm"", ""ANCHO: 26 mm""]",2,"[""INA: F-551829""]",1,,,13.9999
532 0169 10,https://icepar.specparts.shop/products/detail?slug=ina_532016910-1001252,931,,,,,[],0,"[""DIAMETRO EXTERIOR: 90 mm"", ""ANCHO: 25 mm""]",2,"[""INA: F-231224""]",1,,,13.7458
532 0214 10,https://icepar.specparts.shop/products/detail?slug=ina_532021410-1001260,931,,,,,[],0,"[""ANCHO: 27 mm"", ""DIAMETRO EXTERIOR: 70 mm""]",2,"[""BLM: 5751-51A"", ""INA: 532 0214 10"", ""INA: F-123259.01"", ""ZEN: 12919""]",4,,,16.6850
532 0434 10,https://icepar.specparts.shop/products/detail?slug=ina_532043410-1001266,931,,,,,[],0,"[""DIAMETRO EXTERIOR: 70 mm"", ""ANCHO: 26 mm""]",2,"[""INA: F-571057""]",1,,,13.8866
532 0184 10,https://icepar.specparts.shop/products/detail?slug=ina_532018410-1001278,931,,,,,"[""CITROEN XANTIA 1.9 TD (1993 AL 1999)"", ""CITROEN XANTIA 1.9D (1993 AL 1996)"", ""PEUGEOT 306 1.9 TD (1995 AL 2000)"", ""PEUGEOT 306 1.9D (1999 AL 2003)"", ""PEUGEOT 405 1.9 (1992 AL 1998)""]",5,"[""ANCHO: 28 mm"", ""DIAMETRO EXTERIOR: 60 mm""]",2,"[""DAYCO: APV2140"", ""GATES: T36021"", ""HUTCHINSON: T0230"", ""INA: F-122544"", ""SKF: VKM33008""]",5,,,30.6657
532 0320 10,https://icepar.specparts.shop/products/detail?slug=ina_532032010-1001298,931,,,,,"[""FORD FIESTA 1.4 TDCI (2002 AL 2011)"", ""PEUGEOT 307 1.6 HDI (2005 AL 2009)""]",2,"[""DIAMETRO EXTERIOR: 60 mm"", ""ANCHO: 30 mm""]",2,"[""BLM: 5751-871"", ""DAYCO: APV2174"", ""GATES: T36034"", ""INA: 532 0320 10"", ""QU: P5787"", ""SKF: VKM33044""]",6,,,24.9660
532 0334 10,https://icepar.specparts.shop/products/detail?slug=ina_532033410-1001304,931,,,,,[],0,"[""ANCHO: 26 mm"", ""DIAMETRO EXTERIOR: 51 mm""]",2,"[""INA: F-123933.50""]",1,,,13.6781
532 0195 10,https://icepar.specparts.shop/products/detail?slug=ina_532019510-1001311,931,,,,,"[""MERCEDES BENZ 1938 5 (1999 AL 2007)""]",1,"[""DIAMETRO EXTERIOR: 80 mm"", ""ANCHO: 44 mm""]",2,"[""DAYCO: APV2411"", ""INA: F-570989""]",2,,,18.2546
532 0213 10,https://icepar.specparts.shop/products/detail?slug=ina_532021310-1001318,931,,,,,[],0,"[""DIAMETRO EXTERIOR: 70 mm"", ""ANCHO: 27 mm""]",2,"[""INA: F-123144""]",1,,,13.5099
532 0155 10,https://icepar.specparts.shop/products/detail?slug=ina_532015510-1001327,931,,,,,"[""AUDI A4 19 TDI (1997 AL 2007)"", ""VOLKSWAGEN PASSAT 1.9 TDI (2001 AL 2005)""]",2,"[""TIPO: CANALADA"", ""DIAMETRO EXTERIOR: 75.5 mm"", ""CANTIDAD DE CANALES: 5"", ""ANCHO: 215 mm""]",4,[],0,,,15.9231
532 0418 10,https://icepar.specparts.shop/products/detail?slug=ina_532041810-1001340,931,,,,,[],0,"[""ANCHO: 24.5 mm"", ""DIAMETRO EXTERIOR: 80 mm""]",2,"[""INA: F-220090.1""]",1,,,14.8404
532 0364 20,https://icepar.specparts.shop/products/detail?slug=ina_532036420-1001343,931,,,,,"[""RENAULT CAPTUR 20 16V (2016 AL 2026)"", ""RENAULT DUSTER 2.0 16¥V (2011 AL 2017)"", ""RENAULT LAGUNA 139 DCI PRIVILEGE (2003 AL 2009)"", ""RENAULT MASTER 25 DCI (2006 AL 2009)"", ""RENAULT SANDERG 2.0 16V (2016 AL 2026)""]",5,"[""DIAMETRO EXTERIOR: 60 mm"", ""ANCHO: 29 mm""]",2,"[""DAYCO: APV2183"", ""GATES: T36213-T36084"", ""HUTCHINSON: G2015"", ""SKF: VKM36038-VKM36040""]",4,,,26.0549
532 0231 10,https://icepar.specparts.shop/products/detail?slug=ina_532023110-1001352,931,,,,,[],0,"[""ANCHO: 34.3 mm"", ""CANTIDAD DE CANALES: &"", ""DIAMETRO EXTERIOR: 95 mm"", ""TIPO: CANALADA""]",4,"[""INA: F-234844"", ""ZEN: 13246""]",2,,,17.1186
532 0243 10,https://icepar.specparts.shop/products/detail?slug=ina_532024310-1001354,931,,,,,"[""RENAULT CLIO 16 16V (1999 AL 2003)"", ""RENAULT KANGOO 14 (1998 AL 2001)"", ""RENAULT KANGOO 16 16¥V (2003 AL 2005)"", ""RENAULT KANGOO 16 8¥V (1999 AL 2007)"", ""RENAULT LAGUNA 18 16V (1998 AL 2002)"", ""RENAULT LAGUNA 139 DCI PRIVILEGE (2003 AL 2009)"", ""RENAULT LAGUNA 2.0 (1998 AL 2002)"", ""RENAULT LOGAN 1.6 16¥V (2007 AL 2010)"", ""RENAULT MEGANE 1.6 110C¥ (2000 AL 2002)"", ""RENAULT MEGANE 1.6 16V (1999 AL 2005)"", ""RENAULT SANDERGO 1.6 8V (2009 AL 2015)"", ""RENAULT SCENIC 16 16¥V (2001 AL 2011)"", ""VOLVO 560 2.OT T4 (2011 AL 2015)"", ""VOLVO XC60 2.0 TS (2011 AL 2018)"", ""VOLVO XC60 2.0 TS 4WD (2011 AL 2022)""]",15,"[""ANCHO: 25.5 mm"", ""DIAMETRO EXTERIOR: 60 mm""]",2,"[""DAYCO: APV2159"", ""GATES: T36176-T36754"", ""HUTCHINSON: G2013"", ""INA: F-558664"", ""SKF: VKM36028"", ""ZEN: 12838""]",6,,,38.6913
532 0260 10,https://icepar.specparts.shop/products/detail?slug=ina_532026010-1001370,931,,,,,"[""RENAULT CLIO 12 16V (1999 AL 2008)""]",1,"[""DIAMETRO EXTERIOR: 56 mm"", ""ANCHO: 21 mm""]",2,"[""DAYCO: APV2164"", ""GATES: T36122"", ""INA: F-122676.52"", ""SKF: VKM36025"", ""ZEN: 12809""]",5,,,21.6162
532 0361 10,https://icepar.specparts.shop/products/detail?slug=ina_532036110-1001394,931,,,,,[],0,"[""ANCHO: 24 mm"", ""DIAMETRO EXTERIOR: 56 mm""]",2,"[""INA: F-122676.50""]",1,,,13.5727
532 0439 10,https://icepar.specparts.shop/products/detail?slug=ina_532043910-1001409,931,,,,,[],0,"[""DIAMETRO EXTERIOR: 78 mm"", ""ANCHO: 25 mm""]",2,"[""BLM: 5751-60A"", ""INA: 532 0439 10"", ""INA: F-573956"", ""SKF: VKM 33020"", ""ZEN: 13249""]",5,,,18.1520
532 0224 10,https://icepar.specparts.shop/products/detail?slug=ina_532022410-1001429,931,,,,,"[""BMW SERIE 3 316 161 (1994 AL 1996)"", ""BMW SERIE 3 318 181 (1992 AL 1994)""]",2,"[""DIAMETRO EXTERIOR: 70 mm"", ""ANCHO: 26 mm""]",2,"[""DAYCO: APV2151"", ""GATES: T36163"", ""HUTCHINSON: T0407"", ""INA: F-228269"", ""SKF: VKM38226""]",5,,,24.2348
532 0479 10,https://icepar.specparts.shop/products/detail?slug=ina_532047910-1001432,931,,,,,[],0,"[""ANCHO: 26 mm"", ""DIAMETRO EXTERIOR: 65 mm""]",2,[],0,,,8.2087
532 0399 20,https://icepar.specparts.shop/products/detail?slug=ina_532039920-1001440,931,,,,,[],0,"[""DIAMETRO EXTERIOR: 60 mm"", ""ANCHO: 22 mm""]",2,"[""INA: F-562369""]",1,,,13.7596
532 0331 10,https://icepar.specparts.shop/products/detail?slug=ina_532033110-1001445,932,,,,,"[""CITROEN BERLINGGO 1.41 (2003 AL 2011)"", ""CITROEN BERLINGO 1.6 16V (2010 AL 2017)"", ""CITROEN XSARA 16 16¥ (2003 AL 2005)"", ""CITROEN XSARA 18 16V (1998 AL 2002)"", ""FIAT QUBO 1.4 8V (2012 AL 2016)"", ""PEUGEOT 206 1.41 (2001 AL 2013)"", ""PEUGEOT 206 14 16¥ (2002 AL 2009)"", ""PEUGEOT 206 1.4 &V (1999 AL 2003)"", ""PEUGEOT 307 14 110CV (2001 AL 2012)"", ""PEUGEOT PARTNER 141 (2002 AL 2021)"", ""PEUGEOT PARTNER 16 16¥V (2010 AL 2026)"", ""PEUGEOT PARTNER 16 HDI (2010 AL 2022)"", ""PEUGEOT PARTNER 16 N (2003 AL 2005)""]",13,"[""ANCHO: 26.5 mm"", ""DIAMETRO EXTERIOR: 60 mm""]",2,"[""BLM: 0830-488"", ""BLM: 5751-98C"", ""DAYCO: APV2180"", ""GATES: T36190"", ""HUTCHINSON: T0215"", ""INA: 532 0321 10"", ""INA: 532 0331 10"", ""INA: F-124197.51"", ""SKF: VKM33100"", ""YOKOMITSU: CIBO100088""]",10,,,43.8930
532 0672 10,https://icepar.specparts.shop/products/detail?slug=ina_532067210-1001452,932,,,,,"[""MERCEDES BENZ SPRINTER 2.2 CDI 116CV (2012 AL 2026)"", ""MERCEDES BENZ SPRINTER 2.2 CDI 150CV (2016 AL 2026)"", ""MERCEDES BENZ VIANO 2.2 CDI (2005 AL 2015)""]",3,"[""ANCHO: 26 mm"", ""DIAMETRO EXTERIOR: 54 mm""]",2,"[""DAYCO: APV4031"", ""GATES: T36486"", ""INA: F-587180""]",3,,,22.8217
532 0297 10,https://icepar.specparts.shop/products/detail?slug=ina_532029710-1001464,932,,,,,"[""FIAT FIGRINO 13 &V FIRE (2005 AL 2015)"", ""FIAT PALIO 16 16V TORQUE (1997 AL 2001)"", ""FIAT UNG 13 8V FIRE (2004 AL 2016)"", ""VOLKSWAGEN CROSSFOX 16 &V (2005 AL 2016)""]",4,"[""ANCHO: 23 mm"", ""DIAMETRO EXTERIOR: 65 mm""]",2,"[""DAYCO: APV1068"", ""GATES: T36082"", ""SKF: VKM32031""]",3,,,23.6336
532 0296 10,https://icepar.specparts.shop/products/detail?slug=ina_532029610-1001465,932,,,,,"[""CITROEN BERLINGO 2.0 HDI (2003 AL 2004)"", ""CITROEN C15 19D (2000 AL 2006)"", ""CITROEN XSARA 19D (1998 AL 2005)"", ""CITROEN XSARA 2.0 HDI (2001 AL 2005)"", ""PEUGEOT 206 1.9D (1999 AL 2009)"", ""PEUGEOT 207 1.9D (2008 AL 2012)"", ""PEUGEOT 306 1.9D (1999 AL 2003)"", ""PEUGEOT EXPERT 19D (1999 AL 2006)"", ""PEUGEOT PARTNER 19D (1998 AL 2011)""]",9,"[""DIAMETRO EXTERIOR: 37 mm"", ""ANCHO: 27 mm""]",2,"[""BLM: 5751-5968"", ""DAYCO: APV2167"", ""GATES: T36025"", ""INA: 532 0296 10"", ""INA: F-123880.2"", ""WURTEX: 9953215""]",6,,,32.2202
532 0557 10,https://icepar.specparts.shop/products/detail?slug=ina_532055710-1001478,932,,,,,[],0,"[""DIAMETRO EXTERIOR: 65 mm"", ""ANCHO: 26 mm""]",2,"[""INA: F-553814.03-0300""]",1,,,14.1212
532 0405 30,https://icepar.specparts.shop/products/detail?slug=ina_532040530-1001479,932,,,,,"[""FORD COURIER 18D (1997 AL 2006)"", ""FORD FIESTA 1.8D (1994 AL 2003)"", ""FORD FOCUS 18 TDCI (2004 AL 2010)"", ""FORD FOCUS 18 TDI (2002 AL 2005)""]",4,"[""DIAMETRO EXTERIOR: 90.5 mm"", ""ANCHO: 30 mm""]",2,"[""DAYCO: APV2206"", ""GATES: T36089"", ""SKF: VKM34107""]",3,,,23.9151
532 0501 10,https://icepar.specparts.shop/products/detail?slug=ina_532050110-1001481,932,,,,,[],0,"[""ANCHO: 26 mm"", ""DIAMETRO EXTERIOR: 70 mm""]",2,"[""INA: F-237433.01"", ""ZEN: 12832""]",2,,,14.8315
532 0433 10,https://icepar.specparts.shop/products/detail?slug=ina_532043310-1001486,932,,,,,"[""CITROEN C15 19D (2000 AL 2006)"", ""CITROEN XSARA 19D (1998 AL 2005)"", ""PEUGEOT 206 1.9D (1999 AL 2009)"", ""PEUGEOT 207 1.9D (2008 AL 2012)"", ""PEUGEOT 306 1.9D (1999 AL 2003)"", ""PEUGEOT EXPERT 19D (1999 AL 2006)"", ""PEUGEOT PARTNER 19D (1998 AL 2011)""]",7,"[""ANCHO: 25 mm"", ""DIAMETRO EXTERIOR: 59.5 mm""]",2,"[""BLM: 5751-730"", ""BLM: 5751-73A"", ""BLM: 5751-736"", ""H&Q: 1003-P124"", ""INA: 532 0433 10"", ""INA: F-236667"", ""SKF: VKM 33031"", ""YOKOMITSU: CIBO100075""]",8,,,32.2186
532 0468 10,https://icepar.specparts.shop/products/detail?slug=ina_532046810-1001501,932,,,,,"[""AUDI A4 19 TDI (2001 AL 2007)"", ""AUDI A4 2.0 TDI (2006 AL 2008, 2013 AL 2014)"", ""AUDI AS 20 TDI (2012 AL 2013)"", ""AUDI Q5 20 TDI (2009 AL 2014)"", ""AUDI Q5 20 TDI177CV (2013 AL 2014)"", ""VOLKSWAGEN AMAROK 2.0 TDI BIT 163CV (2009 AL 2012}"", ""VOLKSWAGEN TIGUAN 2.0 TDI TIPTRONIC (2011 AL 2016)""]",7,"[""ANCHO: 28 mm"", ""DIAMETRO EXTERIOR: 70 mm""]",2,"[""DAYCO: APV2517"", ""GATES: T36248"", ""INA: F-552285"", ""SKF: VKM31008"", ""ZEN: 13510""]",5,,,29.1006
532 0543 10,https://icepar.specparts.shop/products/detail?slug=ina_532054310-1001508,932,,,,,"[""HYUNDAI COUPE 2.7 V6 (2007 AL 2005)"", ""HYUNDAI SANTA FE 2.7 V6 (2001 AL 2010)"", ""HYUNDAI TRAJET 2.7 V6 (2001 AL 2006)"", ""HYUNDAI TUCSON 2.7 V6 (2005 AL 2010)""]",4,"[""ANCHO: 26 mm"", ""DIAMETRO EXTERIOR: 82 mm""]",2,[],0,,,16.3323
532 0419 10,https://icepar.specparts.shop/products/detail?slug=ina_532041910-1001511,932,,,,,[],0,"[""ANCHO: 21 mm"", ""DIAMETRO EXTERIOR: 71.4 mm"", ""CANTIDAD DE CANALES: 5"", ""TIPO: CANALADA""]",4,"[""INA: F-120962.01""]",1,,,15.7014
532 0809 10,https://icepar.specparts.shop/products/detail?slug=ina_532080910-1001534,932,,,,,[],0,[],0,[],0,,,2.6687
532 0570 10,https://icepar.specparts.shop/products/detail?slug=ina_532057010-1001538,932,,,,,"[""MERCEDES BENZ CLASEC C220 2.1CDI T BLUE EFFICIENCY (2011 AL 2015)"", ""MERCEDES BENZ SPRINTER 2.2 CDI 116CV (2012 AL 2016)"", ""MERCEDES BENZ VIANO 2.2 CDI (2013 AL 2015)""]",3,"[""ANCHO: 26 mm"", ""DIAMETRO EXTERIOR: 65 mm""]",2,"[""DAYCO: APV2829"", ""GATES: T36464"", ""SKF: VKM38125""]",3,,,22.6609
532 0449 10,https://icepar.specparts.shop/products/detail?slug=ina_532044910-1001560,932,,,,,"[""FORD TRANSIT 2.4 TDCI (2010 AL 2015)"", ""FORD TRANSIT 2.4 TDI (2000 AL 2002)"", ""FORD TRANSIT 2.4 TDI 16¥V (2000 AL 2005)""]",3,"[""DIAMETRO EXTERIOR: 76 mm"", ""ANCHO: 37 mm""]",2,[],0,,,14.9411
532 0705 10,https://icepar.specparts.shop/products/detail?slug=ina_532070510-1001564,932,,,,,"[""CITROEN XSARA 2.0 16V (1999 AL 2001)"", ""PEUGEOT 206 2.0 GTI 180 CV (2003 AL 2006)""]",2,"[""DIAMETRO EXTERIOR: 78 mm"", ""ANCHO: 25 mm""]",2,"[""GATES: T36412"", ""SKF: VKM33046""]",2,,,20.5742
532 0528 10,https://icepar.specparts.shop/products/detail?slug=ina_532052810-1001566,932,,,,,[],0,"[""DIAMETRO EXTERIOR: 70 mm"", ""ANCHO: 26 mm""]",2,"[""INA: F-557067""]",1,,,13.5012
532 0474 10,https://icepar.specparts.shop/products/detail?slug=ina_532047410-1001573,932,,,,,[],0,"[""DIAMETRO EXTERIOR: 70 mm"", ""ANCHO: 27 mm""]",2,"[""INA: F-55146101""]",1,,,14.2685
532 0538 10,https://icepar.specparts.shop/products/detail?slug=ina_532053810-1001581,932,,,,,[],0,"[""ANCHO: 30 mm"", ""DIAMETRO EXTERIOR: 60 mm""]",2,"[""BLM: 5751-F4A"", ""BLM: 5751-F4C"", ""INA: 532 0538 10"", ""INA: F-123934.17"", ""SKF: VKM 33131"", ""WURTEX: 9951866""]",6,,,19.2247
532 0578 10,https://icepar.specparts.shop/products/detail?slug=ina_532057810-1001585,932,,,,,"[""CHEVROLET CAPTIVA 2.0 VCDI (2007 AL 2012)""]",1,"[""ANCHO: 26 mm"", ""DIAMETRO EXTERIOR: 65 mm""]",2,"[""DAYCO: APV2805"", ""GATES: T36383"", ""INA: F-552218.01"", ""SKF: VKM60004""]",4,,,20.3790
532 0671 10,https://icepar.specparts.shop/products/detail?slug=ina_532067110-1001600,932,,,,,[],0,"[""ANCHO: 26.5 mm"", ""DIAMETRO EXTERIOR: 69 mm""]",2,"[""DAYCO: APV3961"", ""GATES: T36487"", ""INA: F-587181""]",3,,,15.8157
532 0678 10,https://icepar.specparts.shop/products/detail?slug=ina_532067810-1001621,932,,,,,"[""RENAULT CLIO 15 DCI (2001 AL 2009)"", ""RENAULT KANGOO 15 DCI (2008 AL 2014, 2018 AL 2026)"", ""RENAULT LOGAN 1.5 DCI (2007 AL 2011)""]",3,"[""ANCHO: 26 mm"", ""DIAMETRO EXTERIOR: 81 mm""]",2,"[""DAYCO: APV3053"", ""GATES: T36490"", ""SKF: VKM36079""]",3,,,22.5085
T42044,https://icepar.specparts.shop/products/detail?slug=gates_t42044-89809,932,,,,,"[""AUDI A3 19 TDI (1997 AL 2005, 2008 AL 2005)"", ""AUDI A4 18 (1993 AL 2001)"", ""AUDI A4 18 T (1997 AL 2010)"", ""AUDI A4 19 TDI (1997 AL 2001)"", ""SEAT ALHAMBRA 139 TDI (1997 AL 1999)"", ""SEAT CORDOBA 1.9 TDI (1997 AL 2003)"", ""SEAT CORDOBA 1.9D (1997 AL 2003)"", ""SEAT IBIZA 19 TDI (2000 AL 2005)"", ""SEAT IBIZA 19D (2000 AL 2005)"", ""SEAT LEON 19 TDI (2001 AL 2005)"", ""SEAT TOLEDO 1.9 TDI (1996 AL 2005)"", ""VOLKSWAGEN AMAROK 2.0 TDI 122Cv (2010 AL 2013)"", ""VOLKSWAGEN AMAROK 2.0 TDI 140CV (2012 AL 2017)"", ""VOLKSWAGEN AMAROK 2.0 TDI 140CV EUROS (2017 AL 2026)"", ""VOLKSWAGEN AMAROK 2.0 TDI BIT 163CV (2009 AL 2012}"", ""VOLKSWAGEN AMAROK 2.0 TDI BIT 180CV (2014 AL 2026)"", ""VOLKSWAGEN AMAROK 2.0 TDI BIT 180CV MT (2012 AL 2026)"", ""VOLKSWAGEN AMAROK 2.0 TDI BIT EUS 180CV AT (2018 AL 2026)"", ""VOLKSWAGEN AMAROK 2.0 TDI BIT EUS 180CV MT (2018 AL 2026)"", ""VOLKSWAGEN BORA 19 TDI (2000 AL 2016)"", ""VOLKSWAGEN FOX 19 SDI (2008 AL 2010)"", ""VOLKSWAGEN GOLF 19 TDI (1999 AL 2011)"", ""VOLKSWAGEN NEW BEETLE 19 TDI (2003 AL 2008)"", ""VOLKSWAGEN PASSAT 1.8 (1998 AL 2001)"", ""VOLKSWAGEN PASSAT 1 T (1998 AL 2005)"", ""VOLKSWAGEN PASSAT 1.3 TURBO (1998 AL 2001)"", ""VOLKSWAGEN PASSAT 1.9 TDI (1995 AL 1999)"", ""VOLKSWAGEN POLO CLASSIC 19 5D (1996 AL 2005)"", ""VOLKSWAGEN POLO CLASSIC 19 TDI (1998 AL 2009)"", ""VOLKSWAGEN SURAN 139 SDI (2007 AL 2010)"", ""VOLKSWAGEN TIGUAN 2.0 TDI DSG (2019 AL 2022)"", ""VOLKSWAGEN TIGUAN 2.0 TDI TIPTRONIC (2011 AL 2016)"", ""VOLKSWAGEN VENTO 20 TDI 110CV (2015 AL 2017}"", ""VOLKSWAGEN VENTO 20 TDI 140CV (2011 AL 2015)""]",34,"[""MATERIAL DE POLEA: METAL"", ""ANCHO DE POLEA 29 mm"", ""DIAMETRO EXTERIOR DE POLEA: 28.3 mm""]",3,"[""DAYCO: ATB2232"", ""GATES BRA: T42044"", ""GATES EUR: T42044"", ""GATES USA: T42044"", ""INA: 5320161100"", ""KUGELLAGER: 1602T"", ""SKF: VKM 21004""]",7,,,64.2489
T42090,https://icepar.specparts.shop/products/detail?slug=gates_t42090-103827,933,,,,,"[""RENAULT LAGUNA 139 DTI (1998 AL 2002)"", ""RENAULT MEGANE 1.9 DCI (2005 AL 2008)"", ""RENAULT MEGANE 1.9 DTI (1999 AL 2009)"", ""RENAULT MEGANE 1.9 TD (1998 AL 1999)"", ""RENAULT SCENIC 19 DTI (1998 AL 2009)"", ""VOLVO 540 19 TDI (1998 AL 2001)"", ""VOLVO V40 19 TDI (1998 AL 2001)""]",7,"[""ANCHO: 31 mm"", ""DIAMETRO EXTERIOR: 65.5 mm"", ""MATERIAL DE POLEA: METAL""]",3,"[""GATES EUR: T42090"", ""KUGELLAGER: 1552T""]",2,,,26.6767
T42167,https://icepar.specparts.shop/products/detail?slug=gates_t42167-103829,933,,,,,"[""RENAULT CLIO 2.0 (2000 AL 2005)"", ""RENAULT LAGUNA 2.0 (1998 AL 2002)"", ""RENAULT MEGANE 2.0 16V (2002 AL 2008)"", ""RENAULT SCENIC 2.0 16¥V (1999 AL 2009)""]",4,"[""ANCHO: 32 mm"", ""MATERIAL DE POLEA: METAL"", ""DIAMETRO EXTERIOR: 54 mm""]",3,"[""GATES EUR: T42167"", ""INA: 123781"", ""KUGELLAGER: 1574T""]",3,,,25.0658
T42166,https://icepar.specparts.shop/products/detail?slug=gates_t42166-103834,933,,,,,"[""RENAULT CLIO 2.0 (2000 AL 2005)"", ""RENAULT LAGUNA 2.0 (1998 AL 2002)"", ""RENAULT MEGANE 2.0 16V 250CV (2011 AL 2014)"", ""RENAULT MEGANE 2.0 16V 2465CV (2014 AL 2020)""]",4,"[""ANCHO: 32 mm"", ""DIAMETRO EXTERIOR: 54 mm"", ""MATERIAL DE POLEA: PLASTICO""]",3,"[""GATES EUR: T42166"", ""INA: 239960"", ""KUGELLAGER: 1575T""]",3,,,24.8553
T42139,https://icepar.specparts.shop/products/detail?slug=gates_t42139-103840,933,,,,,"[""AUDI A4 19 TDI (1997 AL 2007)"", ""AUDI AS 20 TDI (2012 AL 2013)"", ""AUDI Q5 20 TDI (2009 AL 2014)"", ""NISSAN PICK UP 25 TDI (2001 AL 2002)"", ""SEAT ALHAMBRA 139 TDI (2001 AL 2003)"", ""SEAT CORDOBA 1.9 TDI (2003 AL 2005, 2008 AL 2011)"", ""SEAT IBIZA 19 TDI (2003 AL 2005)"", ""VOLKSWAGEN CC 20 TDI (2011 AL 2016)"", ""VOLKSWAGEN NEW BEETLE 19 TDI (2003 AL 2008)"", ""VOLKSWAGEN PASSAT 1.9 TDI (2001 AL 2005)"", ""VOLKSWAGEN PASSAT 2.0 TDI BLUEMOTION (2011 AL 2016)"", ""VOLKSWAGEN TIGUAN 2.0 TDI TIPTRONIC (2009 AL 2011)""]",12,"[""ANCHO: 28.5 mm"", ""DIAMETRO EXTERIOR: 34 mm"", ""MATERIAL DE POLEA: METAL""]",3,"[""DAYCO: ATB2218"", ""GATES EUR: T42139"", ""GATES USA: T42139"", ""INA: 5320197100"", ""KUGELLAGER: 1603T"", ""SKF: VKM 21142""]",6,,,36.6753
T41229,https://icepar.specparts.shop/products/detail?slug=gates_t41229-103843,933,,,,,"[""AUDI A3 19 TDI (2008 AL 2009)"", ""AUDI A3 2.0 TDI (2005 AL 2015)"", ""AUDI A4 19 TDI (2001 AL 2007)"", ""AUDI A4 2.0 TDI (2006 AL 2014)"", ""AUDI AS 20 TDI (2012 AL 2013)"", ""AUDI Q5 20 TDI (2009 AL 2014)"", ""SEAT ALTEA 2.0 TDI (2008 AL 2009)"", ""SEAT IBIZA 19 TDI (2008 AL 2011)"", ""SEAT LEON 19 TDI (2009 AL 2011)"", ""SEAT LEON 20 TDI (2008 AL 2011)"", ""SEAT TOLEDO 2.0 TDI (2008 AL 2005)"", ""VOLKSWAGEN BORA 19 TDI (2000 AL 2016)"", ""VOLKSWAGEN CC 20 TDI (2011 AL 2016)"", ""VOLKSWAGEN PASSAT 2.0 TDI (2006 AL 2011)"", ""VOLKSWAGEN PASSAT 2.0 TDI BLUEMOTION (2011 AL 2016)"", ""VOLKSWAGEN SHARAN 19 TDI (2001 AL 2011)"", ""VOLKSWAGEN TIGUAN 2.0 TDI TIPTRONIC (2009 AL 2016)"", ""VOLKSWAGEN TIGUAN 2.0 TSI (2008 AL 2017)"", ""VOLKSWAGEN TRANSPORTER 139 TDI (2008 AL 2011)"", ""VOLKSWAGEN VENTO 139 TDI (2006 AL 2011)"", ""VOLKSWAGEN VENTO 20 TDI (2006 AL 2011)"", ""VOLKSWAGEN VENTO 20 TDI 110CV (2011 AL 2016)""]",22,"[""ANCHO: 36 mm"", ""MATERIAL DE POLEA: METAL"", ""DIAMETRO EXTERIOR: 40 mm""]",3,"[""GATES EUR: T41229"", ""GATES USA: T41229"", ""INA: 239652"", ""KUGELLAGER: 1606T""]",4,,,46.1578
T42050,https://icepar.specparts.shop/products/detail?slug=gates_t42050-103847,933,,,,,"[""AUDI A3 19 TDI (1997 AL 2005)"", ""SEAT CORDOBA 1.9 TDI (1999 AL 2003)"", ""SEAT CORDOBA 1.9D (1997 AL 2003)"", ""SEAT IBIZA 19 TDI (2000 AL 2005)"", ""SEAT IBIZA L9D (1994 AL 2005)"", ""SEAT LEON 19 TDI (2001 AL 2005)"", ""SEAT TOLEDO 1.9 TDI (2000 AL 2005)"", ""VOLKSWAGEN BORA 19 TDI (2000 AL 2006)"", ""VOLKSWAGEN FOX 19 SDI (2008 AL 2010)"", ""VOLKSWAGEN GOLF 19 TDI (1999 AL 2011)"", ""VOLKSWAGEN POLO CLASSIC 19 TDI (1998 AL 2009)"", ""VOLKSWAGEN SURAN 139 SDI (2007 AL 2010)""]",12,"[""ANCHO: 29.5 mm"", ""DIAMETRO EXTERIOR: 80 mm"", ""MATERIAL DE POLEA: METAL""]",3,"[""DAYCO: APV2179"", ""DAYCO: ATB2238"", ""GATES EUR: T42050"", ""INA: 239421"", ""INA: 5320330100"", ""INA: 5320349100"", ""KUGELLAGER: 1604T"", ""SKF: VKM 21147"", ""SKF: VKM 31002""]",9,,,40.3853
T42051,https://icepar.specparts.shop/products/detail?slug=gates_t42051-103848,933,,,,,"[""AUDI A3 19 TDI (1997 AL 2005)"", ""SEAT CORDOBA 1.9 TDI (1999 AL 2003)"", ""SEAT CORDOBA 1.9D (1997 AL 2003)"", ""SEAT IBIZA 19 TDI (2000 AL 2005)"", ""SEAT IBIZA L9D (1994 AL 2005)"", ""SEAT LEON 19 TDI (2001 AL 2005)"", ""SEAT TOLEDO 1.9 TDI (2000 AL 2005)"", ""VOLKSWAGEN BORA 19 TDI (2000 AL 2006)"", ""VOLKSWAGEN GOLF 19 TDI (1999 AL 2011)"", ""VOLKSWAGEN POLO CLASSIC 19 TDI (1998 AL 2009)""]",10,"[""ANCHO: 29 mm"", ""DIAMETRO EXTERIOR: 28.5 mm"", ""MATERIAL DE POLEA: METAL""]",3,"[""GATES EUR: T42051"", ""KUGELLAGER: 1605T""]",2,,,29.8134
T42169,https://icepar.specparts.shop/products/detail?slug=gates_t42169-103850,933,,,,,"[""RENAULT MASTER 25 DCI (2006 AL 2013)""]",1,"[""ANCHO: 32 mm"", ""MATERIAL DE POLEA: PLASTICO"", ""DIAMETRO EXTERIOR: 76 mm""]",3,"[""GATES EUR: T42169""]",1,,,18.2540
T42005,https://icepar.specparts.shop/products/detail?slug=gates_t42005-103853,933,,,,,"[""KIA CARENS 18 (2001 AL 2007)"", ""KIA SHUMA 18 (1999 AL 2000)"", ""MAZDA MX5 16 (1991 AL 1997)"", ""MAZDA MXS5 18 (1993 AL 2000)"", ""MAZDA MX5 18 16V (1991 AL 1995)""]",5,"[""ANCHO: 25 mm"", ""MATERIAL DE POLEA: METAL"", ""DIAMETRO EXTERIOR: 52 mm""]",3,"[""GATES EUR: T42005"", ""GATES USA: T42005""]",2,,,24.9844
T42170,https://icepar.specparts.shop/products/detail?slug=gates_t42170-103855,933,,,,,"[""CHEVROLET AVEO 16 16V (2008 AL 2015)"", ""CHEVROLET SONIC 16 16V (2012 AL 2016)"", ""DAEWOG CIELO 1.51 16V (1994 AL 1995)"", ""DAEWOC ESPERG 1.51 (1993 AL 1998)"", ""DAEWOG LANOS 1461 16¥V (1997 AL 2000)"", ""DAEWOC NUBIRA 1.61 16¥V (1997 AL 1993)"", ""DAEWOC RACER 151 (1994 AL 1997)""]",7,"[""DIAMETRO EXTERIOR: 64 mm"", ""ANCHO: 29 mm"", ""MATERIAL DE POLEA: PLASTICO""]",3,"[""DAYCO: ATB2193"", ""GATES USA: T42170"", ""INA: 5320194200"", ""SKF: VKM 80000"", ""ZEN: 13377""]",5,,,30.4899
T42126,https://icepar.specparts.shop/products/detail?slug=gates_t42126-103856,933,,,,,"[""CHEVROLET ASTRA 2.4 16V (2005 AL 2010)"", ""CHEVROLET BLAZER 2.2 16V (1997 AL 2000)"", ""CHEVROLET BLAZER 2.4 16V (2006 AL 2007}"", ""CHEVROLET CAPTIVA 2.4 16V (2007 AL 2014)"", ""CHEVROLET CAPTIVA 2.4 16V MT (2014 AL 2022)"", ""CHEVROLET VECTRA 2.0 16V (2008 AL 2012)"", ""CHEVROLET VECTRA 2.2 16V (1996 AL 2006)"", ""CHEVROLET VECTRA 2.4 16V (2006 AL 2011)"", ""DAEWOC LEGANZA 2.0 (1993 AL 1999)"", ""DAEWCOC TACUMA 2.0 16V (2000 AL 2002)""]",10,"[""ANCHO: 27.4 mm"", ""DIAMETRO EXTERIOR: 52.7 mm"", ""MATERIAL DE POLEA: METAL""]",3,"[""DAYCO: ATB2207"", ""GATES BRA: T42126"", ""GATES EUR: T42084"", ""GATES USA: T42084"", ""INA: 5320039100"", ""SKF: VKM 25212 H""]",6,,,34.4132
T42017,https://icepar.specparts.shop/products/detail?slug=gates_t42017-103858,933,,,,,"[""HYUNDAI ELANTRA 18 (1996 AL 2005)"", ""HYUNDAI SONATA 2.0 (1992 AL 1999)"", ""HYUNDAI TRAJET 2.0 (2002 AL 2006)"", ""HYUNDAI TUCSON 2.0 16¥V (2007 AL 2010)"", ""MITSUBISHI COLT 16 16V (1995 AL 2002)"", ""MITSUBISHI ECLIPSE 2.0 16V (1991 AL 2000)"", ""MITSUBISHI GALANT 2.0 (1991 AL 1995)"", ""MITSUBISHI GALANT 2.4 (1996 AL 1998)"", ""MITSUBISHI LANCER 16 16V (2001 AL 2015)"", ""MITSUBISHI LANCER 2.0 (2008 AL 2016)"", ""MITSUBISHI MONTERO 2.6 (1986 AL 1996)"", ""MITSUBISHI SPACE WAGON 2.0 (1992 AL 1998)"", ""MITSUBISHI SPACE WAGON 2.4 (1999 AL 2002)""]",13,"[""ANCHO: 32.5 mm"", ""DIAMETRO EXTERIOR: 60 mm"", ""MATERIAL DE POLEA: METAL""]",3,"[""GATES BRA: T42017"", ""GATES EUR: T42017"", ""GATES USA: T42017""]",3,,,35.0756
T42199,https://icepar.specparts.shop/products/detail?slug=gates_t42199-103863,933,,,,,"[""CITROEN C4 2.0 HDI (2007 AL 2010)"", ""CITROEN C5 2.0 HDI (2005 AL 2013)"", ""CITROEN SPACETOURER 2.0 HDI AT6 115Cv (2018 AL 2022)"", ""CITROEN SPACETOURER 2.0 HDI AT6 150CV (2017 AL 2022)"", ""CITROEN SPACETOURER 2.0 HDI MT6 115CV (2019 AL 2022)"", ""FORD MONDEG 2.0 TDCI (2009 AL 2014)"", ""LAND ROVER FREELANDER 2.2 TD4 (2008 AL 2014)"", ""PEUGEOT 3008 2.0 HDI (2013 AL 2020)"", ""PEUGEOT 407 2.0 HDI (2005 AL 2011)"", ""PEUGEOT 407 2.2 HDI (2007 AL 2010)"", ""PEUGEOT 5008 2.0 HDI TIPTRONIC (2018 AL 2026)"", ""PEUGEOT 508 2.0 HDI 163CV (2012 AL 2017)"", ""PEUGEOT 508 2.2 HDI 200CV (2012 AL 2015)"", ""PEUGEOT EXPERT 2.0 HDI (2013 AL 2017}"", ""PEUGEOT EXPERT 2.0 HDI 120CV (2008 AL 2005)"", ""PEUGEOT TRAVELLER 20 HDI 150CV AT (2018 AL 2021)""]",16,"[""DIAMETRO EXTERIOR: 60 mm"", ""MATERIAL DE POLEA: PLASTICO"", ""ANCHO: 30 mm""]",3,"[""GATES EUR: T42199"", ""INA: 124178.06""]",2,,,37.9852
T42187,https://icepar.specparts.shop/products/detail?slug=gates_t42187-103865,933,,,,,"[""ROVER 45 20 TD (2001 AL 2006)""]",1,"[""MATERIAL DE POLEA: METAL"", ""ANCHO: 34 mm"", ""DIAMETRO EXTERIOR: 60 mm""]",3,"[""GATES EUR: T42187""]",1,,,18.2617
T41178,https://icepar.specparts.shop/products/detail?slug=gates_t41178-103866,933,,,,,"[""CITROEN JUMPER 2.8 HDI (2005 AL 2010)"", ""CITROEN JUMPER 2.8 TD 31M (2003 AL 2004)"", ""CITROEN JUMPER 2.8D 31M (1999 AL 2002)"", ""FIAT DUCATO 2.4 IDTD (1998 AL 2005)"", ""FIAT DUCATO 2.8 JTD (2006 AL 2010)"", ""MECC DAILY 25 TD (1994 AL 1995)"", ""MECC DAILY 28 TD (1995 AL 1996, 1998 AL 20059)"", ""PEUGEOT BOXER 2.8 HDI (2006 AL 2010)"", ""PEUGEOT BOXER 2.8 TD (1995 AL 2006)"", ""PEUGEOT BOXER 2.8D (1999 AL 2004)"", ""RENAULT MASTER 25D (1998 AL 2001)"", ""RENAULT MASTER 28 TD (1999 AL 2008)"", ""RENAULT MASTER 28D ASPIRADA (2003 AL 2006)""]",13,"[""MATERIAL DE POLEA: METAL"", ""ANCHO: 25 mm"", ""DIAMETRO EXTERIOR: 67 mm""]",3,"[""DAYCO: ATB2017"", ""GATES EUR: T41178"", ""INA: 5310557100"", ""KUGELLAGER: 1420T"", ""SKF: VKM 22380"", ""ZEN: 12840""]",6,,,39.5855
T42309,https://icepar.specparts.shop/products/detail?slug=gates_t42309-103880,933,,,,,"[""VOLKSWAGEN AMAROK 2.0 TDI 122Cv (2010 AL 2013)"", ""VOLKSWAGEN AMAROK 2.0 TDI 140CV (2012 AL 2017)"", ""VOLKSWAGEN AMAROK 2.0 TDI 140CV EUROS (2017 AL 2026)"", ""VOLKSWAGEN AMAROK 2.0 TDI BIT 163CV (2009 AL 2012}"", ""VOLKSWAGEN AMAROK 2.0 TDI BIT 180CV (2014 AL 2026)"", ""VOLKSWAGEN AMAROK 2.0 TDI BIT 180CV MT (2012 AL 2026)"", ""VOLKSWAGEN AMAROK 2.0 TDI BIT EUS 180CV AT (2018 AL 2026)"", ""VOLKSWAGEN AMAROK 2.0 TDI BIT EUS 180CV MT (2018 AL 2026)"", ""VOLKSWAGEN TIGUAN 2.0 TDI TIPTRONIC (2011 AL 2016)""]",9,"[""ANCHO: 29 mm"", ""MATERIAL DE POLEA: METAL"", ""DIAMETRO EXTERIOR: 40 mm""]",3,"[""GATES EUR: T42309"", ""INA: 532062310"", ""KUGELLAGER: 1617T""]",3,,,30.5940
T42089,https://icepar.specparts.shop/products/detail?slug=gates_t42089-103892,933,,,,,"[""RENAULT CLIO L9D (1993 AL 2002)"", ""RENAULT CLIO 2.0 150CV (1994 AL 1996)"", ""RENAULT EXPRESS 1.9D (1995 AL 2002)"", ""RENAULT KANGOO 19D (1999 AL 2009)"", ""RENAULT MEGANE 1.9 DCI (2005 AL 2006)"", ""RENAULT MEGANE 2.0 150CV (1997 AL 2000)"", ""RENAULT R19 18 16V (1989 AL 1997)""]",7,"[""ANCHO: 31 mm"", ""DIAMETRO EXTERIOR: 50 mm"", ""MATERIAL DE POLEA: METAL""]",3,"[""GATES BRA: T42089"", ""GATES EUR: T42089"", ""KUGELLAGER: 1551T""]",3,,,29.2657
T42191,https://icepar.specparts.shop/products/detail?slug=gates_t42191-103901,934,,,,,"[""CITROEN BERLINGG 1.6 16¥V VTI (2017 AL 2026)"", ""CITROEN C-ELYSEE 16 16¥V (2016 AL 2017)"", ""CITROEN C-ELYSEE 16 16V AT (2017 AL 2022)"", ""CITROEN C-ELYSEE 16 16V MT (2017 AL 2022)"", ""CITROEN C3 16 VTI (2012 AL 2020)"", ""CITROEN C3 16 VTIAT (2017 AL 2022)"", ""CITROEN C3 16 VTI MT (2018 AL 2022}"", ""CITROEN C3 16 VTI MT URBAN TRIAL (2019 AL 2022)"", ""CITROEN C3 AIRCROSS 16 VTIAT (2017 AL 2022)"", ""CITROEN C3 AIRCROSS 16 VTI MT (2018 AL 2023)"", ""CITROEN C4 CACTUS 16 16V VTI AT (2018 AL 2026)"", ""CITROEN C4 CACTUS 16 16V VTI MT (2018 AL 2026)"", ""CITROEN C4 LOUNGE 14 16¥ (2017 AL 2026)"", ""PEUGEOT 2008 16 VT (2016 AL 2026)"", ""PEUGEOT 2008 16 VTI TIPTRONIC (2016 AL 2026)"", ""PEUGEOT 206 14 16¥ (2002 AL 2009)"", ""PEUGEOT 207 14 (2008 AL 2012)"", ""PEUGEOT 207 14 16¥ (2008 AL 2013)"", ""PEUGEOT 208 1.4 16V AT AT6 (2024 AL 2026)"", ""PEUGEOT 208 1.4 16V MT5 (2024 AL 2026)"", ""PEUGEOT 208 14 VTI (2013 AL 2022}"", ""PEUGEOT 208 14 VTI TIPTRONIC (2016 AL 2022)"", ""PEUGEOT 208 P2116 VTI 16V MT (2020 AL 2026)"", ""PEUGEOT 208 P21 16 VTI 16V TIPTRONKC (2020 AL 2026)"", ""PEUGEOT 301 14 VTI (2017 AL 2026)"", ""PEUGEOT 301 14 VTI TIPTRONIC (2017 AL 2022)"", ""PEUGEOT 308 14 VTI (2011 AL 2026)"", ""PEUGEOT 408 14 VTI (2015 AL 2026)"", ""PEUGEOT HOGGAR 1.4 16V (2011 AL 2016)"", ""PEUGEOT PARTNER 16 VTI (2019 AL 2026)""]",30,"[""ANCHO: 30 mm"", ""DIAMETRO EXTERIOR: 60 mm"", ""MATERIAL DE POLEA: PLASTICO""]",3,"[""GATES EUR: T42191"", ""KUGELLAGER: 1518T"", ""ZEN: 13226""]",3,,,52.7938
T42317,https://icepar.specparts.shop/products/detail?slug=gates_t42317-103910,934,,,,,"[""AUDI A1 LO 30 TFSI (2019 AL 2026)"", ""AUDI A3 14 35 TFSI 150CV 5-TRONIC (2019 AL 2026)"", ""AUDI A3 14 TSI 122CV (2015 AL 2018)"", ""AUDI A3 14 TSI 122CV 5-TRONIC (2017 AL 2022)"", ""AUDI Q2 14 35 TFSI (2019 AL 2026)"", ""AUDI Q2 14 TFSI (2017 AL 2022)"", ""AUDI Q2 14 TFSI STRONIC (2019 AL 2021)"", ""AUDI Q2 14 TFSI TIPTRONIC (2018 AL 2022)"", ""AUDI Q3 14 TFSI (2015 AL 2022)"", ""VOLKSWAGEN CROSS UP! 10 12V (2016 AL 2022)"", ""VOLKSWAGEN CROSS UP! 10 TSI (2019 AL 2022}"", ""VOLKSWAGEN CROSSFOX 16 16V MSI (2015 AL 2017)"", ""VOLKSWAGEN FOX 16 16V MSI (2015 AL 2021)"", ""VOLKSWAGEN GOLF 14 TSI (2015 AL 2026)"", ""VOLKSWAGEN GOLF 16 16¥V MSI (2015 AL 2022)"", ""VOLKSWAGEN POLO 16 MSI AT (2018 AL 2026)"", ""VOLKSWAGEN POLO 16 MSI MT (2018 AL 2026)"", ""VOLKSWAGEN SURAN 16 16V MSI (2015 AL 2026)"", ""VOLKSWAGEN SURAN 16 16V MSI IMOTION (2015 AL 2021)"", ""VOLKSWAGEN T-CROSS L6L 110 CV AT (2019 AL 2026)"", ""VOLKSWAGEN T-CROSS L6L 110 CV MT (2019 AL 2026)"", ""VOLKSWAGEN TIGUAN 14 TSI DSG (2018 AL 2022)"", ""VOLKSWAGEN UP! 10 12V (2014 AL 2022}"", ""VOLKSWAGEN UP! 10 12V 3P (2019 AL 2021)"", ""VOLKSWAGEN UP! 10 12V 5P (2019 AL 2021)"", ""VOLKSWAGEN UP! 10 12V IMOTION (2015 AL 2022)"", ""VOLKSWAGEN UP! LOTSI (2017 AL 2022)"", ""VOLKSWAGEN VIRTUS 16 16V MSI AT (2018 AL 2026)"", ""VOLKSWAGEN VIRTUS 16 16V MSI MT (2018 AL 2026)""]",29,"[""ANCHO: 25 mm"", ""MATERIAL DE POLEA: PLASTICO"", ""DIAMETRO EXTERIOR: 50 mm""]",3,"[""GATES EUR: T42317""]",1,,,52.0751
T42053,https://icepar.specparts.shop/products/detail?slug=gates_t42053-103921,934,,,,,"[""FIAT DUNA 13 D (1988 AL 1998)"", ""FIAT DUNA 17D (1999 AL 2001)"", ""FIAT ELBA 17D (1987 AL 1997)"", ""FIAT FIORINO 17D (1994 AL 2006)"", ""FIAT FIGRUNG 17D (1996 AL 2000)"", ""FIAT PALIO 17 TD (1997 AL 2010)"", ""FIAT SIENA 17 TD (1997 AL 2010)"", ""FIAT SPAZIO 13 D (1991 AL 1997)"", ""FIAT STRADA 17 TD (1999 AL 2010)"", ""FIAT UNG 13 D (1991 AL 1994)"", ""FIAT UNG 17D (1994 AL 2000)""]",11,"[""ANCHO: 30 mm"", ""MATERIAL DE POLEA: METAL"", ""DIAMETRO EXTERIOR: 61 mm""]",3,"[""GATES EUR: T42053""]",1,,,31.4187
T42060,https://icepar.specparts.shop/products/detail?slug=gates_t42060-103923,934,,,,,"[""ALFA ROMEC 145 14 16V (1996 AL 1998)"", ""ALFA ROMEC 145 14 16V (1996 AL 2002)"", ""ALFA ROMEC 145 2.0L (1996 AL 2002)"", ""ALFA ROMEC 146 14 16V (2000 AL 2002)"", ""ALFA ROMEC 146 18TS5 (1996 AL 2002)"", ""ALFA ROMEC 146 2.0TI (1996 AL 2000)"", ""ALFA ROMEC 147 16TS5 (2007 AL 2010)"", ""ALFA ROMEC 147 2.0TS (2002 AL 2010)"", ""ALFA ROMEC 155 16TS5 (1995 AL 1996)"", ""ALFA ROMEC 155 LBTS5 (1992 AL 1996)"", ""ALFA ROMEC 155 2.0 SUPER (1996 AL 1998)"", ""ALFA ROMEC 156 Z.0TS (1998 AL 2007)"", ""ALFA ROMEC 164 2.0 V6 TURBO (1990 AL 1997)"", ""ALFA ROMEC SPIDER 2.0 (1990 AL 1993)"", ""FIAT BARCHETTA 18 16V (1995 AL 2002)"", ""FIAT BARCHETTA 2.60 (1994 AL 1995)"", ""FIAT STILO 1.8 16V (2003 AL 2007)""]",17,"[""DIAMETRO EXTERIOR: 57 mm"", ""ANCHO: 29 mm"", ""MATERIAL DE POLEA: PLASTICO""]",3,"[""GATES BRA: T42060"", ""GATES EUR: T42060""]",2,,,38.2264
T42061,https://icepar.specparts.shop/products/detail?slug=gates_t42061-103925,934,,,,,"[""FIAT BRAVA 1.6 16V (2000 AL 2003)"", ""FIAT LINEA 19 16¥ (2009 AL 2011)"", ""FIAT MAREA 16 16V (1998 AL 2001, 2003 AL 2005)"", ""FIAT MULTIPLA 16 16V (1998 AL 2002)"", ""FIAT PALIO 16 16V TORQUE (1997 AL 2005)"", ""FIAT SIENA 16 16V TORQUE (2001 AL 2003)""]",6,"[""DIAMETRO EXTERIOR: 65 mm"", ""ANCHO: 36.6 mm"", ""MATERIAL DE POLEA: METAL""]",3,"[""GATES BRA: T42061"", ""INA: 110628.3"", ""KUGELLAGER: 1422T"", ""ZEN: 12823""]",4,,,28.2919
T42073,https://icepar.specparts.shop/products/detail?slug=gates_t42073-103936,934,,,,,"[""FORD COURIER 18D (1997 AL 2006)"", ""FORD ESCORT 18 TD (1999 AL 2001)"", ""FORD ESCORT 18D (1995 AL 2002)"", ""FORD FIESTA 1.8D (1994 AL 2003)"", ""FORD MONDEG 18TD (1994 AL 2001)"", ""FORD MONDEO 18 TD CLX (1997 AL 2001)""]",6,"[""DIAMETRO EXTERIOR: 56 mm"", ""ANCHO: 25.5 mm"", ""MATERIAL DE POLEA: METAL""]",3,"[""GATES EUR: T42073"", ""KUGELLAGER: 1458T""]",2,,,25.9133
T41233,https://icepar.specparts.shop/products/detail?slug=gates_t41233-103940,934,,,,,"[""FORD ESCAPE 2.0 (2001 AL 2003)"", ""FORD FOCUS 18 16¥ (2000 AL 2005)"", ""FORD FOCUS 2.0 16¥ (2000 AL 2006)""]",3,"[""ANCHO: 29 mm"", ""DIAMETRO EXTERIOR: 60.5 mm"", ""MATERIAL DE POLEA: PLASTICO""]",3,"[""GATES BRA: T41233"", ""GATES EUR: T41233"", ""INA: 233879"", ""KUGELLAGER: 1446T""]",4,,,24.7480
T42000,https://icepar.specparts.shop/products/detail?slug=gates_t42000-103941,934,,,,,"[""FORD ESCORT 18 TD (1999 AL 2001)"", ""FORD ESCORT 18D (1995 AL 2002)"", ""FORD FIESTA 1.8D (1994 AL 2003)"", ""FORD MONDEG 18TD (1994 AL 2001)"", ""FORD MONDEO 18 TD CLX (1997 AL 2001)""]",5,"[""ANCHO: 25.5 mm"", ""DIAMETRO EXTERIOR: 56 mm"", ""MATERIAL DE POLEA: METAL""]",3,"[""GATES EUR: T42000"", ""GATES USA: T42000"", ""KUGELLAGER: 1459T""]",3,,,26.0392
T42142,https://icepar.specparts.shop/products/detail?slug=gates_t42142-106611,934,,,,,"[""CHERY TIGGO 2.0 16V (2008 AL 2020)"", ""CHERY TIGGO 2.0 16V CVT (2016 AL 2026)"", ""CHERY TIGGO 2.0 16V MT (2012 AL 2022)""]",3,[],0,"[""GATES EUR: T42142""]",1,,,14.7303
T42143,https://icepar.specparts.shop/products/detail?slug=gates_t42143-106612,934,,,,,"[""CHERY TIGGO 2.0 16V (2008 AL 2020)"", ""CHERY TIGGO 2.0 16V CVT (2016 AL 2026)"", ""CHERY TIGGO 2.0 16V MT (2012 AL 2022)""]",3,[],0,"[""ZEN: 13579""]",1,,,13.9638
531 0005 10,https://icepar.specparts.shop/products/detail?slug=ina_531000510-1000576,934,,,,,"[""FIAT PUNTO 1.2 (1994 AL 1999)"", ""FIAT TIPO 1.4 (1994 AL 1996)""]",2,"[""DIAMETRO EXTERIOR: 57 mm"", ""ANCHO: 24 mm""]",2,"[""DAYCO: ATB2240-5"", ""INA: F-36261.03"", ""SKF: VKM12200"", ""ZEN: 12769""]",4,,,22.9467
532 0016 10,https://icepar.specparts.shop/products/detail?slug=ina_532001610-1000990,934,,,,,"[""FORD ESCORT 16 (1988 AL 1996, 2001 AL 2002)"", ""FORD ESCORT 18 TD (1999 AL 2001)"", ""FORD FIESTA 1.6 (1999 AL 2002)"", ""FORD FIESTA 1.6 8V (2002 AL 2013)"", ""FORD FOCUS 18 16¥ (2000 AL 2005)"", ""FORD FOCUS 2.0 16¥ (2000 AL 2006)"", ""FORD MONDEG 18 16V (1994 AL 2000)"", ""FORD MONDECO 2.0 GHIA (1994 AL 2001)""]",8,"[""ANCHO: 28.5 mm"", ""DIAMETRO EXTERIOR: 60 mm""]",2,"[""DAYCO: ATB2278-5"", ""GATES: T42036-280152"", ""INA: F-140222"", ""SKF: VKM24210"", ""ZEN: 12901""]",5,,,31.2520
532 0111 10,https://icepar.specparts.shop/products/detail?slug=ina_532011110-1001007,934,,,,,[],0,"[""DIAMETRO EXTERIOR: 80 mm"", ""ANCHO: 29 mm""]",2,"[""INA: F-579693""]",1,,,14.7379
532 0237 10,https://icepar.specparts.shop/products/detail?slug=ina_532023710-1001026,934,,,,,"[""RENAULT MEGANE 1.9 DTI (1999 AL 2009)""]",1,"[""ANCHO: 30.8 mm"", ""DIAMETRO EXTERIOR: 50 mm""]",2,"[""DAYCO: ATB2049"", ""GATES: T42088-280172"", ""HUTCHINSON: HEG3"", ""INA: F-123474"", ""SKF: VKM26101"", ""ZEN: 13071""]",6,,,22.9252
532 0349 10,https://icepar.specparts.shop/products/detail?slug=ina_532034910-1001036,934,,,,,"[""AUDI A3 19 TDI (2008 AL 2009)"", ""AUDI A3 2.0 TDI (2005 AL 2008)"", ""AUDI A4 19 TDI (2001 AL 2007)"", ""AUDI A4 2.0 TDI (2006 AL 2007, 2013 AL 2014)"", ""AUDI AS 20 TDI (2012 AL 2013)"", ""AUDI Q5 20 TDI (2009 AL 2014)"", ""SEAT ALHAMBRA 139 TDI (1997 AL 1999, 2001 AL 2003)"", ""SEAT ALTEA 2.0 TDI (2008 AL 2009)"", ""SEAT CORDOBA 1.9 TDI (2003 AL 2005)"", ""SEAT IBIZA 19 TDI (2003 AL 2005)"", ""SEAT LEON 19 TDI (2009 AL 2011)"", ""SEAT LEON 2.0 TDI (2008 AL 2009)"", ""SEAT TOLEDO 1.9 TDI (2000 AL 2005)"", ""VOLKSWAGEN NEW BEETLE 19 TDI (2003 AL 2008)"", ""VOLKSWAGEN PASSAT 1.9 TDI (2001 AL 2005)"", ""VOLKSWAGEN PASSAT 2.0 TDI (2006 AL 2011)"", ""VOLKSWAGEN PASSAT 2.0 TDI BLUEMOTION (2011 AL 2016)"", ""VOLKSWAGEN SHARAN 19 TDI (2001 AL 2011)"", ""VOLKSWAGEN TIGUAN 2.0 TDI TIPTRONIC (2009 AL 2016)"", ""VOLKSWAGEN TRANSPORTER 139 TDI (2008 AL 2011)""]",20,"[""DIAMETRO EXTERIOR: 40 mm"", ""ANCHO: 35.4 mm""]",2,"[""DAYCO: ATB2238-5"", ""GATES: T41229-2Z80281"", ""HUTCHINSON: HEG187"", ""INA: F-239652"", ""SKF: VKM21147""]",5,,,43.8384
532 0220 10,https://icepar.specparts.shop/products/detail?slug=ina_532022010-1001041,934,,,,,"[""RENAULT CLIO 19D (1993 AL 1996, 1999 AL 2002)"", ""RENAULT KANGOO 19D (1999 AL 2009)"", ""RENAULT MEGANE 1.9 DCI (2006 AL 2007)"", ""RENAULT MEGANE 1.9 DTI (2002 AL 2003)"", ""RENAULT SCENIC 19 DTI (1998 AL 2002)"", ""RENAULT TRAFIC 19D (1988 AL 2002)"", ""SUZUKI SAMURAI 19 (1995 AL 1999)"", ""VOLVO 540 19 TDI (1998 AL 2001)"", ""VOLVO V40 19 TDI (1998 AL 2001)""]",9,"[""ANCHO: 31 mm"", ""DIAMETRO EXTERIOR: 60.6 mm""]",2,"[""DAYCO: ATB2075-5-ATB2075"", ""GATES: T41236-280178"", ""HUTCHINSON: HEG60-HTG59"", ""INA: F-123777"", ""SKF: VKM26114-VKM26125""]",5,,,31.3314
532 0197 10,https://icepar.specparts.shop/products/detail?slug=ina_532019710-1001050,934,,,,,"[""AUDI A4 19 TDI (1997 AL 2007)"", ""AUDI A4 20 TDI (2013 AL 2014)"", ""AUDI AS 20 TDI (2012 AL 2013)"", ""AUDI Q5 20 TDI (2009 AL 2014)"", ""AUDI Q7 4.2 TDI (2008 AL 2014)"", ""SEAT ALHAMBRA 139 TDI (1997 AL 1999, 2001 AL 2003)"", ""SEAT TOLEDO 1.9 TDI (2000 AL 2005)"", ""VOLKSWAGEN NEW BEETLE 19 TDI (2003 AL 2008)"", ""VOLKSWAGEN PASSAT 1.9 TDI (2001 AL 2005)"", ""VOLKSWAGEN PASSAT 2.0 TDI (2006 AL 2011)"", ""VOLKSWAGEN PASSAT 2.0 TDI BLUEMOTION (2011 AL 2016)"", ""VOLKSWAGEN SHARAN 19 TDI (2001 AL 2011)"", ""VOLKSWAGEN TIGUAN 2.0 TDI TIPTRONIC (2009 AL 2016)""]",13,"[""DIAMETRO EXTERIOR: 28.5 mm"", ""ANCHO: 34 mm""]",2,"[""DAYCO: ATB2218"", ""GATES: Z80120-T42139"", ""INA: F-234845"", ""SKF: VKM21142""]",4,,,35.9844
532 0058 10,https://icepar.specparts.shop/products/detail?slug=ina_532005810-1001064,934,,,,,[],0,"[""ANCHO: 33 mm"", ""DIAMETRO EXTERIOR: 60 mm""]",2,"[""INA: F-37734.02""]",1,,,13.6665
532 0140 20,https://icepar.specparts.shop/products/detail?slug=ina_532014020-1001097,934,,,,,[],0,"[""ANCHO: 36 mm"", ""DIAMETRO EXTERIOR: 65 mm""]",2,"[""DAYCO: ATB2446"", ""GATES: T42184-280455"", ""INA: F-124098"", ""SKF: VKM23900""]",4,,,16.8408
532 0098 20,https://icepar.specparts.shop/products/detail?slug=ina_532009820-1001146,935,,,,,"[""TOYOTA DYNA 2.8D (1995 AL 1999)"", ""TOYOTA HILUX 2.4 TDI (2015 AL 2026)"", ""TOYOTA HILUX 2.8 TDI AT (2015 AL 2022)"", ""TOYOTA HILUX 2.8 TDI MT (2015 AL 2026)""]",4,"[""ANCHO: 35 mm"", ""CANTIDAD DE DIENTES: 28"", ""DIAMETRO EXTERIOR: 83.5 mm"", ""TIPO: DENTADA""]",4,"[""DAYCO: ATB2001"", ""GATES: T42100-280259"", ""SKF: VKM81002"", ""ZEN: 13084""]",4,,,26.9685
532 0209 10,https://icepar.specparts.shop/products/detail?slug=ina_532020910-1001163,935,,,,,"[""FIAT BRAVO 16 16V MULTUET (2013 AL 2014)""]",1,"[""DIAMETRO EXTERIOR: 65 mm"", ""ANCHO: 30.4 mm""]",2,"[""DAYCO: ATB2019-ATB2019-5"", ""HUTCHINSON: HEGS4"", ""SKF: VKM22242"", ""ZEN: 12823""]",4,,,20.3912
532 0020 10,https://icepar.specparts.shop/products/detail?slug=ina_532002010-1001165,935,,,,,"[""CITROEN AX LSD (1993 AL 1995)"", ""CITROEN SAXG 1.5D (2001 AL 2003)"", ""CITROEN XANTIA 2.0 16V (1993 AL 1998)"", ""CITROEN XM 201 (1995 AL 1996)"", ""CITROEN XM 2.1 TD (1992 AL 1993)"", ""CITROEN XSARA 18 16V (1998 AL 2002)"", ""CITROEN XSARA 2.0 16V (1999 AL 2001)"", ""PEUGEOT 106 1.5D (1999 AL 2002)"", ""PEUGEOT 306 2.0 16¥V (1997 AL 1999)"", ""PEUGEOT 406 14 (1996 AL 1999)"", ""PEUGEOT 406 2.1 TD (1999 AL 2001)"", ""PEUGEOT 605 2.0 (1992 AL 1997}""]",12,"[""ANCHO: 30 mm"", ""DIAMETRO EXTERIOR: 60 mm""]",2,"[""BLM: 0830-371"", ""INA: 532 0020 10"", ""QU: POB37A""]",3,,,32.3301
532 0236 10,https://icepar.specparts.shop/products/detail?slug=ina_532023610-1001180,935,,,,,[],0,"[""ANCHO: 34 mm"", ""DIAMETRO EXTERIOR: 28.5 mm""]",2,"[""INA: F-234846""]",1,,,13.6334
532 0136 10,https://icepar.specparts.shop/products/detail?slug=ina_532013610-1001195,935,,,,,"[""CHEVROLET BLAZER 2.5 TD (1997 AL 2000)"", ""FORD RANGER 25 TDI (1998 AL 2002)"", ""FORD RANGER 28 TDI (2001 AL 2006)"", ""FORD RANGER 4.0 V6 (1998 AL 2001)"", ""LAND ROVER DEFENDER 25 TDI (1995 AL 2005)"", ""LAND ROVER DISCOVERY 25 TDI (1996 AL 1999)""]",6,"[""ANCHO: 35 mm"", ""DIAMETRO EXTERIOR: 64.5 mm""]",2,"[""DAYCO: ATB2338"", ""GATES: T42153"", ""INA: F-140070.01"", ""SKF: VKM27405H""]",4,,,26.8567
532 0289 10,https://icepar.specparts.shop/products/detail?slug=ina_532028910-1001198,935,,,,,"[""CITROEN C4 PICASSO 20 16¥ (2009 AL 2013)"", ""CITROEN C5 2.0 16¥ (2002 AL 2005)"", ""CITROEN C5 2.01 16V (2005 AL 2011)"", ""CITROEN XSARA 2.0 16¥V (2000 AL 2001)"", ""PEUGEOT 206 2.0 16¥V (2001 AL 2009)"", ""PEUGEOT 206 2.0 GTI (2003 AL 2006)"", ""PEUGEOT 206 2.0 GTI 180 CV (2003 AL 2006)"", ""PEUGEOT 307 2.0 138CV (2005 AL 20059)"", ""PEUGEOT 307 2.0 143CV (2005 AL 2012)"", ""PEUGEOT 307 2.0 180CV (2005 AL 20059)"", ""PEUGEOT 307 2.0 HDI (2001 AL 2007)"", ""PEUGEOT 406 2.0 (1996 AL 2003)"", ""PEUGEOT 406 2.0 ST (1999 AL 2002)"", ""PEUGEOT 406 2.2 (2001 AL 2004)"", ""PEUGEOT 806 2.0 HDI (2000 AL 2002)"", ""PEUGEOT 806 2.0 ST (2000 AL 2002)"", ""PEUGEOT 807 2.0 16¥V (2009 AL 2010)""]",17,"[""DIAMETRO EXTERIOR: 60 mm"", ""ANCHO: 30 mm""]",2,"[""DAYCO: ATB2127"", ""GATES: T41235-2Z80143"", ""INA: F-12427602"", ""SKF: VKM23230"", ""ZEN: 13289""]",5,,,40.5650
532 0321 10,https://icepar.specparts.shop/products/detail?slug=ina_532032110-1001200,935,,,,,"[""CITROEN BERLINGG 1.6 HDI (2010 AL 2026)"", ""CITROEN BERLINGO 1.6 HDI 110CV (2011 AL 2014)"", ""CITROEN C3 14 HDI (2003 AL 2011)"", ""CITROEN C4 16 HDI (2011 AL 2014)"", ""FORD FIESTA 1.4 TDCI (2002 AL 2011)"", ""PEUGEOT 207 1.4 HDI (2011 AL 2017)"", ""PEUGEOT 3008 16 HDI (2010)"", ""PEUGEOT 307 1.6 HDI (2005 AL 2009)"", ""PEUGEOT EXPERT 16 HDI (2008 AL 2011)"", ""PEUGEOT PARTNER 16 HDI (2010 AL 2022)""]",10,"[""DIAMETRO EXTERIOR: 60 mm"", ""ANCHO: 30 mm""]",2,"[""BLM: 5751-981"", ""BLM: 5751-98C"", ""DAYCO: ATB2090"", ""GATES: T42162-280140"", ""HUTCHINSON: HEG154"", ""INA: 532 0321 10"", ""INA: 532 0331 10"", ""INA: F-123906.50"", ""SKF: VKM23140"", ""YOKOMITSU: CIBO100088""]",10,,,38.3889
532 0141 20,https://icepar.specparts.shop/products/detail?slug=ina_532014120-1001227,935,,,,,"[""CITROEN C5 3.0 V6 (2002 AL 2011)"", ""CITROEN C6 3.0 V6 (2007 AL 2009)"", ""CITROEN XANTIA 3.0 V6 (1999 AL 2001)"", ""CITROEN XM 3.0 V6 (1992 AL 1997)"", ""PEUGEOT 406 3.0 V6 (1998 AL 2004)"", ""PEUGEOT 407 3.0 V6 (2005 AL 2010)"", ""PEUGEOT 605 3.0 V6 (1992 AL 2000)"", ""PEUGEOT 607 3.0 V6 (2001 AL 2009)""]",8,"[""ANCHO: 37 mm"", ""DIAMETRO EXTERIOR: 65 mm""]",2,"[""DAYCO: ATB2445"", ""GATES: T42185-2Z80460"", ""INA: F-573567.02"", ""SKF: VKM23901""]",4,,,29.7113
532 0211 10,https://icepar.specparts.shop/products/detail?slug=ina_532021110-1001230,935,,,,,"[""RENAULT TRAFIC 2.1D (1986 AL 1999)""]",1,"[""DIAMETRO EXTERIOR: 56.5 mm"", ""ANCHO: 30.8 mm""]",2,"[""DAYCO: ATB2044-5"", ""GATES: 280181-T42200"", ""HUTCHINSON: HEG24"", ""INA: F-121538"", ""SKF: VKM26212""]",5,,,21.5428
532 0654 10,https://icepar.specparts.shop/products/detail?slug=ina_532065410-1001231,935,,,,,[],0,"[""ANCHO: 32 mm"", ""DIAMETRO EXTERIOR: 54 mm""]",2,[],0,,,8.2823
532 0087 10,https://icepar.specparts.shop/products/detail?slug=ina_532008710-1001235,935,,,,,"[""CHEVROLET ASTRA 20 16V (2002 AL 2003)"", ""CHEVROLET VECTRA 2.0 16V (2008 AL 2012)"", ""CHEVROLET ZAFIRA 2.0 16¥ (2001 AL 2009)""]",3,"[""ANCHO: 27 mm"", ""DIAMETRO EXTERIOR: 54 mm""]",2,"[""DAYCO: ATB2199"", ""GATES: T42165-280167"", ""HUTCHINSON: HEG297"", ""SKF: VKM25224"", ""ZEN: 12860""]",5,,,24.7953
532 0023 10,https://icepar.specparts.shop/products/detail?slug=ina_532002310-1001237,935,,,,,[],0,"[""DIAMETRO EXTERIOR: 70.6 mm"", ""ANCHO: 32 mm""]",2,"[""INA: F-121793""]",1,,,13.8002
532 0122 10,https://icepar.specparts.shop/products/detail?slug=ina_532012210-1001243,935,,,,,"[""SEAT ALHAMBRA 139 TDI (1997 AL 1999)"", ""SEAT CORDOBA 1.9 TDI (1997 AL 2000)"", ""SEAT INCA 19D (1997 AL 2001)"", ""SEAT TOLEDO 1.9 TDI (1996 AL 2000)"", ""VOLKSWAGEN GOLF 19 TD (1996 AL 1999)"", ""VOLKSWAGEN PASSAT 1.9 TDI (1995 AL 2001)"", ""VOLKSWAGEN POLO CLASSIC 19 TDI (1998 AL 2009)""]",7,"[""ANCHO: 29 mm"", ""DIAMETRO EXTERIOR: 28.5 mm""]",2,"[""DAYCO: ATB2198-5"", ""GATES: T42045-2Z80109"", ""HUTCHINSON: HEG68"", ""INA: F-22265101"", ""SKF: VKM21012""]",5,,,29.4134
532 0426 10,https://icepar.specparts.shop/products/detail?slug=ina_532042610-1001245,935,,,,,"[""RENAULT LAGUNA 2.2D (1996 AL 1998)""]",1,"[""ANCHO: 32 mm"", ""DIAMETRO EXTERIOR: 70.5 mm""]",2,"[""DAYCO: ATB2209-5"", ""INA: F-123137"", ""SKF: VKM26500""]",3,,,19.1936
532 0355 10,https://icepar.specparts.shop/products/detail?slug=ina_532035510-1001248,935,,,,,"[""VOLKSWAGEN PASSAT 2.0 TDI (2006 AL 2011)""]",1,"[""ANCHO: 34 mm"", ""DIAMETRO EXTERIOR: 80 mm""]",2,"[""DAYCO: ATB2296"", ""HUTCHINSON: HEG308"", ""INA: F-552258"", ""SKF: VKM21256""]",4,,,20.4278
532 0161 10,https://icepar.specparts.shop/products/detail?slug=ina_532016110-1001251,935,,,,,"[""AUDI A3 19 TDI (1997 AL 2001)"", ""AUDI A3 2.0 TDI (2005 AL 2008)"", ""AUDI A4 18 (1997 AL 2000)"", ""AUDI A4 18 T (1997 AL 2001)"", ""AUDI A4 20 TDI (2008 AL 2014)"", ""AUDI A4 3.0 TDI (2009 AL 2015)"", ""AUDI AS 20 TDI (2012 AL 2013)"", ""AUDI Q3 20 TDI (2013 AL 2015)"", ""AUDI Q5 20 TDI (2009 AL 2014)"", ""AUDI Q5 20 TDI177CV (2013 AL 2014)"", ""SEAT ALTEA 2.0 TDI (2008 AL 2009)"", ""SEAT INCA 19D (1997 AL 2001)"", ""SEAT LEON 19 TDI (2001 AL 2005)"", ""SEAT LEON 2.0 TDI (2008 AL 2009)"", ""SEAT TOLEDO 1.9 TDI (2000 AL 2005)"", ""VOLKSWAGEN AMAROK 2.0 TDI 122Cv (2010 AL 2013)"", ""VOLKSWAGEN AMAROK 2.0 TDI 140CV (2012 AL 2017)"", ""VOLKSWAGEN AMAROK 2.0 TDI BIT 180CV MT (2012 AL 2026)"", ""VOLKSWAGEN GOLF 19 TDI (1999 AL 2011)"", ""VOLKSWAGEN PASSAT 1.8 (1998 AL 2001)"", ""VOLKSWAGEN PASSAT 18 T (1998 AL 2001)"", ""VOLKSWAGEN PASSAT 2.0 TDI BLUEMOTION (2011 AL 2016)"", ""VOLKSWAGEN POLO CLASSIC 19 TDI (1998 AL 2000)"", ""VOLKSWAGEN TIGUAN 2.0 TDI DSG (2019 AL 2022)"", ""VOLKSWAGEN TIGUAN 2.0 TDI TIPTRONIC (2009 AL 2016)""]",25,"[""DIAMETRO EXTERIOR: 28.5 mm"", ""ANCHO: 29 mm""]",2,"[""DAYCO: ATB2232"", ""GATES: 280 108-T42044"", ""HUTCHINSON: HEG105"", ""INA: F-22724201"", ""SKF: VKM21004"", ""ZEN: 13055""]",6,,,51.6594
532 0004 10,https://icepar.specparts.shop/products/detail?slug=ina_532000410-1001277,935,,,,,[],0,"[""DIAMETRO EXTERIOR: 67 mm"", ""ANCHO: 33 mm""]",2,"[""INA: F-220323""]",1,,,14.5057
532 0039 10,https://icepar.specparts.shop/products/detail?slug=ina_532003910-1001286,935,,,,,"[""CHEVROLET ASTRA 20 TD (1999 AL 2003)"", ""CHEVROLET ASTRA 20 TD 16¥V (2002 AL 2008)"", ""CHEVROLET VECTRA 2.2 16V (1996 AL 2006)"", ""CHEVROLET ZAFIRA 2.0 16¥ (2001 AL 2009)"", ""DAEWOC LEGANZA 2.0 (1993 AL 1999)""]",5,"[""ANCHO: 29.5 mm"", ""DIAMETRO EXTERIOR: 52.5 mm""]",2,"[""DAYCO: ATB2207-ATB2207-5"", ""GATES: T42084-2Z80165"", ""INA: F-224964"", ""SKF: VKM25212"", ""ZEN: 12859""]",5,,,31.7097
532 0064 10,https://icepar.specparts.shop/products/detail?slug=ina_532006410-1001287,935,,,,,[],0,"[""DIAMETRO EXTERIOR: 32 mm"", ""ANCHO: 25 mm""]",2,"[""INA: F-207109.02""]",1,,,14.0990
532 0317 10,https://icepar.specparts.shop/products/detail?slug=ina_532031710-1001291,935,,,,,[],0,"[""DIAMETRO EXTERIOR: 53 mm"", ""ANCHO: 27 mm""]",2,"[""INA: F-124274""]",1,,,13.8921
532 0308 10,https://icepar.specparts.shop/products/detail?slug=ina_532030810-1001296,935,,,,,[],0,"[""ANCHO: 32 mm"", ""DIAMETRO EXTERIOR: 54 mm""]",2,"[""INA: F-123781"", ""ZEN: 12935""]",2,,,14.8242
532 0185 10,https://icepar.specparts.shop/products/detail?slug=ina_532018510-1001303,935,,,,,[],0,"[""ANCHO: 29 mm"", ""DIAMETRO EXTERIOR: 28.5 mm""]",2,[],0,,,8.5482
532 0151 10,https://icepar.specparts.shop/products/detail?slug=ina_532015110-1001306,935,,,,,"[""FORD FOCUS 18 16¥ (2000 AL 2005)"", ""FORD FOCUS 2.0 16¥ (2000 AL 2006)"", ""FORD MONDEG 14 16V (1997 AL 1999)"", ""FORD MONDECO 2.0 GHIA (1994 AL 2001)""]",4,"[""ANCHO: 29 mm"", ""DIAMETRO EXTERIOR: 70 mm""]",2,"[""DAYCO: ATB2229"", ""GATES: 280 154-T42164"", ""INA: F-231137"", ""SKF: VKM21202-VKM24212""]",4,,,25.0484
532 0187 10,https://icepar.specparts.shop/products/detail?slug=ina_532018710-1001319,935,,,,,[],0,"[""ANCHO: 29 mm"", ""DIAMETRO EXTERIOR: 60 mm""]",2,"[""INA: F-550217"", ""ZEN: 13092""]",2,,,14.6999
532 0194 20,https://icepar.specparts.shop/products/detail?slug=ina_532019420-1001326,936,,,,,[],0,"[""ANCHO: 29.2 mm"", ""DIAMETRO EXTERIOR: 64 mm""]",2,"[""DAYCO: ATB2193"", ""GATES: T42170-2Z80255"", ""INA: F-22772803"", ""SKF: VKM&0000"", ""ZEN: 13377""]",5,,,18.2904
532 0227 10,https://icepar.specparts.shop/products/detail?slug=ina_532022710-1001330,936,,,,,"[""CHRYSLER 300C 3.5 V6 (2006 AL 2010)"", ""CHRYSLER 300M 3.5 (1998 AL 2001)"", ""CHRYSLER NEON 138 (1996 AL 1999)"", ""CHRYSLER NEON 2.0 (1994 AL 2000)"", ""CHRYSLER NEON 2.0 16¥V (1999 AL 2005)"", ""CHRYSLER PT CRUISER 2.0 (2004 AL 2006)"", ""CHRYSLER SEBRING 2.0 16¥V (2001 AL 2006)""]",7,"[""DIAMETRO EXTERIOR: 62 mm"", ""ANCHO: 35 mm""]",2,"[""GATES: T41002"", ""INA: FC68768.3""]",2,,,26.5282
532 0238 10,https://icepar.specparts.shop/products/detail?slug=ina_532023810-1001334,936,,,,,"[""RENAULT EXPRESS 1.9D (1995 AL 2002)"", ""RENAULT KANGOO 19D (1999 AL 2009)""]",2,"[""ANCHO: 30.8 mm"", ""DIAMETRO EXTERIOR: 50 mm""]",2,"[""DAYCO: ATB2022-5"", ""GATES: T42089-2Z80173"", ""SKF: VKM26102""]",3,,,21.6622
532 0093 10,https://icepar.specparts.shop/products/detail?slug=ina_532009310-1001335,936,,,,,"[""FORD ESCORT 18 16V (1995 AL 2002)"", ""FORD ESCORT 18 TD (1999 AL 2001)"", ""FORD ESCORT 18D (1995 AL 2002)"", ""FORD FOCUS 18 16¥ (2000 AL 2005)"", ""FORD FOCUS 2.0 16¥ (2000 AL 2003)"", ""FORD MONDEG 18 16V (1994 AL 2000)"", ""FORD MONDECO 2.0 GHIA (1994 AL 2001)""]",7,"[""ANCHO: 29 mm"", ""DIAMETRO EXTERIOR: 45 mm""]",2,"[""DAYCO: ATB2289-5"", ""GATES: 280153-T42033"", ""INA: F-140223"", ""SKF: VKM24211"", ""ZEN: 12900""]",5,,,29.0789
532 0165 10,https://icepar.specparts.shop/products/detail?slug=ina_532016510-1001336,936,,,,,[],0,"[""DIAMETRO EXTERIOR: 28.5 mm"", ""ANCHO: 29 mm""]",2,"[""INA: F-231223.01""]",1,,,13.7099
532 0472 10,https://icepar.specparts.shop/products/detail?slug=ina_532047210-1001341,936,,,,,"[""CHEVROLET AVEO 16 16V (2011 AL 2015)"", ""CHEVROLET CRUZE 18 16V (2010 AL 2017)"", ""CHEVROLET SONIC 16 16V (2012 AL 2016)"", ""CHEVROLET TRACKER 1.8 16¥V (2013 AL 2026)"", ""CHEVROLET TRACKER 1.8 16V MT (2017 AL 2026)""]",5,"[""ANCHO: 27.5 mm"", ""DIAMETRO EXTERIOR: 61 mm""]",2,"[""INA: F-558683"", ""ZEN: 13270""]",2,,,24.3522
532 0582 10,https://icepar.specparts.shop/products/detail?slug=ina_532058210-1001353,936,,,,,"[""AUDI A3 2.0 TDI (2005 AL 2008)"", ""AUDI A4 20 TDI (2013 AL 2014)"", ""AUDI AS 20 TDI (2012 AL 2013)"", ""AUDI Q3 20 TDI (2013 AL 2015)"", ""AUDI Q5 20 TDI (2009 AL 2014)"", ""AUDI Q5 20 TDI177CV (2013 AL 2014)"", ""SEAT ALTEA 2.0 TDI (2008 AL 2009)"", ""SEAT LEON 2.0 TDI (2008 AL 2009)"", ""VOLKSWAGEN AMAROK 2.0 TDI 122Cv (2010 AL 2013)"", ""VOLKSWAGEN AMAROK 2.0 TDI 140CV (2012 AL 2017)"", ""VOLKSWAGEN AMAROK 2.0 TDI BIT 180CV (2014 AL 2026)"", ""VOLKSWAGEN AMAROK 2.0 TDI BIT 180CV MT (2012 AL 2026)"", ""VOLKSWAGEN AMAROK 2.0 TDI BIT EUS 180CV AT (2018 AL 2026)"", ""VOLKSWAGEN AMAROK 2.0 TDI BIT EUS 180CV MT (2018 AL 2026)"", ""VOLKSWAGEN AMAROK 3.0 V6 TDI AT (2017 AL 2026)"", ""VOLKSWAGEN PASSAT 2.0 TDI BLUEMOTION (2011 AL 2016)"", ""VOLKSWAGEN TIGUAN 2.0 TDI TIPTRONIC (2009 AL 2016)""]",17,"[""ANCHO: 30.2 mm"", ""DIAMETRO EXTERIOR: 80 mm""]",2,"[""DAYCO: ATB2570"", ""GATES: T42305"", ""INA: F-579697"", ""ZEN: 13294""]",4,,,39.9346
532 0218 10,https://icepar.specparts.shop/products/detail?slug=ina_532021810-1001377,936,,,,,"[""RENAULT LAGUNA 2.0 (1994 AL 1999)"", ""RENAULT MEGANE 2.0 (1997 AL 1999)""]",2,"[""ANCHO: 25 mm"", ""DIAMETRO EXTERIOR: 60.64 mm""]",2,"[""DAYCO: ATB2283"", ""GATES: T42195-2Z80177"", ""INA: F-123732"", ""SKF: VKM26123""]",4,,,23.0915
532 0222 10,https://icepar.specparts.shop/products/detail?slug=ina_532022210-1001384,936,,,,,[],0,"[""ANCHO: 30.8 mm"", ""DIAMETRO EXTERIOR: 65 mm""]",2,"[""INA: F-123779""]",1,,,14.3581
532 0239 20,https://icepar.specparts.shop/products/detail?slug=ina_532023920-1001399,936,,,,,"[""CITROEN JUMPER 2.8D 31M (1999 AL 2002)"", ""FIAT DUCATO 2.5D (1996 AL 1998)"", ""MECC DAILY 28 TD (1995 AL 1996)"", ""PEUGEOT BOXER 2.8D (1999 AL 2004)"", ""RENAULT MASTER 28 TD (1999 AL 2008)""]",5,"[""DIAMETRO EXTERIOR: 67 mm"", ""ANCHO: 34 mm""]",2,"[""DAYCO: ATB2016-5"", ""GATES: Z80134-T41178"", ""HUTCHINSON: HEG44"", ""INA: F-113338"", ""SKF: VKM22385-VKM12380"", ""ZEN: 12840""]",6,,,28.0495
532 0313 20,https://icepar.specparts.shop/products/detail?slug=ina_532031320-1001436,936,,,,,"[""RENAULT MASTER 25 DCI (2006 AL 2009)""]",1,"[""ANCHO: 316 mm"", ""DIAMETRO EXTERIOR: 75.5 mm""]",2,[],0,,,11.6651
532 0167 10,https://icepar.specparts.shop/products/detail?slug=ina_532016710-1001451,936,,,,,[],0,"[""ANCHO: 217 mm"", ""DIAMETRO EXTERIOR: 56 mm""]",2,"[""ZEN: 12867""]",1,,,13.5465
532 0316 10,https://icepar.specparts.shop/products/detail?slug=ina_532031610-1001453,936,,,,,"[""PEUGEOT 405 1 (1993 AL 2003)""]",1,"[""DIAMETRO EXTERIOR: 60 mm"", ""ANCHO: 34 mm""]",2,"[""DAYCO: ATB2048-5"", ""INA: F-123369"", ""SKF: VKM23240-VKM23900C""]",3,,,19.4559
532 0196 10,https://icepar.specparts.shop/products/detail?slug=ina_532019610-1001456,936,,,,,"[""CITROEN BERLINGO 2.0 HDI (2003 AL 2004)"", ""CITROEN XANTIA 2.0 HDI (1999 AL 2001)"", ""CITROEN XSARA 2.0 HDI (2001 AL 2005)"", ""CITROEN XSARA PICASSO 2.0 HDI (2001 AL 2011)"", ""PEUGEOT 206 2.0 HDI (2000 AL 2009)"", ""PEUGEOT 306 2.0 HDI (2000 AL 2003)"", ""PEUGEOT 406 2.0 HDI (2000 AL 2004)"", ""PEUGEOT 806 2.0 HDI (2000 AL 2002)"", ""PEUGEOT 807 2.0 HDI (2003 AL 2010)"", ""PEUGEOT PARTNER 2.0 HDI (2002 AL 2006)""]",10,"[""ANCHO: 30 mm"", ""DIAMETRO EXTERIOR: 60 mm""]",2,"[""DAYCO: ATB2041-5-ATB2041"", ""GATES: 280 147-T42070-Z80149"", ""HUTCHINSON: HEGSO"", ""INA: F-122986.05"", ""SKF: VKM23246-VKM23244""]",5,,,32.7809
532 0527 10,https://icepar.specparts.shop/products/detail?slug=ina_532052710-1001495,936,,,,,"[""AUDI A3 2.0 TDI (2005 AL 2008)"", ""SEAT ALTEA 2.0 TDI (2008 AL 2009)"", ""SEAT LEON 20 TDI (2008 AL 2011)"", ""SEAT TOLEDO 2.0 TDI (2008 AL 2005)"", ""VOLKSWAGEN PASSAT 2.0 TDI (2006 AL 2011)"", ""VOLKSWAGEN VENTO 20 TDI (2006 AL 2011)"", ""VOLKSWAGEN VENTO 20 TDI 110CV (2011 AL 2016)""]",7,"[""DIAMETRO EXTERIOR: 80 mm"", ""ANCHO: 34 mm""]",2,"[""INA: F-566134""]",1,,,25.1628
532 0379 20,https://icepar.specparts.shop/products/detail?slug=ina_532037920-1001513,936,,,,,"[""TOYOTA RAV 4 2.0 D4-D (2002 AL 2006)""]",1,"[""DIAMETRO EXTERIOR: 62 mm"", ""ANCHO: 28.5 mm""]",2,"[""DAYCO: ATB2312"", ""GATES: T42192"", ""SKF: VKM81204""]",3,,,19.2752
532 0395 10,https://icepar.specparts.shop/products/detail?slug=ina_532039510-1001526,936,,,,,"[""CITROEN BERLINGO 1.6 16V (2010 AL 2017)"", ""CITROEN BERLINGG 1.6 HDI (2010 AL 2026)"", ""CITROEN C3 16 16V (2005 AL 2012)"", ""CITROEN C4 16 16V (2007 AL 2014)"", ""CITROEN C4 LOUNGE 14 HDI (2017 AL 2026)"", ""CITROEN C4 LOUNGE 14 THP 165CV (2017 AL 2026)"", ""CITROEN XSARA PICASSO 1.6 16V (2005 AL 2012)"", ""PEUGEOT 2008 16 VT (2016 AL 2026)"", ""PEUGEOT 206 14 16¥ (2002 AL 2009)"", ""PEUGEOT 207 14 16¥ (2008 AL 2013)"", ""PEUGEOT 208 14 VTI (2013 AL 2022}"", ""PEUGEOT 301 14 HDI 92CV (2017 AL 2022)"", ""PEUGEOT 301 14 VTI (2017 AL 2026)"", ""PEUGEOT 307 14 110CV (2001 AL 2012)"", ""PEUGEOT 308 1.6 HDI (2011 AL 2015)"", ""PEUGEOT 308 14 VTI (2015 AL 2026)"", ""PEUGEOT PARTNER 16 16¥V (2010 AL 2026)"", ""PEUGEOT PARTNER 16 HDI (2010 AL 2011)""]",18,"[""DIAMETRO EXTERIOR: 60 mm"", ""ANCHO: 30 mm""]",2,"[""DAYCO: ATB2208"", ""GATES: T42191-280147"", ""HUTCHINSON: HEG311"", ""SKF: VKM23256"", ""ZEN: 13226""]",5,,,41.6975
532 0510 10,https://icepar.specparts.shop/products/detail?slug=ina_532051010-1001528,936,,,,,[],0,"[""ANCHO: 30 mm"", ""DIAMETRO EXTERIOR: 60 mm""]",2,"[""INA: F-553443""]",1,,,14.3316
532 0441 10,https://icepar.specparts.shop/products/detail?slug=ina_532044110-1001562,936,,,,,[],0,"[""DIAMETRO EXTERIOR: 71 mm"", ""ANCHO: 34 mm""]",2,"[""INA: F-239694""]",1,,,14.0133
532 0504 10,https://icepar.specparts.shop/products/detail?slug=ina_532050410-1001565,936,,,,,"[""CHEVROLET ASTRA 17 TDI (1996 AL 1998)"", ""CHEVROLET CORSA 17D (1998 AL 2003)""]",2,"[""ANCHO: 28 mm"", ""DIAMETRO EXTERIOR: 65 mm""]",2,"[""DAYCO: ATB2516-ATB2064"", ""INA: F-565453.01""]",2,,,20.4877
532 0473 10,https://icepar.specparts.shop/products/detail?slug=ina_532047310-1001577,936,,,,,"[""CITROEN C5 2.0 HDI (2005 AL 2013)"", ""FORD MONDEG 2.0 TDCI (2009 AL 2014)"", ""LAND ROVER FREELANDER 2.2 TD4 (2008 AL 2014)"", ""PEUGEOT 407 2.0 HDI (2005 AL 2011)"", ""PEUGEOT 407 2.2 HDI (2007 AL 2010)"", ""PEUGEOT 508 2.0 HDI 163CV (2012 AL 2017)"", ""PEUGEOT 508 2.2 HDI 200CV (2012 AL 2015)"", ""PEUGEOT EXPERT 2.0 HDI (2013 AL 2017}"", ""PEUGEOT EXPERT 2.0 HDI 120CV (2008 AL 2005)""]",9,"[""ANCHO: 30 mm"", ""DIAMETRO EXTERIOR: 60 mm""]",2,"[""INA: 532 0473 10"", ""INA: F-124178.06""]",2,,,28.4426
532077410,https://icepar.specparts.shop/products/detail?slug=ina_532077410-1163982,936,,,,,[],0,[],0,"[""DAYCO: ATB2077""]",1,,,7.0423
532075310,https://icepar.specparts.shop/products/detail?slug=ina_532075310-1164060,936,,,,,"[""VOLKSWAGEN TAOS 14 TSI 250 AT (2021 AL 2026)""]",1,[],0,"[""DAYCO: ATB2637""]",1,,,10.6928
532 0142 10,https://icepar.specparts.shop/products/detail?slug=ina_532014210-1319079,936,,,,,[],0,[],0,[],0,,,2.7432
FI-24003,https://icepar.specparts.shop/products/detail?slug=fispa_fi24003-342866,937,,,,,[],0,[],0,[],0,,,2.6303
FI-24005,https://icepar.specparts.shop/products/detail?slug=fispa_fi24005-342867,937,,,,,[],0,[],0,[],0,,,2.6471
FI-24010,https://icepar.specparts.shop/products/detail?slug=fispa_fi24010-342868,937,,,,,[],0,[],0,[],0,,,2.8766
FI-24011,https://icepar.specparts.shop/products/detail?slug=fispa_fi24011-342869,937,,,,,[],0,[],0,[],0,,,2.6549
FI-24015,https://icepar.specparts.shop/products/detail?slug=fispa_fi24015-342870,937,,,,,[],0,[],0,[],0,,,2.6799
FI-24017,https://icepar.specparts.shop/products/detail?slug=fispa_fi24017-342872,937,,,,,[],0,[],0,[],0,,,2.6030
FI-24019,https://icepar.specparts.shop/products/detail?slug=fispa_fi24019-342874,937,,,,,[],0,[],0,[],0,,,2.5925
FI-24020,https://icepar.specparts.shop/products/detail?slug=fispa_fi24020-342875,937,,,,,[],0,[],0,[],0,,,2.7011
FI-24021,https://icepar.specparts.shop/products/detail?slug=fispa_fi24021-342876,937,,,,,[],0,[],0,[],0,,,2.6000
FI-24022,https://icepar.specparts.shop/products/detail?slug=fispa_fi24022-342877,937,,,,,[],0,[],0,[],0,,,2.6408
FI-24023,https://icepar.specparts.shop/products/detail?slug=fispa_fi24023-342878,937,,,,,[],0,[],0,[],0,,,2.5385
FI-24024,https://icepar.specparts.shop/products/detail?slug=fispa_fi24024-342879,937,,,,,[],0,[],0,[],0,,,2.6904
FI-24025,https://icepar.specparts.shop/products/detail?slug=fispa_fi24025-342880,937,,,,,[],0,[],0,[],0,,,2.7331
FI-24026,https://icepar.specparts.shop/products/detail?slug=fispa_fi24026-342881,937,,,,,[],0,[],0,[],0,,,2.6171
FI-24027,https://icepar.specparts.shop/products/detail?slug=fispa_fi24027-342882,937,,,,,[],0,[],0,[],0,,,2.6466
FI-24028,https://icepar.specparts.shop/products/detail?slug=fispa_fi24028-342883,937,,,,,[],0,[],0,[],0,,,2.7775
FI-24029,https://icepar.specparts.shop/products/detail?slug=fispa_fi24029-342884,937,,,,,[],0,[],0,[],0,,,2.8131
FI-24030,https://icepar.specparts.shop/products/detail?slug=fispa_fi24030-342885,937,,,,,[],0,[],0,[],0,,,2.8207
FI-24031,https://icepar.specparts.shop/products/detail?slug=fispa_fi24031-342886,937,,,,,[],0,[],0,[],0,,,2.5849
FI-24032,https://icepar.specparts.shop/products/detail?slug=fispa_fi24032-342887,937,,,,,[],0,[],0,[],0,,,2.6405
FI-24033,https://icepar.specparts.shop/products/detail?slug=fispa_fi24033-342888,937,,,,,[],0,[],0,[],0,,,2.7695
FI-24034,https://icepar.specparts.shop/products/detail?slug=fispa_fi24034-342889,937,,,,,[],0,[],0,[],0,,,2.7587
FI-24035,https://icepar.specparts.shop/products/detail?slug=fispa_fi24035-342890,938,,,,,[],0,[],0,[],0,,,2.7607
FI-24036,https://icepar.specparts.shop/products/detail?slug=fispa_fi24036-342891,938,,,,,[],0,[],0,[],0,,,2.7318
FI-24037,https://icepar.specparts.shop/products/detail?slug=fispa_fi24037-342892,938,,,,,[],0,[],0,[],0,,,2.6694
FI-24038,https://icepar.specparts.shop/products/detail?slug=fispa_fi24038-342893,938,,,,,[],0,[],0,[],0,,,2.8454
FI-24039,https://icepar.specparts.shop/products/detail?slug=fispa_fi24039-342894,938,,,,,[],0,[],0,[],0,,,2.6086
FI-24040,https://icepar.specparts.shop/products/detail?slug=fispa_fi24040-342895,938,,,,,[],0,[],0,[],0,,,2.5472
FI-24041,https://icepar.specparts.shop/products/detail?slug=fispa_fi24041-342896,938,,,,,[],0,[],0,[],0,,,2.6309
FI-24042,https://icepar.specparts.shop/products/detail?slug=fispa_fi24042-342897,938,,,,,[],0,[],0,[],0,,,2.6850
FI-24043,https://icepar.specparts.shop/products/detail?slug=fispa_fi24043-342898,938,,,,,[],0,[],0,[],0,,,2.5618
FI-24044,https://icepar.specparts.shop/products/detail?slug=fispa_fi24044-342899,938,,,,,[],0,[],0,[],0,,,2.5894
FI-24045,https://icepar.specparts.shop/products/detail?slug=fispa_fi24045-342900,938,,,,,[],0,[],0,[],0,,,2.5952
FI-24046,https://icepar.specparts.shop/products/detail?slug=fispa_fi24046-342901,938,,,,,[],0,[],0,[],0,,,2.6576
FI-24047,https://icepar.specparts.shop/products/detail?slug=fispa_fi24047-342902,938,,,,,[],0,[],0,[],0,,,2.6228
FI-24048,https://icepar.specparts.shop/products/detail?slug=fispa_fi24048-342903,938,,,,,[],0,[],0,[],0,,,2.6507
FI-24049,https://icepar.specparts.shop/products/detail?slug=fispa_fi24049-342904,938,,,,,[],0,[],0,[],0,,,2.7302
FI-24051,https://icepar.specparts.shop/products/detail?slug=fispa_fi24051-342906,938,,,,,[],0,[],0,[],0,,,2.6594
FI-24052,https://icepar.specparts.shop/products/detail?slug=fispa_fi24052-342907,938,,,,,[],0,[],0,[],0,,,2.5553
FI-24053,https://icepar.specparts.shop/products/detail?slug=fispa_fi24053-342908,938,,,,,[],0,[],0,[],0,,,2.7691
FI-24054,https://icepar.specparts.shop/products/detail?slug=fispa_fi24054-342909,938,,,,,[],0,[],0,[],0,,,2.6120
FI-24055,https://icepar.specparts.shop/products/detail?slug=fispa_fi24055-342910,938,,,,,[],0,[],0,[],0,,,2.6025
FI-24056,https://icepar.specparts.shop/products/detail?slug=fispa_fi24056-342911,938,,,,,[],0,[],0,[],0,,,2.5320
FI-24057,https://icepar.specparts.shop/products/detail?slug=fispa_fi24057-342912,938,,,,,[],0,[],0,[],0,,,2.6109
FI-24058,https://icepar.specparts.shop/products/detail?slug=fispa_fi24058-342913,938,,,,,[],0,[],0,[],0,,,2.5849
FI-24059,https://icepar.specparts.shop/products/detail?slug=fispa_fi24059-342914,939,,,,,[],0,[],0,[],0,,,2.5901
FI-24061,https://icepar.specparts.shop/products/detail?slug=fispa_fi24061-342916,939,,,,,[],0,[],0,[],0,,,2.7437
FI-24062,https://icepar.specparts.shop/products/detail?slug=fispa_fi24062-342917,939,,,,,[],0,[],0,[],0,,,2.6655
24073,https://icepar.specparts.shop/products/detail?slug=fispa_24073-1281026,939,,,,,[],0,[],0,[],0,,,2.6638
40278U,https://icepar.specparts.shop/products/detail?slug=phcvaleo_40278u-342125,939,,,,,[],0,[],0,[],0,,,2.6566
40280U,https://icepar.specparts.shop/products/detail?slug=phcvaleo_40280u-342126,939,,,,,[],0,[],0,[],0,,,2.5840
590824,https://icepar.specparts.shop/products/detail?slug=fispa_590824-1280207,939,,,,,[],0,[],0,[],0,,,2.6789
590803,https://icepar.specparts.shop/products/detail?slug=fispa_590803-1280688,939,,,,,[],0,[],0,[],0,,,2.5880
FI-28000,https://icepar.specparts.shop/products/detail?slug=fispa_fi28000-630013,939,,,,,[],0,[],0,[],0,,,2.5486
FI-28001,https://icepar.specparts.shop/products/detail?slug=fispa_fi28001-630014,939,,,,,[],0,[],0,[],0,,,2.6908
FI-28002,https://icepar.specparts.shop/products/detail?slug=fispa_fi28002-630015,939,,,,,[],0,[],0,[],0,,,2.8002
FI-28003,https://icepar.specparts.shop/products/detail?slug=fispa_fi28003-630016,939,,,,,[],0,[],0,[],0,,,2.5987
FI-28005,https://icepar.specparts.shop/products/detail?slug=fispa_fi28005-630018,939,,,,,[],0,[],0,[],0,,,2.6394
FI-28010,https://icepar.specparts.shop/products/detail?slug=fispa_fi28010-630019,939,,,,,[],0,[],0,[],0,,,2.5672
FI-16003,https://icepar.specparts.shop/products/detail?slug=fispa_fi16003-165404,939,,,,,[],0,[],0,[],0,,,2.7902
FI-16005,https://icepar.specparts.shop/products/detail?slug=fispa_fi16005-165405,939,,,,,[],0,[],0,[],0,,,2.6654
FI-16007,https://icepar.specparts.shop/products/detail?slug=fispa_fi16007-165407,939,,,,,[],0,[],0,[],0,,,2.7183
FI-16008,https://icepar.specparts.shop/products/detail?slug=fispa_fi16008-165408,939,,,,,[],0,[],0,[],0,,,2.5993
FI-16009,https://icepar.specparts.shop/products/detail?slug=fispa_fi16009-165409,939,,,,,[],0,[],0,[],0,,,2.6510
FI-16010,https://icepar.specparts.shop/products/detail?slug=fispa_fi16010-165410,940,,,,,[],0,[],0,[],0,,,2.6306
FI-16013,https://icepar.specparts.shop/products/detail?slug=fispa_fi16013-165413,940,,,,,[],0,[],0,[],0,,,2.7521
FI-16014,https://icepar.specparts.shop/products/detail?slug=fispa_fi16014-165414,940,,,,,[],0,[],0,[],0,,,2.5913
FI-16018,https://icepar.specparts.shop/products/detail?slug=fispa_fi16018-165416,940,,,,,[],0,[],0,[],0,,,2.6800
FI-16019,https://icepar.specparts.shop/products/detail?slug=fispa_fi16019-165417,940,,,,,[],0,[],0,[],0,,,2.5725
FI-16021,https://icepar.specparts.shop/products/detail?slug=fispa_fi16021-165418,940,,,,,[],0,[],0,[],0,,,2.9397
FI-16022,https://icepar.specparts.shop/products/detail?slug=fispa_fi16022-165419,940,,,,,[],0,[],0,[],0,,,2.5438
FI-16023,https://icepar.specparts.shop/products/detail?slug=fispa_fi16023-165420,940,,,,,[],0,[],0,[],0,,,2.6313
FI-16025,https://icepar.specparts.shop/products/detail?slug=fispa_fi16025-165421,940,,,,,[],0,[],0,[],0,,,2.6804
FI-16026,https://icepar.specparts.shop/products/detail?slug=fispa_fi16026-165422,940,,,,,[],0,[],0,[],0,,,2.6773
FI-16029,https://icepar.specparts.shop/products/detail?slug=fispa_fi16029-165423,940,,,,,[],0,[],0,[],0,,,2.6610
FI-16000,https://icepar.specparts.shop/products/detail?slug=fispa_fi16000-165424,940,,,,,[],0,[],0,[],0,,,2.7468
FI-16001,https://icepar.specparts.shop/products/detail?slug=fispa_fi16001-165425,940,,,,,[],0,[],0,[],0,,,2.5523
FI-16004,https://icepar.specparts.shop/products/detail?slug=fispa_fi16004-165426,940,,,,,[],0,[],0,[],0,,,2.6212
FI-16017,https://icepar.specparts.shop/products/detail?slug=fispa_fi16017-165428,940,,,,,[],0,[],0,[],0,,,2.5582
FI-16020,https://icepar.specparts.shop/products/detail?slug=fispa_fi16020-165429,940,,,,,[],0,[],0,[],0,,,2.6075
FI-16024,https://icepar.specparts.shop/products/detail?slug=fispa_fi16024-165430,940,,,,,[],0,[],0,[],0,,,2.6253
FI-16027,https://icepar.specparts.shop/products/detail?slug=fispa_fi16027-165431,940,,,,,[],0,[],0,[],0,,,2.6106
FI-16030,https://icepar.specparts.shop/products/detail?slug=fispa_fi16030-165433,940,,,,,[],0,[],0,[],0,,,2.5846
FI-16039,https://icepar.specparts.shop/products/detail?slug=fispa_fi16039-165434,941,,,,,[],0,[],0,[],0,,,2.5658
FI-81016,https://icepar.specparts.shop/products/detail?slug=fispa_fi81016-253013,941,,,,,[],0,[],0,[],0,,,2.7724
FI-81031,https://icepar.specparts.shop/products/detail?slug=fispa_fi81031-253014,941,,,,,[],0,[],0,[],0,,,2.5801
FI-81032,https://icepar.specparts.shop/products/detail?slug=fispa_fi81032-253015,941,,,,,[],0,[],0,[],0,,,2.5721
FI-81033,https://icepar.specparts.shop/products/detail?slug=fispa_fi81033-253016,941,,,,,[],0,[],0,[],0,,,2.6483
FI-81034,https://icepar.specparts.shop/products/detail?slug=fispa_fi81034-253017,941,,,,,[],0,[],0,[],0,,,2.5921
FI-81035,https://icepar.specparts.shop/products/detail?slug=fispa_fi81035-253018,941,,,,,[],0,[],0,[],0,,,2.6511
FI-81045,https://icepar.specparts.shop/products/detail?slug=fispa_fi81045-253019,941,,,,,[],0,[],0,[],0,,,3.1321
FI-81075,https://icepar.specparts.shop/products/detail?slug=fispa_fi81075-253020,941,,,,,[],0,[],0,[],0,,,2.6119
FI-81114,https://icepar.specparts.shop/products/detail?slug=fispa_fi81114-253022,941,,,,,[],0,[],0,[],0,,,2.5933
FI-84047,https://icepar.specparts.shop/products/detail?slug=fispa_fi84047-253023,941,,,,,[],0,[],0,[],0,,,3.0327
FI-3240107,https://icepar.specparts.shop/products/detail?slug=fispa_fi3240107-342117,941,,,,,[],0,[],0,[],0,,,3.0490
FI-3240109,https://icepar.specparts.shop/products/detail?slug=fispa_fi3240109-342118,941,,,,,[],0,[],0,[],0,,,2.6250
FI-3240113,https://icepar.specparts.shop/products/detail?slug=fispa_fi3240113-342119,941,,,,,[],0,[],0,[],0,,,2.5620
109048,https://icepar.specparts.shop/products/detail?slug=fispa_109048-1279773,941,,,,,[],0,[],0,[],0,,,2.6403
109154,https://icepar.specparts.shop/products/detail?slug=fispa_109154-1279854,941,,,,,[],0,[],0,[],0,,,2.5526
109061,https://icepar.specparts.shop/products/detail?slug=fispa_109061-1279870,941,,,,,[],0,[],0,[],0,,,2.6563
109060,https://icepar.specparts.shop/products/detail?slug=fispa_109060-1280122,941,,,,,[],0,[],0,[],0,,,2.7268
RS10410,https://icepar.specparts.shop/products/detail?slug=sabo_rs10410-259197,942,,,,,[],0,[],0,[],0,,,2.6184
RS04185,https://icepar.specparts.shop/products/detail?slug=sabo_rs04185-521014,942,,,,,[],0,[],0,[],0,,,2.6228
RS04322,https://icepar.specparts.shop/products/detail?slug=sabo_rs04322-521015,942,,,,,[],0,[],0,[],0,,,2.7330
RS05684,https://icepar.specparts.shop/products/detail?slug=sabo_rs05684-521020,942,,,,,[],0,[],0,[],0,,,2.7484
RS00288,https://icepar.specparts.shop/products/detail?slug=sabo_rs00288-324651,943,,,,,[],0,[],0,[],0,,,2.6767
RS01722,https://icepar.specparts.shop/products/detail?slug=sabo_rs01722-533925,943,,,,,[],0,[],0,[],0,,,2.5655
RS01299,https://icepar.specparts.shop/products/detail?slug=sabo_rs01299-217556,943,,,,,[],0,[],0,[],0,,,2.6338
RS05117,https://icepar.specparts.shop/products/detail?slug=sabo_rs05117-217559,943,,,,,[],0,[],0,[],0,,,2.7921
RS00224,https://icepar.specparts.shop/products/detail?slug=sabo_rs00224-225775,943,,,,,[],0,[],0,[],0,,,2.5541
RS00797,https://icepar.specparts.shop/products/detail?slug=sabo_rs00797-225776,943,,,,,[],0,[],0,[],0,,,2.7557
RS01844,https://icepar.specparts.shop/products/detail?slug=sabo_rs01844-225783,944,,,,,[],0,[],0,[],0,,,2.5704
RS02013,https://icepar.specparts.shop/products/detail?slug=sabo_rs02013-225787,944,,,,,[],0,[],0,[],0,,,2.6203
RS02777,https://icepar.specparts.shop/products/detail?slug=sabo_rs02777-225808,945,,,,,[],0,[],0,[],0,,,2.6535
RS02801,https://icepar.specparts.shop/products/detail?slug=sabo_rs02801-225810,945,,,,,[],0,[],0,[],0,,,2.6648
RS03818,https://icepar.specparts.shop/products/detail?slug=sabo_rs03818-225820,945,,,,,[],0,[],0,[],0,,,2.6496
RS03819,https://icepar.specparts.shop/products/detail?slug=sabo_rs03819-225821,945,,,,,[],0,[],0,[],0,,,2.6565
RS04039,https://icepar.specparts.shop/products/detail?slug=sabo_rs04039-225822,945,,,,,[],0,[],0,[],0,,,2.5395
RS04162,https://icepar.specparts.shop/products/detail?slug=sabo_rs04162-225823,945,,,,,[],0,[],0,[],0,,,2.6412
RS04181,https://icepar.specparts.shop/products/detail?slug=sabo_rs04181-225824,945,,,,,[],0,[],0,[],0,,,2.5656
RS07366,https://icepar.specparts.shop/products/detail?slug=sabo_rs07366-225831,945,,,,,[],0,[],0,[],0,,,2.7196
RS07465,https://icepar.specparts.shop/products/detail?slug=sabo_rs07465-225835,946,,,,,[],0,[],0,[],0,,,2.7744
RS08458,https://icepar.specparts.shop/products/detail?slug=sabo_rs08458-225845,946,,,,,[],0,[],0,[],0,,,2.9278
RS08459,https://icepar.specparts.shop/products/detail?slug=sabo_rs08459-225846,946,,,,,[],0,[],0,[],0,,,2.5163
RS03723,https://icepar.specparts.shop/products/detail?slug=sabo_rs03723-225849,946,,,,,[],0,[],0,[],0,,,2.8126
RS07936,https://icepar.specparts.shop/products/detail?slug=sabo_rs07936-225851,946,,,,,[],0,[],0,[],0,,,2.5636
RS07937,https://icepar.specparts.shop/products/detail?slug=sabo_rs07937-225852,946,,,,,[],0,[],0,[],0,,,2.6303
RS08474,https://icepar.specparts.shop/products/detail?slug=sabo_rs08474-225853,946,,,,,[],0,[],0,[],0,,,2.6457
RS08476,https://icepar.specparts.shop/products/detail?slug=sabo_rs08476-225854,946,,,,,[],0,[],0,[],0,,,2.6164
RS08473,https://icepar.specparts.shop/products/detail?slug=sabo_rs08473-225855,946,,,,,[],0,[],0,[],0,,,2.5787
RS08477,https://icepar.specparts.shop/products/detail?slug=sabo_rs08477-225856,946,,,,,[],0,[],0,[],0,,,2.7019
RS03009,https://icepar.specparts.shop/products/detail?slug=sabo_rs03009-353111,947,,,,,[],0,[],0,[],0,,,4.3438
RS02336,https://icepar.specparts.shop/products/detail?slug=sabo_rs02336-622489,947,,,,,[],0,[],0,[],0,,,2.6295
RS00504,https://icepar.specparts.shop/products/detail?slug=sabo_rs00504-257050,947,,,,,[],0,[],0,[],0,,,2.6190
RS03722,https://icepar.specparts.shop/products/detail?slug=sabo_rs03722-257052,947,,,,,[],0,[],0,[],0,,,2.6486
RS07868,https://icepar.specparts.shop/products/detail?slug=sabo_rs07868-257056,947,,,,,[],0,[],0,[],0,,,2.5651
RS08478,https://icepar.specparts.shop/products/detail?slug=sabo_rs08478-257059,948,,,,,[],0,[],0,[],0,,,2.5463
RS00500BAGP,https://icepar.specparts.shop/products/detail?slug=sabo_rs00500bagp-329655,948,,,,,[],0,[],0,[],0,,,2.6347
RS00291,https://icepar.specparts.shop/products/detail?slug=sabo_rs00291-329665,948,,,,,[],0,[],0,[],0,,,2.5743
RS08492,https://icepar.specparts.shop/products/detail?slug=sabo_rs08492-1319266,948,,,,,[],0,[],0,[],0,,,2.6199
RS00962BRGP,https://icepar.specparts.shop/products/detail?slug=sabo_rs00962brgp-336985,949,,,,,[],0,[],0,[],0,,,2.6106
RS02233,https://icepar.specparts.shop/products/detail?slug=sabo_rs02233-336992,949,,,,,[],0,[],0,[],0,,,2.8083
RS04202,https://icepar.specparts.shop/products/detail?slug=sabo_rs04202-337003,949,,,,,[],0,[],0,[],0,,,2.5272
RS02055,https://icepar.specparts.shop/products/detail?slug=sabo_rs02055-337032,950,,,,,[],0,[],0,[],0,,,2.5774
RS05693,https://icepar.specparts.shop/products/detail?slug=sabo_rs05693-337033,951,,,,,[],0,[],0,[],0,,,2.5700
RS05905,https://icepar.specparts.shop/products/detail?slug=sabo_rs05905-337035,951,,,,,[],0,[],0,[],0,,,2.6262
RS05940,https://icepar.specparts.shop/products/detail?slug=sabo_rs05940-337038,951,,,,,[],0,[],0,[],0,,,2.6502
RS05949,https://icepar.specparts.shop/products/detail?slug=sabo_rs05949-337041,951,,,,,[],0,[],0,[],0,,,2.6415
RS05952,https://icepar.specparts.shop/products/detail?slug=sabo_rs05952-337042,951,,,,,[],0,[],0,[],0,,,2.6430
RS05954,https://icepar.specparts.shop/products/detail?slug=sabo_rs05954-337043,951,,,,,[],0,[],0,[],0,,,2.5084
RS05963,https://icepar.specparts.shop/products/detail?slug=sabo_rs05963-337050,951,,,,,[],0,[],0,[],0,,,2.6606
RS05944,https://icepar.specparts.shop/products/detail?slug=sabo_rs05944-577983,952,,,,,[],0,[],0,[],0,,,2.7833
RS02969,https://icepar.specparts.shop/products/detail?slug=sabo_rs02969-173318,953,,,,,[],0,[],0,[],0,,,2.9124
RS04244,https://icepar.specparts.shop/products/detail?slug=sabo_rs04244-173322,953,,,,,[],0,[],0,[],0,,,2.6501
RS05906,https://icepar.specparts.shop/products/detail?slug=sabo_rs05906-173326,953,,,,,[],0,[],0,[],0,,,2.6363
RS09211,https://icepar.specparts.shop/products/detail?slug=sabo_rs09211-173329,954,,,,,[],0,[],0,[],0,,,2.5958
RS09212,https://icepar.specparts.shop/products/detail?slug=sabo_rs09212-173330,954,,,,,[],0,[],0,[],0,,,2.5567
RS09261,https://icepar.specparts.shop/products/detail?slug=sabo_rs09261-173340,954,,,,,[],0,[],0,[],0,,,2.6367
RS09262,https://icepar.specparts.shop/products/detail?slug=sabo_rs09262-173341,954,,,,,[],0,[],0,[],0,,,2.6861
RS09320,https://icepar.specparts.shop/products/detail?slug=sabo_rs09320-173360,955,,,,,[],0,[],0,[],0,,,2.5820
RS09324,https://icepar.specparts.shop/products/detail?slug=sabo_rs09324-173364,955,,,,,[],0,[],0,[],0,,,2.5935
RS09332,https://icepar.specparts.shop/products/detail?slug=sabo_rs09332-173371,955,,,,,[],0,[],0,[],0,,,2.5162
RS09334,https://icepar.specparts.shop/products/detail?slug=sabo_rs09334-173373,955,,,,,[],0,[],0,[],0,,,2.6316
RS09336,https://icepar.specparts.shop/products/detail?slug=sabo_rs09336-173375,955,,,,,[],0,[],0,[],0,,,2.6753
RS09337,https://icepar.specparts.shop/products/detail?slug=sabo_rs09337-173376,956,,,,,[],0,[],0,[],0,,,2.6156
RS09338,https://icepar.specparts.shop/products/detail?slug=sabo_rs09338-173377,956,,,,,[],0,[],0,[],0,,,2.6521
RS09340,https://icepar.specparts.shop/products/detail?slug=sabo_rs09340-173379,956,,,,,[],0,[],0,[],0,,,2.6157
RS09329,https://icepar.specparts.shop/products/detail?slug=sabo_rs09329-173380,956,,,,,[],0,[],0,[],0,,,2.6635
RS07798,https://icepar.specparts.shop/products/detail?slug=sabo_rs07798-253040,956,,,,,[],0,[],0,[],0,,,2.5301
RS00269BAGS,https://icepar.specparts.shop/products/detail?slug=sabo_rs00269bags-262348,956,,,,,[],0,[],0,[],0,,,2.6587
RS01671,https://icepar.specparts.shop/products/detail?slug=sabo_rs01671-262352,956,,,,,[],0,[],0,[],0,,,2.6136
RS01739,https://icepar.specparts.shop/products/detail?slug=sabo_rs01739-262353,956,,,,,[],0,[],0,[],0,,,2.5665
RS02262,https://icepar.specparts.shop/products/detail?slug=sabo_rs02262-262358,956,,,,,[],0,[],0,[],0,,,2.6788
RS02415,https://icepar.specparts.shop/products/detail?slug=sabo_rs02415-262362,957,,,,,[],0,[],0,[],0,,,2.7017
RS03681,https://icepar.specparts.shop/products/detail?slug=sabo_rs03681-262367,957,,,,,[],0,[],0,[],0,,,2.6148
RS03682,https://icepar.specparts.shop/products/detail?slug=sabo_rs03682-262368,957,,,,,[],0,[],0,[],0,,,2.7053
RS04173,https://icepar.specparts.shop/products/detail?slug=sabo_rs04173-262369,957,,,,,[],0,[],0,[],0,,,2.6071
RS07425,https://icepar.specparts.shop/products/detail?slug=sabo_rs07425-262371,957,,,,,[],0,[],0,[],0,,,2.5281
RS07716,https://icepar.specparts.shop/products/detail?slug=sabo_rs07716-262374,957,,,,,[],0,[],0,[],0,,,2.5890
RS07920,https://icepar.specparts.shop/products/detail?slug=sabo_rs07920-262377,957,,,,,[],0,[],0,[],0,,,2.6249
RS00906,https://icepar.specparts.shop/products/detail?slug=sabo_rs00906-262388,958,,,,,[],0,[],0,[],0,,,2.5761
RS01095,https://icepar.specparts.shop/products/detail?slug=sabo_rs01095-262389,958,,,,,[],0,[],0,[],0,,,2.5925
RS01100,https://icepar.specparts.shop/products/detail?slug=sabo_rs01100-262390,958,,,,,[],0,[],0,[],0,,,2.5521
RS07291,https://icepar.specparts.shop/products/detail?slug=sabo_rs07291-262414,959,,,,,[],0,[],0,[],0,,,2.5846
RS07683,https://icepar.specparts.shop/products/detail?slug=sabo_rs07683-262421,959,,,,,[],0,[],0,[],0,,,2.5898
RS08471,https://icepar.specparts.shop/products/detail?slug=sabo_rs08471-262429,959,,,,,[],0,[],0,[],0,,,2.5738
RS03704,https://icepar.specparts.shop/products/detail?slug=sabo_rs03704-262431,960,,,,,[],0,[],0,[],0,,,2.6002
RS02451,https://icepar.specparts.shop/products/detail?slug=sabo_rs02451-262432,960,,,,,[],0,[],0,[],0,,,2.5563
RS00572,https://icepar.specparts.shop/products/detail?slug=sabo_rs00572-579571,960,,,,,[],0,[],0,[],0,,,2.6357
RS04175,https://icepar.specparts.shop/products/detail?slug=sabo_rs04175-579578,960,,,,,[],0,[],0,[],0,,,2.6128
RS01089,https://icepar.specparts.shop/products/detail?slug=sabo_rs01089-622483,960,,,,,[],0,[],0,[],0,,,2.5141
RS01090,https://icepar.specparts.shop/products/detail?slug=sabo_rs01090-622484,960,,,,,[],0,[],0,[],0,,,2.5655
203744,https://icepar.specparts.shop/products/detail?slug=sabo_203744-179897,961,,,,,[],0,[],0,[],0,,,2.5615
203768,https://icepar.specparts.shop/products/detail?slug=sabo_203768-179899,961,,,,,[],0,[],0,[],0,,,2.5442
RS00566,https://icepar.specparts.shop/products/detail?slug=sabo_rs00566-179901,961,,,,,[],0,[],0,[],0,,,2.5483
RS01685,https://icepar.specparts.shop/products/detail?slug=sabo_rs01685-179904,961,,,,,[],0,[],0,[],0,,,2.6130
RS02007,https://icepar.specparts.shop/products/detail?slug=sabo_rs02007-179908,961,,,,,[],0,[],0,[],0,,,2.6039
RS03392,https://icepar.specparts.shop/products/detail?slug=sabo_rs03392-179912,961,,,,,[],0,[],0,[],0,,,2.5055
RS03398,https://icepar.specparts.shop/products/detail?slug=sabo_rs03398-179914,962,,,,,[],0,[],0,[],0,,,2.6458
RS04329,https://icepar.specparts.shop/products/detail?slug=sabo_rs04329-179916,962,,,,,[],0,[],0,[],0,,,2.5390
RS08461,https://icepar.specparts.shop/products/detail?slug=sabo_rs08461-180027,962,,,,,[],0,[],0,[],0,,,2.6105
RS01536,https://icepar.specparts.shop/products/detail?slug=sabo_rs01536-622485,962,,,,,[],0,[],0,[],0,,,2.5835
RS10316,https://icepar.specparts.shop/products/detail?slug=sabo_rs10316-622492,962,,,,,[],0,[],0,[],0,,,3.7456
RS04407,https://icepar.specparts.shop/products/detail?slug=sabo_rs04407-1294834,962,,,,,[],0,[],0,[],0,,,2.5675
RS04239,https://icepar.specparts.shop/products/detail?slug=sabo_rs04239-154017,962,,,,,[],0,[],0,[],0,,,2.6500
RS03478BRAGF,https://icepar.specparts.shop/products/detail?slug=sabo_rs03478bragf-154024,962,,,,,[],0,[],0,[],0,,,2.7723
RS07351,https://icepar.specparts.shop/products/detail?slug=sabo_rs07351-555739,963,,,,,[],0,[],0,[],0,,,2.9702
847,https://icepar.specparts.shop/products/detail?slug=fremec_847-171924,963,,,,,"[""CHEVROLET SILVERADO 4.1 (1996 AL 2001)"", ""CHEVROLET SILVERADO 4.1D (1997 AL 2001)"", ""CHEVROLET SILVERADGC 4.2 TD (1997 AL 2003)""]",3,"[""LARGO: 335 mm""]",1,[],0,,,14.4329
4116,https://icepar.specparts.shop/products/detail?slug=fremec_4116-603805,963,,,,,"[""TOYOTA HILUX 2.5 TD (2005 AL 2016)"", ""TOYOTA HILUX 2.7 VVT-14 (2013 AL 2016)"", ""TOYOTA HILUX 2.8D (1997 AL 2001)"", ""TOYOTA HILUX 3.0 TD (2001 AL 2005)"", ""TOYOTA HILUX 3.0 TDI (2005 AL 2015)"", ""TOYOTA HILUX 3.0 TDI 177CV (2013 AL 2019)"", ""TOYOTA HILUX 3.0D (2001 AL 2005)""]",7,"[""LARGO: 360 mm""]",1,[],0,,,19.0540
4438,https://icepar.specparts.shop/products/detail?slug=fremec_4438-603807,963,,,,,"[""RENAULT DUSTER OROCH 16 16V (2016 AL 2026)"", ""RENAULT DUSTER OROCH 2.0 16V (2016 AL 2026)""]",2,"[""LARGO: 545 mm""]",1,[],0,,,12.7708
4494,https://icepar.specparts.shop/products/detail?slug=fremec_4494-603808,963,,,,,"[""CHEVROLET 5-10 2.8 TDI (2000 AL 2005)"", ""CHEVROLET 5-10 2.8 TDI ELECTRONIC (2005 AL 2012)""]",2,"[""LARGO: 450 mm""]",1,[],0,,,12.6819
712 0001 10,https://icepar.specparts.shop/products/detail?slug=ina_712000110-1001832,963,,,,,[],0,[],0,[],0,,,2.6150
711 0317 10,https://icepar.specparts.shop/products/detail?slug=ina_711031710-1001981,963,,,,,[],0,[],0,[],0,,,2.5535
33109A1,https://icepar.specparts.shop/products/detail?slug=fag_33109a1-1318782,963,,,,,[],0,[],0,[],0,,,2.7008
32213AA1,https://icepar.specparts.shop/products/detail?slug=fag_32213aa1-1318906,963,,,,,[],0,[],0,[],0,,,2.7162
NU309EN.TVP2,https://icepar.specparts.shop/products/detail?slug=fag_nu309entvp2-1318920,963,,,,,[],0,[],0,[],0,,,2.6798
7220461100A1,https://icepar.specparts.shop/products/detail?slug=fag_7220461100a1-1318938,963,,,,,[],0,[],0,[],0,,,2.5774
546238A,https://icepar.specparts.shop/products/detail?slug=fag_546238a-1318952,963,,,,,[],0,[],0,[],0,,,2.5609
K39590.39520A1,https://icepar.specparts.shop/products/detail?slug=fag_k3959039520a1-1318954,963,,,,,[],0,[],0,[],0,,,2.6095
32018XA,https://icepar.specparts.shop/products/detail?slug=fag_32018xa-1318961,963,,,,,[],0,[],0,[],0,,,2.6103
803647.02,https://icepar.specparts.shop/products/detail?slug=fag_80364702-1318972,963,,,,,[],0,[],0,[],0,,,2.6237
581408A,https://icepar.specparts.shop/products/detail?slug=fag_581408a-1318983,963,,,,,[],0,[],0,[],0,,,2.6976
32307AA1,https://icepar.specparts.shop/products/detail?slug=fag_32307aa1-1318987,963,,,,,[],0,[],0,[],0,,,2.5855
32216AA1,https://icepar.specparts.shop/products/detail?slug=fag_32216aa1-1318988,963,,,,,[],0,[],0,[],0,,,2.7059
33011.J42B,https://icepar.specparts.shop/products/detail?slug=fag_33011j42b-1318989,963,,,,,[],0,[],0,[],0,,,2.5449
33022,https://icepar.specparts.shop/products/detail?slug=fag_33022-1318992,963,,,,,[],0,[],0,[],0,,,2.6520
33117,https://icepar.specparts.shop/products/detail?slug=fag_33117-1318995,964,,,,,[],0,[],0,[],0,,,2.6669
33214A1,https://icepar.specparts.shop/products/detail?slug=fag_33214a1-1319004,964,,,,,[],0,[],0,[],0,,,2.8245
6309.2RSR.C3,https://icepar.specparts.shop/products/detail?slug=fag_63092rsrc3-1319006,964,,,,,[],0,[],0,[],0,,,2.5136
32310AA2,https://icepar.specparts.shop/products/detail?slug=fag_32310aa2-1319013,964,,,,,[],0,[],0,[],0,,,2.6532
K3382.3320.J42B,https://icepar.specparts.shop/products/detail?slug=fag_k33823320j42b-1319018,964,,,,,[],0,[],0,[],0,,,2.6265
524379,https://icepar.specparts.shop/products/detail?slug=fag_524379-1319024,964,,,,,[],0,[],0,[],0,,,2.7211
31308A,https://icepar.specparts.shop/products/detail?slug=fag_31308a-1319027,964,,,,,[],0,[],0,[],0,,,2.6891
33212A1,https://icepar.specparts.shop/products/detail?slug=fag_33212a1-1319028,964,,,,,[],0,[],0,[],0,,,2.5416
QJ309N.JP.C2,https://icepar.specparts.shop/products/detail?slug=fag_qj309njpc2-1319029,964,,,,,[],0,[],0,[],0,,,2.6897
QJ208TVP,https://icepar.specparts.shop/products/detail?slug=fag_qj208tvp-1319035,964,,,,,[],0,[],0,[],0,,,2.6283
32021XA1,https://icepar.specparts.shop/products/detail?slug=fag_32021xa1-1319038,964,,,,,[],0,[],0,[],0,,,2.5738
KL44649.L44610,https://icepar.specparts.shop/products/detail?slug=fag_kl44649l44610-1319044,964,,,,,[],0,[],0,[],0,,,2.6073
KLM11949.LM11910,https://icepar.specparts.shop/products/detail?slug=fag_klm11949lm11910-1319049,964,,,,,[],0,[],0,[],0,,,2.5665
K3984.3920A1,https://icepar.specparts.shop/products/detail?slug=fag_k39843920a1-1319062,964,,,,,[],0,[],0,[],0,,,2.6732
KHM218248.218210,https://icepar.specparts.shop/products/detail?slug=fag_khm218248218210-1319068,964,,,,,[],0,[],0,[],0,,,2.6399
803775,https://icepar.specparts.shop/products/detail?slug=fag_803775-1319077,964,,,,,[],0,[],0,[],0,,,2.6256
30308A.TVP,https://icepar.specparts.shop/products/detail?slug=fag_30308atvp-1319088,964,,,,,[],0,[],0,[],0,,,2.6589
563644,https://icepar.specparts.shop/products/detail?slug=fag_563644-1319095,964,,,,,[],0,[],0,[],0,,,2.7870
501349,https://icepar.specparts.shop/products/detail?slug=fag_501349-1319100,964,,,,,[],0,[],0,[],0,,,2.6205
Z-524884,https://icepar.specparts.shop/products/detail?slug=fag_z524884-1319111,964,,,,,[],0,[],0,[],0,,,2.5982
KHM212049.212011,https://icepar.specparts.shop/products/detail?slug=fag_khm212049212011-1319141,964,,,,,[],0,[],0,[],0,,,2.5904
NU208EN.TN,https://icepar.specparts.shop/products/detail?slug=fag_nu208entn-1319154,965,,,,,[],0,[],0,[],0,,,2.5840
32210AA2,https://icepar.specparts.shop/products/detail?slug=fag_32210aa2-1319239,965,,,,,[],0,[],0,[],0,,,2.6233
QJ212TVP,https://icepar.specparts.shop/products/detail?slug=fag_qj212tvp-1319245,965,,,,,[],0,[],0,[],0,,,2.5962
710 0024 10,https://icepar.specparts.shop/products/detail?slug=ina_710002410-1001844,965,,,,,"[""FIAT DUNA 15 (1988 AL 1995)"", ""FIAT DUNA 16 (1991 AL 2000)"", ""FIAT ELBA 15 (1988 AL 1997)"", ""FIAT PALIO 16 16V TORQUE (1997 AL 2001)"", ""FIAT PALIO 16 SPI (1997 AL 2001)"", ""FIAT STRADA 16 16V E-TORQ (2010 AL 2022)"", ""FIAT UNG 15 (1988 AL 1994)"", ""FIAT UNG 16 (1992 AL 1999)""]",8,[],0,"[""INA: 7100024100"", ""INA: F-110731""]",2,,,20.3893
712 0389 10,https://icepar.specparts.shop/products/detail?slug=ina_712038910-1001930,965,,,,,[],0,[],0,"[""INA: F-89628.06""]",1,,,7.1668
710 0021 10,https://icepar.specparts.shop/products/detail?slug=ina_710002110-1002135,965,,,,,[],0,[],0,[],0,,,2.5732
716 0763 10,https://icepar.specparts.shop/products/detail?slug=ina_716076310-1002248,965,,,,,[],0,[],0,"[""INA: F-120838.9""]",1,,,7.2282
32214A,https://icepar.specparts.shop/products/detail?slug=fag_32214a-228177,965,,,,,"[""MERCEDES BENZ L 1214 (1997 AL 1999)"", ""MERCEDES BENZ L 1215 (1990 AL 1996)"", ""MERCEDES BENZ L 1218 L 1218 EL (2001 AL 2008)"", ""MERCEDES BENZ LK 1218 (1997 AL 1999)"", ""MERCEDES BENZ LK 12184 EL (1997 AL 2008)""]",5,"[""ANCHO: 34.3 mm"", ""DIAMETRO INTERIOR: 70 mm"", ""DIAMETRO EXTERIOR: 125 mm""]",3,[],0,,,18.4158
801023/07,https://icepar.specparts.shop/products/detail?slug=fag_80102307-571987,965,,,,,"[""RENAULT MEGANE 1.6 16V (2015 AL 2017}""]",1,"[""DIAMETRO EXTERIOR: 53 mm"", ""DIAMETRO INTERIOR: 29 mm"", ""ANCHO: 37 mm""]",3,[],0,,,12.8494
410 0117 10,https://icepar.specparts.shop/products/detail?slug=ina_410011710-1000076,965,,,,,"[""FORD RANGER 2.2 TDCI (2012 AL 2017}"", ""FORD RANGER 3.2 TDCI (2012 AL 2016)"", ""FORD TRANSIT 2.2 TDCI (2012 AL 2014)""]",3,[],0,"[""SACHS: 1863869012""]",1,,,14.0022
410 0009 10,https://icepar.specparts.shop/products/detail?slug=ina_410000910-1000087,965,,,,,[],0,[],0,[],0,,,2.5816
32218AA3,https://icepar.specparts.shop/products/detail?slug=fag_32218aa3-257857,965,,,,,[],0,[],0,[],0,,,2.6292
33020/J42A4,https://icepar.specparts.shop/products/detail?slug=fag_33020j42a4-257860,965,,,,,[],0,[],0,[],0,,,2.6132
33116,https://icepar.specparts.shop/products/detail?slug=fag_33116-257861,965,,,,,[],0,[],0,"[""OEM: 1301694""]",1,,,7.1339
33210A1,https://icepar.specparts.shop/products/detail?slug=fag_33210a1-257863,965,,,,,[],0,[],0,"[""OEM: 33210""]",1,,,7.2511
33213,https://icepar.specparts.shop/products/detail?slug=fag_33213-257864,965,,,,,[],0,[],0,[],0,,,2.6213
512392,https://icepar.specparts.shop/products/detail?slug=fag_512392-257874,965,,,,,[],0,[],0,"[""FIAT: 0138 4728"", ""FIAT: 138 4728"", ""GENERAL MOTORS: 9413040"", ""GENERAL MOTORS: 9413043"", ""NECO: 0138 4728"", ""NECO: 138 4728"", ""MERCEDES-BENZ: 000 9815705"", ""MERCEDES-BENZ: 002 981 1605"", ""MERCEDES-BENZ: 002 981 2605"", ""MERCEDES-BENZ: A000 9815705"", ""MERCEDES-BENZ: A002 981 1605"", ""MERCEDES-BENZ: A002 981 2605"", ""OEM: 512392""]",13,,,19.4719
801191E,https://icepar.specparts.shop/products/detail?slug=fag_801191e-257923,966,,,,,[],0,[],0,[],0,,,2.8344
805464,https://icepar.specparts.shop/products/detail?slug=fag_805464-257925,966,,,,,"[""CHEVROLET AGILE 1.4 &V (2009 AL 2021)""]",1,[],0,"[""FAG: F-305464.21""]",1,,,10.5794
K594/592A,https://icepar.specparts.shop/products/detail?slug=fag_k594592a-257966,966,,,,,[],0,[],0,[],0,,,2.6948
581108,https://icepar.specparts.shop/products/detail?slug=fag_581108-409645,966,,,,,[],0,[],0,[],0,,,2.6252
K3782.3720,https://icepar.specparts.shop/products/detail?slug=fag_k37823720-490710,966,,,,,[],0,"[""DIAMETRO EXTERIOR: 93.26 mm"", ""DIAMETRO INTERIOR: 44.45 mm"", ""ALTURA: 306.3 mm""]",3,"[""KFB: 3782-20"", ""MERITOR: 802738"", ""OEM: 3001686""]",3,,,16.6269
33208,https://icepar.specparts.shop/products/detail?slug=fag_33208-519649,966,,,,,"[""MERCEDES BENZ 1019 AF (2006 AL 2007)"", ""MERCEDES BENZ LAK 1418 (1995 AL 2001)"", ""MERCEDES BENZ LS 1634 (2005 AL 2014)"", ""MERCEDES BENZ GH 1314 (1987 AL 1993)""]",4,"[""DIAMETRO EXTERIOR: 80 mm"", ""ALTURA: 32 mm"", ""DIAMETRO INTERIOR: 40 mm""]",3,[],0,,,16.8350
K15106.15250X,https://icepar.specparts.shop/products/detail?slug=fag_k1510615250x-641056,966,,,,,"[""CHEVROLET COBALT 18 8V MT (2016 AL 2026)"", ""FIAT TORO 20 MJT 16V MT (2016 AL 2026)"", ""FIAT UNG 14 8V EVO (2015 AL 2017)""]",3,"[""DIAMETRO EXTERIOR: 63.5 mm"", ""DIAMETRO INTERIOR: 26.98 mm"", ""ALTURA: 20.63 mm""]",3,[],0,,,15.7901
33019,https://icepar.specparts.shop/products/detail?slug=fag_33019-641230,966,,,,,"[""MERCEDES BENZ 1019 AF (2006 AL 2007)"", ""MERCEDES BENZ 1113 1113 (AUTOBOMBA) (2005 AL 2007)"", ""MERCEDES BENZ 1722 (1995 AL 2001)"", ""MERCEDES BENZ L 1938 (1995 AL 2001)"", ""MERCEDES BENZ LAK 1418 (1995 AL 2001)"", ""MERCEDES BENZ LS 1634 (2005 AL 2014)"", ""MERCEDES BENZ GH 1526 (1988 AL 1993)""]",7,"[""DIAMETRO INTERIOR: 95 mm"", ""ALTURA: 39 mm"", ""DIAMETRO EXTERIOR: 145 mm""]",3,"[""MERITOR: 802742"", ""OEM: 33019""]",2,,,26.4563
540733CA,https://icepar.specparts.shop/products/detail?slug=fag_540733ca-732676,966,,,,,[],0,"[""DIAMETRO INTERIOR: 39 mm"", ""ALTURA: 37 mm"", ""DIAMETRO EXTERIOR: 63 mm""]",3,[],0,,,9.2557
7220460100A1,https://icepar.specparts.shop/products/detail?slug=ina_7220460100a1-994718,966,,,,,[],0,[],0,"[""KFB: 512099"", ""OEM: 3459818101""]",2,,,8.2221
33111,https://icepar.specparts.shop/products/detail?slug=fag_33111-998907,966,,,,,[],0,[],0,"[""FAG: 33111-MX"", ""MERITOR: 802794"", ""OEM: 0069807205""]",3,,,9.2320
30312A,https://icepar.specparts.shop/products/detail?slug=fag_30312a-998937,966,,,,,[],0,[],0,"[""KFB: 30312A"", ""OEM: LA5218""]",2,,,8.0884
540669,https://icepar.specparts.shop/products/detail?slug=fag_540669-998951,966,,,,,[],0,[],0,"[""EURORICAMBI: 98170290"", ""FAG: 540669-MX"", ""OEM: 0069811705""]",3,,,9.2173
KM802048.M802011,https://icepar.specparts.shop/products/detail?slug=fag_km802048m802011-998972,966,,,,,[],0,[],0,"[""MERITOR: 802703"", ""OEM: 80322900"", ""ZF: 0750117352""]",3,,,9.0960
518995,https://icepar.specparts.shop/products/detail?slug=fag_518995-998990,966,,,,,[],0,[],0,"[""MERCEDES-BENZ: 002 981 9505"", ""MERCEDES-BENZ: 003 9810005"", ""MERCEDES-BENZ: 007 981 2505"", ""MERCEDES-BENZ: 008 9815105"", ""MERCEDES-BENZ: A002 981 9505"", ""MERCEDES-BENZ: A003 9810005"", ""MERCEDES-BENZ: A007 981 2505"", ""MERCEDES-BENZ: A008 9815105"", ""OEM: 0029819505"", ""ZG: ZG.03006-0008""]",10,,,16.3628
K25590.25522A1,https://icepar.specparts.shop/products/detail?slug=fag_k2559025522a1-998993,966,,,,,[],0,[],0,"[""KFB: 25590-22"", ""OEM: 2986544""]",2,,,8.1081
566616B.J42C,https://icepar.specparts.shop/products/detail?slug=fag_566616bj42c-999047,966,,,,,[],0,[],0,"[""EURORICAMBI: 98530074"", ""OEM: 1526672""]",2,,,8.1101
33021,https://icepar.specparts.shop/products/detail?slug=fag_33021-999127,966,,,,,[],0,[],0,"[""OEM: 33021""]",1,,,7.0887
30205AA3,https://icepar.specparts.shop/products/detail?slug=fag_30205aa3-999141,966,,,,,[],0,[],0,"[""FAG: 30205A-MX"", ""KFB: 30205A"", ""OEM: 54401468""]",3,,,9.1756
510148B,https://icepar.specparts.shop/products/detail?slug=fag_510148b-999142,966,,,,,[],0,[],0,"[""KFB: 510148M"", ""OEM: 51014868""]",2,,,8.4225
33215A1,https://icepar.specparts.shop/products/detail?slug=fag_33215a1-999155,966,,,,,[],0,[],0,"[""MERITOR: 802761"", ""OEM: 33215""]",2,,,8.1573
K598A.593X,https://icepar.specparts.shop/products/detail?slug=fag_k598a593x-999172,966,,,,,[],0,[],0,"[""KFB: 598A/593X"", ""OEM: 598A/593X""]",2,,,8.1466
30220A,https://icepar.specparts.shop/products/detail?slug=fag_30220a-999220,966,,,,,[],0,[],0,"[""OEM: 4981496""]",1,,,7.3870
32308AA1,https://icepar.specparts.shop/products/detail?slug=fag_32308aa1-999225,966,,,,,[],0,[],0,"[""FIAT: 2680 0580"", ""NECO: 0112 6887"", ""NECO: 0204 9337"", ""NECO: 0716 4503"", ""NECO: 112 6887"", ""NECO: 204 9337"", ""NECO: 2680 0580"", ""NECO: 716 4503"", ""MAN: 06.32499.0015"", ""MAN: 34.93420.0000"", ""MAN: 87.52340.0600"", ""MAN: A0.85759.6100"", ""MERCEDES-BENZ: 002 9816305"", ""MERCEDES-BENZ: 002 981 6405"", ""MERCEDES-BENZ: 257 633 4031"", ""MERCEDES-BENZ: A002 9816305"", ""MERCEDES-BENZ: A002 981 6405"", ""MERCEDES-BENZ: A257 633 4031"", ""NISSAN: 38120-76500"", ""OEM: 32308"", ""SCANIA: 14698"", ""SCANIA: 181669"", ""SCANIA: 1911816"", ""SCANIA: 322747"", ""VOLVO: 11074"", ""VOLVO: 181668"", ""VOLVO: 181669""]",27,,,34.9849
32311A,https://icepar.specparts.shop/products/detail?slug=fag_32311a-999245,967,,,,,[],0,[],0,"[""OEM: 323114515794""]",1,,,7.0809
545312A,https://icepar.specparts.shop/products/detail?slug=fag_545312a-999267,967,,,,,[],0,[],0,"[""OEM: 1660115"", ""SCANIA: 345595"", ""VOLVO: 1660115"", ""VOLVO: 1675763"", ""ZG: ZG.40188-0008""]",5,,,11.2230
K580.572.J42B,https://icepar.specparts.shop/products/detail?slug=fag_k580572j42b-999308,967,,,,,[],0,[],0,"[""FAG: K580.572-MX"", ""MERITOR: 802601"", ""OEM: 580.572""]",3,,,32.3267
534565A1,https://icepar.specparts.shop/products/detail?slug=fag_534565a1-999316,967,,,,,[],0,[],0,"[""OEM: 59813105""]",1,,,7.1453
712 0488 10,https://icepar.specparts.shop/products/detail?slug=ina_712048810-1001793,967,,,,,[],0,[],0,"[""INA: F-207908.03""]",1,,,7.0943
712 0463 10,https://icepar.specparts.shop/products/detail?slug=ina_712046310-1001814,967,,,,,[],0,[],0,[],0,,,2.7420
712 0990 10,https://icepar.specparts.shop/products/detail?slug=ina_712099010-1001826,967,,,,,[],0,[],0,[],0,,,2.6803
712 0379 10,https://icepar.specparts.shop/products/detail?slug=ina_712037910-1001836,967,,,,,[],0,[],0,"[""INA: F-85815""]",1,,,7.0164
712 1290 10,https://icepar.specparts.shop/products/detail?slug=ina_712129010-1001856,967,,,,,"[""RENAULT FLUENCE 16 16V (2010 AL 2017)"", ""RENAULT LOGAN 1. 16V (2007 AL 2010, 2013 AL 2021)"", ""RENAULT MEGANE 1.5 DCI (2006 AL 2010)"", ""RENAULT MEGANE 1.9 DTI (1999 AL 2009)"", ""RENAULT SANDERG 1.6 16V (2008 AL 2026)""]",5,[],0,"[""INA: F-12347 103""]",1,,,15.8597
712 0489 10,https://icepar.specparts.shop/products/detail?slug=ina_712048910-1001875,967,,,,,[],0,[],0,"[""INA: F-207909.01"", ""INA: F-207909.1""]",2,,,8.2576
712 1008 10,https://icepar.specparts.shop/products/detail?slug=ina_712100810-1001895,967,,,,,[],0,[],0,[],0,,,2.7811
712 1443 10,https://icepar.specparts.shop/products/detail?slug=ina_712144310-1001942,967,,,,,[],0,[],0,"[""INA: F-235739""]",1,,,7.0326
712 1047 10,https://icepar.specparts.shop/products/detail?slug=ina_712104710-1001945,967,,,,,[],0,[],0,[],0,,,2.5976
712 0484 10,https://icepar.specparts.shop/products/detail?slug=ina_712048410-1002007,967,,,,,[],0,[],0,[],0,,,2.6391
712 0694 10,https://icepar.specparts.shop/products/detail?slug=ina_712069410-1002020,967,,,,,[],0,[],0,[],0,,,2.5667
712 1823 10,https://icepar.specparts.shop/products/detail?slug=ina_712182310-1002051,967,,,,,[],0,[],0,[],0,,,2.6389
712 0579 10,https://icepar.specparts.shop/products/detail?slug=ina_712057910-1002059,967,,,,,[],0,[],0,"[""INA: F-219529.01"", ""INA: F-219529.1""]",2,,,8.0924
712 0580 10,https://icepar.specparts.shop/products/detail?slug=ina_712058010-1002067,967,,,,,[],0,[],0,"[""INA: F-219530.03"", ""INA: F-219530.3""]",2,,,8.0816
722 0289 10,https://icepar.specparts.shop/products/detail?slug=ina_722028910-1002077,967,,,,,[],0,[],0,"[""INA: F-210213""]",1,,,7.1229
712 0988 10,https://icepar.specparts.shop/products/detail?slug=ina_712098810-1002083,967,,,,,[],0,[],0,"[""INA: F-39411.02""]",1,,,7.0241
712 1735 10,https://icepar.specparts.shop/products/detail?slug=ina_712173510-1002086,967,,,,,[],0,[],0,[],0,,,2.6469
712 1507 10,https://icepar.specparts.shop/products/detail?slug=ina_712150710-1002125,967,,,,,[],0,[],0,"[""INA: F-558683""]",1,,,7.0488
722 0770 10,https://icepar.specparts.shop/products/detail?slug=ina_722077010-1002140,967,,,,,[],0,[],0,[],0,,,2.6379
722 0352 10,https://icepar.specparts.shop/products/detail?slug=ina_722035210-1002147,967,,,,,[],0,[],0,[],0,,,2.7111
712 0534 10,https://icepar.specparts.shop/products/detail?slug=ina_712053410-1002169,968,,,,,[],0,[],0,"[""INA: F-231070.04""]",1,,,7.1289
712 1878 10,https://icepar.specparts.shop/products/detail?slug=ina_712187810-1002177,968,,,,,"[""FORD FIESTA 1.4 TDCI (2002 AL 2011)"", ""FORD FIESTA 1.6 8V (2002 AL 2013)""]",2,[],0,[],0,,,7.4237
722 0263 10,https://icepar.specparts.shop/products/detail?slug=ina_722026310-1002178,968,,,,,[],0,[],0,[],0,,,2.6383
722 0355 10,https://icepar.specparts.shop/products/detail?slug=ina_722035510-1002179,968,,,,,[],0,[],0,[],0,,,2.7948
722 0838 10,https://icepar.specparts.shop/products/detail?slug=ina_722083810-1002182,968,,,,,[],0,[],0,[],0,,,2.6209
712 1838 10,https://icepar.specparts.shop/products/detail?slug=ina_712183810-1002189,968,,,,,[],0,[],0,[],0,,,2.6099
722 0541 10,https://icepar.specparts.shop/products/detail?slug=ina_722054110-1002192,968,,,,,[],0,[],0,[],0,,,2.7247
712 1062 10,https://icepar.specparts.shop/products/detail?slug=ina_712106210-1002211,968,,,,,[],0,[],0,[],0,,,2.8659
722 0855 10,https://icepar.specparts.shop/products/detail?slug=ina_722085510-1002218,968,,,,,[],0,[],0,[],0,,,2.7770
716 0045 10,https://icepar.specparts.shop/products/detail?slug=ina_716004510-1002221,968,,,,,[],0,[],0,[],0,,,2.6452
712 1361 10,https://icepar.specparts.shop/products/detail?slug=ina_712136110-1002232,968,,,,,[],0,[],0,[],0,,,2.6091
722 0676 10,https://icepar.specparts.shop/products/detail?slug=ina_722067610-1002236,968,,,,,[],0,[],0,[],0,,,2.6090
722 0831 10,https://icepar.specparts.shop/products/detail?slug=ina_722083110-1002269,968,,,,,[],0,[],0,[],0,,,2.5972
712 0978 10,https://icepar.specparts.shop/products/detail?slug=ina_712097810-1002289,968,,,,,[],0,[],0,[],0,,,2.6383
722 0862 10,https://icepar.specparts.shop/products/detail?slug=ina_722086210-1002306,968,,,,,[],0,[],0,[],0,,,2.6805
7220351100,https://icepar.specparts.shop/products/detail?slug=ina_7220351100-1002307,968,,,,,[],0,[],0,"[""INA: F-226559.02-0010""]",1,,,7.1474
722 0757 10,https://icepar.specparts.shop/products/detail?slug=ina_722075710-1002319,968,,,,,[],0,[],0,[],0,,,2.6311
722 0464 10,https://icepar.specparts.shop/products/detail?slug=ina_722046410-1002365,968,,,,,[],0,[],0,[],0,,,2.5945
722 0351 10,https://icepar.specparts.shop/products/detail?slug=ina_722035110-1002380,968,,,,,[],0,[],0,"[""INA: F-226559.02-0010""]",1,,,7.0380
722 0476 10,https://icepar.specparts.shop/products/detail?slug=ina_722047610-1002405,968,,,,,[],0,[],0,[],0,,,2.7237
722 0835 10,https://icepar.specparts.shop/products/detail?slug=ina_722083510-1002419,968,,,,,[],0,[],0,[],0,,,2.7262
722 0207 10,https://icepar.specparts.shop/products/detail?slug=ina_722020710-1002437,968,,,,,[],0,[],0,[],0,,,2.6710
722 0837 10,https://icepar.specparts.shop/products/detail?slug=ina_722083710-1002446,968,,,,,[],0,[],0,[],0,,,2.6255
722 0710 10,https://icepar.specparts.shop/products/detail?slug=ina_722071010-1002465,968,,,,,[],0,[],0,[],0,,,2.5582
722 0854 10,https://icepar.specparts.shop/products/detail?slug=ina_722085410-1002501,969,,,,,[],0,[],0,[],0,,,2.5715
722 0187 10,https://icepar.specparts.shop/products/detail?slug=ina_722018710-1002519,969,,,,,[],0,[],0,"[""INA: F-88039""]",1,,,7.1871
722 0267 10,https://icepar.specparts.shop/products/detail?slug=ina_722026710-1002543,969,,,,,[],0,[],0,"[""INA: F-206755""]",1,,,7.1272
722 0494 10,https://icepar.specparts.shop/products/detail?slug=ina_722049410-1002551,969,,,,,[],0,[],0,"[""INA: F-365069.02""]",1,,,7.0463
722 0648 10,https://icepar.specparts.shop/products/detail?slug=ina_722064810-1002565,969,,,,,[],0,[],0,"[""INA: F-229852.02""]",1,,,7.7325
722 0853 10,https://icepar.specparts.shop/products/detail?slug=ina_722085310-1002581,969,,,,,[],0,[],0,[],0,,,2.6876
722 0746 10,https://icepar.specparts.shop/products/detail?slug=ina_722074610-1002583,969,,,,,[],0,[],0,[],0,,,2.5877
722 0813 10,https://icepar.specparts.shop/products/detail?slug=ina_722081310-1002584,969,,,,,[],0,[],0,[],0,,,2.6216
722 0772 10,https://icepar.specparts.shop/products/detail?slug=ina_722077210-1002587,969,,,,,[],0,[],0,[],0,,,2.5747
JBJ7652,https://icepar.specparts.shop/products/detail?slug=trw_jbj7652-66818,969,,,,,"[""NISSAN KICKS 1.6 16V CVT (2017 AL 2026)"", ""NISSAN KICKS 1.6 16V MT (2017 AL 2026)"", ""NISSAN MARCH 16 16V (2012 AL 2015)"", ""NISSAN MARCH 16 16V AT (2016 AL 2022)"", ""NISSAN MARCH 16 16V MT (2016 AL 2026)"", ""NISSAN NOTE 16 16V (2015 AL 2022}"", ""NISSAN NOTE 16 16V CVT (2016 AL 2022)"", ""NISSAN VERSA 16 16V AT (2013 AL 2016)"", ""NISSAN VERSA 16 16V CVT (2017 AL 2026)"", ""NISSAN VERSA 16 16V MT (2016 AL 2026)"", ""NISSAN VERSA 16 VDRIVE AT (2020 AL 2026)"", ""NISSAN VERSA 16 VDRIVE MT (2020 AL 2026)"", ""RENAULT KWID 1.0 (2017 AL 2026)""]",13,"[""DIAMETRO DE PERNO: 16 mm"", ""LADO: AMBOS"", ""POSICION: DELANTERO"", ""TIPO DE PERNO: RECTO"", ""UBICACION: INFERIOR""]",5,"[""NAKATA: N99230"", ""OE: 545001HAOC""]",2,,,34.6612
PS.4449,https://icepar.specparts.shop/products/detail?slug=trw_ps4449-73362,969,,,,,"[""AUDI A1 1 4 TFSI SLINE (2012 AL 2016)"", ""AUDI A1 LO 30 TFSI (2019 AL 2026)"", ""AUDI A1 10 35 TFSI (2019 AL 2026)"", ""AUDI A1 12 TFSI (2011 AL 2016)"", ""AUDI A1 14 TFSI (2011 AL 2022)"", ""AUDI A1 14 TFSI STRONIC (2017 AL 2020)"", ""AUDI A1 14 TSI 122Cv (2015 AL 2016)"", ""AUDI A1 14 TSI SLINE (2016 AL 2018)"", ""AUDI A1 2.0 40 TFSI (2023 AL 2026)"", ""AUDI Q3 14 TFSI 35 STRONIC (2020 AL 2026)"", ""AUDI Q3 2.0 40 TFSI QUATTRO (2020 AL 2026)"", ""AUDI Q3 20 TFSI (2016 AL 2022)"", ""AUDI 53 2.0 TFSI (2016 AL 2022)"", ""VOLKSWAGEN CROSS UP! 10 12V (2016 AL 2022)"", ""VOLKSWAGEN CROSS UP! 10 TSI (2019 AL 2022}"", ""VOLKSWAGEN CROSSFOX 16 16V MSI (2015 AL 2017)"", ""VOLKSWAGEN CROSSFOX 16 &V (2005 AL 2016)"", ""VOLKSWAGEN FOX 16 16V MSI (2015 AL 2021)"", ""VOLKSWAGEN FOX 16 8V (2003 AL 2015)"", ""VOLKSWAGEN FOX 16 &V MSI (2015 AL 2022)"", ""VOLKSWAGEN FOX 19 SDI (2008 AL 2010)"", ""VOLKSWAGEN GOL 14 &V MI (2011 AL 2018)"", ""VOLKSWAGEN GOL TREND 16 8V (2008 AL 2020)"", ""VOLKSWAGEN GOL TREND 16 8V IMCTION (2008 AL 2017, 2019 AL 2021)"", ""VOLKSWAGEN GOL TREND 16 &V MSI AT (2020 AL 2026)"", ""VOLKSWAGEN GOL TREND 16 8&V MSI MT (2016 AL 2026)"", ""VOLKSWAGEN SAVEIRO 1.6 8V (2010 AL 2015)"", ""VOLKSWAGEN SAVEIRO 1.6 MSICD MT (2022 AL 2026)"", ""VOLKSWAGEN SAVEIRO 1.6 MSICS5 MT (2022 AL 2026)"", ""VOLKSWAGEN SAVEIRO 1.9 D (2003 AL 2010)"", ""VOLKSWAGEN SURAN 16 16V MSI (2015 AL 2026)"", ""VOLKSWAGEN SURAN 16 16V MSI IMOTION (2015 AL 2021)"", ""VOLKSWAGEN SURAN 16 &V (2006 AL 2015)"", ""VOLKSWAGEN SURAN 16 &V MSI (2015 AL 2026)"", ""VOLKSWAGEN SURAN 139 SDI (2007 AL 2010)"", ""VOLKSWAGEN SURANCROSS 16 8V (2011 AL 2015)"", ""VOLKSWAGEN UP! 10 12V (2014 AL 2022}"", ""VOLKSWAGEN UP! 10 12V 3P (2019 AL 2021)"", ""VOLKSWAGEN UP! 10 12V 5P (2019 AL 2021)"", ""VOLKSWAGEN UP! 10 12V IMOTION (2015 AL 2022)"", ""VOLKSWAGEN UP! LOTSI (2017 AL 2022)"", ""VOLKSWAGEN VOYAGE 16 8V (2008 AL 2015)"", ""VOLKSWAGEN VOYAGE 16 8V MSSI (2016 AL 2026)""]",43,"[""DIAMETRO MAYOR DE PERNO: 14.9 mm"", ""LADO: IZQUIERDO"", ""POSICION: DELANTERO"", ""TIPO DE PERNO: CGNICO"", ""UBICACION: INFERIOR""]",5,"[""CORVEN: 5RT1411"", ""NAKATA: N1074"", ""OE: 6RO 407 366"", ""OE 1: 6RO 407 366 A"", ""OE 2: 6RO 407 366 B"", ""THOMPSON: P5-1411""]",6,,,70.6896
JBJ113,https://icepar.specparts.shop/products/detail?slug=trw_jbj113-73367,969,,,,,"[""AUDI A3 14 35 TFSI 150CV 5-TRONIC (2019 AL 2026)"", ""AUDI A3 14 TFSI 122CV (2013 AL 2015)"", ""AUDI A3 14 TSI 122CV (2015 AL 2026)"", ""AUDI A3 14 TSI 122CV 5-TRONIC (2017 AL 2022)"", ""AUDI A3 16 (2000 AL 2004, 2006 AL 2008)"", ""AUDI A3 18 (1997 AL 2001)"", ""AUDI A3 LBT (180 CV) (2000 AL 2004)"", ""AUDI A3 18 T (1997 AL 2005)"", ""AUDI A3 18 TFSI 180CV (2013 AL 2019)"", ""AUDI A3 19 TDI (1997 AL 2005, 2008 AL 2005)"", ""AUDI A3 2.0 40 TFSI 5-TRONIC (2019 AL 2022)"", ""AUDI A3 2.0 FSI (2008 AL 2010)"", ""AUDI A3 2.0 TDI (2005 AL 2015)"", ""AUDI A3 2.0 TDI 143CV (2013 AL 2015)"", ""AUDI A3 2.0 TFSI (2016 AL 2022)"", ""AUDI A3 2.0 TFSI 5-TRONIC (2017 AL 2022)"", ""AUDI53 18 T (240CV) (2000 AL 2002)"", ""AUDI53 18 T (225CV) (2002 AL 2006)"", ""AUDI 53 2.0 TFSI (2008 AL 2013)"", ""AUDI 53 3.2 V6 FSI (2007 AL 2008)"", ""SEAT LEON 16 (2001 AL 2003)"", ""SEAT LEON 18 20V T (2003 AL 2005)"", ""SEAT LEON 19 TDI (2001 AL 2005)"", ""SEAT TOLEDO 1.6 (1997 AL 2002)"", ""SEAT TOLEDO 1.8 (1991 AL 1996)"", ""SEAT TOLEDO 1.8 20V (2000 AL 2005)"", ""SEAT TOLEDO 1.9 TDI (1994 AL 2005)"", ""SEAT TOLEDO 1.9D (1994 AL 2000)"", ""SEAT TOLEDO 2.3 V5 (2000 AL 2005)"", ""VOLKSWAGEN BORA 18T (2003 AL 2016)"", ""VOLKSWAGEN BORA 19 TDI (2000 AL 2016)"", ""VOLKSWAGEN BORA 2.0 (2000 AL 2016)"", ""VOLKSWAGEN GOLF 16 8V (1999 AL 2012)"", ""VOLKSWAGEN GOLF 18 (1983 AL 1989)"", ""VOLKSWAGEN GOLF L&T (1999 AL 2011)"", ""VOLKSWAGEN GOLF 19 TD (1996 AL 1999)"", ""VOLKSWAGEN GOLF 19 TDI (1999 AL 2011)"", ""VOLKSWAGEN GOLF 2.0 (1996 AL 1999)"", ""VOLKSWAGEN GOLF 2.0 8V (1999 AL 2012)"", ""VOLKSWAGEN GOLF 2.01(1990 AL 1995)"", ""VOLKSWAGEN GOLF 2.0 TSI (2011 AL 2014)"", ""VOLKSWAGEN GOLF 2.8 V6 (2003 AL 2004)"", ""VOLKSWAGEN GOLF 2.8 VR6 (1996 AL 1999)"", ""VOLKSWAGEN NEW BEETLE L&T (2010 AL 2012)"", ""VOLKSWAGEN NEW BEETLE 19 TDI (2003 AL 2008)"", ""VOLKSWAGEN NEW BEETLE 2.0 8V (1999 AL 2010)"", ""VOLKSWAGEN NEW BEETLE 2.5 (2006 AL 2016)"", ""VOLKSWAGEN SHARAN 14 TSI BLUEMOTION (2010 AL 2016)"", ""VOLKSWAGEN SHARAN 18 T (2001 AL 2011)"", ""VOLKSWAGEN SHARAN 19 TDI (2001 AL 2011)"", ""VOLKSWAGEN SHARAN 2.0 TSI BLUEMOTION (2011 AL 2015)"", ""VOLKSWAGEN VENTO 14 TSI 250 DSG (2020 AL 2026)"", ""VOLKSWAGEN VENTO 14 TSI AT (2016 AL 2026)"", ""VOLKSWAGEN VENTO 14 TSI MT (2016 AL 2026)"", ""VOLKSWAGEN VENTO 20 8V (2011 AL 2012, 2015 AL 2021)"", ""VOLKSWAGEN VENTO 20 8V GLI (2016 AL 2022)"", ""VOLKSWAGEN VENTO 20 TDI 110CV (2011 AL 2017}"", ""VOLKSWAGEN VENTO 20 TDI 140CV (2011 AL 2015)"", ""VOLKSWAGEN VENTO 20 TSI (2011 AL 2018)"", ""VOLKSWAGEN VENTO 20 TSI DSG 230CV (2019 AL 2022)"", ""VOLKSWAGEN VENTO 20 TSI GLI (2019 AL 2021)"", ""VOLKSWAGEN VENTO 25 (2011 AL 2022)""]",62,"[""DIAMETRO MENOR DE PERNO: 14.9 mm"", ""LADO: DERECHO"", ""POSICION: DELANTERO"", ""TIPO DE PERNO: CGNICO""]",4,"[""CORVEN: 5RT1124"", ""NAKATA: N1058"", ""OE: LO 407 366 H"", ""OE 1: 110 407 366 J""]",4,,,88.4670
PS...80,https://icepar.specparts.shop/products/detail?slug=trw_ps80-73375,969,,,,,"[""CHEVROLET C-10 4.1 (1988 AL 1993)"", ""CHEVROLET C-10 4.2D (1988 AL 1993)"", ""CHEVROLET C-20 4.1 (1994 AL 1996)"", ""CHEVROLET D-20 4.0 (1993 AL 1998)""]",4,"[""DIAMETRO MENOR DE PERNO: 15.5 mm"", ""LADO: AMBOS"", ""POSICION: DELANTERO"", ""TIPO DE PERNO: CGNICO"", ""UBICACION: SUPERIOR""]",5,"[""CORVEN: 5RT0278"", ""NAKATA: N318"", ""OE: 7330810"", ""OE 1: 7323877"", ""OE 2: 52258111""]",5,,,28.5962
PS..167,https://icepar.specparts.shop/products/detail?slug=trw_ps167-73376,969,,,,,"[""CHEVROLET C-10 4.1 (1988 AL 1993)"", ""CHEVROLET C-10 4.2D (1988 AL 1993)"", ""CHEVROLET D-20 4.0 (1993 AL 1998)""]",3,"[""DIAMETRO MAYOR DE PERNO: 18.9 mm"", ""LADO: AMBOS"", ""POSICION: DELANTERO"", ""TIPO DE PERNO: CGNICO"", ""UBICACION: INFERIOR""]",5,"[""CORVEN: 5RTO232"", ""NAKATA: N319"", ""OE: 9304148"", ""OE 1: 52258112"", ""OE 2: 7323878""]",5,,,27.5496
PS..703,https://icepar.specparts.shop/products/detail?slug=trw_ps703-73377,969,,,,,"[""CHEVROLET C-20 4.1 (1994 AL 1996)"", ""CHEVROLET D-20 4.0 (1993 AL 1998)"", ""CHEVROLET SILVERADO 4.1 (1996 AL 2001)"", ""CHEVROLET SILVERADO 4.1D (1997 AL 2001)"", ""CHEVROLET SILVERADGC 4.2 TD (1997 AL 2003)""]",5,"[""DIAMETRO MAYOR DE PERNO: 19.35 mm"", ""LADO: AMBOS"", ""POSICION: DELANTERO"", ""TIPO DE PERNO: CGNICO"", ""UBICACION: SUPERIOR""]",5,"[""CORVEN: 5RT1026"", ""LENA: 809"", ""NAKATA: N337"", ""OE: 93213068"", ""THOMPSON: P5-1026""]",5,,,29.7288
PS..459,https://icepar.specparts.shop/products/detail?slug=trw_ps459-73378,969,,,,,"[""CHEVROLET ASTRA 17 TDI (1996 AL 1998)"", ""CHEVROLET MONZA 18 8V (1994 AL 1998)"", ""CHEVROLET MONZA 2.0 (1994 AL 1998)"", ""CHEVROLET VECTRA 2.0 &V (1993 AL 1999)""]",4,"[""DIAMETRO MAYOR DE PERNO: 13.5 mm"", ""LADO: AMBOS"", ""POSICION: DELANTERO"", ""TIPO DE PERNO: CGNICO"", ""UBICACION: INFERIOR""]",5,"[""CORVEN: 5RTO996"", ""NAKATA: N326"", ""OE: 93222812""]",3,,,26.1658
PS..906,https://icepar.specparts.shop/products/detail?slug=trw_ps906-73379,969,,,,,"[""CHEVROLET ASTRA 18 8V (2000 AL 2003)"", ""CHEVROLET ASTRA 20 16V (2002 AL 2003)"", ""CHEVROLET ASTRA 20 8V (1998 AL 2012)"", ""CHEVROLET ASTRA 20 TD (1999 AL 2003)"", ""CHEVROLET ASTRA 20 TD 16V (1998 AL 2008)"", ""CHEVROLET ASTRA 2.4 16V (2005 AL 2010)"", ""CHEVROLET VECTRA 2.0 16V (2008 AL 2012)"", ""CHEVROLET VECTRA 2.0 16V TDI (1998 AL 2003)"", ""CHEVROLET VECTRA 2.0 &V (1993 AL 1999)"", ""CHEVROLET VECTRA 2.2 16V (1996 AL 2006)"", ""CHEVROLET VECTRA 2.4 16V (2006 AL 2011)"", ""CHEVROLET ZAFIRA 2.0 16¥ (2001 AL 2009)"", ""CHEVROLET ZAFIRA 2.0 8V (2001 AL 2010)""]",13,"[""DIAMETRO DE PERNO: 18 mm"", ""LADO: AMBOS"", ""POSICION: DELANTERO"", ""UBICACION: INFERIOR""]",4,"[""CORVEN: 5RT1059"", ""NAKATA: N398"", ""OE: 90497305"", ""OE 1: 857407154DC""]",4,,,36.6934
JBJ1256,https://icepar.specparts.shop/products/detail?slug=trw_jbj1256-73383,969,,,,,"[""CHEVROLET CAPTIVA 2.0 VCDI (2007 AL 2012)"", ""CHEVROLET CAPTIVA 2.2 VCDI AT (2011 AL 2022)"", ""CHEVROLET CAPTIVA 2.4 16V (2007 AL 2014)"", ""CHEVROLET CAPTIVA 2.4 16V MT (2014 AL 2022)""]",4,"[""DIAMETRO DE PERNO: 15.1 mm"", ""LADO: AMBOS"", ""OBSERVACION 1: @ DE ORIFICIO DE ANCLAJE 12.5"", ""POSICION: DELANTERO"", ""TIPO DE PERNO: RECTO"", ""UBICACION: INFERIOR""]",6,"[""CORVEN: 5RT1380"", ""NAKATA: N10348"", ""OE: 83 965 333""]",3,,,28.5259
PS.4447,https://icepar.specparts.shop/products/detail?slug=trw_ps4447-73385,969,,,,,"[""CHEVROLET CELTA 1.4 8V (2011 AL 2017)"", ""CHEVROLET CORSA 14 &V (2009 AL 2021)"", ""CHEVROLET PRISMA 14 &V (2011 AL 2013)"", ""CHEVROLET PRISMA 14 &8V MT (2016 AL 2026)"", ""SUZUKI FUN LOBV (2003 AL 2007)"", ""SUZUKI FUN 14 8V (2004 AL 2012)""]",6,"[""DIAMETRO MAYOR DE PERNO: 16 mm"", ""LADO: AMBOS"", ""POSICION: DELANTERO"", ""TIPO DE PERNO: CGNICO""]",4,"[""CORVEN: 5RT1425"", ""NAKATA: N3080"", ""OE: 94740331""]",3,,,27.5316
PS..626,https://icepar.specparts.shop/products/detail?slug=trw_ps626-73390,970,,,,,"[""CHEVROLET IPANEMA 18 &V (1993 AL 1997)"", ""CHEVROLET KADETT 18 8V (1991 AL 1997)"", ""CHEVROLET KADETT 2.0 8V (1991 AL 1995)"", ""DAEWOG CIELO 1.51 16V (1994 AL 1995)"", ""DAEWOC ESPERG 1.51 (1993 AL 1998)"", ""DAEWOC ESPERO 2.01 (1993 AL 1998)"", ""DAEWOG LANOS 151 16¥V (1997 AL 2001)"", ""DAEWOG LANOS 1461 16¥V (1997 AL 2000)"", ""DAEWOC RACER 151 (1994 AL 1997)""]",9,"[""DIAMETRO MAYOR DE PERNO: 13.4 mm"", ""LADO: AMBOS"", ""POSICION: DELANTERO"", ""TIPO DE PERNO: CGNICO"", ""UBICACION: INFERIOR""]",5,"[""CORVEN: 5RT1261"", ""NAKATA: N357"", ""OE: 52282309"", ""OE 1: 93222813""]",4,,,32.2761
PS.4445,https://icepar.specparts.shop/products/detail?slug=trw_ps4445-73398,970,,,,,"[""CITROEN C3 12 PURETECH 82 (2022 AL 2026)"", ""CITROEN C3 14 HDI (2003 AL 2011)"", ""CITROEN C3 141 (2003 AL 2012)"", ""CITROEN C3 151 (2012 AL 2022)"", ""CITROEN C3 16 16V (2005 AL 2013)"", ""CITROEN C3 16 VTI (2012 AL 2020)"", ""CITROEN C3 16 VTIAT (2017 AL 2022)"", ""CITROEN C3 16 VTI AT6 (2022 AL 2026)"", ""CITROEN C3 16 VTI MT (2018 AL 2026)"", ""CITROEN C3 16 VTI MT URBAN TRIAL (2019 AL 2022)"", ""CITROEN C3 AIRCROSS 16 VTIAT (2017 AL 2022)"", ""CITROEN C3 AIRCROSS 16 VTI MT (2018 AL 2023)""]",12,"[""DIAMETRO DE PERNO: 18 mm"", ""LADO: AMBOS"", ""POSICION: DELANTERO"", ""UBICACION: INFERIOR""]",4,"[""CORVEN: 5RT1280"", ""NAKATA: N10412"", ""OE: 364056""]",3,,,33.7465
JBJ125,https://icepar.specparts.shop/products/detail?slug=trw_jbj125-73402,970,,,,,"[""CITROEN C5 16 THP 156CV (2011 AL 2013, 2020 AL 2026)"", ""CITROEN C5 16 THP 156CV AT (2022 AL 2026)"", ""CITROEN C5 2.0 16¥ (2002 AL 2005)"", ""CITROEN C5 2.0 HDI (2002 AL 2013)"", ""CITROEN C5 2.01 16V (2005 AL 2011)"", ""CITROEN C5 3.0 V6 (2002 AL 2011)"", ""CITROEN XANTIA 1.9 TD (1993 AL 1999)"", ""CITROEN XANTIA 1.9D (1993 AL 1996)"", ""CITROEN XANTIA 2.0 16V (1993 AL 2000)"", ""CITROEN XANTIA 2.0 HDI (1999 AL 2001)"", ""CITROEN XANTIA 2.01 (1993 AL 1998)"", ""CITROEN XANTIA 3.0 V6 (1999 AL 2001)"", ""CITROEN XM 201 (1995 AL 1996)"", ""CITROEN XM 2.1 TD (1992 AL 1993)"", ""CITROEN XM 3.0 V6 (1992 AL 1997)"", ""CITROEN XSARA 16 16¥ (2003 AL 2005)"", ""CITROEN XSARA 18 16V (1998 AL 2002)"", ""CITROEN XSARA 19 TD (1999 AL 2001)"", ""CITROEN XSARA 19D (1998 AL 2005)"", ""CITROEN XSARA 2.0 16V (1999 AL 2004)"", ""CITROEN XSARA 2.0 HDI (2001 AL 2005)"", ""CITROEN XSARA PICASSO 1.6 16V (2005 AL 2012)"", ""CITROEN XSARA PICASSO 2.0 16V (1999 AL 2011)"", ""CITROEN XSARA PICASSO 2.0 HDI (2001 AL 2011)"", ""PEUGEOT 405 14 (1992 AL 1997}"", ""PEUGEOT 405 1 (1993 AL 2003)"", ""PEUGEOT 405 1.9 (1991 AL 1998)"", ""PEUGEOT 405 1.9 SRD (1991 AL 1997)"", ""PEUGEOT 405 2.0 (1991 AL 1997}"", ""PEUGEOT 405 2.0 16¥V (1991 AL 1995)"", ""PEUGEOT 406 14 (1996 AL 1999)"", ""PEUGEOT 406 1.9 TD (1991 AL 2001)"", ""PEUGEOT 406 2.0 (138CV) (2000 AL 2002)"", ""PEUGEOT 406 2.0 (1996 AL 2003)"", ""PEUGEOT 406 2.0 HDI (2000 AL 2004)"", ""PEUGEOT 406 2.0 ST (1999 AL 2002)"", ""PEUGEOT 406 2.1 TD (1999 AL 2001)"", ""PEUGEOT 406 2.2 (2001 AL 2004)"", ""PEUGEOT 406 3.0 V6 (1998 AL 2004)"", ""PEUGEOT 605 2.0 (1992 AL 1997}"", ""PEUGEOT 605 2.1 TDI (1992 AL 1995)"", ""PEUGEOT 605 3.0 V6 (1992 AL 2000)"", ""PEUGEOT 607 3.0 V6 (2001 AL 2009)""]",43,"[""DIAMETRO MAYOR DE PERNO: 15.82 mm"", ""LADO: AMBOS"", ""OBSERVACION 1: RM. 40X1.50"", ""POSICION: DELANTERO"", ""TIPO DE PERNO: CGNICO"", ""UBICACION: SUPERIOR""]",6,"[""CORVEN: 5RT1082"", ""NAKATA: N9138"", ""OE: 3640 28"", ""OE 1: 3640 34"", ""OE 2: 3640 71""]",5,,,70.0722
PS.1011,https://icepar.specparts.shop/products/detail?slug=trw_ps1011-73403,970,,,,,"[""CITROEN JUMPER 2.3 HDI (2010 AL 2020)"", ""CITROEN JUMPER 2.8 HDI (2005 AL 2010)"", ""CITROEN JUMPER 2.8 TD 31M (2003 AL 2004)"", ""CITROEN JUMPER 2.8D 31M (1999 AL 2002)"", ""FIAT DUCATO 1.9 10D (1992 AL 2001)"", ""FIAT DUCATO 2.3 MULTUJET (2010 AL 2026)"", ""FIAT DUCATO 2.5D (1996 AL 1998)"", ""FIAT DUCATO 2.4 IDTD (1998 AL 2005)"", ""FIAT DUCATO 2.8 JTD (2006 AL 2010)"", ""PEUGEOT BOXER 1.9D (1995 AL 2003)"", ""PEUGEOT BOXER 2.2 HDI 130CV (2017 AL 2026)"", ""PEUGEOT BOXER 2.3 HDI (2010 AL 2017)"", ""PEUGEOT BOXER 2.5 TD (1998 AL 2001)"", ""PEUGEOT BOXER 2.5D (1998 AL 2001)"", ""PEUGEOT BOXER 2.8 HDI (2006 AL 2010)"", ""PEUGEOT BOXER 2.8 TD (1995 AL 2006)"", ""PEUGEOT BOXER 2.8D (1999 AL 2004)""]",17,"[""DIAMETRO DE PERNO: 19.9 mm"", ""LADO: AMBOS"", ""POSICION: DELANTERO"", ""UBICACION: INFERIOR""]",4,"[""CORVEN: 5RT1397"", ""NAKATA: N10429"", ""OE: 1331641080""]",3,,,39.0412
PS.1012,https://icepar.specparts.shop/products/detail?slug=trw_ps1012-73404,970,,,,,"[""CITROEN JUMPER 2.2 HDI 130CV (2017 AL 2026)"", ""CITROEN JUMPER 2.2 HDI 130CV MT6 (2022 AL 2026)"", ""CITROEN JUMPER 2.3 HDI (2010 AL 2020)"", ""CITROEN JUMPER 2.8 HDI (2005 AL 2010)"", ""CITROEN JUMPER 2.8 TD 31M (2003 AL 2004)"", ""CITROEN JUMPER 2.8D 31M (1999 AL 2002)"", ""FIAT DUCATO 2.3 MULTUJET (2010 AL 2026)"", ""FIAT DUCATO 2.5D (1996 AL 1998)"", ""FIAT DUCATO 2.4 IDTD (1998 AL 2005)"", ""FIAT DUCATO 2.8 JTD (2006 AL 2010)"", ""PEUGEOT BOXER 1.9D (1995 AL 2003)"", ""PEUGEOT BOXER 2.2 HDI 130CV (2017 AL 2026)"", ""PEUGEOT BOXER 2.3 HDI (2010 AL 2017)"", ""PEUGEOT BOXER 2.8 HDI (2006 AL 2010)"", ""PEUGEOT BOXER 2.8 TD (1995 AL 2006)"", ""PEUGEOT BOXER 2.8D (1999 AL 2004)""]",16,"[""DIAMETRO MAYOR DE PERNO: 17 mm"", ""LADO: AMBOS"", ""POSICION: DELANTERO"", ""TIPO DE PERNO: CGNICO""]",4,"[""CORVEN: 5RT1397"", ""NAKATA: N10625"", ""OE: 364055""]",3,,,37.7671
JBJ807,https://icepar.specparts.shop/products/detail?slug=trw_jbj807-73408,970,,,,,"[""FIAT BRAVO 14 16V MULTIAIR (2012 AL 2016)"", ""FIAT BRAVO 16 16V MULTUET (2013 AL 2014)"", ""FIAT BRAVO 2.0 (1999 AL 2001)"", ""FIAT STILO 1.8 16V (2003 AL 2007)"", ""FIAT STILO 1.8 8V (2004 AL 2010)"", ""FIAT STILO 1.9 JTD (2003 AL 2007}""]",6,"[""DIAMETRO DE PERNO: 17 mm"", ""LADO: AMBOS"", ""POSICION: DELANTERO"", ""TIPO DE PERNO: RECTO""]",4,"[""CORVEN: 5RT1448"", ""NAKATA: N6068"", ""OE: 7084041""]",3,,,27.5786
PS..959,https://icepar.specparts.shop/products/detail?slug=trw_ps959-73410,970,,,,,"[""FIAT FIGRINO 14 &V EVO (2014 AL 2026)"", ""FIAT GRAND SIENA 1.4 &V EVO (2013 AL 2020)"", ""FIAT GRAND SIENA 1.6 16V ETORQUE (2012 AL 2020)"", ""FIAT MOBI L0 &V (2016 AL 2026)"", ""FIAT PALIO 13 16V FIRE (2001 AL 2007)"", ""FIAT PALIO 13 16V MULTHET (2011)"", ""FIAT PALIO 13 MPI (1999 AL 2004)"", ""FIAT PALIO 14 &V EVO (2012 AL 2026)"", ""FIAT PALIO 14 8V FIRE (2006 AL 2020)"", ""FIAT PALIO 16 16V E-TORQ (2010 AL 2022)"", ""FIAT PALIO 16 16V TORQUE (1997 AL 2005)"", ""FIAT PALIO 16 SPI (1997 AL 2001)"", ""FIAT PALIO 17 TD (2001 AL 2010)"", ""FIAT PALIO 18 8V (2004 AL 2010)"", ""FIAT PALIO 18 R (2006 AL 2007}"", ""FIAT SIENA 13 16V FIRE (2001 AL 2007}"", ""FIAT SIENA 14 &V FIRE (2006 AL 2022)"", ""FIAT SIENA 16 16V E-TORQ (2010 AL 2021)"", ""FIAT SIENA 16 16V TORQUE (2001 AL 2003)"", ""FIAT SIENA 16 SPI GNC (2000 AL 2001)"", ""FIAT SIENA 17 TD (2002 AL 2010)"", ""FIAT SIENA 18 &V (2004 AL 2011)"", ""FIAT STRADA 13 16V MULTUET (2010 AL 2022)"", ""FIAT STRADA 13 8V FIRE (2004 AL 2005)"", ""FIAT STRADA 13 8V Firefly CD (2020 AL 2026)"", ""FIAT STRADA 13 8V Firefly CD CVT (2022 AL 2026)"", ""FIAT STRADA 14 8V FIRE (2009 AL 2022)"", ""FIAT STRADA 16 16V E-TORQ (2010 AL 2022)"", ""FIAT STRADA 17 TD (1999 AL 2010)"", ""FIAT STRADA 18 8V (2005 AL 2011)"", ""FIAT UNG 13 8V FIRE (2009 AL 2010)"", ""FIAT UNG 14 8V EVO (2010 AL 2017)""]",32,"[""DIAMETRO MAYOR DE PERNO: 13.7 mm"", ""LADO: AMBOS"", ""POSICION: DELANTERO"", ""TIPO DE PERNO: CGNICO"", ""UBICACION: INFERIOR""]",5,"[""CORVEN: 5RT1279"", ""NAKATA: N6058"", ""OE: 46779293"", ""OE 1: 7082812""]",4,,,57.7754
PS.1003,https://icepar.specparts.shop/products/detail?slug=trw_ps1003-73412,970,,,,,"[""ALFA ROMEC MITC 14 78CV (2016 AL 2021)"", ""ALFA ROMEC MITC 14 TB 170CV QV (2013 AL 2021)"", ""ALFA ROMEC MITC 14 TB 170CV VELOCE (2017 AL 2026)"", ""ALFA ROMEC MITO 14 TURBO T-JET 16¥V 135CV (2011 AL 2019)"", ""ALFA ROMEC MITO 14 TURBO T-JET 16¥V 155CV (2009 AL 2017)"", ""FIAT LINEA 18 16V E-TORQ (2011 AL 2018)"", ""FIAT LINEA 19 16¥ (2009 AL 2011)"", ""FIAT PUNTO 1.2 (1994 AL 1999)"", ""FIAT PUNTO 1.3 16V MULTUET (2008 AL 2011)"", ""FIAT PUNTO 1.4 8V FIRE (2007 AL 2020)"", ""FIAT PUNTO 1.6 16V E-TORQ (2011 AL 2022)"", ""FIAT PUNTO 1.8 &¥V (2007 AL 2011)"", ""FIAT QUBO 1.4 8V (2012 AL 2016)""]",13,"[""DIAMETRO DE PERNO: 16 mm"", ""LADO: AMBOS"", ""POSICION: DELANTERO""]",3,"[""NAKATA: N10619"", ""OE: 55702011""]",2,,,32.6162
PS..996,https://icepar.specparts.shop/products/detail?slug=trw_ps996-73413,970,,,,,"[""FIAT IDEA 1.6 16V E-TORQ (2010 AL 2020)"", ""FIAT IDEA 1.8 &V (2010 AL 2011)"", ""FIAT PALIO 16 16V E-TORQ (2010 AL 2022)"", ""FIAT PALIO 18 8V (2006 AL 2010)"", ""FIAT STRADA 16 16V E-TORQ (2010 AL 2022)"", ""FIAT STRADA 18 8V (2008 AL 2011)""]",6,"[""DIAMETRO DE PERNO: 16.95 mm"", ""LADO: DERECHO"", ""POSICION: DELANTERO"", ""UBICACION: INFERIOR""]",4,"[""CORVEN: 5RT9017"", ""NAKATA: N96027"", ""OE: 7086251""]",3,,,27.5049
PS..997,https://icepar.specparts.shop/products/detail?slug=trw_ps997-73414,970,,,,,"[""FIAT IDEA 1.6 16V E-TORQ (2010 AL 2020)"", ""FIAT IDEA 1.8 &V (2005 AL 2011)"", ""FIAT PALIO 16 16V E-TORQ (2010 AL 2022)"", ""FIAT PALIO 18 8V (2006 AL 2010)"", ""FIAT STRADA 16 16V E-TORQ (2010 AL 2022)"", ""FIAT STRADA 18 8V (2008 AL 2011)""]",6,"[""DIAMETRO DE PERNO: 16.95 mm"", ""LADO: IZQUIERDO"", ""POSICION: DELANTERO"", ""UBICACION: INFERIOR""]",4,"[""CORVEN: 5RT9016"", ""NAKATA: N96026"", ""OE: 7086252""]",3,,,27.1714
PS..866,https://icepar.specparts.shop/products/detail?slug=trw_ps866-73415,970,,,,,"[""FIAT PALIO 13 16V FIRE (2001 AL 2007)"", ""FIAT PALIO 13 MPI (1999 AL 2004)"", ""FIAT PALIO 14 8V FIRE (2006 AL 2012)"", ""FIAT PALIO 16 16V E-TORQ (2013 AL 2018)"", ""FIAT PALIO 16 16V TORQUE (1997 AL 2005)"", ""FIAT PALIO 16 SPI (1997 AL 2001)"", ""FIAT PALIO 17 TD (1997 AL 2001, 2005 AL 2010)"", ""FIAT PALIO 18 8V (2004 AL 2010)"", ""FIAT SIENA 16 16V TORQUE (2001 AL 2002)"", ""FIAT SIENA 16 SPI GNC (2000 AL 2001)"", ""FIAT SIENA 17 TD (1997 AL 2003)"", ""FIAT STRADA 13 8V FIRE (2004 AL 2005)"", ""FIAT STRADA 14 8V FIRE (2009 AL 2022)"", ""FIAT STRADA 14 CD (2020 AL 2026)"", ""FIAT STRADA 14 CS (2020 AL 2022)"", ""FIAT STRADA 16 16V E-TORQ (2010 AL 2022)"", ""FIAT STRADA 18 8V (2005 AL 2011)""]",17,"[""DIAMETRO MAYOR DE PERNO: 13.7 mm"", ""LADO: AMBOS"", ""OBSERVACION 1: M12X 125"", ""POSICION: DELANTERO"", ""TIPO DE PERNO: CGNICO""]",5,"[""OE: 7081835"", ""OE 1: 46543045""]",2,,,39.0189
JBJ1261,https://icepar.specparts.shop/products/detail?slug=trw_jbj1261-73417,970,,,,,"[""FIAT 500 14 CROSS AT (2018 AL 2022)"", ""FIAT 500 14 POP MT (2018 AL 2026)"", ""FIAT TORO 13T 270 Firefly (2021 AL 2026)"", ""FIAT TORO 18 170 E-TORQ EVO (2021 AL 2022)"", ""FIAT TORO 18 2WD (2018 AL 2026)"", ""FIAT TORO 20 JTD 350 Multijet (2021 AL 2026)"", ""FIAT TORO 20 JTD 350 Multijet AT? 4X4 (2022 AL 2026)"", ""FIAT TORO 20 MJT 16V AT (2016 AL 2026)"", ""FIAT TORO 20 MJT 16V ATS 4X4 (2020 AL 2026)"", ""FIAT TORO 20 MJT 16V MT (2016 AL 2026)"", ""FIAT TORO 20 MTJ 16V MT (2016 AL 2022)"", ""JEEP COMPASS L3T T270 6AT (2021 AL 2026)"", ""JEEP COMPASS 2.0 MJT 16V AT9 4X4 (2020 AL 2026)"", ""JEEP COMPASS 2.4 16V (2007 AL 2015)"", ""JEEP COMPASS 2.4 16V AT (2017 AL 2026)"", ""JEEP COMPASS 2.4 16V CVT (2018 AL 2026)"", ""JEEP COMPASS 2.4 16V MT (2017 AL 2022)"", ""JEEP RENEGADE 13TT270 FWD AT6 (2022 AL 2026)"", ""JEEP RENEGADE 13TT270 FWD ATS (2022 AL 2026)"", ""JEEP RENEGADE 18 16V E-TORQ EVO MT 4X2 (2016 AL 2026)"", ""JEEP RENEGADE 18 2WD (2017 AL 2026)"", ""JEEP RENEGADE 20 16V MULTUET ATS (2017 AL 2026)"", ""JEEP RENEGADE 24 16V 4X4 (2016 AL 2021)""]",23,"[""DIAMETRO MENOR DE PERNO: 19 mm"", ""LADO: AMBOS"", ""POSICION: DELANTERO"", ""TIPO DE PERNO: CGNICO""]",4,"[""NAKATA: N99250"", ""OE: 68 246489AA""]",2,,,44.9674
PS.4450,https://icepar.specparts.shop/products/detail?slug=trw_ps4450-73422,970,,,,,"[""FORD F-100 3.9 TDI (1999 AL 2012)"", ""FORD F-100 4.2 V6 (1999 AL 2001)"", ""FORD F-100 4.20 MWM (1999 AL 2007)"", ""FORD F-100 4.20 MW 4X4 (1986 AL 2001)"", ""FORD F-150 2.5 TDI (1996 AL 2000)"", ""FORD F-150 4.2 V6 (1996 AL 1998)""]",6,"[""DIAMETRO DE PERNO: 22.5 mm"", ""LADO: AMBOS"", ""POSICION: DELANTERO"", ""UBICACION: INFERIOR""]",4,"[""CORVEN: 5RT1240"", ""NAKATA: N10228"", ""OE: F6TZ3050FB"", ""OE 1: 8C3Z3050DA""]",4,,,28.5020
PS..736,https://icepar.specparts.shop/products/detail?slug=trw_ps736-73423,970,,,,,[],0,"[""DIAMETRO MAYOR DE PERNO: 19.6 mm"", ""LADO: AMBOS"", ""POSICION: DELANTERO"", ""TIPO DE PERNO: CGNICO"", ""UBICACION: INFERIOR""]",5,"[""CORVEN: 5RT1001"", ""NAKATA: N2038"", ""OE: TNK407301""]",3,,,19.1286
PS.4451,https://icepar.specparts.shop/products/detail?slug=trw_ps4451-73428,970,,,,,"[""FORD EXPLORER 4.0 (1991 AL 2002)"", ""FORD RANGER 2.2 TDCI (2012 AL 2017}"", ""FORD RANGER 2.2 TDCI AT (2021 AL 2026)"", ""FORD RANGER 2.2 TDCI MT (2016 AL 2026)"", ""FORD RANGER 2.3 MPI (1996 AL 1997)"", ""FORD RANGER 2.3N (2006 AL 2012)"", ""FORD RANGER 2.5 MPI (1995 AL 2001)"", ""FORD RANGER 2.5 TDI (1997 AL 2002)"", ""FORD RANGER 2.5N (2012 AL 2016)"", ""FORD RANGER 2.5N MT (2016 AL 2026)"", ""FORD RANGER 28 TDI (2001 AL 2006)"", ""FORD RANGER 3.0 TDI (2006 AL 2012)"", ""FORD RANGER 3.2 TDCI (2012 AL 2016)"", ""FORD RANGER 3.2 TDCI AT (2016 AL 2026)"", ""FORD RANGER 3.2 TDCI FX4 (2022 AL 2026)"", ""FORD RANGER 3.2 TDCI MT (2016 AL 2026)"", ""FORD RANGER 4.0 V6 (1996 AL 2001)""]",17,"[""DIAMETRO MAYOR DE PERNO: 18 mm"", ""LADO: AMBOS"", ""POSICION: DELANTERO"", ""TIPO DE PERNO: CGNICO"", ""UBICACION: INFERIOR"", ""DIAMETRO DE BASE: 44.43 mm""]",6,"[""CORVEN: 5RT1139"", ""NAKATA: N2122"", ""OE: SL553395AA""]",3,,,40.8522
PS.4444,https://icepar.specparts.shop/products/detail?slug=trw_ps4444-73429,970,,,,,"[""FORD FOCUS 16 8V (2004 AL 2010)"", ""FORD FOCUS 18 16¥ (2000 AL 2005)"", ""FORD FOCUS 18 TDCI (2004 AL 2010)"", ""FORD FOCUS 18 TDI (2002 AL 2005)"", ""FORD FOCUS 2.0 16¥ (2000 AL 2014)""]",5,"[""DIAMETRO DE PERNO: 17.5 mm"", ""LADO: AMBOS"", ""POSICION: DELANTERO"", ""UBICACION: INFERIOR""]",4,"[""CORVEN: 5RT1235"", ""NAKATA: N2129"", ""OE: 98AG3395AE""]",3,,,26.7036
JBJ153,https://icepar.specparts.shop/products/detail?slug=trw_jbj153-73436,970,,,,,"[""HONDA CIVIC 1.5 (1988 AL 1996)"", ""HONDA CIVIC 14 (1991 AL 2001)"", ""HONDA CR-¥ 20 (1997 AL 2002)"", ""HONDA CR-V 24 (2006 AL 2016)"", ""HONDA CRX 16 (1987 AL 1991)"", ""HONDA CRX 1.6 VTI (1989 AL 1998)"", ""ROVER 414 14 (1992 AL 1997}"", ""ROVER 416 16 16¥V (1992 AL 2000)"", ""ROVER 420 20 TD (1996 AL 2000)"", ""ROVER 420 2.0D (1996 AL 2000)"", ""ROVER 45 18 16¥ (2001 AL 2006)"", ""ROVER 45 20 TD (2001 AL 2006)"", ""ROVER 45 2.0 V6 (2001 AL 2003)""]",13,"[""DIAMETRO MENOR DE PERNO: 14 mm"", ""LADO: AMBOS"", ""OBSERVACION 1: M12X1.25"", ""POSICION: DELANTERO"", ""TIPO DE PERNO: CGNICO"", ""DIAMETRO DE BASE: 40 mm""]",6,"[""CORVEN: 5RT1101"", ""NAKATA: N9151"", ""OE: 51225-5T3-E01""]",3,,,37.4927
JBJ1257,https://icepar.specparts.shop/products/detail?slug=trw_jbj1257-73439,971,,,,,"[""HONDA CITY 1.5 16V (2009 AL 2020)"", ""HONDA FIT 1.4 (2003 AL 2016)"", ""HONDA FIT 1.5 16¥V (2009 AL 2016)"", ""HONDA FIT 1.5 16V CVT (2017 AL 2026)""]",4,"[""DIAMETRO MENOR DE PERNO: 17.41 mm"", ""LADO: AMBOS"", ""POSICION: DELANTERO"", ""TIPO DE PERNO: CGNICO""]",4,"[""CORVEN: 5RT9132"", ""NAKATA: N11007"", ""OE: 51350-TF-0030"", ""OE 1: 51220-TK-6A01""]",4,,,26.3065
PS.4443,https://icepar.specparts.shop/products/detail?slug=trw_ps4443-73440,971,,,,,"[""HONDA FIT 1.4 (2003 AL 2008)"", ""HONDA FIT 1.5 (2005 AL 2008)"", ""HONDA FIT 1.5 16¥V (2009 AL 2016)""]",3,"[""DIAMETRO DE PERNO: 16 mm"", ""LADO: AMBOS"", ""POSICION: DELANTERO"", ""UBICACION: INFERIOR"", ""DIAMETRO DE BASE: 34.3 mm""]",5,"[""CORVEN: 5RT1353"", ""NAKATA: N11920"", ""OE: 51220SELTO1"", ""OE 1: 5122052HO13"", ""OE 2: 512205LNAQ2""]",5,,,27.1334
PS.1018,https://icepar.specparts.shop/products/detail?slug=trw_ps1018-73442,971,,,,,"[""HONDA CIVIC 1.7 (2001 AL 2007}""]",1,"[""DIAMETRO MAYOR DE PERNO: 16 mm"", ""LADO: AMBOS"", ""POSICION: DELANTERO"", ""TIPO DE PERNO: CGNICO"", ""UBICACION: INFERIOR"", ""DIAMETRO DE BASE: 40.1 mm""]",6,"[""CORVEN: 5RT1319"", ""NAKATA: N10999"", ""OE: 51220-55A-003"", ""OE 1: 51220-504-003""]",4,,,24.0266
JBJ7569,https://icepar.specparts.shop/products/detail?slug=trw_jbj7569-73444,971,,,,,"[""HONDA CR-V LST CVT 4X2 (2020 AL 2026)"", ""HONDA CR-V LST CVT 4X4 (2020 AL 2022)"", ""HONDA CR-V 24 (2006 AL 2016)"", ""HONDA CR-V 24 AT (2016 AL 2020)"", ""HONDA CR-V 24 CVT (2020 AL 2026)"", ""HONDA CR-V 24 MT (2016 AL 2026)"", ""HONDA HR-V 18 16V CVT (2016 AL 2026)"", ""HONDA HR-V 18 16V MT (2015 AL 2016)""]",8,"[""DIAMETRO MAYOR DE PERNO: 17 mm"", ""LADO: AMBOS"", ""POSICION: DELANTERO"", ""TIPO DE PERNO: CGNICO"", ""UBICACION: INFERIOR""]",5,"[""NAKATA: N99244"", ""OE: 51220-STK-AO1""]",2,,,29.4914
JBJ154,https://icepar.specparts.shop/products/detail?slug=trw_jbj154-73445,971,,,,,"[""HYUNDAI ACCENT 1LSN (1994 AL 2003)"", ""HYUNDAI CRETA 15 115CV 2WD CVT (2022 AL 2026)"", ""HYUNDAI CRETA 16 16V 2WD (2016 AL 2026)"", ""HYUNDAI ELANTRA 16 (1992 AL 1995)"", ""HYUNDAI ELANTRA 18 (1996 AL 2005)"", ""HYUNDAI ELANTRA 18 16¥V (2018 AL 2020)"", ""HYUNDAI ELANTRA 2.0 (1998 AL 2001)"", ""HYUNDAI ELANTRA 2.0 CRDI (2002 AL 2005)"", ""HYUNDAI GETZ 1.6 (2002 AL 2003)"", ""HYUNDAI MATRIX 1.5 CRDI (2002 AL 2004}"", ""HYUNDAI MATRIX 1.6 (2001 AL 2004)"", ""HYUNDAI SONATA 2.0 (1992 AL 1999)"", ""HYUNDAI SONATA 2.5 V6 24¥ (1994 AL 2001)"", ""KIA CERATO 16 CRDI (2008 AL 2005)"", ""KIA CERATO 2.0 16V GT AT (2020 AL 2026)"", ""KIA CERATO 2.0 CRDI (2005 AL 2006)"", ""KIA PICANTO 10 MT (2018 AL 2026)"", ""KIA PICANTO 11 (2006 AL 2013)"", ""KIA PICANTO 12 16V AT (2013 AL 2022)"", ""KIA PICANTO 12 16¥V MT (2018 AL 2020)""]",20,"[""DIAMETRO MENOR DE PERNO: 15 mm"", ""LADO: AMBOS"", ""POSICION: DELANTERO"", ""TIPO DE PERNO: CGNICO"", ""DIAMETRO DE BASE: 40 mm""]",5,"[""CORVEN: 5RT1145"", ""NAKATA: N10909"", ""OE: 54530-31600""]",3,,,43.1662
JBJ287,https://icepar.specparts.shop/products/detail?slug=trw_jbj287-73446,971,,,,,"[""HYUNDAI ACCENT 15 CRDI (2002 AL 2005)"", ""HYUNDAI ACCENT 1LSN (1994 AL 2003)"", ""HYUNDAI ATOS 10 (1998 AL 2009)"", ""HYUNDAI CRETA 16 16V 2WD (2016 AL 2026)"", ""HYUNDAI ELANTRA 16 (1992 AL 1995)"", ""HYUNDAI ELANTRA 18 16V (2013 AL 2015, 2018 AL 2020)"", ""HYUNDAI I30 18 16¥ (2013 AL 2017)"", ""HYUNDAI VELOSTER 16 16¥V (2012 AL 2020)"", ""HYUNDAI VELOSTER 16 T MT (2018 AL 2022)"", ""HYUNDAI VELOSTER 16 T-GDi (2019 AL 2022)"", ""HYUNDAI VELOSTER 2.0 T-GDi 6AT (2019 AL 2022)"", ""KIA CERATO 16 16V (2010 AL 2026)"", ""KIA CERATO 2.0 16V (2010 AL 2015)"", ""KIA CERATO 2.0 16V AT (2022 AL 2026)"", ""KIA CERATO 2.0 16V GT AT (2020 AL 2026)"", ""KIA CERATO FORTE 2.0 16V AT (2017 AL 2026)"", ""KIA FORTE 2.0 16V GDI AT (2019 AL 2021)"", ""KIA RIO 1.4 AT (2019 AL 2026)"", ""KIA RIO 1.6 16V AT (2018 AL 2026)"", ""KIA RIO 1.4 16V MT (2018 AL 2026)""]",20,"[""DIAMETRO MENOR DE PERNO: 15.05 mm"", ""LADO: AMBOS"", ""POSICION: DELANTERO"", ""TIPO DE PERNO: CGNICO"", ""DIAMETRO DE BASE: 40.3 mm""]",5,"[""NAKATA: N99275"", ""OE: 54530-25A00""]",2,,,44.7732
JBJ7552,https://icepar.specparts.shop/products/detail?slug=trw_jbj7552-73449,971,,,,,"[""HYUNDAI 130 1.4 (2008 AL 2013)"", ""HYUNDAI I30 16 (2008 AL 2012)"", ""HYUNDAI I30 18 16¥ (2013 AL 2020)"", ""HYUNDAI I30 2.0 (2008 AL 2012)"", ""HYUNDAI TUCSON 16 TURBO (2017 AL 2026)"", ""HYUNDAI TUCSON 2.0 16¥V (2007 AL 2026)"", ""HYUNDAI TUCSON 2.0 16V AT (2017 AL 2022)"", ""HYUNDAI TUCSON 2.0 16V MT (2017 AL 2026)"", ""HYUNDAI TUCSON 2.0 CRDI (2005 AL 2013, 2016 AL 2022)"", ""HYUNDAI TUCSON 2.7 V6 (2005 AL 2010)"", ""KIA GRAND SPORTAGE 2.0 TDI (1998 AL 2003)"", ""KIA MAGENTIS 2.7 V6 (2008 AL 2011)"", ""KIA RIO 1.4 (2013 AL 2016)"", ""KIA SPORTAGE 20 (1993 AL 2006)"", ""KIA SPORTAGE 20 16V AT (2016 AL 2022)"", ""KIA SPORTAGE 20 16¥V AT GT-LINE (2019 AL 2026)"", ""KIA SPORTAGE 20 TDI (1993 AL 2003)""]",17,"[""LADO: AMBOS"", ""POSICION: DELANTERO""]",2,"[""NAKATA: N11936"", ""OE: 51760-2E000""]",2,,,37.5690
JBJ7553,https://icepar.specparts.shop/products/detail?slug=trw_jbj7553-73450,971,,,,,"[""HYUNDAI GRAND SANTA FE 2.2 CRDI (2016 AL 2022)"", ""HYUNDAI GRAND SANTA FE 3.3 V6 (2017 AL 2022)"", ""HYUNDAI SANTA FE 2.0 CRDI (2002 AL 2008)"", ""HYUNDAI SANTA FE 2.2 CRDI (2006 AL 2022}"", ""HYUNDAI SANTA FE 2.4 (2001 AL 2007}"", ""HYUNDAI SANTA FE 2.4 DOHC (2010 AL 2022)"", ""HYUNDAI SANTA FE 2.7 V6 (2001 AL 2010)"", ""HYUNDAI TRAJET 2.0 (2002 AL 2006)"", ""HYUNDAI TRAJET 2.0 CRDI (2002 AL 2003)"", ""HYUNDAI TRAJET 2.7 V6 (2001 AL 2006)"", ""KIA SORENTO 2.2 CRDI (2010 AL 2012, 2016 AL 2017)"", ""KIA SORENTO 2.2CRDIAT (2017 AL 2026)"", ""KIA SORENTO 2.2CRDI MT (2018 AL 2020)"", ""KIA SORENTO 2.4 DOHC (2010 AL 2015)"", ""KIA SORENTO 2.4 DOHC AT (2016 AL 2026)"", ""KIA SORENTO 2.5 CRDI (2006 AL 2010)"", ""KIA SORENTO 3.5 V6 AT (2004 AL 2007}"", ""KIA SORENTO 3.8 V6 (2006 AL 2010)""]",18,"[""DIAMETRO DE PERNO: 20 mm"", ""LADO: AMBOS"", ""POSICION: DELANTERO"", ""TIPO DE PERNO: RECTO"", ""DIAMETRO DE BASE: 42.5 mm""]",5,"[""CORVEN: 5RT1398"", ""NAKATA: N11943"", ""OE: 54530-38000""]",3,,,40.9971
PS.1013,https://icepar.specparts.shop/products/detail?slug=trw_ps1013-73451,971,,,,,"[""AGRALE MA 15.0 (2005 AL 2016)"", ""MECC DAILY 25 TD (1994 AL 1995)"", ""MECC DAILY 28 TD (1995 AL 1996, 1998 AL 20059)"", ""MECC DAILY 3.0 (2020 AL 2026)"", ""MECC DAILY 3.0 CRDI (2008 AL 2026)"", ""MECC DAILY 30130 (2020 AL 2026)"", ""MECC DAILY 30513 PASO 3000 (2020 AL 2026)"", ""SCANIA SERIE K K124 6X2/PARADISO 1800DD (2000 AL 2007)"", ""SCANIA SERIE K K124 IB (1999 AL 2008)"", ""SCANIA SERIE K K124 IBX2/PANORAMICO DD (2000 AL 2007)""]",10,"[""DIAMETRO MAYOR DE PERNO: 215 mm"", ""LADO: AMBOS"", ""OBSERVACION 1: M18X1.5 /M20X15"", ""POSICION: DELANTERO"", ""TIPO DE PERNO: CGNICO"", ""UBICACION: INFERIOR""]",6,"[""CORVEN: 5RT1163"", ""NAKATA: N6071"", ""OE: 93807545""]",3,,,33.6958
PS..980,https://icepar.specparts.shop/products/detail?slug=trw_ps980-73453,971,,,,,"[""MERCEDES BENZ SPRINTER 2.2 CDI (2002 AL 2014)"", ""MERCEDES BENZ SPRINTER 2.5D (1996 AL 2002)""]",2,"[""DIAMETRO MAYOR DE PERNO: 23.4 mm"", ""LADO: AMBOS"", ""OBSERVACION 1:M20X 1"", ""POSICION: DELANTERO"", ""TIPO DE PERNO: CGNICO""]",5,"[""CORVEN: 5RT1069"", ""NAKATA: N5169"", ""OE: 9013331127"", ""OE 1: 9013330727""]",4,,,25.3660
JBJ7547,https://icepar.specparts.shop/products/detail?slug=trw_jbj7547-73456,971,,,,,"[""MITSUBISHI L 200 2.4 16V DED 4x4 6AT (2021 AL 2026)"", ""MITSUBISHI L 200 2.4 16V DED 4x4 6MT (2021 AL 2026)"", ""MITSUBISHI L 200 25 D (2006 AL 2010)"", ""MITSUBISHI L 200 25 DI-D (2007 AL 2015)"", ""MITSUBISHI L 200 3.2 DI-D (2009 AL 2022)"", ""MITSUBISHI L 200 3.2 DI-D AT (2016 AL 2026)"", ""MITSUBISHI L 200 3.2 DI-D MT (2019 AL 2022)"", ""MITSUBISHI NATIVA 3.2 DI-D (2011 AL 2012)""]",8,"[""DIAMETRO MENOR DE PERNO: 15.9 mm"", ""LADO: AMBOS"", ""POSICION: DELANTERO"", ""TIPO DE PERNO: CGNICO"", ""UBICACION: SUPERIOR""]",5,"[""NAKATA: N48304"", ""OE: 4010A015""]",2,,,29.5265
JBJ7548,https://icepar.specparts.shop/products/detail?slug=trw_jbj7548-73457,971,,,,,"[""MITSUBISHI L 200 2.4 16V DED 4x4 6AT (2021 AL 2026)"", ""MITSUBISHI L 200 2.4 16V DED 4x4 6MT (2021 AL 2026)"", ""MITSUBISHI L 200 25 D (2006 AL 2010)"", ""MITSUBISHI L 200 25 DI-D (2007 AL 2015)"", ""MITSUBISHI L 200 3.2 DI-D (2009 AL 2022)"", ""MITSUBISHI L 200 3.2 DI-D AT (2016 AL 2026)"", ""MITSUBISHI L 200 3.2 DI-D MT (2019 AL 2022)"", ""MITSUBISHI NATIVA 3.2 DI-D (2011 AL 2012)""]",8,"[""DIAMETRO MENOR DE PERNO: 15.4 mm"", ""LADO: AMBOS"", ""POSICION: DELANTERO"", ""TIPO DE PERNO: CGNICO"", ""UBICACION: INFERIOR""]",5,"[""NAKATA: N48303"", ""OE: 413A090"", ""OE 1: MR992299""]",3,,,30.9309
PS.1021,https://icepar.specparts.shop/products/detail?slug=trw_ps1021-73460,971,,,,,"[""MITSUBISHI L 200 25 (2013 AL 2016)"", ""MITSUBISHI L 200 25 TDI (1997 AL 2005)"", ""MITSUBISHI L 200 25D (1992 AL 2005)"", ""MITSUBISHI L 200 3.2 DI-D AT (2016 AL 2026)"", ""MITSUBISHI L 300 25 (1992 AL 2001)""]",5,"[""DIAMETRO DE PERNO: 18 mm"", ""LADO: AMBOS"", ""POSICION: DELANTERO"", ""UBICACION: INFERIOR""]",4,"[""NAKATA: N49318"", ""OE: 598017"", ""OE 1: 598018"", ""OE 2: MB1709308""]",4,,,27.1903
PS.4452,https://icepar.specparts.shop/products/detail?slug=trw_ps4452-73461,971,,,,,"[""KIA K 2500 2.5 CRDI (2008 AL 2017)"", ""NISSAN FRONTIER 2.3 16V AT (2018 AL 2026)"", ""NISSAN FRONTIER 2.3 16V MT (2016 AL 2026)"", ""NISSAN FRONTIER 2.3 16V PROAX AT (2022 AL 2026)"", ""NISSAN FRONTIER 2.5 (2010 AL 2017)"", ""NISSAN FRONTIER 2.8 TDI (2002 AL 2007}"", ""NISSAN FRONTIER 2.8 TDI ELECTRONIC (2006 AL 2009)"", ""NISSAN PICK UP 27D (1993 AL 2001)"", ""NISSAN TERRANG 2.5 DCI (2004 AL 2005)"", ""NISSAN X-TERRA 2.8 TDI (2003 AL 2009)""]",10,"[""LADO: AMBOS"", ""OBSERVACION 1: RM35X‘L50"", ""POSICION: DELANTERO"", ""UBICACION: INFERIOR""]",4,"[""CORVEN: 5RT7263"", ""NAKATA: N99082"", ""OE: 4016025601"", ""OE 1: 4016025686""]",4,,,33.2270
PS.4453,https://icepar.specparts.shop/products/detail?slug=trw_ps4453-73462,971,,,,,"[""KIA K 2500 2.5 CRDI (2008 AL 2017)"", ""NISSAN FRONTIER 2.3 16V AT (2018 AL 2026)"", ""NISSAN FRONTIER 2.3 16V MT (2016 AL 2026)"", ""NISSAN FRONTIER 2.3 16V PROAX AT (2022 AL 2026)"", ""NISSAN FRONTIER 2.5 (2010 AL 2017)"", ""NISSAN FRONTIER 2.8 TDI (2002 AL 2007}"", ""NISSAN FRONTIER 2.8 TDI ELECTRONIC (2006 AL 2009)"", ""NISSAN TERRANG 2.5 DCI (2004 AL 2005)"", ""NISSAN X-TERRA 2.8 TDI (2003 AL 2009)""]",9,"[""DIAMETRO MAYOR DE PERNO: 16.2 mm"", ""LADO: AMBOS"", ""POSICION: DELANTERO"", ""TIPO DE PERNO: CGNICO"", ""UBICACION: SUPERIOR"", ""DIAMETRO DE BASE: 5115 mm""]",6,"[""NAKATA: N99175"", ""OE: 40110VJ200"", ""OE 1: 40110-25485""]",3,,,32.9540
PS.1015,https://icepar.specparts.shop/products/detail?slug=trw_ps1015-73469,971,,,,,"[""RENAULT CLIO 12 16V (1999 AL 2020)"", ""RENAULT CLIO 14 (1992 AL 1995)"", ""RENAULT CLIO 15 DCI (2001 AL 2009)"", ""RENAULT CLIO 16 16V (1999 AL 2009)"", ""RENAULT CLIO 16 &V (1999 AL 2003)"", ""RENAULT CLIO 16 (1991 AL 2000)"", ""RENAULT CLIO 18 (1995 AL 1998)"", ""RENAULT CLIO 19D (1995 AL 2002)"", ""RENAULT CLIO 2.0 (2000 AL 2002)"", ""RENAULT CLIO 2.0 150CV (1994 AL 1996)"", ""RENAULT DUSTER GROCH 16 SCE 114 2WDPICK-UP CABINA DOBLE (2022 AL 2026)"", ""RENAULT EXPRESS 1.6 16V (1996 AL 2001)"", ""RENAULT EXPRESS 1.9D (1995 AL 2002)"", ""RENAULT KANGOO 12 (2001 AL 2002}"", ""RENAULT KANGOO 14 (1998 AL 2001)"", ""RENAULT KANGOO 15 DCI (2008 AL 2020)"", ""RENAULT KANGOO 16 16¥V (2003 AL 2022)"", ""RENAULT KANGOO 16 8¥V (1999 AL 2007)"", ""RENAULT KANGOO 16 SCE 114 (2018 AL 2026)"", ""RENAULT KANGOO 19D (1999 AL 2009)"", ""RENAULT MEGANE 1.6 110C¥ (2000 AL 2002)"", ""RENAULT MEGANE 1.6 16V (1999 AL 2005)"", ""RENAULT MEGANE 1.6 8V (1998 AL 1999)"", ""RENAULT MEGANE 1.9 DTI (1999 AL 2009)"", ""RENAULT MEGANE 1.9 TD (1998 AL 1999)"", ""RENAULT MEGANE 2.0 (1997 AL 1999)"", ""RENAULT MEGANE 2.0 115C¥ (1997 AL 2003)"", ""RENAULT MEGANE 2.0 150CV (1997 AL 2000)"", ""RENAULT MEGANE 2.0 16V (2005 AL 2011)"", ""RENAULT R19 14 (1993 AL 1998)"", ""RENAULT R19 16 (1994 AL 2001)"", ""RENAULT R19 161 (1993 AL 2001)"", ""RENAULT R19 17 (1994 AL 1998)"", ""RENAULT R19 18 (1993 AL 1998)"", ""RENAULT R19 18 16V (1989 AL 1997)"", ""RENAULT R19 L9D (1994 AL 1998)"", ""RENAULT SCENIC 16 16¥V (1998 AL 2011)"", ""RENAULT SCENIC 19 DTI (1998 AL 2009)"", ""RENAULT SCENIC 2.0 115CV (1998 AL 2001)"", ""RENAULT SCENIC 2.0 16¥V (1999 AL 2009)"", ""RENAULT SYMBOL 15 DCI (2009 AL 2013)"", ""RENAULT SYMBOL 16 16¥V (2009 AL 2014)"", ""RENAULT SYMBOL 16 8V (2009 AL 2012)"", ""RENAULT TWINGO 11 (1997 AL 2003)"", ""RENAULT TWINGO 1.2 (1992 AL 2000)""]",45,"[""DIAMETRO DE PERNO: 16 mm"", ""LADO: AMBOS"", ""OBSERVACION 1: @ ORIFICIO DE FUACION 10 SENSOR DE ABS"", ""POSICION: DELANTERO"", ""UBICACION: INFERIOR""]",5,"[""CORVEN: 5RTO955"", ""NAKATA: N9082"", ""OE: 77 01462 182""]",3,,,70.7845
JBJ817,https://icepar.specparts.shop/products/detail?slug=trw_jbj817-73477,971,,,,,"[""RENAULT MASTER 2.3 DCI (2013 AL 2026)"", ""RENAULT MASTER 25 DCI (2009 AL 2013)""]",2,"[""LADO: DERECHO"", ""OBSERVACION 1: M45X1.5"", ""POSICION: DELANTERO"", ""UBICACION: INFERIOR""]",4,"[""NAKATA: N99205"", ""OE: 401611363R""]",2,,,22.1549
JBJ1049,https://icepar.specparts.shop/products/detail?slug=trw_jbj1049-73478,971,,,,,"[""RENAULT MASTER 2.3 DCI (2013 AL 2026)"", ""RENAULT MASTER 25 DCI (2009 AL 2013)""]",2,"[""LADO: IZQUIERDO"", ""UBICACION: INFERIOR"", ""POSICION: DELANTERO""]",3,"[""NAKATA: N99204"", ""OE: 401602379R""]",2,,,21.2315
JBJ778,https://icepar.specparts.shop/products/detail?slug=trw_jbj778-73481,972,,,,,"[""RENAULT MASTER 25 DCI (2006 AL 2013)""]",1,"[""LADO: AMBOS"", ""POSICION: DELANTERO"", ""UBICACION: INFERIOR"", ""DIAMETRO DE BASE: 43 mm""]",4,"[""CORVEN: 5RT9014"", ""NAKATA: N99169"", ""OE: 77 01070 154""]",3,,,21.6777
PS.4446,https://icepar.specparts.shop/products/detail?slug=trw_ps4446-73486,972,,,,,"[""KIA K 2500 2.5 CRDI (2008 AL 2017)"", ""NISSAN PATHFINDER 2.5 DCI (2005 AL 2009)"", ""NISSAN TERRANG 2.5 DCI (2004 AL 2005)"", ""RENAULT GRAND SCENIC 2.0 (2007 AL 2009)"", ""RENAULT LOGAN 1.5 DCI (2007 AL 2014)"", ""RENAULT LOGAN 1. 16V (2007 AL 2010, 2013 AL 2021)"", ""RENAULT LOGAN 1.4 16V MT (2019 AL 2026)"", ""RENAULT LOGAN 1.6 8V (2008 AL 2022)"", ""RENAULT MEGANE 1.5 DCI (2006 AL 2010)"", ""RENAULT MEGANE 1.6 110C¥ (2000 AL 2002)"", ""RENAULT MEGANE 1.6 16V (1999 AL 2011)"", ""RENAULT MEGANE 1.9 DCI (2005 AL 2008)"", ""RENAULT MEGANE 1.9 DTI (1999 AL 2009)"", ""RENAULT MEGANE 2.0 16V (2002 AL 2011)"", ""RENAULT MEGANE 2.0 16V 2465CV (2014 AL 2020)"", ""RENAULT SANDERO 1.5 DCI (2008 AL 2011)"", ""RENAULT SANDERG 1.6 16V (2008 AL 2026)"", ""RENAULT SANDERGO 1.6 8V (2009 AL 2020)"", ""RENAULT SCENIC 16 16¥V (2001 AL 2011)"", ""RENAULT SCENIC 19 DTI (2001 AL 2009)"", ""RENAULT SCENIC 2.0 16¥V (2001 AL 2009)""]",21,"[""LADO: AMBOS"", ""POSICION: DELANTERO"", ""UBICACION: INFERIOR""]",3,"[""CORVEN: 5RT1314"", ""NAKATA: N9235"", ""OE: 60400960576"", ""OE 1: 8200298455/5""]",4,,,43.5318
PS.4442,https://icepar.specparts.shop/products/detail?slug=trw_ps4442-73487,972,,,,,"[""SEAT CORDOBA 1.6 (1999 AL 2003)"", ""VOLKSWAGEN CROSSFOX 16 &V (2005 AL 2016)"", ""VOLKSWAGEN FOX 16 16V MSI (2015 AL 2021)"", ""VOLKSWAGEN FOX 16 8V (2003 AL 2015)"", ""VOLKSWAGEN FOX 16 8&V MSI (2016 AL 2022)"", ""VOLKSWAGEN POLO LOTSI 170 TSI MT (2023 AL 2026)"", ""VOLKSWAGEN POLO 16 16V MT (2015 AL 2026)"", ""VOLKSWAGEN POLO 16 MSI MT (2022 AL 2026)"", ""VOLKSWAGEN POLO CLASSIC 16 8V (2001 AL 2009)""]",9,"[""DIAMETRO MAYOR DE PERNO: 14.9 mm"", ""LADO: DERECHO"", ""POSICION: DELANTERO"", ""TIPO DE PERNO: CGNICO"", ""UBICACION: INFERIOR""]",5,"[""CORVEN: 5RT1304"", ""NAKATA: N1064"", ""OE: 5Z0 407 366D"", ""OE 1:8Z0 407 366A"", ""OE 2: 6Q0407366D""]",5,,,34.8512
JBJ534,https://icepar.specparts.shop/products/detail?slug=trw_jbj534-73490,972,,,,,"[""TOYOTA 4 RUNNER 2.8D (1992 AL 1997)"", ""TOYOTA 4 RUNNER 3.0 TD (1997 AL 2001)"", ""TOYOTA 4 RUNNER 4.0 V6 (1994 AL 2000)"", ""TOYOTA LAND CRUISER 3.0 TD (2003 AL 2021)"", ""TOYOTA LAND CRUISER 4.0 (2008 AL 2022)"", ""TOYOTA LAND CRUISER 4.2 TD (1995 AL 2007)"", ""TOYOTA LAND CRUISER 4.5 V& D4D (2008 AL 2022)""]",7,"[""DIAMETRO MENOR DE PERNO: 17.4 mm"", ""LADO: AMBOS"", ""POSICION: DELANTERO"", ""TIPO DE PERNO: CGNICO"", ""UBICACION: INFERIOR""]",5,"[""OE: 43340-39325"", ""OE 1: 43340-39355"", ""OE 2: 43340-39356"", ""OE 3: 43340-39465""]",4,,,31.5854
PS.1017,https://icepar.specparts.shop/products/detail?slug=trw_ps1017-73493,972,,,,,"[""CHERY TIGGO 1.4 16V CVT (2017 AL 2022)"", ""CHERY TIGGO 1.6 16V MT (2015 AL 2026)"", ""CHERY TIGGO 2.0 16V (2008 AL 2020)"", ""CHERY TIGGO 2.0 16V CVT (2016 AL 2026)"", ""CHERY TIGGO 2.0 16V MT (2012 AL 2022)"", ""TOYOTA COROLLA 16 (1992 AL 1999, 2002 AL 2008)"", ""TOYOTA COROLLA 18 (1999 AL 2008, 2012 AL 2014)"", ""TOYOTA COROLLA 18 16V (2014 AL 2016)"", ""TOYOTA COROLLA 2.0 16V GR-5 (2021 AL 2026)"", ""TOYOTA CORGLLA 2.0 16V MT (2020 AL 2026)"", ""TOYOTA COROLLA 20 CVT (2022 AL 2026)"", ""TOYOTA CORGLLA 2.0 D (1990 AL 1994)"", ""TOYOTA CORGLLA 2.0 MT (2022 AL 2026)"", ""TOYOTA CORGLLA 2.0 TD (2002 AL 2008)"", ""TOYOTA RAV 4 18 (2001 AL 2006)"", ""TOYOTA RAV 4 2.0 (2001 AL 2006)"", ""TOYOTA RAV 4 2.0 D4-D (2002 AL 2006)""]",17,"[""DIAMETRO MAYOR DE PERNO: 15 mm"", ""LADO: AMBOS"", ""POSICION: DELANTERO"", ""TIPO DE PERNO: CGNICO"", ""UBICACION: INFERIOR""]",5,"[""CORVEN: 5RT1157"", ""NAKATA: N10946"", ""OE: 4333002070""]",3,,,41.2754
PS.1020,https://icepar.specparts.shop/products/detail?slug=trw_ps1020-73495,972,,,,,"[""TOYOTA HILUX 2.0 (1993 AL 1996)"", ""TOYOTA HILUX 2.2 (1993 AL 1996)"", ""TOYOTA HILUX 2.4 TDI (2015 AL 2026)"", ""TOYOTA HILUX 2.4D (1992 AL 1997}"", ""TOYOTA HILUX 2.5 TD (2005 AL 2016)"", ""TOYOTA HILUX 2.7 VVT-14 (2013 AL 2016)"", ""TOYOTA HILUX 2.8 TDI 204CV AT (2021 AL 2026)"", ""TOYOTA HILUX 2.8 TDI 204CV MT (2021 AL 2022)"", ""TOYOTA HILUX 2.8 TDI AT (2015 AL 2026)"", ""TOYOTA HILUX 2.8 TDI GR 6AT (2018 AL 2026)"", ""TOYOTA HILUX 2.8 TDI GR MT (2018 AL 2022)"", ""TOYOTA HILUX 2.8 TDI GR-S Il 6AT (2020 AL 2022)"", ""TOYOTA HILUX 2.8 TDI GR-S II 6MT (2020 AL 2022)"", ""TOYOTA HILUX 2.8 TDI MT (2015 AL 2026)"", ""TOYOTA HILUX 2.8D (1997 AL 2001)"", ""TOYOTA HILUX 3.0 TD (2000 AL 2005)"", ""TOYOTA HILUX 3.0 TDI (2005 AL 2015)"", ""TOYOTA HILUX 3.0 TDI 177CV (2013 AL 2019)"", ""TOYOTA HILUX 3.0D (2001 AL 2005)"", ""TOYOTA HILUX 3.4 V6 (1987 AL 2005)"", ""TOYOTA HILUX 4.0 V6 VVTI GR-S5 II 6AT (2020 AL 2026)""]",21,"[""DIAMETRO MAYOR DE PERNO: 17 mm"", ""LADO: AMBOS"", ""POSICION: DELANTERO"", ""TIPO DE PERNO: CGNICO"", ""UBICACION: INFERIOR""]",5,"[""CORVEN: 5RT1104"", ""NAKATA: N9143"", ""OE: 4333039835"", ""OE 1: 4333039315""]",4,,,45.5038
JBJ7538,https://icepar.specparts.shop/products/detail?slug=trw_jbj7538-73496,972,,,,,"[""TOYOTA HILUX 2.4 TDI (2015 AL 2026)"", ""TOYOTA HILUX 2.5 TD (2005 AL 2016)"", ""TOYOTA HILUX 2.7 VVT-14 (2013 AL 2016)"", ""TOYOTA HILUX 2.8 TDI 204CV AT (2021 AL 2026)"", ""TOYOTA HILUX 2.8 TDI 204CV MT (2021 AL 2022)"", ""TOYOTA HILUX 2.8 TDI AT (2015 AL 2026)"", ""TOYOTA HILUX 2.8 TDI GR 6AT (2018 AL 2026)"", ""TOYOTA HILUX 2.8 TDI GR MT (2018 AL 2022)"", ""TOYOTA HILUX 2.8 TDI GR-S Il 6AT (2020 AL 2022)"", ""TOYOTA HILUX 2.8 TDI GR-S II 6MT (2020 AL 2022)"", ""TOYOTA HILUX 2.8 TDI MT (2015 AL 2026)"", ""TOYOTA HILUX 3.0 TD (2001 AL 2005)"", ""TOYOTA HILUX 3.0 TDI (2005 AL 2015)"", ""TOYOTA HILUX 3.0 TDI 177CV (2013 AL 2019)"", ""TOYOTA HILUX 3.0D (2001 AL 2005)"", ""TOYOTA HILUX 3.4 V6 (1987 AL 2005)"", ""TOYOTA HILUX 4.0 V6 VVTI GR-S5 II 6AT (2020 AL 2026)"", ""TOYOTA INNOVA 2.7 VVT-14 (2018 AL 2026)""]",18,"[""DIAMETRO MENOR DE PERNO: 15 mm"", ""LADO: AMBOS"", ""POSICION: DELANTERO"", ""TIPO DE PERNO: CGNICO"", ""UBICACION: SUPERIOR"", ""DIAMETRO DE BASE: 43.8 mm""]",6,"[""CORVEN: 5RT1364"", ""NAKATA: N11933"", ""OE: 43310-09030""]",3,,,42.4068
JBJ7539,https://icepar.specparts.shop/products/detail?slug=trw_jbj7539-73497,972,,,,,"[""TOYOTA HILUX 2.4 TDI (2015 AL 2026)"", ""TOYOTA HILUX 2.5 TD (2005 AL 2016)"", ""TOYOTA HILUX 2.7 VVT-14 (2013 AL 2016)"", ""TOYOTA HILUX 2.8 TDI 204CV AT (2021 AL 2026)"", ""TOYOTA HILUX 2.8 TDI 204CV MT (2021 AL 2022)"", ""TOYOTA HILUX 2.8 TDI AT (2015 AL 2026)"", ""TOYOTA HILUX 2.8 TDI GR 6AT (2018 AL 2026)"", ""TOYOTA HILUX 2.8 TDI GR MT (2018 AL 2022)"", ""TOYOTA HILUX 2.8 TDI GR-S Il 6AT (2020 AL 2022)"", ""TOYOTA HILUX 2.8 TDI GR-S II 6MT (2020 AL 2022)"", ""TOYOTA HILUX 2.8 TDI MT (2015 AL 2026)"", ""TOYOTA HILUX 3.0 TD (2000 AL 2005)"", ""TOYOTA HILUX 3.0 TDI (2005 AL 2015)"", ""TOYOTA HILUX 3.0 TDI 177CV (2013 AL 2019)"", ""TOYOTA HILUX 3.0D (2001 AL 2005)"", ""TOYOTA HILUX 3.4 V6 (1987 AL 2005)"", ""TOYOTA HILUX 4.0 V6 VVTI GR-S5 II 6AT (2020 AL 2026)"", ""TOYOTA INNOVA 2.7 VVT-14 (2018 AL 2026)""]",18,"[""DIAMETRO MENOR DE PERNO: 16.6 mm"", ""LADO: AMBOS"", ""POSICION: DELANTERO"", ""TIPO DE PERNO: CGNICO"", ""UBICACION: INFERIOR"", ""DIAMETRO DE BASE: 47.3 mm""]",6,"[""CORVEN: 5RT1363"", ""NAKATA: N11932"", ""OE: 43330-09510""]",3,,,42.6101
PS.4448,https://icepar.specparts.shop/products/detail?slug=trw_ps4448-73499,972,,,,,"[""AUDI A1 1 4 TFSI SLINE (2012 AL 2016)"", ""AUDI A1 LO 30 TFSI (2019 AL 2026)"", ""AUDI A1 10 35 TFSI (2019 AL 2026)"", ""AUDI A1 12 TFSI (2011 AL 2016)"", ""AUDI A1 14 TFSI (2011 AL 2022)"", ""AUDI A1 14 TFSI STRONIC (2017 AL 2020)"", ""AUDI A1 14 TSI 122Cv (2015 AL 2016)"", ""AUDI A1 14 TSI SLINE (2016 AL 2018)"", ""AUDI A1 2.0 40 TFSI (2023 AL 2026)"", ""AUDI Q3 14 TFSI 35 STRONIC (2020 AL 2026)"", ""AUDI Q3 2.0 40 TFSI QUATTRO (2020 AL 2026)"", ""AUDI Q3 20 TDI (2013 AL 2015)"", ""AUDI Q3 20 TFSI (2012 AL 2022)"", ""AUDI 53 2.0 TFSI (2016 AL 2022)"", ""VOLKSWAGEN CROSS UP! 10 12V (2016 AL 2022)"", ""VOLKSWAGEN CROSS UP! 10 TSI (2019 AL 2022}"", ""VOLKSWAGEN CROSSFOX 16 16V MSI (2015 AL 2017)"", ""VOLKSWAGEN FOX 16 16V MSI (2015 AL 2021)"", ""VOLKSWAGEN FOX 16 8V (2003 AL 2015)"", ""VOLKSWAGEN FOX 16 &V MSI (2015 AL 2022)"", ""VOLKSWAGEN FOX 19 SDI (2008 AL 2010)"", ""VOLKSWAGEN GOL 14 &V MI (2011 AL 2018)"", ""VOLKSWAGEN GOL TREND 16 8V (2008 AL 2020)"", ""VOLKSWAGEN GOL TREND 16 8V IMCTION (2008 AL 2017, 2019 AL 2021)"", ""VOLKSWAGEN GOL TREND 16 &V MSI AT (2020 AL 2026)"", ""VOLKSWAGEN GOL TREND 16 8&V MSI MT (2016 AL 2026)"", ""VOLKSWAGEN GOLF 14 TSI (2015 AL 2026)"", ""VOLKSWAGEN GOLF 16 16¥V MSI (2015 AL 2022)"", ""VOLKSWAGEN GOLF ZOTSI MT (2015 AL 2022)"", ""VOLKSWAGEN SAVEIRO 1.6 8V (2010 AL 2026)"", ""VOLKSWAGEN SAVEIRO 1.6 MSICD MT (2022 AL 2026)"", ""VOLKSWAGEN SAVEIRO 1.6 MSICS5 MT (2022 AL 2026)"", ""VOLKSWAGEN SAVEIRO 1.6 MSI MT CS (2024 AL 2026)"", ""VOLKSWAGEN SAVEIRO 1.9 D (2003 AL 2010)"", ""VOLKSWAGEN SURAN 16 16V MSI (2015 AL 2026)"", ""VOLKSWAGEN SURAN 16 16V MSI IMOTION (2015 AL 2021)"", ""VOLKSWAGEN SURAN 16 &V (2006 AL 2015)"", ""VOLKSWAGEN SURAN 16 &V MSI (2015 AL 2026)"", ""VOLKSWAGEN SURAN 139 SDI (2007 AL 2010)"", ""VOLKSWAGEN SURANCROSS 16 8V (2011 AL 2015)"", ""VOLKSWAGEN UP! 10 12V (2014 AL 2022}"", ""VOLKSWAGEN UP! 10 12V 3P (2019 AL 2021)"", ""VOLKSWAGEN UP! 10 12V 5P (2019 AL 2021)"", ""VOLKSWAGEN UP! 10 12V IMOTION (2015 AL 2022)"", ""VOLKSWAGEN UP! LOTSI (2017 AL 2022)"", ""VOLKSWAGEN VOYAGE 16 8V (2008 AL 2015)"", ""VOLKSWAGEN VOYAGE 16 8V MSSI (2016 AL 2026)""]",47,"[""DIAMETRO MAYOR DE PERNO: 14.9 mm"", ""LADO: DERECHO"", ""POSICION: DELANTERO"", ""TIPO DE PERNO: CGNICO""]",4,"[""CORVEN: 5RT1410"", ""NAKATA: N1075"", ""OE: 6RO 407 365"", ""OE 1: 6RO 407 365 A"", ""OE 2: 6RO 407 365 B""]",5,,,74.3467
PS..833,https://icepar.specparts.shop/products/detail?slug=trw_ps833-73501,972,,,,,"[""VOLKSWAGEN GACEL 18 GLS5 (1987 AL 1994)"", ""VOLKSWAGEN GOL 16 CFI (1991 AL 1998)"", ""VOLKSWAGEN GOL 16 D (1995 AL 1998)"", ""VOLKSWAGEN GOL 18 CFI (1995 AL 1997)"", ""VOLKSWAGEN GOL 18 GL (1993 AL 1995)"", ""VOLKSWAGEN GOL 18 MI (1997 AL 1999)"", ""VOLKSWAGEN GOL 2.0 (1991 AL 1999)"", ""VOLKSWAGEN GOL 2.0 16V (1995 AL 1999)"", ""VOLKSWAGEN SAVEIRO 1.6 D (1990 AL 1997)"", ""VOLKSWAGEN SENDA 16 8V (1989 AL 1997)"", ""VOLKSWAGEN SENDA 16 D (1990 AL 1997}"", ""VOLKSWAGEN VOYAGE 16 8V (2008 AL 2015)"", ""VOLKSWAGEN VOYAGE 16 8V MSSI (2016 AL 2026)""]",13,"[""DIAMETRO DE PERNO: 15 mm"", ""LADO: DERECHO"", ""OBSERVACION 1: @ DE ORIFICIOS 12.5 SENSOR DE ABS"", ""POSICION: DELANTERO"", ""UBICACION: INFERIOR""]",5,"[""CORVEN: 5RT1004"", ""NAKATA: N1033"", ""OE: 30 54073 665""]",3,,,36.6371
PS..834,https://icepar.specparts.shop/products/detail?slug=trw_ps834-73502,972,,,,,"[""VOLKSWAGEN GACEL 18 GLS5 (1987 AL 1994)"", ""VOLKSWAGEN GOL 16 CFI (1991 AL 1998)"", ""VOLKSWAGEN GOL 18 CFI (1995 AL 1997)"", ""VOLKSWAGEN GOL 18 GL (1993 AL 1995)"", ""VOLKSWAGEN GOL 2.0 (1991 AL 1999)"", ""VOLKSWAGEN GOL 2.0 16V (1995 AL 1999)"", ""VOLKSWAGEN SAVEIRO 1.6 D (1990 AL 1997)"", ""VOLKSWAGEN SENDA 16 8V (1989 AL 1997)"", ""VOLKSWAGEN SENDA 16 D (1990 AL 1997}"", ""VOLKSWAGEN VOYAGE 16 8V (2008 AL 2015)"", ""VOLKSWAGEN VOYAGE 16 8V MSSI (2016 AL 2026)""]",11,"[""DIAMETRO DE PERNO: 15 mm"", ""LADO: IZQUIERDO"", ""OBSERVACION 1: @ DE ORIFICIOS 12.5 SENSOR DE ABS"", ""POSICION: DELANTERO"", ""UBICACION: INFERIOR""]",5,"[""CORVEN: 5RT1003"", ""NAKATA: N1032"", ""OE: 30 54073 655""]",3,,,34.4637
PS..849,https://icepar.specparts.shop/products/detail?slug=trw_ps849-73503,972,,,,,"[""VOLKSWAGEN GOL 10 MI (1999 AL 2003)"", ""VOLKSWAGEN GOL 14 &V MI (2011 AL 2018)"", ""VOLKSWAGEN GOL 16 CFI (1995 AL 1998)"", ""VOLKSWAGEN GOL 16 D (1995 AL 1998)"", ""VOLKSWAGEN GOL 16 MI (1996 AL 2011)"", ""VOLKSWAGEN GOL 18 MI (1995 AL 2003)"", ""VOLKSWAGEN GOL 139 D (1998)"", ""VOLKSWAGEN GOL 19 5D (1998 AL 2009)"", ""VOLKSWAGEN GOL 19D (1998 AL 1999)"", ""VOLKSWAGEN GOL 2.0 (1995 AL 1999)"", ""VOLKSWAGEN GOL 2.0 16V (1995 AL 2001)"", ""VOLKSWAGEN SAVEIRO 1.6 MI (1996 AL 2010)"", ""VOLKSWAGEN SAVEIRO 1.6 MSICD MT (2022 AL 2026)"", ""VOLKSWAGEN SAVEIRO 1.6 MSICS5 MT (2022 AL 2026)"", ""VOLKSWAGEN SAVEIRO 1.6 N (1991 AL 1997)"", ""VOLKSWAGEN SAVEIRO 1.9 5D (1998 AL 2001)""]",16,"[""DIAMETRO DE PERNO: 17 mm"", ""LADO: AMBOS"", ""OBSERVACION 1: @ DE ORIFICIO FUACION 12.5 SENSOR DE ABS"", ""POSICION: DELANTERO"", ""UBICACION: INFERIOR""]",5,"[""CORVEN: 5RT1053"", ""NAKATA: N1020"", ""OE: 377 407 365C""]",3,,,39.2393
PS..631,https://icepar.specparts.shop/products/detail?slug=trw_ps631-73504,972,,,,,"[""VOLKSWAGEN QUANTUM 18 (1986 AL 1996)"", ""VOLKSWAGEN QUANTUM 14 MI (1996 AL 1998)"", ""VOLKSWAGEN QUANTUM 2.0 (1992 AL 1998)"", ""VOLKSWAGEN SANTANA 2.6 (2002 AL 2007)""]",4,"[""DIAMETRO DE PERNO: 17 mm"", ""LADO: AMBOS"", ""OBSERVACION 1: @ DE ORIFICIOS 10.5 SENSOR DE ABS"", ""POSICION: DELANTERO""]",4,"[""NAKATA: N187"", ""OE: 32 54073 652""]",2,,,24.4160
PS..707,https://icepar.specparts.shop/products/detail?slug=trw_ps707-73573,972,,,,,"[""CHEVROLET C-20 4.1 (1994 AL 1996)"", ""CHEVROLET D-20 4.0 (1993 AL 1998)"", ""CHEVROLET SILVERADO 4.1 (1996 AL 2001)"", ""CHEVROLET SILVERADO 4.1D (1997 AL 2001)"", ""CHEVROLET SILVERADGC 4.2 TD (1997 AL 2003)""]",5,"[""LADO: AMBOS"", ""POSICION: DELANTERO"", ""UBICACION: INFERIOR""]",3,"[""CORVEN: 5RT1027"", ""NAKATA: N338"", ""OE: 93213067"", ""THOMPSON: P5-1027""]",4,,,26.4166
PS.4405,https://icepar.specparts.shop/products/detail?slug=trw_ps4405-73579,972,,,,,"[""CHEVROLET CELTA 1.4 8V (2011 AL 2017)"", ""CHEVROLET CORSA 10 (2000 AL 2003)"", ""CHEVROLET CORSA 14 (1994 AL 1996)"", ""CHEVROLET CORSA 14 16¥ (1996 AL 2002)"", ""CHEVROLET CORSA 14 &V (2009 AL 2021)"", ""CHEVROLET CORSA 16 16V (1996 AL 2001)"", ""CHEVROLET CORSA 16 &V (1995 AL 2010)"", ""CHEVROLET CORSA 17 TDI (2002 AL 2009)"", ""CHEVROLET CORSA 17D (1998 AL 2005)"", ""CHEVROLET PRISMA 14 &V (2011 AL 2013)"", ""CHEVROLET TIGRA 16 MPFI (1998 AL 2001)"", ""SUZUKI FUN 14 8V (2004 AL 2012)""]",12,"[""LADO: AMBOS"", ""POSICION: DELANTERO"", ""UBICACION: INFERIOR""]",3,"[""CORVEN: 5RT1268"", ""NAKATA: N3045"", ""OE: 90542574"", ""OE 1: 93325022""]",4,,,34.4726
PS..826,https://icepar.specparts.shop/products/detail?slug=trw_ps826-73586,972,,,,,"[""FIAT 147 11(1983 AL 1986)"", ""FIAT 147 13 (1983 AL 1984)"", ""FIAT BRIO 1.1 (1987 AL 1991)"", ""FIAT DUNA 13 (CARBURADOR) (1988 AL 2001)"", ""FIAT DUNA 13 D (1988 AL 1998)"", ""FIAT DUNA 13 MPI (1988 AL 2001)"", ""FIAT DUNA 14 MPI (1994 AL 2001)"", ""FIAT DUNA 15 (1988 AL 1995)"", ""FIAT DUNA 16 (1991 AL 2000)"", ""FIAT DUNA 17D (1999 AL 2001)"", ""FIAT ELBA 15 (1988 AL 1997)"", ""FIAT FIGRINO 13 &V FIRE (2005 AL 2015)"", ""FIAT FIGRINO 13 MPI (2002 AL 2006)"", ""FIAT FIORINO 13D (1989 AL 1998)"", ""FIAT FIORINO LAN (1989 AL 1998)"", ""FIAT FIORINO 17D (1994 AL 2006)"", ""FIAT FIGRUNG LAN (1996 AL 2000)"", ""FIAT FIGRUNG 16 (1996 AL 2000)"", ""FIAT FIGRUNG 17D (1996 AL 2000)"", ""FIAT SPAZIO 11 (1991 AL 1992)"", ""FIAT SPAZIO 13 (1991 AL 1992)"", ""FIAT SPAZIO 13 D (1991 AL 1997)"", ""FIAT SPAZIO 14 MOT. TIPO (1991 AL 1997)"", ""FIAT SUPER EUROPA 1.1 (1965 AL 1980)"", ""FIAT UNG 10 (1993 AL 1995)"", ""FIAT UNG 11 IE (1992 AL 1996)"", ""FIAT UNG 13 8V FIRE (2004 AL 2016)"", ""FIAT UNG 13 D (1991 AL 1994)"", ""FIAT UNG 13 MPI (2002 AL 2005)"", ""FIAT UNG 14 (1992 AL 2001)"", ""FIAT UNG 14 IE 605 (1965 AL 1980)"", ""FIAT UNG 14 IE 705 (1991 AL 1995)"", ""FIAT UNG 14 TURBO (1994 AL 1995)"", ""FIAT UNG 15 (1988 AL 1994)"", ""FIAT UNG 16 (1992 AL 1999)"", ""FIAT UNG 17D (1994 AL 2000)"", ""FIAT VIVACE 14 (1992 AL 1997)""]",37,"[""LADO: AMBOS"", ""POSICION: DELANTERO"", ""UBICACION: INFERIOR""]",3,"[""CORVEN: 5RTO909"", ""NAKATA: N610"", ""OE: 4358537"", ""THOMPSON: P5-0909""]",4,,,61.9823
PS.4440,https://icepar.specparts.shop/products/detail?slug=trw_ps4440-73596,972,,,,,"[""FORD COURIER 14 16V 51 DA (1997 AL 2000)"", ""FORD ECOSPORT 1.4 TDCI (2003 AL 2011)"", ""FORD ECOSPORT 1.6 16V (2012 AL 2018)"", ""FORD ECOSPORT 1.6 8V ROCAM (2003 AL 2013)"", ""FORD ECOSPORT 2.0 16V (2003 AL 2018)"", ""FORD FIESTA 1.4 TDCI (2002 AL 2011)"", ""FORD FIESTA 1.6 16V (2010 AL 2020)"", ""FORD FIESTA 1.6 8V (2002 AL 2013)"", ""FORD KA 10 (2008 AL 2014)"", ""FORD KA 16 (2008 AL 2014)""]",10,"[""LADO: AMBOS"", ""POSICION: DELANTERO"", ""UBICACION: INFERIOR""]",3,"[""CORVEN: 5RT1282"", ""NAKATA: N2136"", ""OE: 2565-38376-AA""]",3,,,30.9584
JBJ7671,https://icepar.specparts.shop/products/detail?slug=trw_jbj7671-73600,972,,,,,"[""HONDA CIVIC 1.5 (1988 AL 1992)"", ""HONDA CIVIC 1.5T (2016 AL 2022)"", ""HONDA CIVIC 2.0 16¥V (2016 AL 2026)""]",3,"[""LADO: AMBOS"", ""POSICION: DELANTERO""]",2,"[""NAKATA: N99247"", ""OE: 51220-TRO-AO1""]",2,,,21.5775
PS.1016,https://icepar.specparts.shop/products/detail?slug=trw_ps1016-73619,972,,,,,"[""CHERY TIGGO 2.0 16V (2008 AL 2012)"", ""TOYOTA COROLLA 16 (1983 AL 1989, 1992 AL 1999, 2002 AL 2008)"", ""TOYOTA COROLLA 18 (1999 AL 2014)"", ""TOYOTA COROLLA 18 16V (2014 AL 2016)"", ""TOYOTA COROLLA 2.0 16V GR-5 (2021 AL 2026)"", ""TOYOTA CORGLLA 2.0 16V MT (2020 AL 2026)"", ""TOYOTA COROLLA 20 CVT (2022 AL 2026)"", ""TOYOTA CORGLLA 2.0 D (1990 AL 1994, 1999 AL 2000)"", ""TOYOTA CORGLLA 2.0 MT (2022 AL 2026)"", ""TOYOTA CORGLLA 2.0 TD (2002 AL 2008)"", ""TOYOTA PRIUS 18 HIBRID (2010 AL 2016)"", ""TOYOTA RAV 4 18 (2001 AL 2006)"", ""TOYOTA RAV 4 2.0 (1994 AL 2006, 2013 AL 2016)"", ""TOYOTA RAV 4 20 CVT (2016 AL 2022)"", ""TOYOTA RAV 4 2.0 D4-D (2002 AL 2006)"", ""TOYOTA RAV 4 2.4 (2005 AL 2013)"", ""TOYOTA RAV 4 2.5 (2013 AL 2016)"", ""TOYOTA RAV 4 2.5 AT6 (2016 AL 2022)"", ""TOYOTA RAV 4 2.5 HIBRID CVT (2019 AL 2026)""]",19,"[""LADO: AMBOS"", ""POSICION: DELANTERO"", ""UBICACION: INFERIOR""]",3,"[""CORVEN: 5RT1157"", ""NAKATA: N10946"", ""OE: 4333019115""]",3,,,40.3560
PS.35,https://icepar.specparts.shop/products/detail?slug=trw_ps35-73651,972,,,,,"[""VOLKSWAGEN ESCARABAJO 1500 (1970 AL 1975)"", ""VOLKSWAGEN ESCARABAJO 1600 (1967 AL 1982)""]",2,"[""LADO: AMBOS"", ""UBICACION: INFERIOR""]",2,"[""CORVEN: 5RT1047"", ""NAKATA: N112"", ""OE: 1314053711""]",3,,,22.1784
PS.48,https://icepar.specparts.shop/products/detail?slug=trw_ps48-73652,972,,,,,"[""VOLKSWAGEN ESCARABAJO 1500 (1970 AL 1975)"", ""VOLKSWAGEN ESCARABAJO 1600 (1967 AL 1982)""]",2,"[""LADO: AMBOS"", ""UBICACION: SUPERIOR""]",2,"[""NAKATA: N111"", ""OE: 1314053611"", ""TIPER: 46027""]",3,,,21.2583
PS.1019,https://icepar.specparts.shop/products/detail?slug=trw_ps1019-73653,973,,,,,"[""TOYOTA HILUX 2.0 (1993 AL 1996)"", ""TOYOTA HILUX 2.2 (1993 AL 1996)"", ""TOYOTA HILUX 2.4D (1992 AL 1997}"", ""TOYOTA HILUX 2.8D (1997 AL 2001)"", ""TOYOTA HILUX 3.0 TD (2001 AL 2005)"", ""TOYOTA HILUX 3.0D (2001 AL 2005)""]",6,"[""LADO: AMBOS"", ""UBICACION: SUPERIOR"", ""POSICION: DELANTERO""]",3,"[""CORVEN: 5RT1103"", ""NAKATA: N9142"", ""OE: 4335039085""]",3,,,26.7456
PS..759,https://icepar.specparts.shop/products/detail?slug=trw_ps759-73887,973,,,,,"[""VOLKSWAGEN GOL 16 CFI (1995 AL 1998)"", ""VOLKSWAGEN GOL 16 D (1995 AL 1998)"", ""VOLKSWAGEN GOL 18 CFI (1995 AL 1997)"", ""VOLKSWAGEN GOL 18 MI (1995 AL 1998)"", ""VOLKSWAGEN GOL 2.0 (1991 AL 1999)"", ""VOLKSWAGEN GOL 2.0 16V (1995 AL 1999)"", ""VOLKSWAGEN SAVEIRO 1.6 MI (1996 AL 2001)"", ""VOLKSWAGEN SAVEIRO 1.6 MSICD MT (2022 AL 2026)"", ""VOLKSWAGEN SAVEIRO 1.6 MSICS5 MT (2022 AL 2026)""]",9,"[""LADO: IZQUIERDO"", ""POSICION: DELANTERO""]",2,"[""CORVEN: 5RT1029"", ""NAKATA: N1007""]",2,,,27.5888
PS..760,https://icepar.specparts.shop/products/detail?slug=trw_ps760-73888,973,,,,,"[""VOLKSWAGEN GOL 16 CFI (1991 AL 1998)"", ""VOLKSWAGEN GOL 16 D (1995 AL 1998)"", ""VOLKSWAGEN GOL 18 CFI (1995 AL 1997)"", ""VOLKSWAGEN GOL 18 GL (1993 AL 1995)"", ""VOLKSWAGEN GOL 18 MI (1995 AL 1998)"", ""VOLKSWAGEN GOL 2.0 (1991 AL 1999)"", ""VOLKSWAGEN GOL 2.0 16V (1995 AL 1999)"", ""VOLKSWAGEN SAVEIRO 1.6 MI (1996 AL 2001)"", ""VOLKSWAGEN SAVEIRO 1.6 MSICD MT (2022 AL 2026)"", ""VOLKSWAGEN SAVEIRO 1.6 MSICS5 MT (2022 AL 2026)""]",10,"[""LADO: AMBOS"", ""POSICION: DELANTERO""]",2,"[""CORVEN: 5RT1030"", ""NAKATA: N1012"", ""OE: 377407365"", ""OE 1: 1914071518""]",4,,,30.7688
PS..667,https://icepar.specparts.shop/products/detail?slug=trw_ps667-73890,973,,,,,"[""FORD ESCORT 16 (1988 AL 1996, 2001 AL 2002)"", ""FORD ESCORT 18 (1990 AL 1998)"", ""FORD ESCORT 18 16V (1995 AL 2002)"", ""FORD ESCORT 138 5 (1991 AL 1993)"", ""FORD ESCORT 18 TD (1999 AL 2001)"", ""FORD ESCORT 184 XR3 (1994 AL 1997)"", ""FORD ESCORT 18D (1995 AL 2002)"", ""FORD ESCORT 20 XR3 (1995 AL 1998)"", ""FORD ORION 161 (1993 AL 1998)"", ""FORD ORION 14) (1993 AL 1998)"", ""FORD ORION 181 (1994 AL 1997)"", ""FORD ORION 2.01 (1994 AL 1997)"", ""VOLKSWAGEN POINTER 16 CFI (1994 AL 1997)"", ""VOLKSWAGEN POINTER 18 (1993 AL 1994)"", ""VOLKSWAGEN POINTER 2.0 (1994 AL 1997)""]",15,"[""DIAMETRO DE PERNO: 17 mm"", ""LADO: AMBOS"", ""UBICACION: INFERIOR"", ""POSICION: DELANTERO""]",4,"[""CORVEN: 5RT1023"", ""NAKATA: N249"", ""OE: 547407365""]",3,,,39.3595
PS..848,https://icepar.specparts.shop/products/detail?slug=trw_ps848-73892,973,,,,,"[""CHEVROLET BLAZER 2.2 16V (1997 AL 2000)"", ""CHEVROLET BLAZER 2.4 16V (2006 AL 2007}"", ""CHEVROLET BLAZER 2.5 TD (1997 AL 2000)"", ""CHEVROLET BLAZER 2.8 TD (1999 AL 2006)"", ""CHEVROLET BLAZER 2.8 TD ELECTRONIC (2006 AL 2010)"", ""CHEVROLET BLAZER 4.3 (1989 AL 1996)"", ""CHEVROLET BLAZER 4.3 V6 (1999 AL 2001)"", ""CHEVROLET 5-10 2.2 EFI (1995 AL 1999)"", ""CHEVROLET 5-10 25 TD (1996 AL 2001)"", ""CHEVROLET 5-10 2.8 CDTI 180CV (2012 AL 2014)"", ""CHEVROLET 5-10 2.8 CDTI 200CV (2013 AL 2016)"", ""CHEVROLET 5-10 2.8 CDTI 200CV AT (2013 AL 2016)"", ""CHEVROLET 5-10 2.8 CDTI 200CV MT (2013 AL 2016)"", ""CHEVROLET 5-10 2.8 TDI (2000 AL 2005)"", ""CHEVROLET 5-10 2.8 TDI ELECTRONIC (2005 AL 2012)""]",15,"[""LADO: AMBOS"", ""POSICION: DELANTERO""]",2,"[""CORVEN: 5RTO993"", ""NAKATA: N3023"", ""OE: 93281740""]",3,,,35.2697
PS..867,https://icepar.specparts.shop/products/detail?slug=trw_ps867-73893,973,,,,,"[""CHEVROLET BLAZER 2.2 16V (1997 AL 2000)"", ""CHEVROLET BLAZER 2.4 16V (2006 AL 2007}"", ""CHEVROLET BLAZER 2.5 TD (1997 AL 2000)"", ""CHEVROLET BLAZER 2.8 TD (1999 AL 2006)"", ""CHEVROLET BLAZER 2.8 TD ELECTRONIC (2006 AL 2010)"", ""CHEVROLET BLAZER 4.3 (1989 AL 1996)"", ""CHEVROLET BLAZER 4.3 V6 (1999 AL 2001)"", ""CHEVROLET 5-10 2.2 EFI (1995 AL 1999)"", ""CHEVROLET 5-10 25 TD (1996 AL 2001)"", ""CHEVROLET 5-10 2.8 CDTI 180CV (2012 AL 2014)"", ""CHEVROLET 5-10 2.8 CDTI 200CV (2013 AL 2016)"", ""CHEVROLET 5-10 2.8 CDTI 200CV AT (2013 AL 2016)"", ""CHEVROLET 5-10 2.8 CDTI 200CV MT (2013 AL 2016)"", ""CHEVROLET 5-10 2.8 TDI (2000 AL 2005)"", ""CHEVROLET 5-10 2.8 TDI ELECTRONIC (2005 AL 2012)""]",15,"[""LADO: AMBOS"", ""POSICION: DELANTERO""]",2,"[""CORVEN: 5RTO994"", ""NAKATA: N3012"", ""OE: 17980735"", ""OE 1: 93292476""]",4,,,37.0910
PS.998,https://icepar.specparts.shop/products/detail?slug=trw_ps998-73894,973,,,,,"[""CHEVROLET CORSA 14 &V (2010 AL 2021)"", ""CHEVROLET CORSA 17 TDI (2002 AL 2009)"", ""CHEVROLET CORSA 18 &V (2002 AL 2012)""]",3,"[""LADO: AMBOS""]",1,"[""LENA: 807"", ""NAKATA: N3067"", ""THOMPSON: P5-1302"", ""TRW: JBJ705""]",4,,,22.0809
PS..872,https://icepar.specparts.shop/products/detail?slug=trw_ps872-73895,973,,,,,"[""CHEVROLET CORSA 10 (2000 AL 2003)"", ""CHEVROLET CORSA 14 (1994 AL 1996)"", ""CHEVROLET CORSA 14 &V (2009 AL 2021)"", ""CHEVROLET CORSA 16 16V (1996 AL 2001)"", ""CHEVROLET CORSA 16 &V (1995 AL 2010)"", ""CHEVROLET CORSA 17 TDI (2002 AL 2009)"", ""CHEVROLET CORSA 17D (1998 AL 2005)""]",7,"[""LADO: AMBOS"", ""POSICION: DELANTERO""]",2,"[""CORVEN: 5RT1039"", ""NAKATA: N380"", ""OE: 90216543"", ""OE 1: 90295324""]",4,,,27.4412
PS..962,https://icepar.specparts.shop/products/detail?slug=trw_ps962-73896,973,,,,,"[""FIAT PALIO 13 MPI (1999 AL 2001)"", ""FIAT PALIO 16 16V TORQUE (1997 AL 2005)"", ""FIAT PALIO 16 SPI (1997 AL 2001)"", ""FIAT PALIO 17 TD (1997 AL 2001)"", ""FIAT SIENA 16 16V TORQUE (2001 AL 2002)"", ""FIAT SIENA 16 SPI GNC (2000 AL 2001)"", ""FIAT SIENA 17 TD (1997 AL 2003)"", ""FIAT STRADA 17 TD (1999 AL 2002)""]",8,"[""LADO: AMBOS"", ""POSICION: DELANTERO""]",2,"[""CORVEN: 5RT1035"", ""NAKATA: N6020"", ""OE: 46546773"", ""OE 1:7 081 887""]",4,,,28.9042
PS..876,https://icepar.specparts.shop/products/detail?slug=trw_ps876-73897,973,,,,,"[""FIAT PALIO 16 16V TORQUE (1997 AL 2005)"", ""FIAT PALIO 16 SPI (1997 AL 2001)"", ""FIAT PALIO 17 TD (1997 AL 2001)"", ""FIAT SIENA 17 TD (1997 AL 2003)"", ""FIAT STRADA 17 TD (1999 AL 2002)""]",5,"[""LADO: AMBOS"", ""POSICION: DELANTERO""]",2,"[""CORVEN: 5RT1278"", ""NAKATA: N6026"", ""OE: 46437959"", ""OE 1: 46454599""]",4,,,25.0963
PS..900,https://icepar.specparts.shop/products/detail?slug=trw_ps900-73898,973,,,,,"[""FORD COURIER 14 16V 51 DA (1997 AL 2000)"", ""FORD COURIER 16 (2005 AL 2011)"", ""FORD COURIER 18D (1997 AL 2006)"", ""FORD FIESTA 1.3 CL (1994 AL 1997)"", ""FORD FIESTA 1.31 (1994 AL 1999)"", ""FORD FIESTA 1.4 16V CLX (1996 AL 1999)"", ""FORD FIESTA 1.4 TDCI (2002 AL 2011)"", ""FORD FIESTA 1.6 (1999 AL 2002)"", ""FORD FIESTA 1.8D (1994 AL 2003)"", ""FORD KA 10 (1999 AL 2008)"", ""FORD KA 13 (1997 AL 1999)"", ""FORD KA 16 (2001 AL 2008)""]",12,"[""LADO: AMBOS"", ""POSICION: DELANTERO""]",2,"[""CORVEN: 5RT1034"", ""NAKATA: N2089"", ""OE: 96FB3395AB"", ""OE 1: 96FB3395AC""]",4,,,32.8120
PS..831,https://icepar.specparts.shop/products/detail?slug=trw_ps831-74273,973,,,,,"[""VOLKSWAGEN GACEL 16 &V (1983 AL 1993)"", ""VOLKSWAGEN GACEL 16 D (1992 AL 1993)"", ""VOLKSWAGEN GACEL 18 GLS5 (1987 AL 1994)"", ""VOLKSWAGEN GOL 10 MI (1999 AL 2003)"", ""VOLKSWAGEN GOL 16 CFI (1991 AL 1998)"", ""VOLKSWAGEN GOL 16 MI (1996 AL 2011)"", ""VOLKSWAGEN GOL 18 CFI (1995 AL 1997)"", ""VOLKSWAGEN GOL 18 MI (1995 AL 2003)"", ""VOLKSWAGEN GOL 139 D (1998)"", ""VOLKSWAGEN GOL 19 5D (1998 AL 2009)"", ""VOLKSWAGEN GOL 19D (1998 AL 1999)"", ""VOLKSWAGEN GOL 2.0 (1991 AL 1999)"", ""VOLKSWAGEN GOL 2.0 16V (1995 AL 2001)"", ""VOLKSWAGEN GOL TREND 16 8V (2008 AL 2020)"", ""VOLKSWAGEN GOLF 16 8V (1999 AL 2012)"", ""VOLKSWAGEN GOLF 18 (1983 AL 1989)"", ""VOLKSWAGEN GOLF 14 MI (1996 AL 1998)"", ""VOLKSWAGEN GOLF L&T (1999 AL 2002)"", ""VOLKSWAGEN GOLF 19 TD (1996 AL 1999)"", ""VOLKSWAGEN GOLF 2.0 (1995 AL 1999)"", ""VOLKSWAGEN GOLF 2.8 VR6 (1996 AL 1999)"", ""VOLKSWAGEN SAVEIRO 1.6 D (1990 AL 1997)"", ""VOLKSWAGEN SAVEIRO 1.6 MI (1996 AL 2010)"", ""VOLKSWAGEN SAVEIRO 1.6 MSICD MT (2022 AL 2026)"", ""VOLKSWAGEN SAVEIRO 1.6 MSICS5 MT (2022 AL 2026)"", ""VOLKSWAGEN SAVEIRO 1.6 N (1991 AL 1997)"", ""VOLKSWAGEN SAVEIRO 1.9 D (2003 AL 2010)"", ""VOLKSWAGEN SAVEIRO 1.9 5D (1998 AL 2001)"", ""VOLKSWAGEN SENDA 16 8V (1989 AL 1997)"", ""VOLKSWAGEN SENDA 16 D (1990 AL 1997}""]",30,"[""LADO: IZQUIERDO"", ""POSICION: DELANTERO""]",2,"[""CORVEN: 5RTO801"", ""NAKATA: N151"", ""OE: 305 407 3651""]",3,,,51.5896
PS..832,https://icepar.specparts.shop/products/detail?slug=trw_ps832-74274,973,,,,,"[""VOLKSWAGEN GACEL 16 &V (1983 AL 1993)"", ""VOLKSWAGEN GACEL 16 D (1992 AL 1993)"", ""VOLKSWAGEN GACEL 18 GLS5 (1987 AL 1994)"", ""VOLKSWAGEN GOL 10 MI (1999 AL 2003)"", ""VOLKSWAGEN GOL 16 CFI (1991 AL 1998)"", ""VOLKSWAGEN GOL 16 MI (1996 AL 2011)"", ""VOLKSWAGEN GOL 18 CFI (1995 AL 1997)"", ""VOLKSWAGEN GOL 18 MI (1995 AL 2003)"", ""VOLKSWAGEN GOL 19 5D (2002 AL 2009)"", ""VOLKSWAGEN GOL 2.0 (1991 AL 1994)"", ""VOLKSWAGEN GOL 2.0 16V (1999 AL 2001)"", ""VOLKSWAGEN SAVEIRO 1.6 D (1990 AL 1997)"", ""VOLKSWAGEN SAVEIRO 1.6 MI (1996 AL 2010)"", ""VOLKSWAGEN SAVEIRO 1.6 MSICD MT (2022 AL 2026)"", ""VOLKSWAGEN SAVEIRO 1.6 MSICS5 MT (2022 AL 2026)"", ""VOLKSWAGEN SAVEIRO 1.6 N (1991 AL 1997)"", ""VOLKSWAGEN SAVEIRO 1.9 D (2003 AL 2010)"", ""VOLKSWAGEN SAVEIRO 1.9 5D (1998 AL 2001)"", ""VOLKSWAGEN SENDA 16 8V (1989 AL 1997)"", ""VOLKSWAGEN SENDA 16 D (1990 AL 1997}""]",20,"[""LADO: DERECHO"", ""POSICION: DELANTERO""]",2,"[""CORVEN: 5RTO800"", ""NAKATA: N152"", ""OE: 305 407 3661""]",3,,,40.0769
PS..850,https://icepar.specparts.shop/products/detail?slug=trw_ps850-74275,973,,,,,"[""VOLKSWAGEN GOL 10 MI (1999 AL 2003)"", ""VOLKSWAGEN GOL 14 &V MI (2011 AL 2018)"", ""VOLKSWAGEN GOL 16 CFI (1995 AL 1998)"", ""VOLKSWAGEN GOL 16 D (1995 AL 1998)"", ""VOLKSWAGEN GOL 16 MI (1996 AL 2011)"", ""VOLKSWAGEN GOL 18 CFI (1995 AL 1997)"", ""VOLKSWAGEN GOL 18 MI (1995 AL 2003)"", ""VOLKSWAGEN GOL 139 D (1998)"", ""VOLKSWAGEN GOL 19 5D (1998 AL 2009)"", ""VOLKSWAGEN GOL 19D (1998 AL 1999)"", ""VOLKSWAGEN GOL 2.0 (1995 AL 1999)"", ""VOLKSWAGEN GOL 2.0 16V (1995 AL 2001)"", ""VOLKSWAGEN SAVEIRO 1.6 8V (2010 AL 2015)"", ""VOLKSWAGEN SAVEIRO 1.6 D (1990 AL 1997)"", ""VOLKSWAGEN SAVEIRO 1.6 MI (1996 AL 2010)"", ""VOLKSWAGEN SAVEIRO 1.6 MSICD MT (2022 AL 2026)"", ""VOLKSWAGEN SAVEIRO 1.6 MSICS5 MT (2022 AL 2026)"", ""VOLKSWAGEN SAVEIRO 1.6 N (1991 AL 1997)"", ""VOLKSWAGEN SAVEIRO 1.9 D (2003 AL 2010)"", ""VOLKSWAGEN SAVEIRO 1.9 5D (1998 AL 2001)""]",20,"[""LADO: DERECHO"", ""POSICION: DELANTERO""]",2,"[""CORVEN: 5RT1056"", ""NAKATA: N1015"", ""OE: 3774073668""]",3,,,40.1401
PS..851,https://icepar.specparts.shop/products/detail?slug=trw_ps851-74276,973,,,,,"[""VOLKSWAGEN GOL 10 MI (1999 AL 2003)"", ""VOLKSWAGEN GOL 14 &V MI (2011 AL 2018)"", ""VOLKSWAGEN GOL 16 CFI (1995 AL 1998)"", ""VOLKSWAGEN GOL 16 D (1995 AL 1998)"", ""VOLKSWAGEN GOL 16 MI (1996 AL 2011)"", ""VOLKSWAGEN GOL 18 CFI (1995 AL 1997)"", ""VOLKSWAGEN GOL 18 MI (1995 AL 2003)"", ""VOLKSWAGEN GOL 139 D (1998)"", ""VOLKSWAGEN GOL 19 5D (1998 AL 2009)"", ""VOLKSWAGEN GOL 19D (1998 AL 1999)"", ""VOLKSWAGEN GOL 2.0 (1995 AL 1999)"", ""VOLKSWAGEN GOL 2.0 16V (1995 AL 2001)"", ""VOLKSWAGEN SAVEIRO 1.6 8V (2010 AL 2015)"", ""VOLKSWAGEN SAVEIRO 1.6 D (1990 AL 1997)"", ""VOLKSWAGEN SAVEIRO 1.6 MI (1996 AL 2010)"", ""VOLKSWAGEN SAVEIRO 1.6 MSICD MT (2022 AL 2026)"", ""VOLKSWAGEN SAVEIRO 1.6 MSICS5 MT (2022 AL 2026)"", ""VOLKSWAGEN SAVEIRO 1.6 N (1991 AL 1997)"", ""VOLKSWAGEN SAVEIRO 1.9 D (2003 AL 2010)"", ""VOLKSWAGEN SAVEIRO 1.9 5D (1998 AL 2001)""]",20,"[""LADO: IZQUIERDO"", ""POSICION: DELANTERO""]",2,"[""CORVEN: 5RT1057"", ""NAKATA: N1014"", ""OE: 3774073658""]",3,,,40.6019
PS..536,https://icepar.specparts.shop/products/detail?slug=trw_ps536-74277,973,,,,,"[""AUDI 80 19 TDI (1994 AL 1997)"", ""AUDI 80 2.0 E (1994 AL 1997)"", ""AUDI 30 2.8 V6 (1994 AL 1997)"", ""FORD GALAXY 18) (1994 AL 1996)"", ""FORD GALAXY 2.0 (1991 AL 1996)"", ""VOLKSWAGEN CARAT 14 (1987 AL 1991)"", ""VOLKSWAGEN CARAT 2.0 (1989 AL 1992)"", ""VOLKSWAGEN QUANTUM 18 (1986 AL 1996)"", ""VOLKSWAGEN QUANTUM 2.0 (1992 AL 1996)"", ""VOLKSWAGEN SANTANA 2.6 (2002 AL 2007)""]",10,"[""LADO: DERECHO"", ""POSICION: DELANTERO""]",2,"[""CORVEN: 5RTO968"", ""NAKATA: N189"", ""OE: 3254073661""]",3,,,29.4686
PS..537,https://icepar.specparts.shop/products/detail?slug=trw_ps537-74278,973,,,,,"[""AUDI 80 19 TDI (1994 AL 1997)"", ""AUDI 80 2.0 E (1994 AL 1997)"", ""AUDI 30 2.8 V6 (1994 AL 1997)"", ""FORD GALAXY 18) (1994 AL 1996)"", ""FORD GALAXY 2.0 (1991 AL 1996)"", ""VOLKSWAGEN CARAT 14 (1987 AL 1991)"", ""VOLKSWAGEN CARAT 2.0 (1989 AL 1992)"", ""VOLKSWAGEN QUANTUM 18 (1986 AL 1996)"", ""VOLKSWAGEN QUANTUM 2.0 (1992 AL 1996)"", ""VOLKSWAGEN SANTANA 2.6 (2002 AL 2007)""]",10,"[""LADO: IZQUIERDO"", ""POSICION: DELANTERO""]",2,"[""CORVEN: 5RTO967"", ""NAKATA: N183"", ""OE: 3254073651""]",3,,,29.7594
LE1210803,https://icepar.specparts.shop/products/detail?slug=zf_le1210803-262451,973,,,,,[],0,[],0,[],0,,,2.5232
LE1214802,https://icepar.specparts.shop/products/detail?slug=zf_le1214802-262452,973,,,,,[],0,[],0,[],0,,,3.3003
LE1773901,https://icepar.specparts.shop/products/detail?slug=zf_le1773901-262453,973,,,,,[],0,[],0,[],0,,,2.8264
LE1778603,https://icepar.specparts.shop/products/detail?slug=zf_le1778603-262454,973,,,,,[],0,[],0,[],0,,,2.5895
LE2517702,https://icepar.specparts.shop/products/detail?slug=zf_le2517702-262455,973,,,,,[],0,[],0,[],0,,,2.5117
LE2517802,https://icepar.specparts.shop/products/detail?slug=zf_le2517802-262456,973,,,,,[],0,[],0,[],0,,,2.5457
LE2552402,https://icepar.specparts.shop/products/detail?slug=zf_le2552402-262457,973,,,,,[],0,[],0,[],0,,,2.5537
LE2552502,https://icepar.specparts.shop/products/detail?slug=zf_le2552502-262458,974,,,,,[],0,[],0,[],0,,,3.4720
LE2832602,https://icepar.specparts.shop/products/detail?slug=zf_le2832602-262459,974,,,,,[],0,[],0,[],0,,,3.1446
LE3066201,https://icepar.specparts.shop/products/detail?slug=zf_le3066201-262461,974,,,,,"[""VOLKSWAGEN GACEL 16 &V (1983 AL 1993)"", ""VOLKSWAGEN GACEL 16 D (1992 AL 1993)"", ""VOLKSWAGEN GACEL 18 GLS5 (1987 AL 1994)"", ""VOLKSWAGEN SENDA 16 8V (1989 AL 1997)"", ""VOLKSWAGEN SENDA 16 D (1990 AL 1997}""]",5,[],0,[],0,,,10.8197
LE3330901,https://icepar.specparts.shop/products/detail?slug=zf_le3330901-262462,974,,,,,"[""VOLKSWAGEN GACEL 16 &V (1983 AL 1993)"", ""VOLKSWAGEN GACEL 16 D (1992 AL 1993)"", ""VOLKSWAGEN GACEL 18 GLS5 (1987 AL 1994)"", ""VOLKSWAGEN SENDA 16 8V (1989 AL 1997)"", ""VOLKSWAGEN SENDA 16 D (1990 AL 1997}""]",5,[],0,[],0,,,10.3739
LE3331001,https://icepar.specparts.shop/products/detail?slug=zf_le3331001-262463,974,,,,,[],0,[],0,[],0,,,2.6801
LE1762002,https://icepar.specparts.shop/products/detail?slug=zf_le1762002-262464,974,,,,,[],0,[],0,[],0,,,2.6219
LE1163102,https://icepar.specparts.shop/products/detail?slug=zf_le1163102-262465,974,,,,,[],0,[],0,[],0,,,2.5667
LE3092601,https://icepar.specparts.shop/products/detail?slug=zf_le3092601-262466,974,,,,,[],0,[],0,[],0,,,2.5654
LE3065701,https://icepar.specparts.shop/products/detail?slug=zf_le3065701-262467,974,,,,,"[""VOLKSWAGEN GACEL 16 &V (1983 AL 1993)"", ""VOLKSWAGEN GACEL 16 D (1992 AL 1993)"", ""VOLKSWAGEN GACEL 18 GLS5 (1987 AL 1994)""]",3,[],0,[],0,,,8.2055
LE3065601,https://icepar.specparts.shop/products/detail?slug=zf_le3065601-262468,974,,,,,"[""VOLKSWAGEN GACEL 16 &V (1983 AL 1993)"", ""VOLKSWAGEN GACEL 16 D (1992 AL 1993)"", ""VOLKSWAGEN GACEL 18 GLS5 (1987 AL 1994)""]",3,[],0,[],0,,,8.1488
LE3092501,https://icepar.specparts.shop/products/detail?slug=zf_le3092501-262469,974,,,,,[],0,[],0,[],0,,,2.5280
LE1761902,https://icepar.specparts.shop/products/detail?slug=zf_le1761902-262470,974,,,,,[],0,[],0,[],0,,,2.5171
12847AP,https://icepar.specparts.shop/products/detail?slug=aplus_12847ap-733858,974,,,,,[],0,"[""LADO: DERECHO"", ""POSICION: DELANTERO""]",2,"[""CORVEN: 5RT1150"", ""MONROE: MO00196"", ""NAKATA: N10922"", ""OE: MB831038"", ""SKF: VKD5 6421A"", ""THOMPSON: P5-1150""]",6,,,18.4998
11150AP,https://icepar.specparts.shop/products/detail?slug=aplus_11150ap-1333752,974,,,,,[],0,"[""LADO: AMBOS"", ""POSICION: DELANTERO"", ""DIAMETRO MENOR DE PERNO: 16 mm"", ""UBICACION: INFERIOR""]",4,[],0,,,9.8836
11139AP,https://icepar.specparts.shop/products/detail?slug=aplus_11139ap-1333754,974,,,,,[],0,"[""POSICION: DELANTERO"", ""LADO: AMBOS"", ""UBICACION: INFERIOR"", ""DIAMETRO MENOR DE PERNO: 21.8 mm"", ""DIAMETRO MAYOR DE PERNO: 24.5 mm""]",5,[],0,,,11.2826
11149AP,https://icepar.specparts.shop/products/detail?slug=aplus_11149ap-1333755,974,,,,,[],0,"[""LADO: AMBOS"", ""UBICACION: INFERIOR"", ""POSICION: DELANTERO"", ""DIAMETRO MENOR DE PERNO: 16 mm""]",4,[],0,,,10.1667
11153AP,https://icepar.specparts.shop/products/detail?slug=aplus_11153ap-1333756,974,,,,,[],0,"[""LADO: AMBOS"", ""POSICION: DELANTERO"", ""UBICACION: INFERIOR"", ""DIAMETRO MENOR DE PERNO: 19 mm""]",4,[],0,,,10.2998
11167AP,https://icepar.specparts.shop/products/detail?slug=aplus_11167ap-1333757,974,,,,,[],0,"[""LADO: AMBOS"", ""POSICION: DELANTERO"", ""UBICACION: INFERIOR"", ""DIAMETRO MENOR DE PERNO: 15 mm"", ""DIAMETRO MAYOR DE PERNO: 17.1 mm"", ""DIAMETRCO DE BASE: 40.2 mm""]",6,[],0,,,12.0884
11116AP,https://icepar.specparts.shop/products/detail?slug=aplus_11116ap-1333758,974,,,,,[],0,"[""LADO: AMBOS"", ""POSICION: DELANTERO"", ""UBICACION: INFERIOR"", ""DIAMETRO MENOR DE PERNO: 17 mm""]",4,[],0,,,9.9641
11165AP,https://icepar.specparts.shop/products/detail?slug=aplus_11165ap-1333759,974,,,,,[],0,"[""LADO: AMBOS"", ""POSICION: DELANTERO"", ""DIAMETRO MENOR DE PERNO: 17.85 mm"", ""UBICACION: SUPERIOR"", ""DIAMETRO MAYOR DE PERNO: 20.1 mm""]",5,[],0,,,11.4156
11161AP,https://icepar.specparts.shop/products/detail?slug=aplus_11161ap-1333760,974,,,,,[],0,"[""LADO: AMBOS"", ""UBICACION: INFERIOR"", ""POSICION: DELANTERO"", ""DIAMETRO MENOR DE PERNO: 13.6 mm"", ""DIAMETRO MAYOR DE PERNO: 17.6 mm""]",5,[],0,,,11.0733
11117AP,https://icepar.specparts.shop/products/detail?slug=aplus_11117ap-1333761,974,,,,,[],0,"[""LADO: AMBOS"", ""POSICION: DELANTERO"", ""UBICACION: SUPERIOR"", ""DIAMETRO MENOR DE PERNO: 17.9 mm"", ""DIAMETRO MAYOR DE PERNO: 20.5 mm"", ""DIAMETRCO DE BASE: 45.5 mm""]",6,[],0,,,12.0943
11148AP,https://icepar.specparts.shop/products/detail?slug=aplus_11148ap-1333763,974,,,,,[],0,"[""LADO: AMBOS"", ""POSICION: DELANTERO"", ""UBICACION: SUPERIOR"", ""DIAMETRO MENOR DE PERNO: 15.95 mm"", ""DIAMETRO MAYOR DE PERNO: 18 mm""]",5,[],0,,,11.3121
11119AP,https://icepar.specparts.shop/products/detail?slug=aplus_11119ap-1333766,974,,,,,[],0,"[""LADO: AMBOS"", ""UBICACION: SUPERIOR"", ""POSICION: DELANTERO"", ""DIAMETRO MENOR DE PERNO: 17.6 mm"", ""DIAMETRO MAYOR DE PERNO: 20.2 mm""]",5,[],0,,,14.2056
11162AP,https://icepar.specparts.shop/products/detail?slug=aplus_11162ap-1333769,975,,,,,[],0,"[""LADO: AMBOS"", ""UBICACION: INFERIOR"", ""POSICION: DELANTERO"", ""DIAMETRO MENOR DE PERNO: 13 mm"", ""DIAMETRO MAYOR DE PERNO: 15.5 mm""]",5,[],0,,,11.0991
11166AP,https://icepar.specparts.shop/products/detail?slug=aplus_11166ap-1333771,975,,,,,[],0,"[""LADO: AMBOS"", ""POSICION: DELANTERO"", ""UBICACION: INFERIOR"", ""DIAMETRO MENOR DE PERNO: 19.75 mm"", ""DIAMETRO MAYOR DE PERNO: 22 mm""]",5,[],0,,,11.1220
11142AP,https://icepar.specparts.shop/products/detail?slug=aplus_11142ap-1333772,975,,,,,[],0,"[""LADO: AMBOS"", ""POSICION: DELANTERO"", ""UBICACION: INFERIOR"", ""DIAMETRO MENOR DE PERNO: 16 mm""]",4,[],0,,,10.0358
11154AP,https://icepar.specparts.shop/products/detail?slug=aplus_11154ap-1333775,975,,,,,[],0,"[""LADO: AMBOS"", ""POSICION: DELANTERO"", ""UBICACION: INFERIOR"", ""DIAMETRO MENOR DE PERNO: 16 mm""]",4,[],0,,,10.2307
11470AP,https://icepar.specparts.shop/products/detail?slug=aplus_11470ap-1333777,975,,,,,[],0,"[""LADO: AMBOS"", ""POSICION: DELANTERO"", ""DIAMETRO MENOR DE PERNO: 14.8 mm"", ""UBICACION: INFERIOR"", ""DIAMETRO MAYOR DE PERNO: 17.7 mm""]",5,[],0,,,11.1891
11487AP,https://icepar.specparts.shop/products/detail?slug=aplus_11487ap-1333778,975,,,,,[],0,"[""LADO: AMBOS"", ""POSICION: DELANTERO"", ""DIAMETRO MENOR DE PERNO: 18 mm"", ""UBICACION: INFERIOR"", ""DIAMETRO MAYOR DE PERNO: 20 mm""]",5,[],0,,,11.3780
11141AP,https://icepar.specparts.shop/products/detail?slug=aplus_11141ap-1333784,975,,,,,[],0,"[""LADO: AMBOS"", ""POSICION: DELANTERO"", ""UBICACION: SUPERIOR"", ""DIAMETRO MENOR DE PERNO: 16 mm"", ""DIAMETRO MAYOR DE PERNO: 17.8 mm""]",5,[],0,,,10.9981
11476AP,https://icepar.specparts.shop/products/detail?slug=aplus_11476ap-1333785,975,,,,,[],0,"[""LADO: AMBOS"", ""POSICION: DELANTERO"", ""UBICACION: INFERIOR"", ""DIAMETRO MENOR DE PERNO: 16.4 mm""]",4,[],0,,,10.1435
11545AP,https://icepar.specparts.shop/products/detail?slug=aplus_11545ap-1333794,975,,,,,[],0,[],0,[],0,,,1.6316
11164AP,https://icepar.specparts.shop/products/detail?slug=aplus_11164ap-1333797,975,,,,,[],0,"[""LADO: AMBOS"", ""UBICACION: INFERIOR"", ""POSICION: DELANTERO"", ""DIAMETRO MENOR DE PERNO: 16.4 mm""]",4,[],0,,,10.4369
11479AP,https://icepar.specparts.shop/products/detail?slug=aplus_11479ap-1333801,975,,,,,[],0,"[""POSICION: DELANTERO"", ""LADO: AMBOS"", ""UBICACION: INFERIOR"", ""DIAMETRO MENOR DE PERNO: 15.8 mm"", ""DIAMETRO MAYOR DE PERNO: 17.6 mm""]",5,[],0,,,11.1134
11145AP,https://icepar.specparts.shop/products/detail?slug=aplus_11145ap-1333813,975,,,,,[],0,"[""LADO: AMBOS"", ""UBICACION: INFERIOR"", ""POSICION: DELANTERO"", ""DIAMETRO MENOR DE PERNO: 21.35 mm"", ""DIAMETRO MAYOR DE PERNO: 24.5 mm""]",5,[],0,,,11.1800
11480AP,https://icepar.specparts.shop/products/detail?slug=aplus_11480ap-1333829,975,,,,,[],0,"[""LADO: AMBOS"", ""POSICION: DELANTERO"", ""UBICACION: INFERIOR"", ""DIAMETRO MENOR DE PERNO: 14.18 mm"", ""DIAMETRO MAYOR DE PERNO: 16.3 mm"", ""DIAMETRO DE BASE: 47 mm""]",6,[],0,,,12.3220
11466AP,https://icepar.specparts.shop/products/detail?slug=aplus_11466ap-1333833,975,,,,,[],0,"[""POSICION: DELANTERO"", ""LADO: AMBOS"", ""DIAMETRO MENOR DE PERNO: 15 mm"", ""UBICACION: INFERIOR""]",4,[],0,,,10.1602
11471AP,https://icepar.specparts.shop/products/detail?slug=aplus_11471ap-1333836,975,,,,,[],0,"[""LADO: AMBOS"", ""POSICION: DELANTERO"", ""UBICACION: INFERIOR"", ""DIAMETRO MENOR DE PERNO: 15 mm""]",4,[],0,,,10.0196
11944AP,https://icepar.specparts.shop/products/detail?slug=aplus_11944ap-1333843,975,,,,,[],0,"[""LADO: AMBOS"", ""POSICION: DELANTERO"", ""UBICACION: INFERIOR"", ""DIAMETRO MENOR DE PERNO: 17.65 mm"", ""DIAMETRO MAYOR DE PERNO: 20.4 mm""]",5,[],0,,,11.1190
11641AP,https://icepar.specparts.shop/products/detail?slug=aplus_11641ap-1333857,975,,,,,[],0,"[""LADO: AMBOS"", ""UBICACION: INFERIOR"", ""POSICION: DELANTERO"", ""DIAMETRO MENOR DE PERNO: 19.5 mm"", ""DIAMETRO MAYOR DE PERNO: 22.5 mm""]",5,[],0,,,11.0353
11459AP,https://icepar.specparts.shop/products/detail?slug=aplus_11459ap-1333858,975,,,,,[],0,"[""LADO: AMBOS"", ""POSICION: DELANTERO"", ""UBICACION: INFERIOR"", ""DIAMETRO MENOR DE PERNO: 18 mm""]",4,[],0,,,9.9085
11491AP,https://icepar.specparts.shop/products/detail?slug=aplus_11491ap-1333861,975,,,,,[],0,"[""LADO: AMBOS"", ""POSICION: DELANTERO"", ""UBICACION: INFERIOR"", ""DIAMETRO MENOR DE PERNO: 19.5 mm"", ""DIAMETRO MAYOR DE PERNO: 22 mm"", ""DIAMETRO DE BASE: 46.6 mm""]",6,[],0,,,12.0819
12226AP,https://icepar.specparts.shop/products/detail?slug=aplus_12226ap-1333864,975,,,,,[],0,"[""LADO: AMBOS"", ""POSICION: DELANTERO"", ""UBICACION: INFERIOR"", ""DIAMETRO MENOR DE PERNO: 19.7 mm"", ""DIAMETRO MAYOR DE PERNO: 22 mm""]",5,[],0,,,10.9780
11956AP,https://icepar.specparts.shop/products/detail?slug=aplus_11956ap-1333865,975,,,,,[],0,"[""POSICION: DELANTERO"", ""LADO: AMBOS"", ""UBICACION: INFERIOR"", ""DIAMETRO MENOR DE PERNO: 16 mm""]",4,[],0,,,10.0281
12221AP,https://icepar.specparts.shop/products/detail?slug=aplus_12221ap-1333882,975,,,,,[],0,"[""LADO: AMBOS"", ""POSICION: DELANTERO"", ""UBICACION: SUPERIOR"", ""DIAMETRO MENOR DE PERNO: 16.75 mm"", ""DIAMETRO MAYOR DE PERNO: 19 mm""]",5,[],0,,,11.1128
11501AP,https://icepar.specparts.shop/products/detail?slug=aplus_11501ap-1333884,975,,,,,[],0,"[""POSICION: DELANTERO"", ""LADO: AMBOS"", ""UBICACION: INFERIOR"", ""DIAMETRO MAYOR DE PERNO: 22.5 mm"", ""DIAMETRO MENOR DE PERNO: 20.3 mm""]",5,[],0,,,11.0471
11958AP,https://icepar.specparts.shop/products/detail?slug=aplus_11958ap-1333886,975,,,,,[],0,"[""LADO: IZQUIERDO"", ""POSICION: DELANTERO"", ""UBICACION: INFERIOR"", ""DIAMETRO MENOR DE PERNO: 14.9 mm"", ""DIAMETRO MAYOR DE PERNO: 18.2 mm""]",5,[],0,,,11.9440
11832AP,https://icepar.specparts.shop/products/detail?slug=aplus_11832ap-1333887,976,,,,,[],0,"[""LADO: AMBOS"", ""POSICION: DELANTERO"", ""UBICACION: INFERIOR"", ""DIAMETRO MENOR DE PERNO: 19.4 mm"", ""DIAMETRO MAYOR DE PERNO: 22 mm""]",5,[],0,,,11.0797
11505AP,https://icepar.specparts.shop/products/detail?slug=aplus_11505ap-1333892,976,,,,,[],0,"[""LADO: AMBOS"", ""POSICION: DELANTERO"", ""DIAMETRO MENOR DE PERNO: 18.5 mm"", ""DIAMETRO MAYOR DE PERNO: 20.3 mm""]",4,[],0,,,10.4266
12280AP,https://icepar.specparts.shop/products/detail?slug=aplus_12280ap-1333894,976,,,,,[],0,"[""LADO: AMBOS"", ""POSICION: DELANTERO"", ""UBICACION: SUPERIOR"", ""DIAMETRO MENOR DE PERNO: 16 mm"", ""DIAMETRO MAYOR DE PERNO: 18.15 mm""]",5,[],0,,,12.6031
12200AP,https://icepar.specparts.shop/products/detail?slug=aplus_12200ap-1333895,976,,,,,[],0,"[""LADO: AMBOS"", ""POSICION: DELANTERO"", ""UBICACION: SUPERIOR"", ""DIAMETRO MENOR DE PERNO: 15 mm"", ""DIAMETRO MAYOR DE PERNO: 17 mm""]",5,[],0,,,11.2092
12360AP,https://icepar.specparts.shop/products/detail?slug=aplus_12360ap-1333902,976,,,,,[],0,"[""LADO: AMBOS"", ""POSICION: DELANTERO"", ""UBICACION: SUPERIOR"", ""DIAMETRO MENOR DE PERNO: 16 mm"", ""DIAMETRO MAYOR DE PERNO: 18 mm""]",5,[],0,,,10.9953
12412AP,https://icepar.specparts.shop/products/detail?slug=aplus_12412ap-1333914,976,,,,,[],0,"[""LADO: AMBOS"", ""POSICION: DELANTERO"", ""UBICACION: SUPERIOR"", ""DIAMETRO MENOR DE PERNO: 17.6 mm"", ""DIAMETRO MAYOR DE PERNO: 20.1 mm""]",5,[],0,,,11.0762
12369AP,https://icepar.specparts.shop/products/detail?slug=aplus_12369ap-1333915,976,,,,,[],0,"[""LADO: AMBOS"", ""POSICION: DELANTERO"", ""UBICACION: INFERIOR"", ""DIAMETRO MENOR DE PERNO: 10.5 mm"", ""DIAMETRO MAYOR DE PERNO: 19.6 mm"", ""DIAMETRO DE BASE: 222 mm""]",6,[],0,,,12.4181
12612AP,https://icepar.specparts.shop/products/detail?slug=aplus_12612ap-1333919,976,,,,,[],0,"[""LADO: AMBOS"", ""POSICION: DELANTERO"", ""UBICACION: INFERIOR"", ""DIAMETRO MENOR DE PERNO: 19.67 mm"", ""DIAMETRO MAYOR DE PERNO: 22.3 mm""]",5,[],0,,,11.1156
12470AP,https://icepar.specparts.shop/products/detail?slug=aplus_12470ap-1333930,976,,,,,[],0,"[""LADO: AMBOS"", ""POSICION: DELANTERO"", ""UBICACION: INFERIOR"", ""DIAMETRO MENOR DE PERNO: 16 mm"", ""DIAMETRO MAYOR DE PERNO: 36.9 mm""]",5,[],0,,,12.0740
12505AP,https://icepar.specparts.shop/products/detail?slug=aplus_12505ap-1333931,976,,,,,[],0,"[""LADO: AMBOS"", ""POSICION: DELANTERO"", ""UBICACION: INFERIOR"", ""DIAMETRO MENOR DE PERNO: 15 mm"", ""DIAMETRO MAYOR DE PERNO: 18 mm""]",5,[],0,,,11.0140
12562AP,https://icepar.specparts.shop/products/detail?slug=aplus_12562ap-1333932,976,,,,,[],0,"[""LADO: AMBOS"", ""POSICION: DELANTERO"", ""UBICACION: INFERIOR"", ""DIAMETRO MAYOR DE PERNO: 23 mm"", ""DIAMETRO MENOR DE PERNO: 20.6 mm""]",5,[],0,,,11.1051
12951AP,https://icepar.specparts.shop/products/detail?slug=aplus_12951ap-1333936,976,,,,,[],0,"[""LADO: AMBOS"", ""POSICION: DELANTERO"", ""UBICACION: INFERIOR"", ""DIAMETRO MAYOR DE PERNO: 18 mm"", ""DIAMETRO MENOR DE PERNO: 15.7 mm""]",5,[],0,,,11.3117
12956AP,https://icepar.specparts.shop/products/detail?slug=aplus_12956ap-1333938,976,,,,,[],0,"[""LADO: AMBOS"", ""POSICION: DELANTERO"", ""DIAMETRO MENOR DE PERNO: 16.1 mm"", ""UBICACION: SUPERIOR"", ""DIAMETRO MAYOR DE PERNO: 24 mm"", ""DIAMETRO DE BASE: 55 mm""]",6,[],0,,,11.9514
12571AP,https://icepar.specparts.shop/products/detail?slug=aplus_12571ap-1333939,976,,,,,[],0,"[""POSICION: DELANTERO"", ""LADO: AMBOS"", ""UBICACION: INFERIOR"", ""DIAMETRO MENOR DE PERNO: 18.16 mm"", ""DIAMETRO DE BASE: 44.5 mm"", ""DIAMETRO MAYOR DE PERNO: 215 mm""]",6,[],0,,,13.2137
12513AP,https://icepar.specparts.shop/products/detail?slug=aplus_12513ap-1333945,976,,,,,[],0,"[""LADO: AMBOS"", ""UBICACION: INFERIOR"", ""POSICION: DELANTERO"", ""DIAMETRO MENOR DE PERNO: 18 mm""]",4,[],0,,,10.2450
11959AP,https://icepar.specparts.shop/products/detail?slug=aplus_11959ap-1333959,976,,,,,[],0,"[""LADO: DERECHO"", ""POSICION: DELANTERO"", ""DIAMETRO MENOR DE PERNO: 14.9 mm"", ""UBICACION: INFERIOR"", ""DIAMETRO MAYOR DE PERNO: 18.2 mm""]",5,[],0,,,11.7810
12516AP,https://icepar.specparts.shop/products/detail?slug=aplus_12516ap-1333967,976,,,,,[],0,"[""LADO: AMBOS"", ""POSICION: DELANTERO"", ""UBICACION: INFERIOR"", ""DIAMETRO MAYOR DE PERNO: 18 mm"", ""DIAMETRO MENOR DE PERNO: 16.12 mm"", ""DIAMETRO DE BASE: 42.1 mm""]",6,[],0,,,12.0204
12688AP,https://icepar.specparts.shop/products/detail?slug=aplus_12688ap-1333968,976,,,,,[],0,"[""LADO: AMBOS"", ""UBICACION: INFERIOR"", ""POSICION: DELANTERO"", ""DIAMETRO MENOR DE PERNO: 14.75 mm"", ""DIAMETRO MAYOR DE PERNO: 18 mm"", ""DIAMETRO DE BASE: 38.2 mm""]",6,[],0,,,12.7512
12582AP,https://icepar.specparts.shop/products/detail?slug=aplus_12582ap-1333969,976,,,,,[],0,"[""LADO: AMBOS"", ""POSICION: DELANTERO"", ""UBICACION: INFERIOR"", ""DIAMETRO MAYOR DE PERNO: 17.2 mm"", ""DIAMETRO MENOR DE PERNO: 14.95 mm"", ""DIAMETRO DE BASE: 37.2 mm""]",6,[],0,,,12.0763
12604AP,https://icepar.specparts.shop/products/detail?slug=aplus_12604ap-1333970,976,,,,,[],0,"[""LADO: IZQUIERDO"", ""POSICION: DELANTERO"", ""UBICACION: SUPERIOR"", ""DIAMETRO MENOR DE PERNO: 16.5 mm"", ""DIAMETRO MAYOR DE PERNO: 212 mm""]",5,[],0,,,11.5956
12635AP,https://icepar.specparts.shop/products/detail?slug=aplus_12635ap-1333972,976,,,,,[],0,"[""LADO: AMBOS"", ""UBICACION: INFERIOR"", ""POSICION: DELANTERO"", ""DIAMETRO MENOR DE PERNO: 20.2 mm"", ""DIAMETRO DE BASE: 50 mm"", ""DIAMETRO MAYOR DE PERNO: 22.3 mm""]",6,[],0,,,12.8867
12642AP,https://icepar.specparts.shop/products/detail?slug=aplus_12642ap-1333976,976,,,,,[],0,"[""POSICION: DELANTERO"", ""LADO: AMBOS"", ""DIAMETRO MENOR DE PERNO: 16.65 mm"", ""UBICACION: INFERIOR"", ""DIAMETRO MAYOR DE PERNO: 19.4 mm""]",5,[],0,,,11.0070
11955AP,https://icepar.specparts.shop/products/detail?slug=aplus_11955ap-1333980,976,,,,,[],0,"[""UBICACION: INFERIOR"", ""LADO: AMBOS"", ""POSICION: DELANTERO"", ""DIAMETRO MAYOR DE PERNO: 18 mm"", ""DIAMETRO MENOR DE PERNO: 15 mm""]",5,[],0,,,11.2474
12638AP,https://icepar.specparts.shop/products/detail?slug=aplus_12638ap-1333985,976,,,,,[],0,"[""LADO: AMBOS"", ""POSICION: DELANTERO"", ""UBICACION: INFERIOR"", ""DIAMETRO MENOR DE PERNO: 23.5 mm"", ""DIAMETRO MAYOR DE PERNO: 26.7 mm"", ""DIAMETRO DE BASE: 45.3 mm""]",6,[],0,,,12.6883
12848AP,https://icepar.specparts.shop/products/detail?slug=aplus_12848ap-1333990,977,,,,,[],0,"[""LADO: IZQUIERDO"", ""POSICION: DELANTERO"", ""DIAMETRO MENOR DE PERNO: 19.45 mm"", ""UBICACION: INFERIOR"", ""DIAMETRO MAYOR DE PERNO: 22.1 mm""]",5,[],0,,,10.9965
12003AP,https://icepar.specparts.shop/products/detail?slug=aplus_12003ap-1333994,977,,,,,[],0,"[""LADO: IZQUIERDO"", ""POSICION: DELANTERO"", ""UBICACION: INFERIOR"", ""DIAMETRO MENOR DE PERNO: 14.9 mm"", ""DIAMETRO MAYOR DE PERNO: 18.2 mm""]",5,[],0,,,11.2084
12969AP,https://icepar.specparts.shop/products/detail?slug=aplus_12969ap-1333997,977,,,,,[],0,"[""LADO: AMBOS"", ""POSICION: DELANTERO"", ""DIAMETRO MENOR DE PERNO: 17.84 mm"", ""UBICACION: INFERIOR"", ""DIAMETRO MAYOR DE PERNO: 18 mm""]",5,[],0,,,11.0942
14441AP,https://icepar.specparts.shop/products/detail?slug=aplus_14441ap-1333998,977,,,,,[],0,"[""LADO: AMBOS"", ""POSICION: DELANTERO"", ""UBICACION: INFERIOR"", ""DIAMETRO MENOR DE PERNO: 18 mm"", ""DIAMETRO MAYOR DE PERNO: 37.9 mm""]",5,[],0,,,11.1965
13315AP,https://icepar.specparts.shop/products/detail?slug=aplus_13315ap-1333999,977,,,,,[],0,"[""LADO: AMBOS"", ""POSICION: DELANTERO"", ""UBICACION: INFERIOR"", ""DIAMETRO MENOR DE PERNO: 17.8 mm"", ""DIAMETRO MAYOR DE PERNO: 21.4 mm""]",5,[],0,,,10.9776
14466AP,https://icepar.specparts.shop/products/detail?slug=aplus_14466ap-1334001,977,,,,,[],0,[],0,[],0,,,2.6430
12944AP,https://icepar.specparts.shop/products/detail?slug=aplus_12944ap-1334009,977,,,,,[],0,"[""LADO: AMBOS"", ""UBICACION: INFERIOR"", ""POSICION: DELANTERO"", ""DIAMETRO MENOR DE PERNO: 21.95 mm"", ""DIAMETRO MAYOR DE PERNO: 43.5 mm""]",5,[],0,,,23.9632
13715AP,https://icepar.specparts.shop/products/detail?slug=aplus_13715ap-1334012,977,,,,,[],0,"[""LADO: AMBOS"", ""POSICION: DELANTERO"", ""UBICACION: INFERIOR"", ""DIAMETRO MAYOR DE PERNO: 50 mm"", ""DIAMETRO MENOR DE PERNO: 20 mm"", ""DIAMETRO DE BASE: 42.7 mm""]",6,[],0,,,12.1330
13000AP,https://icepar.specparts.shop/products/detail?slug=aplus_13000ap-1334013,977,,,,,[],0,"[""LADO: AMBOS"", ""POSICION: DELANTERO"", ""UBICACION: INFERIOR"", ""DIAMETRO MAYOR DE PERNO: 18.7 mm"", ""DIAMETRO MENOR DE PERNO: 14.85 mm"", ""DIAMETRO DE BASE: 39.1 mm""]",6,[],0,,,12.2040
12980AP,https://icepar.specparts.shop/products/detail?slug=aplus_12980ap-1334015,977,,,,,[],0,"[""LADO: AMBOS"", ""POSICION: DELANTERO"", ""DIAMETRO MENOR DE PERNO: 14.5 mm"", ""UBICACION: INFERIOR"", ""DIAMETRO MAYOR DE PERNO: 17.7 mm"", ""DIAMETRO DE BASE: 38.3 mm""]",6,[],0,,,12.1022
13056AP,https://icepar.specparts.shop/products/detail?slug=aplus_13056ap-1334023,977,,,,,[],0,"[""POSICION: DELANTERO"", ""LADO: AMBOS"", ""DIAMETRO MENOR DE PERNO: 13.5 mm"", ""UBICACION: INFERIOR"", ""DIAMETRO MAYOR DE PERNO: 16.7 mm"", ""DIAMETRO DE BASE: 36.8 mm""]",6,[],0,,,12.0973
13063AP,https://icepar.specparts.shop/products/detail?slug=aplus_13063ap-1334029,977,,,,,[],0,"[""LADO: AMBOS"", ""POSICION: DELANTERO"", ""UBICACION: INFERIOR"", ""DIAMETRO MENOR DE PERNO: 18 mm""]",4,[],0,,,10.0366
13338AP,https://icepar.specparts.shop/products/detail?slug=aplus_13338ap-1334031,977,,,,,[],0,"[""POSICION: DELANTERO"", ""LADO: AMBOS"", ""UBICACION: INFERIOR"", ""DIAMETRO MENOR DE PERNO: 19.55 mm"", ""DIAMETRO MAYOR DE PERNO: 22.3 mm"", ""DIAMETRO DE BASE: 44.55 mm""]",6,[],0,,,12.1815
12002AP,https://icepar.specparts.shop/products/detail?slug=aplus_12002ap-1334033,977,,,,,[],0,"[""LADO: DERECHO"", ""POSICION: DELANTERO"", ""UBICACION: INFERIOR"", ""DIAMETRO MENOR DE PERNO: 14.9 mm"", ""DIAMETRO MAYOR DE PERNO: 18.2 mm""]",5,[],0,,,11.3179
13196AP,https://icepar.specparts.shop/products/detail?slug=aplus_13196ap-1334056,977,,,,,[],0,"[""LADO: AMBOS"", ""POSICION: DELANTERO"", ""UBICACION: INFERIOR"", ""DIAMETRO MAYOR DE PERNO: 20.1 mm"", ""DIAMETRO MENOR DE PERNO: 17.8 mm""]",5,[],0,,,11.0344
13328AP,https://icepar.specparts.shop/products/detail?slug=aplus_13328ap-1334062,977,,,,,[],0,"[""POSICION: DELANTERO"", ""LADO: AMBOS"", ""DIAMETRO MENOR DE PERNO: 17.9 mm"", ""UBICACION: INFERIOR"", ""DIAMETRO MAYOR DE PERNO: 21.4 mm"", ""DIAMETRO DE BASE: 49.5 mm""]",6,[],0,,,13.0524
12314AP,https://icepar.specparts.shop/products/detail?slug=aplus_12314ap-1334067,977,,,,,[],0,"[""LADO: AMBOS"", ""UBICACION: INFERIOR"", ""POSICION: DELANTERO"", ""DIAMETRO MENOR DE PERNO: 16 mm""]",4,[],0,,,11.0982
12378AP,https://icepar.specparts.shop/products/detail?slug=aplus_12378ap-1334071,977,,,,,[],0,"[""LADO: AMBOS"", ""POSICION: DELANTERO"", ""UBICACION: INFERIOR"", ""DIAMETRO MENOR DE PERNO: 14 mm"", ""DIAMETRO MAYOR DE PERNO: 16 mm"", ""DIAMETRO DE BASE: 40 mm""]",6,[],0,,,12.0734
13232AP,https://icepar.specparts.shop/products/detail?slug=aplus_13232ap-1334075,977,,,,,[],0,"[""LADO: AMBOS"", ""UBICACION: SUPERIOR"", ""POSICION: DELANTERO"", ""DIAMETRO MENOR DE PERNO: 16.2 mm"", ""DIAMETRO MAYOR DE PERNO: 18.5 mm"", ""DIAMETRO DE BASE: 511 mm""]",6,[],0,,,12.2601
13333AP,https://icepar.specparts.shop/products/detail?slug=aplus_13333ap-1334089,977,,,,,[],0,"[""LADO: AMBOS"", ""POSICION: DELANTERO"", ""UBICACION: SUPERIOR"", ""DIAMETRO MENOR DE PERNO: 19.51 mm"", ""DIAMETRO DE BASE: 44.55 mm"", ""DIAMETRO MAYOR DE PERNO: 22.2 mm""]",6,[],0,,,12.4468
14460AP,https://icepar.specparts.shop/products/detail?slug=aplus_14460ap-1334093,977,,,,,[],0,"[""LADO: AMBOS"", ""POSICION: DELANTERO"", ""DIAMETRO MENOR DE PERNO: 18 mm"", ""UBICACION: INFERIOR"", ""DIAMETRO DE BASE: 38.3 mm"", ""DIAMETRO MAYOR DE PERNO: 46 mm""]",6,[],0,,,12.0418
13379AP,https://icepar.specparts.shop/products/detail?slug=aplus_13379ap-1334102,977,,,,,[],0,"[""LADO: AMBOS"", ""POSICION: DELANTERO"", ""DIAMETRO MENOR DE PERNO: 16.45 mm"", ""UBICACION: SUPERIOR"", ""DIAMETRO MAYOR DE PERNO: 18.45 mm""]",5,[],0,,,11.1150
14607AP,https://icepar.specparts.shop/products/detail?slug=aplus_14607ap-1334104,977,,,,,[],0,"[""LADO: IZQUIERDO"", ""POSICION: DELANTERO"", ""DIAMETRO MENOR DE PERNO: 16 mm"", ""UBICACION: INFERIOR""]",4,[],0,,,10.0562
16634AP,https://icepar.specparts.shop/products/detail?slug=aplus_16634ap-1334113,977,,,,,[],0,"[""LADO: DERECHO"", ""POSICION: DELANTERO"", ""DIAMETRO MENOR DE PERNO: 15.3 mm"", ""UBICACION: INFERIOR"", ""DIAMETRO MAYOR DE PERNO: 20.1 mm""]",5,[],0,,,11.2105
13419AP,https://icepar.specparts.shop/products/detail?slug=aplus_13419ap-1334114,978,,,,,[],0,"[""LADO: AMBOS"", ""POSICION: DELANTERO"", ""UBICACION: INFERIOR"", ""DIAMETRO MENOR DE PERNO: 22.4 mm"", ""DIAMETRO MAYOR DE PERNO: 25.5 mm"", ""DIAMETRCO DE BASE: 50.3 mm""]",6,[],0,,,12.5575
12605AP,https://icepar.specparts.shop/products/detail?slug=aplus_12605ap-1334129,978,,,,,[],0,"[""LADO: DERECHO"", ""UBICACION: SUPERIOR"", ""POSICION: DELANTERO"", ""DIAMETRO MENOR DE PERNO: 16.5 mm"", ""DIAMETRO MAYOR DE PERNO: 212 mm""]",5,[],0,,,11.1576
13710AP,https://icepar.specparts.shop/products/detail?slug=aplus_13710ap-1334131,978,,,,,[],0,"[""LADO: AMBOS"", ""POSICION: DELANTERO"", ""UBICACION: INFERIOR"", ""DIAMETRO MENOR DE PERNO: 13.4 mm"", ""DIAMETRO MAYOR DE PERNO: 15.1 mm"", ""DIAMETRO DE BASE: 313 mm""]",6,[],0,,,12.2164
13706AP,https://icepar.specparts.shop/products/detail?slug=aplus_13706ap-1334133,978,,,,,[],0,"[""LADO: IZQUIERDO"", ""POSICION: DELANTERO"", ""UBICACION: INFERIOR"", ""DIAMETRO MAYOR DE PERNO: 20.05 mm"", ""DIAMETRO MENOR DE PERNO: 17.5 mm""]",5,[],0,,,11.0381
12896AP,https://icepar.specparts.shop/products/detail?slug=aplus_12896ap-1334142,978,,,,,[],0,"[""LADO: AMBOS"", ""POSICION: DELANTERO"", ""UBICACION: INFERIOR"", ""DIAMETRO MENOR DE PERNO: 13.7 mm"", ""DIAMETRO MAYOR DE PERNO: 16.3 mm""]",5,[],0,,,11.2971
15652AP,https://icepar.specparts.shop/products/detail?slug=aplus_15652ap-1334143,978,,,,,[],0,"[""LADO: AMBOS"", ""POSICION: DELANTERO"", ""DIAMETRO MENOR DE PERNO: 15.5 mm"", ""UBICACION: INFERIOR"", ""DIAMETRO MAYOR DE PERNO: 18 mm""]",5,[],0,,,11.2452
13707AP,https://icepar.specparts.shop/products/detail?slug=aplus_13707ap-1334149,978,,,,,[],0,"[""LADO: DERECHO"", ""POSICION: DELANTERO"", ""UBICACION: INFERIOR"", ""DIAMETRO MENOR DE PERNO: 17.5 mm"", ""DIAMETRO MAYOR DE PERNO: 20.05 mm""]",5,[],0,,,11.1883
13700AP,https://icepar.specparts.shop/products/detail?slug=aplus_13700ap-1334166,978,,,,,[],0,"[""LADO: AMBOS"", ""POSICION: DELANTERO"", ""DIAMETRO MENOR DE PERNO: 16.2 mm"", ""DIAMETRO MAYOR DE PERNO: 17.9 mm"", ""UBICACION: SUPERIOR"", ""DIAMETRO DE BASE: 43.4 mm""]",6,[],0,,,12.3101
13693AP,https://icepar.specparts.shop/products/detail?slug=aplus_13693ap-1334179,978,,,,,[],0,"[""POSICION: DELANTERO"", ""LADO: AMBOS"", ""UBICACION: INFERIOR"", ""DIAMETRO MENOR DE PERNO: 16 mm"", ""DIAMETRO MAYOR DE PERNO: 18 mm""]",5,[],0,,,11.1194
19523AP,https://icepar.specparts.shop/products/detail?slug=aplus_19523ap-1334197,978,,,,,[],0,"[""POSICION: DELANTERO"", ""UBICACION: INFERIOR"", ""LADO: AMBOS"", ""DIAMETRO MENOR DE PERNO: 23.95 mm"", ""DIAMETRO MAYOR DE PERNO: 43.5 mm""]",5,[],0,,,11.1459
16652AP,https://icepar.specparts.shop/products/detail?slug=aplus_16652ap-1334206,978,,,,,[],0,"[""LADO: AMBOS"", ""UBICACION: INFERIOR"", ""POSICION: DELANTERO"", ""DIAMETRO MENOR DE PERNO: 16 mm""]",4,[],0,,,10.2065
17001AP,https://icepar.specparts.shop/products/detail?slug=aplus_17001ap-1334213,978,,,,,[],0,"[""LADO: AMBOS"", ""POSICION: DELANTERO""]",2,[],0,,,7.9808
15693AP,https://icepar.specparts.shop/products/detail?slug=aplus_15693ap-1334216,978,,,,,[],0,"[""LADO: AMBOS"", ""POSICION: DELANTERO"", ""UBICACION: INFERIOR"", ""DIAMETRO MENOR DE PERNO: 22 mm""]",4,[],0,,,10.1650
16398AP,https://icepar.specparts.shop/products/detail?slug=aplus_16398ap-1334217,978,,,,,[],0,"[""LADO: DERECHO"", ""POSICION: DELANTERO"", ""UBICACION: INFERIOR"", ""DIAMETRO MENOR DE PERNO: 17 mm""]",4,[],0,,,10.2142
16076AP,https://icepar.specparts.shop/products/detail?slug=aplus_16076ap-1334218,978,,,,,[],0,"[""LADO: AMBOS"", ""POSICION: DELANTERO"", ""UBICACION: INFERIOR"", ""DIAMETRO MENOR DE PERNO: 21.7 mm"", ""DIAMETRO MAYOR DE PERNO: 24 mm""]",5,[],0,,,11.6447
16109AP,https://icepar.specparts.shop/products/detail?slug=aplus_16109ap-1334220,978,,,,,[],0,"[""LADO: AMBOS"", ""POSICION: DELANTERO"", ""DIAMETRO MENOR DE PERNO: 14.9 mm"", ""UBICACION: INFERIOR"", ""DIAMETRO MAYOR DE PERNO: 17.3 mm""]",5,[],0,,,11.3741
14462AP,https://icepar.specparts.shop/products/detail?slug=aplus_14462ap-1334222,978,,,,,[],0,"[""LADO: IZQUIERDO"", ""POSICION: DELANTERO"", ""UBICACION: INFERIOR"", ""DIAMETRO MENOR DE PERNO: 15.4 mm"", ""DIAMETRO MAYOR DE PERNO: 20.2 mm""]",5,[],0,,,11.0301
16991AP,https://icepar.specparts.shop/products/detail?slug=aplus_16991ap-1334225,978,,,,,[],0,"[""LADO: AMBOS"", ""POSICION: DELANTERO"", ""UBICACION: INFERIOR"", ""DIAMETRO MENOR DE PERNO: 16.85 mm"", ""DIAMETRO MAYOR DE PERNO: 20.6 mm""]",5,[],0,,,11.0349
16732AP,https://icepar.specparts.shop/products/detail?slug=aplus_16732ap-1334235,978,,,,,[],0,"[""LADO: AMBOS"", ""POSICION: DELANTERO"", ""UBICACION: SUPERIOR"", ""DIAMETRO MENOR DE PERNO: 12.75 mm"", ""DIAMETRO MAYOR DE PERNO: 14.2 mm"", ""DIAMETRO DE BASE: 35.2 mm""]",6,[],0,,,12.3216
16207AP,https://icepar.specparts.shop/products/detail?slug=aplus_16207ap-1334238,978,,,,,[],0,"[""LADO: AMBOS"", ""POSICION: DELANTERO"", ""DIAMETRO MENOR DE PERNO: 16 mm"", ""UBICACION: INFERIOR"", ""DIAMETRO MAYOR DE PERNO: 40.1 mm""]",5,[],0,,,11.1082
14461AP,https://icepar.specparts.shop/products/detail?slug=aplus_14461ap-1334243,978,,,,,[],0,"[""POSICION: DELANTERO"", ""LADO: DERECHO"", ""DIAMETRO MENOR DE PERNO: 15.4 mm"", ""UBICACION: INFERIOR"", ""DIAMETRO MAYOR DE PERNO: 20.2 mm""]",5,[],0,,,11.0245
14608AP,https://icepar.specparts.shop/products/detail?slug=aplus_14608ap-1334245,978,,,,,[],0,"[""LADO: DERECHO"", ""POSICION: DELANTERO"", ""UBICACION: INFERIOR"", ""DIAMETRO MENOR DE PERNO: 16 mm""]",4,[],0,,,10.8536
16397AP,https://icepar.specparts.shop/products/detail?slug=aplus_16397ap-1334248,978,,,,,[],0,"[""LADO: IZQUIERDO"", ""POSICION: DELANTERO"", ""UBICACION: INFERIOR"", ""DIAMETRO MENOR DE PERNO: 17 mm""]",4,[],0,,,10.3617
14477AP,https://icepar.specparts.shop/products/detail?slug=aplus_14477ap-1334260,978,,,,,[],0,"[""LADO: AMBOS"", ""POSICION: DELANTERO"", ""DIAMETRO MENOR DE PERNO: 18 mm"", ""UBICACION: INFERIOR""]",4,[],0,,,10.5605
16465AP,https://icepar.specparts.shop/products/detail?slug=aplus_16465ap-1334267,979,,,,,[],0,"[""LADO: AMBOS"", ""POSICION: DELANTERO"", ""UBICACION: INFERIOR"", ""DIAMETRO MENOR DE PERNO: 15.85 mm"", ""DIAMETRO MAYOR DE PERNO: 19.1 mm"", ""DIAMETRO DE BASE: 45.65 mm""]",6,[],0,,,12.0700
16763AP,https://icepar.specparts.shop/products/detail?slug=aplus_16763ap-1334269,979,,,,,[],0,"[""LADO: AMBOS"", ""POSICION: DELANTERO"", ""UBICACION: INFERIOR"", ""DIAMETRO MENOR DE PERNO: 15.1 mm"", ""DIAMETRO MAYOR DE PERNO: 19.6 mm""]",5,[],0,,,11.1609
19425AP,https://icepar.specparts.shop/products/detail?slug=aplus_19425ap-1334271,979,,,,,[],0,"[""LADO: AMBOS"", ""POSICION: DELANTERO"", ""DIAMETRO MAYOR DE PERNO: 218 mm"", ""UBICACION: INFERIOR"", ""DIAMETRO MENOR DE PERNO: 13.8 mm"", ""DIAMETRO DE BASE: 42 mm""]",6,[],0,,,12.6133
16498AP,https://icepar.specparts.shop/products/detail?slug=aplus_16498ap-1334287,979,,,,,[],0,"[""LADO: AMBOS"", ""POSICION: DELANTERO"", ""UBICACION: INFERIOR"", ""DIAMETRO MENOR DE PERNO: 19.8 mm"", ""DIAMETRO MAYOR DE PERNO: 24.9 mm""]",5,[],0,,,11.3000
16802AP,https://icepar.specparts.shop/products/detail?slug=aplus_16802ap-1334292,979,,,,,[],0,"[""LADO: AMBOS"", ""POSICION: DELANTERO""]",2,[],0,,,8.5946
16863AP,https://icepar.specparts.shop/products/detail?slug=aplus_16863ap-1334303,979,,,,,[],0,"[""LADO: IZQUIERDO"", ""POSICION: DELANTERO""]",2,[],0,,,7.9044
19526AP,https://icepar.specparts.shop/products/detail?slug=aplus_19526ap-1334307,979,,,,,[],0,"[""LADO: AMBOS"", ""DIAMETRO MENOR DE PERNO: 15 mm"", ""POSICION: DELANTERO"", ""UBICACION: SUPERIOR"", ""DIAMETRO MAYOR DE PERNO: 18.2 mm"", ""DIAMETRO DE BASE: 44mm""]",6,[],0,,,12.2761
18336AP,https://icepar.specparts.shop/products/detail?slug=aplus_18336ap-1334308,979,,,,,[],0,"[""LADO: AMBOS"", ""POSICION: DELANTERO""]",2,[],0,,,7.9470
15609AP,https://icepar.specparts.shop/products/detail?slug=aplus_15609ap-1334311,979,,,,,[],0,"[""LADO: AMBOS"", ""POSICION: DELANTERO"", ""UBICACION: INFERIOR"", ""DIAMETRO MENOR DE PERNO: 27 mm""]",4,[],0,,,9.8945
19483AP,https://icepar.specparts.shop/products/detail?slug=aplus_19483ap-1334318,979,,,,,[],0,"[""LADO: AMBOS"", ""POSICION: DELANTERO"", ""UBICACION: INFERIOR"", ""DIAMETRO MAYOR DE PERNO: 22 mm"", ""DIAMETRO MENOR DE PERNO: 19.5 mm""]",5,[],0,,,11.0648
15298AP,https://icepar.specparts.shop/products/detail?slug=aplus_15298ap-1334325,979,,,,,[],0,"[""LADO: AMBOS"", ""POSICION: DELANTERO"", ""UBICACION: SUPERIOR"", ""DIAMETRO MENOR DE PERNO: 15.85 mm"", ""DIAMETRO MAYOR DE PERNO: 19.1 mm"", ""DIAMETRO DE BASE: 45.65 mm""]",6,[],0,,,12.6608
17007AP,https://icepar.specparts.shop/products/detail?slug=aplus_17007ap-1334326,979,,,,,[],0,"[""LADO: AMBOS"", ""POSICION: DELANTERO""]",2,[],0,,,7.9475
16589AP,https://icepar.specparts.shop/products/detail?slug=aplus_16589ap-1334333,979,,,,,[],0,"[""LADO: AMBOS"", ""POSICION: DELANTERO"", ""UBICACION: INFERIOR"", ""DIAMETRO MENOR DE PERNO: 15 mm"", ""DIAMETRO MAYOR DE PERNO: 18 mm""]",5,[],0,,,12.0212
15740AP,https://icepar.specparts.shop/products/detail?slug=aplus_15740ap-1334338,979,,,,,[],0,"[""LADO: AMBOS"", ""POSICION: DELANTERO"", ""DIAMETRO MENOR DE PERNO: 16.5 mm"", ""UBICACION: INFERIOR""]",4,[],0,,,9.9757
17241AP,https://icepar.specparts.shop/products/detail?slug=aplus_17241ap-1334339,979,,,,,[],0,"[""LADO: AMBOS"", ""POSICION: DELANTERO"", ""UBICACION: SUPERIOR"", ""DIAMETRO MENOR DE PERNO: 14.75 mm"", ""DIAMETRO MAYOR DE PERNO: 18 mm"", ""DIAMETRO DE BASE: 42 mm""]",6,[],0,,,12.6635
17058AP,https://icepar.specparts.shop/products/detail?slug=aplus_17058ap-1334341,979,,,,,[],0,"[""LADO: AMBOS"", ""POSICION: DELANTERO"", ""UBICACION: INFERIOR"", ""DIAMETRO MENOR DE PERNO: 18.05 mm"", ""DIAMETRO MAYOR DE PERNO: 218 mm""]",5,[],0,,,11.3626
18131AP,https://icepar.specparts.shop/products/detail?slug=aplus_18131ap-1334342,979,,,,,[],0,"[""LADO: AMBOS"", ""POSICION: DELANTERO""]",2,[],0,,,7.9495
16983AP,https://icepar.specparts.shop/products/detail?slug=aplus_16983ap-1334352,979,,,,,[],0,"[""LADO: AMBOS"", ""POSICION: DELANTERO""]",2,[],0,,,7.9390
18223AP,https://icepar.specparts.shop/products/detail?slug=aplus_18223ap-1334353,979,,,,,[],0,"[""LADO: AMBOS"", ""POSICION: DELANTERO""]",2,[],0,,,7.9138
18484AP,https://icepar.specparts.shop/products/detail?slug=aplus_18484ap-1334354,979,,,,,[],0,"[""LADO: AMBOS"", ""POSICION: DELANTERO""]",2,[],0,,,7.8811
16775AP,https://icepar.specparts.shop/products/detail?slug=aplus_16775ap-1334362,979,,,,,[],0,"[""LADO: AMBOS"", ""POSICION: DELANTERO""]",2,[],0,,,7.8779
15881AP,https://icepar.specparts.shop/products/detail?slug=aplus_15881ap-1334363,979,,,,,[],0,"[""LADO: AMBOS"", ""POSICION: DELANTERO"", ""UBICACION: INFERIOR"", ""DIAMETRO MENOR DE PERNO: 18.2 mm"", ""DIAMETRO DE BASE: 41.65 mm"", ""DIAMETRO MAYOR DE PERNO: 24 mm""]",6,[],0,,,12.1900
18180AP,https://icepar.specparts.shop/products/detail?slug=aplus_18180ap-1334366,979,,,,,[],0,"[""LADO: AMBOS"", ""POSICION: DELANTERO""]",2,[],0,,,7.9522
16984AP,https://icepar.specparts.shop/products/detail?slug=aplus_16984ap-1334382,979,,,,,[],0,"[""LADO: AMBOS"", ""POSICION: DELANTERO""]",2,[],0,,,8.1093
18307AP,https://icepar.specparts.shop/products/detail?slug=aplus_18307ap-1334385,980,,,,,[],0,"[""LADO: AMBOS"", ""POSICION: DELANTERO""]",2,[],0,,,7.9497
17075AP,https://icepar.specparts.shop/products/detail?slug=aplus_17075ap-1334386,980,,,,,[],0,"[""LADO: AMBOS"", ""POSICION: DELANTERO""]",2,[],0,,,7.9211
21188AP,https://icepar.specparts.shop/products/detail?slug=aplus_21188ap-1334391,980,,,,,[],0,"[""LADO: IZQUIERDO"", ""POSICION: DELANTERO"", ""UBICACION: INFERIOR"", ""DIAMETRO MENOR DE PERNO: 17.4 mm"", ""DIAMETRO MAYOR DE PERNO: 20 mm""]",5,[],0,,,11.9004
17367AP,https://icepar.specparts.shop/products/detail?slug=aplus_17367ap-1334392,980,,,,,[],0,"[""POSICION: DELANTERO"", ""LADO: AMBOS"", ""UBICACION: SUPERIOR"", ""DIAMETRO MAYOR DE PERNO: 18 mm"", ""DIAMETRO MENOR DE PERNO: 14.85 mm""]",5,[],0,,,11.0828
16982AP,https://icepar.specparts.shop/products/detail?slug=aplus_16982ap-1334394,980,,,,,[],0,"[""LADO: AMBOS"", ""POSICION: DELANTERO""]",2,[],0,,,8.0472
18420AP,https://icepar.specparts.shop/products/detail?slug=aplus_18420ap-1334397,980,,,,,[],0,"[""LADO: AMBOS"", ""POSICION: DELANTERO"", ""UBICACION: INFERIOR"", ""DIAMETRO MAYOR DE PERNO: 17.1 mm"", ""DIAMETRO MENOR DE PERNO: 15.1 mm""]",5,[],0,,,10.9759
17232AP,https://icepar.specparts.shop/products/detail?slug=aplus_17232ap-1334400,980,,,,,[],0,"[""LADO: AMBOS"", ""POSICION: DELANTERO"", ""DIAMETRO MENOR DE PERNO: 16 mm"", ""UBICACION: INFERIOR"", ""DIAMETRO MAYOR DE PERNO: 18 mm""]",5,[],0,,,11.3244
20296AP,https://icepar.specparts.shop/products/detail?slug=aplus_20296ap-1334402,980,,,,,[],0,"[""LADO: AMBOS"", ""POSICION: DELANTERO""]",2,[],0,,,8.4953
17580AP,https://icepar.specparts.shop/products/detail?slug=aplus_17580ap-1334403,980,,,,,[],0,"[""LADO: AMBOS"", ""UBICACION: SUPERIOR"", ""POSICION: DELANTERO"", ""DIAMETRO MENOR DE PERNO: 21.2 mm"", ""DIAMETRO MAYOR DE PERNO: 4165 mm""]",5,[],0,,,11.0709
19518AP,https://icepar.specparts.shop/products/detail?slug=aplus_19518ap-1334410,980,,,,,[],0,"[""LADO: AMBOS"", ""POSICION: DELANTERO""]",2,[],0,,,7.8369
19618AP,https://icepar.specparts.shop/products/detail?slug=aplus_19618ap-1334415,980,,,,,[],0,"[""LADO: AMBOS"", ""POSICION: DELANTERO""]",2,[],0,,,7.8331
16805AP,https://icepar.specparts.shop/products/detail?slug=aplus_16805ap-1334416,980,,,,,[],0,"[""LADO: AMBOS"", ""POSICION: DELANTERO""]",2,[],0,,,7.8738
20667AP,https://icepar.specparts.shop/products/detail?slug=aplus_20667ap-1334420,980,,,,,[],0,"[""LADO: AMBOS"", ""UBICACION: INFERIOR"", ""POSICION: DELANTERO"", ""DIAMETRO MENOR DE PERNO: 18 mm""]",4,[],0,,,10.1140
17349AP,https://icepar.specparts.shop/products/detail?slug=aplus_17349ap-1334430,980,,,,,[],0,"[""LADO: AMBOS"", ""POSICION: DELANTERO"", ""UBICACION: INFERIOR"", ""DIAMETRO MENOR DE PERNO: 27 mm"", ""DIAMETRO MAYOR DE PERNO: 31.4 mm"", ""DIAMETRCO DE BASE: 50.4 mm""]",6,[],0,,,12.1532
16495AP,https://icepar.specparts.shop/products/detail?slug=aplus_16495ap-1334436,980,,,,,[],0,"[""POSICION: DELANTERO"", ""LADO: AMBOS"", ""UBICACION: INFERIOR"", ""DIAMETRO MENOR DE PERNO: 15 mm"", ""DIAMETRO MAYOR DE PERNO: 16.8 mm""]",5,[],0,,,11.0545
15988AP,https://icepar.specparts.shop/products/detail?slug=aplus_15988ap-1334437,980,,,,,[],0,"[""LADO: AMBOS"", ""POSICION: DELANTERO"", ""UBICACION: INFERIOR"", ""DIAMETRO MENOR DE PERNO: 15.05 mm"", ""DIAMETRO MAYOR DE PERNO: 18.8 mm""]",5,[],0,,,11.7467
18468AP,https://icepar.specparts.shop/products/detail?slug=aplus_18468ap-1334438,980,,,,,[],0,"[""LADO: AMBOS"", ""POSICION: DELANTERO""]",2,[],0,,,7.8379
20680AP,https://icepar.specparts.shop/products/detail?slug=aplus_20680ap-1334439,980,,,,,[],0,"[""LADO: IZQUIERDO"", ""POSICION: DELANTERO"", ""UBICACION: INFERIOR"", ""DIAMETRO MENOR DE PERNO: 18 mm"", ""DIAMETRO MAYOR DE PERNO: 23.1 mm""]",5,[],0,,,10.9840
19632AP,https://icepar.specparts.shop/products/detail?slug=aplus_19632ap-1334443,980,,,,,[],0,"[""LADO: AMBOS"", ""POSICION: DELANTERO""]",2,[],0,,,7.9133
18222AP,https://icepar.specparts.shop/products/detail?slug=aplus_18222ap-1334444,980,,,,,[],0,"[""LADO: AMBOS"", ""POSICION: DELANTERO""]",2,[],0,,,7.9548
16788AP,https://icepar.specparts.shop/products/detail?slug=aplus_16788ap-1334446,980,,,,,[],0,"[""LADO: AMBOS"", ""POSICION: DELANTERO""]",2,[],0,,,7.9809
18312AP,https://icepar.specparts.shop/products/detail?slug=aplus_18312ap-1334452,980,,,,,[],0,"[""LADO: AMBOS"", ""POSICION: DELANTERO"", ""UBICACION: INFERIOR"", ""DIAMETRO MENOR DE PERNO: 17.5 mm"", ""DIAMETRO MAYOR DE PERNO: 24 mm""]",5,[],0,,,11.1091
19637AP,https://icepar.specparts.shop/products/detail?slug=aplus_19637ap-1334455,980,,,,,[],0,"[""LADO: AMBOS"", ""POSICION: DELANTERO"", ""UBICACION: INFERIOR"", ""DIAMETRO MAYOR DE PERNO: 38.46 mm"", ""DIAMETRO MENOR DE PERNO: 17.5 mm""]",5,[],0,,,11.0960
20364AP,https://icepar.specparts.shop/products/detail?slug=aplus_20364ap-1334456,980,,,,,[],0,"[""LADO: AMBOS"", ""POSICION: DELANTERO"", ""UBICACION: INFERIOR - SUPERIOR"", ""DIAMETRO MAYOR DE PERNO: 14.1 mm"", ""DIAMETRO MENOR DE PERNO: 12.8 mm"", ""DIAMETRO DE BASE: 35.2 mm""]",6,[],0,,,12.0849
18308AP,https://icepar.specparts.shop/products/detail?slug=aplus_18308ap-1334463,981,,,,,[],0,"[""LADO: AMBOS"", ""UBICACION: INFERIOR"", ""POSICION: DELANTERO"", ""DIAMETRO MENOR DE PERNO: 15.6 mm"", ""DIAMETRO MAYOR DE PERNO: 18 mm""]",5,[],0,,,11.0004
19002AP,https://icepar.specparts.shop/products/detail?slug=aplus_19002ap-1334467,981,,,,,[],0,"[""LADO: AMBOS"", ""POSICION: DELANTERO""]",2,[],0,,,8.0741
18417AP,https://icepar.specparts.shop/products/detail?slug=aplus_18417ap-1334469,981,,,,,[],0,"[""LADO: AMBOS"", ""POSICION: DELANTERO""]",2,[],0,,,7.8351
18497AP,https://icepar.specparts.shop/products/detail?slug=aplus_18497ap-1334473,981,,,,,[],0,"[""LADO: AMBOS"", ""POSICION: DELANTERO""]",2,[],0,,,7.9374
18531AP,https://icepar.specparts.shop/products/detail?slug=aplus_18531ap-1334477,981,,,,,[],0,"[""LADO: AMBOS"", ""POSICION: DELANTERO""]",2,[],0,,,7.8740
17018AP,https://icepar.specparts.shop/products/detail?slug=aplus_17018ap-1334479,981,,,,,[],0,"[""LADO: AMBOS"", ""POSICION: DELANTERO"", ""DIAMETRO MENOR DE PERNO: 19.7 mm"", ""UBICACION: INFERIOR"", ""DIAMETRO MAYOR DE PERNO: 22.2 mm""]",5,[],0,,,11.0825
18082AP,https://icepar.specparts.shop/products/detail?slug=aplus_18082ap-1334483,981,,,,,[],0,"[""LADO: AMBOS"", ""POSICION: DELANTERO""]",2,[],0,,,7.8850
20040AP,https://icepar.specparts.shop/products/detail?slug=aplus_20040ap-1334484,981,,,,,[],0,"[""LADO: AMBOS"", ""POSICION: DELANTERO""]",2,[],0,,,7.8732
20258AP,https://icepar.specparts.shop/products/detail?slug=aplus_20258ap-1334494,981,,,,,[],0,"[""LADO: AMBOS"", ""POSICION: DELANTERO"", ""UBICACION: INFERIOR"", ""DIAMETRO MENOR DE PERNO: 17.2 mm"", ""DIAMETRO MAYOR DE PERNO: 218 mm""]",5,[],0,,,11.0171
23662AP,https://icepar.specparts.shop/products/detail?slug=aplus_23662ap-1334500,981,,,,,[],0,"[""LADO: AMBOS"", ""POSICION: DELANTERO""]",2,[],0,,,8.3136
19629AP,https://icepar.specparts.shop/products/detail?slug=aplus_19629ap-1334502,981,,,,,[],0,"[""LADO: AMBOS"", ""POSICION: DELANTERO""]",2,[],0,,,8.1556
20675AP,https://icepar.specparts.shop/products/detail?slug=aplus_20675ap-1334504,981,,,,,[],0,"[""LADO: AMBOS"", ""POSICION: DELANTERO""]",2,[],0,,,7.9866
20644AP,https://icepar.specparts.shop/products/detail?slug=aplus_20644ap-1334506,981,,,,,[],0,"[""LADO: AMBOS"", ""POSICION: DELANTERO""]",2,[],0,,,7.8856
20180AP,https://icepar.specparts.shop/products/detail?slug=aplus_20180ap-1334520,981,,,,,[],0,"[""POSICION: DELANTERO"", ""LADO: DERECHO"", ""UBICACION: INFERIOR"", ""DIAMETRO MENOR DE PERNO: 14.9 mm"", ""DIAMETRO MAYOR DE PERNO: 18.2 mm""]",5,[],0,,,11.0938
19520AP,https://icepar.specparts.shop/products/detail?slug=aplus_19520ap-1334523,981,,,,,[],0,"[""POSICION: DELANTERO"", ""LADO: AMBOS"", ""DIAMETRO MENOR DE PERNO: 19.2 mm"", ""UBICACION: SUPERIOR"", ""DIAMETRO MAYOR DE PERNO: 22.5 mm""]",5,[],0,,,11.1372
17027AP,https://icepar.specparts.shop/products/detail?slug=aplus_17027ap-1334526,981,,,,,[],0,"[""LADO: AMBOS"", ""POSICION: DELANTERO""]",2,[],0,,,7.9862
17564AP,https://icepar.specparts.shop/products/detail?slug=aplus_17564ap-1334527,981,,,,,[],0,"[""LADO: AMBOS"", ""POSICION: DELANTERO"", ""UBICACION: INFERIOR"", ""DIAMETRO MENOR DE PERNO: 18 mm"", ""DIAMETRO MAYOR DE PERNO: 38.2 mm""]",5,[],0,,,11.2485
19628AP,https://icepar.specparts.shop/products/detail?slug=aplus_19628ap-1334531,981,,,,,[],0,"[""LADO: AMBOS"", ""POSICION: DELANTERO"", ""UBICACION: INFERIOR"", ""DIAMETRO MENOR DE PERNO: 16 mm""]",4,[],0,,,9.9165
17240AP,https://icepar.specparts.shop/products/detail?slug=aplus_17240ap-1334536,981,,,,,[],0,"[""POSICION: DELANTERO"", ""LADO: AMBOS"", ""UBICACION: INFERIOR"", ""DIAMETRO MENOR DE PERNO: 22 mm"", ""DIAMETRO MAYOR DE PERNO: 45.1 mm""]",5,[],0,,,11.0277
19844AP,https://icepar.specparts.shop/products/detail?slug=aplus_19844ap-1334544,981,,,,,[],0,"[""LADO: AMBOS"", ""POSICION: DELANTERO""]",2,[],0,,,7.9115
21209AP,https://icepar.specparts.shop/products/detail?slug=aplus_21209ap-1334550,981,,,,,[],0,"[""LADO: AMBOS"", ""POSICION: DELANTERO""]",2,[],0,,,7.8643
20355AP,https://icepar.specparts.shop/products/detail?slug=aplus_20355ap-1334552,981,,,,,[],0,"[""LADO: AMBOS"", ""POSICION: DELANTERO"", ""UBICACION: INFERIOR"", ""DIAMETRO MENOR DE PERNO: 18 mm""]",4,[],0,,,10.0426
20358AP,https://icepar.specparts.shop/products/detail?slug=aplus_20358ap-1334554,981,,,,,[],0,"[""LADO: AMBOS"", ""POSICION: DELANTERO""]",2,[],0,,,7.9982
20951AP,https://icepar.specparts.shop/products/detail?slug=aplus_20951ap-1334562,981,,,,,[],0,"[""LADO: AMBOS"", ""POSICION: DELANTERO"", ""UBICACION: INFERIOR"", ""DIAMETRO MENOR DE PERNO: 20 mm"", ""DIAMETRO MAYOR DE PERNO: 41.2 mm""]",5,[],0,,,11.1386
18071AP,https://icepar.specparts.shop/products/detail?slug=aplus_18071ap-1334570,982,,,,,[],0,"[""LADO: AMBOS"", ""POSICION: DELANTERO"", ""UBICACION: SUPERIOR"", ""DIAMETRO MENOR DE PERNO: 17.6 mm"", ""DIAMETRO MAYOR DE PERNO: 20.1 mm""]",5,[],0,,,11.0531
20497AP,https://icepar.specparts.shop/products/detail?slug=aplus_20497ap-1334574,982,,,,,[],0,"[""LADO: AMBOS"", ""POSICION: DELANTERO"", ""UBICACION: INFERIOR"", ""DIAMETRO MENOR DE PERNO: 16 mm"", ""DIAMETRO DE BASE: 44mm"", ""DIAMETRO MAYOR DE PERNO: 18.1 mm""]",6,[],0,,,12.0152
20008AP,https://icepar.specparts.shop/products/detail?slug=aplus_20008ap-1334577,982,,,,,[],0,"[""LADO: AMBOS"", ""POSICION: DELANTERO"", ""UBICACION: INFERIOR"", ""DIAMETRO MENOR DE PERNO: 36.8 mm""]",4,[],0,,,9.9536
21983AP,https://icepar.specparts.shop/products/detail?slug=aplus_21983ap-1334579,982,,,,,[],0,"[""LADO: AMBOS"", ""POSICION: DELANTERO""]",2,[],0,,,7.8560
16808AP,https://icepar.specparts.shop/products/detail?slug=aplus_16808ap-1334580,982,,,,,[],0,"[""LADO: AMBOS"", ""POSICION: DELANTERO"", ""UBICACION: INFERIOR"", ""DIAMETRO MENOR DE PERNO: 18 mm""]",4,[],0,,,10.0561
16996AP,https://icepar.specparts.shop/products/detail?slug=aplus_16996ap-1334583,982,,,,,[],0,"[""LADO: AMBOS"", ""POSICION: DELANTERO""]",2,[],0,,,7.8906
20233AP,https://icepar.specparts.shop/products/detail?slug=aplus_20233ap-1334591,982,,,,,[],0,"[""LADO: AMBOS"", ""POSICION: DELANTERO""]",2,[],0,,,7.9350
19480AP,https://icepar.specparts.shop/products/detail?slug=aplus_19480ap-1334598,982,,,,,[],0,"[""LADO: AMBOS"", ""UBICACION: SUPERIOR"", ""POSICION: DELANTERO"", ""DIAMETRO MENOR DE PERNO: 16 mm"", ""DIAMETRO MAYOR DE PERNO: 18 mm""]",5,[],0,,,11.0949
20666AP,https://icepar.specparts.shop/products/detail?slug=aplus_20666ap-1334605,982,,,,,[],0,"[""LADO: AMBOS"", ""POSICION: DELANTERO""]",2,[],0,,,7.8776
18486AP,https://icepar.specparts.shop/products/detail?slug=aplus_18486ap-1334607,982,,,,,[],0,"[""LADO: AMBOS"", ""POSICION: DELANTERO"", ""UBICACION: INFERIOR"", ""DIAMETRO MENOR DE PERNO: 17 mm""]",4,[],0,,,10.0211
21257AP,https://icepar.specparts.shop/products/detail?slug=aplus_21257ap-1334611,982,,,,,[],0,"[""LADO: AMBOS"", ""POSICION: DELANTERO"", ""UBICACION: INFERIOR"", ""DIAMETRO MAYOR DE PERNO: 19 mm"", ""DIAMETRO MENOR DE PERNO: 15.8 mm"", ""DIAMETRO DE BASE: 44.2 mm""]",6,[],0,,,12.0533
20179AP,https://icepar.specparts.shop/products/detail?slug=aplus_20179ap-1334621,982,,,,,[],0,"[""LADO: IZQUIERDO"", ""POSICION: DELANTERO"", ""UBICACION: INFERIOR"", ""DIAMETRO MENOR DE PERNO: 14.9 mm"", ""DIAMETRO MAYOR DE PERNO: 18.2 mm""]",5,[],0,,,10.9789
18104AP,https://icepar.specparts.shop/products/detail?slug=aplus_18104ap-1334626,982,,,,,[],0,"[""POSICION: DELANTERO"", ""LADO: AMBOS"", ""UBICACION: INFERIOR"", ""DIAMETRO MENOR DE PERNO: 20.55 mm"", ""DIAMETRO MAYOR DE PERNO: 24.3 mm""]",5,[],0,,,11.4477
17572AP,https://icepar.specparts.shop/products/detail?slug=aplus_17572ap-1334628,982,,,,,[],0,"[""POSICION: DELANTERO"", ""LADO: AMBOS"", ""UBICACION: INFERIOR"", ""DIAMETRO MENOR DE PERNO: 18.3 mm"", ""DIAMETRO DE BASE: 41.65 mm"", ""DIAMETRO MAYOR DE PERNO: 24 mm""]",6,[],0,,,12.2505
21571AP,https://icepar.specparts.shop/products/detail?slug=aplus_21571ap-1334637,982,,,,,[],0,"[""POSICION: DELANTERO"", ""LADO: IZQUIERDO"", ""UBICACION: INFERIOR"", ""DIAMETRO MENOR DE PERNO: 21 mm"", ""DIAMETRO MAYOR DE PERNO: 215 mm""]",5,[],0,,,11.1774
22496AP,https://icepar.specparts.shop/products/detail?slug=aplus_22496ap-1334638,982,,,,,[],0,"[""LADO: AMBOS"", ""POSICION: DELANTERO""]",2,[],0,,,8.2180
21901AP,https://icepar.specparts.shop/products/detail?slug=aplus_21901ap-1334646,982,,,,,[],0,"[""LADO: DERECHO"", ""UBICACION: INFERIOR"", ""POSICION: DELANTERO"", ""DIAMETRO MENOR DE PERNO: 21 mm""]",4,[],0,,,10.5097
21842AP,https://icepar.specparts.shop/products/detail?slug=aplus_21842ap-1334648,982,,,,,[],0,"[""LADO: AMBOS"", ""POSICION: DELANTERO""]",2,[],0,,,7.8423
21851AP,https://icepar.specparts.shop/products/detail?slug=aplus_21851ap-1334649,982,,,,,"[""KIA SOUL 16 16¥ (2009 AL 2015)"", ""KIA SOUL 16 16V AT (2014 AL 2022)"", ""KIA SOUL 16 16V MT (2016 AL 2017}""]",3,"[""LADO: AMBOS"", ""POSICION: DELANTERO""]",2,[],0,,,14.6250
21213AP,https://icepar.specparts.shop/products/detail?slug=aplus_21213ap-1334654,982,,,,,[],0,"[""LADO: AMBOS"", ""POSICION: DELANTERO"", ""UBICACION: INFERIOR"", ""DIAMETRO MENOR DE PERNO: 21.65 mm"", ""DIAMETRO DE BASE: 50 mm"", ""DIAMETRO MAYOR DE PERNO: 26 mm""]",6,[],0,,,12.2549
20192AP,https://icepar.specparts.shop/products/detail?slug=aplus_20192ap-1334658,982,,,,,[],0,"[""LADO: AMBOS"", ""POSICION: DELANTERO"", ""UBICACION: INFERIOR"", ""DIAMETRO MENOR DE PERNO: 18 mm""]",4,[],0,,,10.0646
22281AP,https://icepar.specparts.shop/products/detail?slug=aplus_22281ap-1334659,982,,,,,[],0,"[""LADO: AMBOS"", ""POSICION: DELANTERO""]",2,[],0,,,7.8794
21900AP,https://icepar.specparts.shop/products/detail?slug=aplus_21900ap-1334660,982,,,,,[],0,"[""LADO: IZQUIERDO"", ""POSICION: DELANTERO"", ""UBICACION: INFERIOR"", ""DIAMETRO MENOR DE PERNO: 21 mm""]",4,[],0,,,10.1886
22282AP,https://icepar.specparts.shop/products/detail?slug=aplus_22282ap-1334661,982,,,,,[],0,"[""LADO: AMBOS"", ""POSICION: DELANTERO""]",2,[],0,,,7.8807
21185AP,https://icepar.specparts.shop/products/detail?slug=aplus_21185ap-1334665,983,,,,,[],0,"[""LADO: AMBOS"", ""POSICION: DELANTERO""]",2,[],0,,,7.8287
22268AP,https://icepar.specparts.shop/products/detail?slug=aplus_22268ap-1334666,983,,,,,[],0,"[""LADO: AMBOS"", ""POSICION: DELANTERO"", ""UBICACION: INFERIOR"", ""DIAMETRO MENOR DE PERNO: 21.6 mm"", ""DIAMETRO MAYOR DE PERNO: 24.5 mm"", ""DIAMETRO DE BASE: 48 mm""]",6,[],0,,,11.9851
20510AP,https://icepar.specparts.shop/products/detail?slug=aplus_20510ap-1334667,983,,,,,[],0,"[""LADO: AMBOS"", ""POSICION: DELANTERO"", ""DIAMETRO MENOR DE PERNO: 19.9 mm"", ""UBICACION: INFERIOR"", ""DIAMETRO MAYOR DE PERNO: 39.7 mm""]",5,[],0,,,11.3385
18421AP,https://icepar.specparts.shop/products/detail?slug=aplus_18421ap-1334670,983,,,,,[],0,"[""LADO: AMBOS"", ""POSICION: DELANTERO""]",2,[],0,,,7.9263
22354AP,https://icepar.specparts.shop/products/detail?slug=aplus_22354ap-1334671,983,,,,,[],0,"[""LADO: AMBOS"", ""UBICACION: INFERIOR"", ""POSICION: DELANTERO"", ""DIAMETRO MENOR DE PERNO: 16.5 mm"", ""DIAMETRO MAYOR DE PERNO: 40.3 mm""]",5,[],0,,,11.0863
21978AP,https://icepar.specparts.shop/products/detail?slug=aplus_21978ap-1334673,983,,,,,[],0,"[""LADO: AMBOS"", ""POSICION: DELANTERO"", ""DIAMETRO MENOR DE PERNO: 18.17 mm"", ""UBICACION: INFERIOR""]",4,[],0,,,10.1183
20740AP,https://icepar.specparts.shop/products/detail?slug=aplus_20740ap-1334683,983,,,,,[],0,"[""LADO: AMBOS"", ""POSICION: DELANTERO""]",2,[],0,,,7.9850
21627AP,https://icepar.specparts.shop/products/detail?slug=aplus_21627ap-1334687,983,,,,,[],0,"[""LADO: AMBOS"", ""POSICION: DELANTERO"", ""UBICACION: INFERIOR"", ""DIAMETRO MENOR DE PERNO: 15.05 mm"", ""DIAMETRO MAYOR DE PERNO: 16.8 mm""]",5,[],0,,,11.0580
21917AP,https://icepar.specparts.shop/products/detail?slug=aplus_21917ap-1334690,983,,,,,[],0,"[""LADO: AMBOS"", ""POSICION: DELANTERO"", ""UBICACION: INFERIOR"", ""DIAMETRO MAYOR DE PERNO: 25.3 mm"", ""DIAMETRO MENOR DE PERNO: 20.7 mm"", ""DIAMETRO DE BASE: 49 mm""]",6,[],0,,,51.2360
19683AP,https://icepar.specparts.shop/products/detail?slug=aplus_19683ap-1334701,983,,,,,[],0,"[""LADO: AMBOS"", ""POSICION: DELANTERO"", ""UBICACION: INFERIOR"", ""DIAMETRO MENOR DE PERNO: 18 mm"", ""DIAMETRO MAYOR DE PERNO: 23 mm""]",5,[],0,,,11.0369
22227AP,https://icepar.specparts.shop/products/detail?slug=aplus_22227ap-1334702,983,,,,,[],0,"[""LADO: DERECHO"", ""POSICION: DELANTERO"", ""UBICACION: INFERIOR"", ""DIAMETRO MAYOR DE PERNO: 20.2 mm"", ""DIAMETRO MENOR DE PERNO: 15.4 mm""]",5,[],0,,,11.4876
21916AP,https://icepar.specparts.shop/products/detail?slug=aplus_21916ap-1334704,983,,,,,[],0,"[""LADO: AMBOS"", ""POSICION: DELANTERO"", ""UBICACION: SUPERIOR"", ""DIAMETRO MENOR DE PERNO: 15.75 mm"", ""DIAMETRO MAYOR DE PERNO: 19 mm"", ""DIAMETRO DE BASE: 45.1 mm""]",6,[],0,,,12.9961
23722AP,https://icepar.specparts.shop/products/detail?slug=aplus_23722ap-1334705,983,,,,,[],0,"[""LADO: AMBOS"", ""POSICION: DELANTERO""]",2,[],0,,,7.9644
22278AP,https://icepar.specparts.shop/products/detail?slug=aplus_22278ap-1334707,983,,,,,[],0,"[""LADO: AMBOS"", ""UBICACION: INFERIOR"", ""POSICION: DELANTERO"", ""DIAMETRO MENOR DE PERNO: 18 mm""]",4,[],0,,,11.0865
20749AP,https://icepar.specparts.shop/products/detail?slug=aplus_20749ap-1334711,983,,,,,[],0,"[""LADO: AMBOS"", ""POSICION: DELANTERO""]",2,[],0,,,7.9991
21981AP,https://icepar.specparts.shop/products/detail?slug=aplus_21981ap-1334714,983,,,,,[],0,"[""LADO: AMBOS"", ""POSICION: DELANTERO""]",2,[],0,,,7.9303
23842AP,https://icepar.specparts.shop/products/detail?slug=aplus_23842ap-1334715,983,,,,,[],0,"[""LADO: AMBOS"", ""POSICION: DELANTERO"", ""UBICACION: INFERIOR"", ""DIAMETRO MENOR DE PERNO: 38.3 mm""]",4,[],0,,,9.9971
21379AP,https://icepar.specparts.shop/products/detail?slug=aplus_21379ap-1334716,983,,,,,[],0,"[""LADO: AMBOS"", ""POSICION: DELANTERO"", ""UBICACION: INFERIOR"", ""DIAMETRO MENOR DE PERNO: 17.2 mm"", ""DIAMETRO MAYOR DE PERNO: 24 mm""]",5,[],0,,,11.1395
21585AP,https://icepar.specparts.shop/products/detail?slug=aplus_21585ap-1334720,983,,,,,[],0,"[""LADO: AMBOS"", ""POSICION: DELANTERO"", ""UBICACION: INFERIOR"", ""DIAMETRO MENOR DE PERNO: 42.05 mm""]",4,[],0,,,9.9915
21727AP,https://icepar.specparts.shop/products/detail?slug=aplus_21727ap-1334721,983,,,,,[],0,"[""POSICION: DELANTERO"", ""LADO: AMBOS"", ""DIAMETRO MAYOR DE PERNO: 21.4 mm"", ""UBICACION: INFERIOR"", ""DIAMETRO MENOR DE PERNO: 17.25 mm"", ""DIAMETRO DE BASE: 49.9 mm""]",6,[],0,,,12.2984
19525AP,https://icepar.specparts.shop/products/detail?slug=aplus_19525ap-1334734,983,,,,,[],0,"[""LADO: AMBOS"", ""POSICION: DELANTERO"", ""UBICACION: INFERIOR"", ""DIAMETRO MENOR DE PERNO: 16.7 mm"", ""DIAMETRO MAYOR DE PERNO: 20 mm"", ""DIAMETRO DE BASE: 47.3 mm""]",6,[],0,,,12.1255
22401AP,https://icepar.specparts.shop/products/detail?slug=aplus_22401ap-1334735,983,,,,,[],0,"[""LADO: AMBOS"", ""POSICION: DELANTERO""]",2,[],0,,,7.9417
20703AP,https://icepar.specparts.shop/products/detail?slug=aplus_20703ap-1334746,983,,,,,[],0,"[""LADO: AMBOS"", ""POSICION: DELANTERO""]",2,[],0,,,8.0901
21822AP,https://icepar.specparts.shop/products/detail?slug=aplus_21822ap-1334749,983,,,,,[],0,"[""LADO: AMBOS"", ""POSICION: DELANTERO""]",2,[],0,,,7.8392
21372AP,https://icepar.specparts.shop/products/detail?slug=aplus_21372ap-1334751,984,,,,,[],0,"[""LADO: AMBOS"", ""POSICION: DELANTERO"", ""UBICACION: INFERIOR"", ""DIAMETRO MENOR DE PERNO: 18 mm""]",4,[],0,,,10.1236
22226AP,https://icepar.specparts.shop/products/detail?slug=aplus_22226ap-1334755,984,,,,,[],0,"[""LADO: IZQUIERDO"", ""UBICACION: INFERIOR"", ""POSICION: DELANTERO"", ""DIAMETRO MENOR DE PERNO: 15.4 mm"", ""DIAMETRO MAYOR DE PERNO: 20.2 mm""]",5,[],0,,,25.8105
19540AP,https://icepar.specparts.shop/products/detail?slug=aplus_19540ap-1334759,984,,,,,[],0,"[""LADO: AMBOS"", ""POSICION: DELANTERO"", ""UBICACION: INFERIOR"", ""DIAMETRO MENOR DE PERNO: 21.8 mm"", ""DIAMETRO MAYOR DE PERNO: 26.9 mm"", ""DIAMETRO DE BASE: 45.3 mm""]",6,[],0,,,12.0853
22504AP,https://icepar.specparts.shop/products/detail?slug=aplus_22504ap-1334764,984,,,,,[],0,"[""LADO: AMBOS"", ""POSICION: DELANTERO""]",2,[],0,,,7.9398
21189AP,https://icepar.specparts.shop/products/detail?slug=aplus_21189ap-1334767,984,,,,,[],0,"[""POSICION: DELANTERO"", ""LADO: DERECHO"", ""DIAMETRO MENOR DE PERNO: 17.4 mm"", ""UBICACION: INFERIOR"", ""DIAMETRO MAYOR DE PERNO: 20 mm""]",5,[],0,,,10.9955
21715AP,https://icepar.specparts.shop/products/detail?slug=aplus_21715ap-1334771,984,,,,,[],0,"[""LADO: AMBOS"", ""POSICION: DELANTERO""]",2,[],0,,,7.8678
21774AP,https://icepar.specparts.shop/products/detail?slug=aplus_21774ap-1334776,984,,,,,[],0,"[""LADO: AMBOS"", ""POSICION: DELANTERO"", ""UBICACION: INFERIOR"", ""DIAMETRO MENOR DE PERNO: 38.2 mm""]",4,[],0,,,10.1256
20592AP,https://icepar.specparts.shop/products/detail?slug=aplus_20592ap-1334780,984,,,,,[],0,"[""LADO: AMBOS"", ""POSICION: DELANTERO"", ""UBICACION: INFERIOR"", ""DIAMETRO MENOR DE PERNO: 38.4 mm""]",4,[],0,,,10.0765
21301AP,https://icepar.specparts.shop/products/detail?slug=aplus_21301ap-1334781,984,,,,,[],0,"[""LADO: AMBOS"", ""POSICION: DELANTERO""]",2,[],0,,,7.9268
21527AP,https://icepar.specparts.shop/products/detail?slug=aplus_21527ap-1334790,984,,,,,[],0,"[""LADO: AMBOS"", ""POSICION: DELANTERO"", ""UBICACION: SUPERIOR"", ""DIAMETRO MENOR DE PERNO: 14.55 mm"", ""DIAMETRO MAYOR DE PERNO: 17.15 mm""]",5,[],0,,,10.9949
22297AP,https://icepar.specparts.shop/products/detail?slug=aplus_22297ap-1334791,984,,,,,[],0,"[""LADO: AMBOS"", ""POSICION: DELANTERO""]",2,[],0,,,7.8426
20194AP,https://icepar.specparts.shop/products/detail?slug=aplus_20194ap-1334792,984,,,,,[],0,"[""LADO: AMBOS"", ""POSICION: DELANTERO""]",2,[],0,,,8.4080
21373AP,https://icepar.specparts.shop/products/detail?slug=aplus_21373ap-1334796,984,,,,,[],0,"[""LADO: AMBOS"", ""POSICION: DELANTERO""]",2,[],0,,,7.8660
20649AP,https://icepar.specparts.shop/products/detail?slug=aplus_20649ap-1334800,984,,,,,[],0,"[""LADO: AMBOS"", ""UBICACION: INFERIOR"", ""POSICION: DELANTERO"", ""DIAMETRO MENOR DE PERNO: 17.2 mm"", ""DIAMETRO MAYOR DE PERNO: 218 mm""]",5,[],0,,,11.2972
22275AP,https://icepar.specparts.shop/products/detail?slug=aplus_22275ap-1334803,984,,,,,[],0,"[""LADO: AMBOS"", ""POSICION: DELANTERO""]",2,[],0,,,7.9909
24980AP,https://icepar.specparts.shop/products/detail?slug=aplus_24980ap-1334807,984,,,,,[],0,"[""LADO: DERECHO"", ""POSICION: DELANTERO""]",2,[],0,,,7.8604
22107AP,https://icepar.specparts.shop/products/detail?slug=aplus_22107ap-1334809,984,,,,,[],0,"[""LADO: AMBOS"", ""POSICION: DELANTERO""]",2,[],0,,,7.9927
26881AP,https://icepar.specparts.shop/products/detail?slug=aplus_26881ap-1334816,984,,,,,[],0,"[""LADO: AMBOS"", ""POSICION: DELANTERO"", ""UBICACION: SUPERIOR"", ""DIAMETRO MENOR DE PERNO: 14.5 mm"", ""DIAMETRO MAYOR DE PERNO: 18 mm"", ""DIAMETRO DE BASE: 425 mm""]",6,[],0,,,11.9751
24892AP,https://icepar.specparts.shop/products/detail?slug=aplus_24892ap-1334822,984,,,,,[],0,"[""LADO: AMBOS"", ""POSICION: DELANTERO""]",2,[],0,,,7.8924
21572AP,https://icepar.specparts.shop/products/detail?slug=aplus_21572ap-1334824,984,,,,,[],0,"[""LADO: DERECHO"", ""POSICION: DELANTERO"", ""DIAMETRO MENOR DE PERNO: 21 mm"", ""UBICACION: INFERIOR"", ""DIAMETRO MAYOR DE PERNO: 215 mm""]",5,[],0,,,11.0737
23783AP,https://icepar.specparts.shop/products/detail?slug=aplus_23783ap-1334825,984,,,,,[],0,"[""LADO: AMBOS"", ""POSICION: DELANTERO"", ""UBICACION: INFERIOR"", ""DIAMETRO MAYOR DE PERNO: 23.46 mm"", ""DIAMETRO DE BASE: 43.7 mm"", ""DIAMETRO MENOR DE PERNO: 19 mm""]",6,[],0,,,12.0831
21730AP,https://icepar.specparts.shop/products/detail?slug=aplus_21730ap-1334829,984,,,,,[],0,"[""LADO: AMBOS"", ""POSICION: DELANTERO""]",2,[],0,,,7.8602
24873AP,https://icepar.specparts.shop/products/detail?slug=aplus_24873ap-1334834,984,,,,,[],0,"[""LADO: AMBOS"", ""POSICION: DELANTERO"", ""UBICACION: INFERIOR"", ""DIAMETRO MENOR DE PERNO: 16.5 mm""]",4,[],0,,,9.9175
22318AP,https://icepar.specparts.shop/products/detail?slug=aplus_22318ap-1334838,984,,,,,[],0,"[""LADO: AMBOS"", ""POSICION: DELANTERO"", ""UBICACION: INFERIOR"", ""DIAMETRCO DE BASE: 40.2 mm"", ""DIAMETRO MAYOR DE PERNO: 17.2 mm"", ""DIAMETRO MENOR DE PERNO: 15.1 mm""]",6,[],0,,,11.9888
24639AP,https://icepar.specparts.shop/products/detail?slug=aplus_24639ap-1334841,985,,,,,[],0,"[""LADO: AMBOS"", ""POSICION: DELANTERO""]",2,[],0,,,8.1845
23983AP,https://icepar.specparts.shop/products/detail?slug=aplus_23983ap-1334843,985,,,,,[],0,"[""LADO: AMBOS"", ""POSICION: DELANTERO"", ""UBICACION: INFERIOR"", ""DIAMETRO MENOR DE PERNO: 34.95 mm""]",4,[],0,,,10.6109
22594AP,https://icepar.specparts.shop/products/detail?slug=aplus_22594ap-1334846,985,,,,,[],0,"[""LADO: AMBOS"", ""POSICION: DELANTERO"", ""UBICACION: INFERIOR"", ""DIAMETRO MENOR DE PERNO: 17.5 mm"", ""DIAMETRO MAYOR DE PERNO: 20.05 mm"", ""DIAMETRO DE BASE: 36.2 mm""]",6,[],0,,,12.1643
25411AP,https://icepar.specparts.shop/products/detail?slug=aplus_25411ap-1334850,985,,,,,[],0,"[""LADO: AMBOS"", ""POSICION: DELANTERO""]",2,[],0,,,8.0057
21737AP,https://icepar.specparts.shop/products/detail?slug=aplus_21737ap-1334852,985,,,,,[],0,"[""POSICION: DELANTERO"", ""LADO: AMBOS"", ""DIAMETRO MENOR DE PERNO: 17.3 mm"", ""UBICACION: INFERIOR"", ""DIAMETRO MAYOR DE PERNO: 25.3 mm"", ""DIAMETRO DE BASE: 42 mm""]",6,[],0,,,12.1526
22501AP,https://icepar.specparts.shop/products/detail?slug=aplus_22501ap-1334853,985,,,,,[],0,"[""POSICION: DELANTERO"", ""LADO: AMBOS"", ""DIAMETRO MENOR DE PERNO: 17.4 mm"", ""UBICACION: INFERIOR"", ""DIAMETRO MAYOR DE PERNO: 20 mm""]",5,[],0,,,11.0365
24315AP,https://icepar.specparts.shop/products/detail?slug=aplus_24315ap-1334856,985,,,,,[],0,"[""LADO: AMBOS"", ""POSICION: DELANTERO"", ""DIAMETRO MENOR DE PERNO: 18 mm"", ""UBICACION: INFERIOR"", ""DIAMETRO MAYOR DE PERNO: 44.46 mm""]",5,[],0,,,11.0008
27001AP,https://icepar.specparts.shop/products/detail?slug=aplus_27001ap-1334864,985,,,,,[],0,"[""LADO: AMBOS"", ""POSICION: DELANTERO""]",2,[],0,,,7.9285
24316AP,https://icepar.specparts.shop/products/detail?slug=aplus_24316ap-1334874,985,,,,,[],0,"[""LADO: AMBOS"", ""POSICION: DELANTERO""]",2,[],0,,,7.9216
27753AP,https://icepar.specparts.shop/products/detail?slug=aplus_27753ap-1334876,985,,,,,[],0,"[""LADO: AMBOS"", ""POSICION: DELANTERO""]",2,[],0,,,7.9777
23931AP,https://icepar.specparts.shop/products/detail?slug=aplus_23931ap-1334877,985,,,,,[],0,"[""LADO: AMBOS"", ""POSICION: DELANTERO""]",2,[],0,,,8.0701
25020AP,https://icepar.specparts.shop/products/detail?slug=aplus_25020ap-1334878,985,,,,,[],0,"[""LADO: AMBOS"", ""POSICION: DELANTERO""]",2,[],0,,,7.9193
22409AP,https://icepar.specparts.shop/products/detail?slug=aplus_22409ap-1334887,985,,,,,[],0,"[""LADO: AMBOS"", ""POSICION: DELANTERO"", ""UBICACION: INFERIOR"", ""DIAMETRO MENOR DE PERNO: 21.35 mm"", ""DIAMETRO DE BASE: 63.8 mm"", ""DIAMETRO MAYOR DE PERNO: 26.1 mm""]",6,[],0,,,12.1066
23806AP,https://icepar.specparts.shop/products/detail?slug=aplus_23806ap-1334889,985,,,,,[],0,"[""LADO: AMBOS"", ""POSICION: DELANTERO"", ""DIAMETRO MENOR DE PERNO: 14.5 mm"", ""UBICACION: SUPERIOR"", ""DIAMETRO DE BASE: 44mm"", ""DIAMETRO MAYOR DE PERNO: 18 mm""]",6,[],0,,,12.3912
21843AP,https://icepar.specparts.shop/products/detail?slug=aplus_21843ap-1334892,985,,,,,[],0,"[""LADO: AMBOS"", ""POSICION: DELANTERO""]",2,[],0,,,7.8636
28040AP,https://icepar.specparts.shop/products/detail?slug=aplus_28040ap-1334895,985,,,,,[],0,"[""LADO: AMBOS"", ""POSICION: DELANTERO"", ""UBICACION: SUPERIOR"", ""DIAMETRO MENOR DE PERNO: 18 mm"", ""DIAMETRO MAYOR DE PERNO: 16 mm"", ""DIAMETRO DE BASE: 40.3 mm""]",6,[],0,,,12.1240
23977AP,https://icepar.specparts.shop/products/detail?slug=aplus_23977ap-1334900,985,,,,,"[""CHEVROLET 5-10 2.8 CDTI 200CV AT (2016 AL 2026)"", ""CHEVROLET 5-10 2.8 CDTI 200CV HC AT (2016 AL 2026)"", ""CHEVROLET 5-10 2.8 CDTI 200CV HC MT (2016 AL 2022)"", ""CHEVROLET 5-10 2.8 CDTI 200CV MT (2016 AL 2026)""]",4,"[""LADO: AMBOS"", ""POSICION: DELANTERO""]",2,[],0,,,15.6749
21123AP,https://icepar.specparts.shop/products/detail?slug=aplus_21123ap-1334905,985,,,,,[],0,"[""LADO: AMBOS"", ""POSICION: DELANTERO""]",2,[],0,,,7.9889
24477AP,https://icepar.specparts.shop/products/detail?slug=aplus_24477ap-1334907,985,,,,,[],0,"[""LADO: AMBOS"", ""POSICION: DELANTERO""]",2,[],0,,,7.9443
28297AP,https://icepar.specparts.shop/products/detail?slug=aplus_28297ap-1334909,985,,,,,[],0,"[""LADO: AMBOS"", ""POSICION: DELANTERO""]",2,[],0,,,7.9282
26699AP,https://icepar.specparts.shop/products/detail?slug=aplus_26699ap-1334913,985,,,,,[],0,"[""LADO: AMBOS"", ""POSICION: DELANTERO""]",2,[],0,,,8.8978
24981AP,https://icepar.specparts.shop/products/detail?slug=aplus_24981ap-1334917,985,,,,,[],0,"[""LADO: IZQUIERDO"", ""POSICION: DELANTERO""]",2,[],0,,,7.8886
22296AP,https://icepar.specparts.shop/products/detail?slug=aplus_22296ap-1334919,985,,,,,[],0,"[""LADO: AMBOS"", ""POSICION: DELANTERO"", ""UBICACION: INFERIOR"", ""DIAMETRO MENOR DE PERNO: 39.75 mm""]",4,[],0,,,10.0476
27240AP,https://icepar.specparts.shop/products/detail?slug=aplus_27240ap-1334924,985,,,,,[],0,"[""LADO: AMBOS"", ""POSICION: DELANTERO""]",2,[],0,,,7.8212
26240AP,https://icepar.specparts.shop/products/detail?slug=aplus_26240ap-1334925,986,,,,,[],0,"[""LADO: AMBOS"", ""UBICACION: SUPERIOR"", ""POSICION: DELANTERO"", ""DIAMETRO MENOR DE PERNO: 15.9 mm"", ""DIAMETRO MAYOR DE PERNO: 18.8 mm"", ""DIAMETRO DE BASE: 40 mm""]",6,[],0,,,12.1228
26296AP,https://icepar.specparts.shop/products/detail?slug=aplus_26296ap-1334926,986,,,,,[],0,"[""LADO: AMBOS"", ""POSICION: DELANTERO""]",2,[],0,,,8.0474
24900AP,https://icepar.specparts.shop/products/detail?slug=aplus_24900ap-1334929,986,,,,,[],0,"[""LADO: AMBOS"", ""POSICION: DELANTERO""]",2,[],0,,,8.1263
23940AP,https://icepar.specparts.shop/products/detail?slug=aplus_23940ap-1334938,986,,,,,[],0,"[""LADO: AMBOS"", ""POSICION: DELANTERO""]",2,[],0,,,7.8831
25980AP,https://icepar.specparts.shop/products/detail?slug=aplus_25980ap-1334941,986,,,,,[],0,"[""LADO: AMBOS"", ""POSICION: DELANTERO""]",2,[],0,,,7.9317
21212AP,https://icepar.specparts.shop/products/detail?slug=aplus_21212ap-1334949,986,,,,,[],0,"[""LADO: AMBOS"", ""POSICION: DELANTERO"", ""DIAMETRO MENOR DE PERNO: 13.6 mm"", ""UBICACION: INFERIOR"", ""DIAMETRO DE BASE: 36.75 mm"", ""DIAMETRO MAYOR DE PERNO: 16.1 mm""]",6,[],0,,,12.3244
26623AP,https://icepar.specparts.shop/products/detail?slug=aplus_26623ap-1334952,986,,,,,[],0,"[""LADO: AMBOS"", ""POSICION: DELANTERO""]",2,[],0,,,8.5814
21204AP,https://icepar.specparts.shop/products/detail?slug=aplus_21204ap-1334953,986,,,,,[],0,"[""LADO: AMBOS"", ""POSICION: DELANTERO""]",2,[],0,,,8.4255
26515AP,https://icepar.specparts.shop/products/detail?slug=aplus_26515ap-1334956,986,,,,,[],0,"[""LADO: AMBOS"", ""POSICION: DELANTERO"", ""UBICACION: INFERIOR"", ""DIAMETRO MENOR DE PERNO: 40.05 mm""]",4,[],0,,,10.1664
27749AP,https://icepar.specparts.shop/products/detail?slug=aplus_27749ap-1334959,986,,,,,[],0,"[""LADO: IZQUIERDO"", ""POSICION: DELANTERO"", ""UBICACION: INFERIOR"", ""DIAMETRO MENOR DE PERNO: 18 mm""]",4,[],0,,,10.1847
27750AP,https://icepar.specparts.shop/products/detail?slug=aplus_27750ap-1334962,986,,,,,[],0,"[""POSICION: DELANTERO"", ""LADO: DERECHO"", ""UBICACION: INFERIOR"", ""DIAMETRO MENOR DE PERNO: 18 mm""]",4,[],0,,,10.2592
26483AP,https://icepar.specparts.shop/products/detail?slug=aplus_26483ap-1334963,986,,,,,[],0,"[""LADO: AMBOS"", ""POSICION: DELANTERO"", ""UBICACION: SUPERIOR"", ""DIAMETRO MENOR DE PERNO: 17.6 mm"", ""DIAMETRO MAYOR DE PERNO: 211 mm"", ""DIAMETRO DE BASE: 415 mm""]",6,[],0,,,12.2414
31307AP,https://icepar.specparts.shop/products/detail?slug=aplus_31307ap-1334964,986,,,,,[],0,"[""LADO: AMBOS"", ""POSICION: DELANTERO""]",2,[],0,,,8.2364
21388AP,https://icepar.specparts.shop/products/detail?slug=aplus_21388ap-1334975,986,,,,,[],0,"[""LADO: AMBOS"", ""POSICION: DELANTERO""]",2,[],0,,,8.0077
27243AP,https://icepar.specparts.shop/products/detail?slug=aplus_27243ap-1334982,986,,,,,[],0,"[""LADO: AMBOS"", ""POSICION: DELANTERO""]",2,[],0,,,7.9522
24314AP,https://icepar.specparts.shop/products/detail?slug=aplus_24314ap-1334985,986,,,,,[],0,"[""LADO: AMBOS"", ""POSICION: DELANTERO"", ""UBICACION: SUPERIOR"", ""DIAMETRO MENOR DE PERNO: 16.75 mm"", ""DIAMETRO MAYOR DE PERNO: 20.05 mm"", ""DIAMETRO DE BASE: 48.35 mm""]",6,[],0,,,12.1033
28423AP,https://icepar.specparts.shop/products/detail?slug=aplus_28423ap-1334989,986,,,,,[],0,"[""LADO: AMBOS"", ""POSICION: DELANTERO""]",2,[],0,,,8.0319
27455AP,https://icepar.specparts.shop/products/detail?slug=aplus_27455ap-1334999,986,,,,,[],0,"[""LADO: AMBOS"", ""POSICION: DELANTERO""]",2,[],0,,,9.6893
25268AP,https://icepar.specparts.shop/products/detail?slug=aplus_25268ap-1335000,986,,,,,[],0,"[""LADO: AMBOS"", ""POSICION: DELANTERO""]",2,[],0,,,8.5994
21546AP,https://icepar.specparts.shop/products/detail?slug=aplus_21546ap-1335002,986,,,,,[],0,"[""LADO: DERECHO"", ""POSICION: DELANTERO"", ""UBICACION: INFERIOR"", ""DIAMETRO MAYOR DE PERNO: 23.1 mm"", ""DIAMETRO MENOR DE PERNO: 18 mm""]",5,[],0,,,11.9779
27028AP,https://icepar.specparts.shop/products/detail?slug=aplus_27028ap-1335005,986,,,,,[],0,"[""LADO: AMBOS"", ""POSICION: DELANTERO"", ""UBICACION: INFERIOR"", ""DIAMETRO MENOR DE PERNO: 16 mm""]",4,[],0,,,10.5551
29712AP,https://icepar.specparts.shop/products/detail?slug=aplus_29712ap-1335006,986,,,,,[],0,"[""LADO: AMBOS"", ""POSICION: DELANTERO""]",2,[],0,,,8.6938
27267AP,https://icepar.specparts.shop/products/detail?slug=aplus_27267ap-1335007,986,,,,,[],0,"[""LADO: AMBOS"", ""POSICION: DELANTERO""]",2,[],0,,,8.1458
21628AP,https://icepar.specparts.shop/products/detail?slug=aplus_21628ap-1335015,986,,,,,"[""KIA SOUL 16 16¥ (2009 AL 2015)"", ""KIA SOUL 16 16V AT (2014 AL 2022)"", ""KIA SOUL 16 16V MT (2016 AL 2017}""]",3,"[""LADO: AMBOS"", ""POSICION: DELANTERO"", ""UBICACION: INFERIOR"", ""DIAMETRO MENOR DE PERNO: 40.1 mm""]",4,[],0,,,16.9099
28598AP,https://icepar.specparts.shop/products/detail?slug=aplus_28598ap-1335025,987,,,,,[],0,"[""POSICION: DELANTERO"", ""LADO: IZQUIERDO"", ""UBICACION: INFERIOR"", ""DIAMETRO MENOR DE PERNO: 17 mm""]",4,[],0,,,10.2356
26785AP,https://icepar.specparts.shop/products/detail?slug=aplus_26785ap-1335033,987,,,,,[],0,"[""LADO: AMBOS"", ""POSICION: DELANTERO"", ""UBICACION: INFERIOR"", ""DIAMETRO MENOR DE PERNO: 42.7 mm""]",4,[],0,,,9.9978
30874AP,https://icepar.specparts.shop/products/detail?slug=aplus_30874ap-1335034,987,,,,,[],0,"[""LADO: AMBOS"", ""UBICACION: INFERIOR"", ""POSICION: DELANTERO"", ""DIAMETRO MENOR DE PERNO: 20 mm"", ""DIAMETRO MAYOR DE PERNO: 27.1 mm"", ""DIAMETRO DE BASE: 46 mm""]",6,[],0,,,12.1806
22232AP,https://icepar.specparts.shop/products/detail?slug=aplus_22232ap-1335035,987,,,,,[],0,"[""LADO: AMBOS"", ""POSICION: DELANTERO""]",2,[],0,,,7.9523
24876AP,https://icepar.specparts.shop/products/detail?slug=aplus_24876ap-1335039,987,,,,,[],0,"[""LADO: AMBOS"", ""POSICION: DELANTERO"", ""UBICACION: INFERIOR"", ""DIAMETRO MENOR DE PERNO: 38.4 mm""]",4,[],0,,,10.0242
25609AP,https://icepar.specparts.shop/products/detail?slug=aplus_25609ap-1335043,987,,,,,[],0,"[""LADO: AMBOS"", ""POSICION: DELANTERO"", ""UBICACION: INFERIOR"", ""DIAMETRO MENOR DE PERNO: 15 mm"", ""DIAMETRO MAYOR DE PERNO: 17 mm"", ""DIAMETRO DE BASE: 38.3 mm""]",6,[],0,,,12.2069
27704AP,https://icepar.specparts.shop/products/detail?slug=aplus_27704ap-1335044,987,,,,,[],0,"[""LADO: IZQUIERDO"", ""POSICION: DELANTERO"", ""DIAMETRO MENOR DE PERNO: 14.8 mm"", ""UBICACION: INFERIOR"", ""DIAMETRO MAYOR DE PERNO: 19.1 mm""]",5,[],0,,,11.2291
28599AP,https://icepar.specparts.shop/products/detail?slug=aplus_28599ap-1335045,987,,,,,[],0,"[""LADO: DERECHO"", ""POSICION: DELANTERO"", ""UBICACION: INFERIOR"", ""DIAMETRO MENOR DE PERNO: 17 mm""]",4,[],0,,,10.5084
28687AP,https://icepar.specparts.shop/products/detail?slug=aplus_28687ap-1335050,987,,,,,[],0,"[""LADO: AMBOS"", ""POSICION: DELANTERO""]",2,[],0,,,7.9350
27118AP,https://icepar.specparts.shop/products/detail?slug=aplus_27118ap-1335051,987,,,,,[],0,"[""LADO: IZQUIERDO"", ""POSICION: DELANTERO""]",2,[],0,,,8.0713
24202AP,https://icepar.specparts.shop/products/detail?slug=aplus_24202ap-1335058,987,,,,,[],0,"[""LADO: AMBOS"", ""POSICION: DELANTERO""]",2,[],0,,,8.1388
28320AP,https://icepar.specparts.shop/products/detail?slug=aplus_28320ap-1335061,987,,,,,[],0,"[""LADO: AMBOS"", ""POSICION: DELANTERO"", ""UBICACION: INFERIOR"", ""DIAMETRO MENOR DE PERNO: 16 mm""]",4,[],0,,,10.1910
28464AP,https://icepar.specparts.shop/products/detail?slug=aplus_28464ap-1335063,987,,,,,[],0,"[""LADO: AMBOS"", ""POSICION: DELANTERO""]",2,[],0,,,8.2544
26475AP,https://icepar.specparts.shop/products/detail?slug=aplus_26475ap-1335065,987,,,,,[],0,"[""LADO: AMBOS"", ""POSICION: DELANTERO""]",2,[],0,,,8.2272
27263AP,https://icepar.specparts.shop/products/detail?slug=aplus_27263ap-1335067,987,,,,,[],0,"[""LADO: AMBOS"", ""POSICION: DELANTERO""]",2,[],0,,,8.0239
29948AP,https://icepar.specparts.shop/products/detail?slug=aplus_29948ap-1335068,987,,,,,[],0,"[""POSICION: DELANTERO"", ""LADO: AMBOS"", ""UBICACION: INFERIOR"", ""DIAMETRO MENOR DE PERNO: 18.6 mm"", ""DIAMETRO MAYOR DE PERNO: 24 mm""]",5,[],0,,,11.4133
25114AP,https://icepar.specparts.shop/products/detail?slug=aplus_25114ap-1335069,987,,,,,[],0,"[""LADO: AMBOS"", ""POSICION: DELANTERO""]",2,[],0,,,8.0864
27193AP,https://icepar.specparts.shop/products/detail?slug=aplus_27193ap-1335071,987,,,,,[],0,"[""LADO: AMBOS"", ""POSICION: DELANTERO"", ""UBICACION: INFERIOR"", ""DIAMETRO MENOR DE PERNO: 12.5 mm"", ""DIAMETRO MAYOR DE PERNO: 18.2 mm"", ""DIAMETRO DE BASE: 36 mm""]",6,[],0,,,12.3412
27705AP,https://icepar.specparts.shop/products/detail?slug=aplus_27705ap-1335073,987,,,,,[],0,"[""POSICION: DELANTERO"", ""LADO: DERECHO"", ""UBICACION: INFERIOR"", ""DIAMETRO MAYOR DE PERNO: 19.1 mm"", ""DIAMETRO MENOR DE PERNO: 14.8 mm""]",5,[],0,,,11.2418
25248AP,https://icepar.specparts.shop/products/detail?slug=aplus_25248ap-1335087,987,,,,,[],0,"[""LADO: AMBOS"", ""POSICION: DELANTERO""]",2,[],0,,,8.1979
33714AP,https://icepar.specparts.shop/products/detail?slug=aplus_33714ap-1335088,987,,,,,[],0,"[""LADO: AMBOS"", ""POSICION: DELANTERO"", ""UBICACION: INFERIOR"", ""DIAMETRO MENOR DE PERNO: 16.8 mm""]",4,[],0,,,10.1966
28166AP,https://icepar.specparts.shop/products/detail?slug=aplus_28166ap-1335091,987,,,,,[],0,"[""LADO: AMBOS"", ""POSICION: DELANTERO"", ""UBICACION: INFERIOR"", ""DIAMETRO MENOR DE PERNO: 17.2 mm"", ""DIAMETRO MAYOR DE PERNO: 25.5 mm"", ""DIAMETRO DE BASE: 42 mm""]",6,[],0,,,12.1270
23835AP,https://icepar.specparts.shop/products/detail?slug=aplus_23835ap-1335092,987,,,,,[],0,"[""LADO: AMBOS"", ""POSICION: DELANTERO""]",2,[],0,,,7.9857
23799AP,https://icepar.specparts.shop/products/detail?slug=aplus_23799ap-1335100,987,,,,,[],0,"[""LADO: AMBOS"", ""POSICION: DELANTERO""]",2,[],0,,,7.8800
29872AP,https://icepar.specparts.shop/products/detail?slug=aplus_29872ap-1335104,988,,,,,[],0,"[""LADO: AMBOS"", ""POSICION: DELANTERO"", ""UBICACION: INFERIOR"", ""DIAMETRO MENOR DE PERNO: 15.5 mm"", ""DIAMETRO MAYOR DE PERNO: 18 mm"", ""DIAMETRO DE BASE: 34.2 mm""]",6,[],0,,,12.3791
27338AP,https://icepar.specparts.shop/products/detail?slug=aplus_27338ap-1335105,988,,,,,[],0,"[""LADO: AMBOS"", ""POSICION: DELANTERO""]",2,[],0,,,8.0607
27186AP,https://icepar.specparts.shop/products/detail?slug=aplus_27186ap-1335113,988,,,,,[],0,"[""LADO: AMBOS"", ""POSICION: DELANTERO""]",2,[],0,,,8.0891
25117AP,https://icepar.specparts.shop/products/detail?slug=aplus_25117ap-1335114,988,,,,,[],0,"[""LADO: AMBOS"", ""POSICION: DELANTERO""]",2,[],0,,,8.3100
33033AP,https://icepar.specparts.shop/products/detail?slug=aplus_33033ap-1335115,988,,,,,[],0,"[""LADO: AMBOS"", ""POSICION: DELANTERO"", ""UBICACION: INFERIOR"", ""DIAMETRO MAYOR DE PERNO: 22 mm"", ""DIAMETRO MENOR DE PERNO: 16.5 mm""]",5,[],0,,,11.1375
30766AP,https://icepar.specparts.shop/products/detail?slug=aplus_30766ap-1335121,988,,,,,[],0,"[""LADO: AMBOS"", ""POSICION: DELANTERO""]",2,[],0,,,7.9352
31083AP,https://icepar.specparts.shop/products/detail?slug=aplus_31083ap-1335122,988,,,,,[],0,"[""LADO: AMBOS"", ""POSICION: DELANTERO"", ""UBICACION: INFERIOR"", ""DIAMETRO MENOR DE PERNO: 18.2 mm"", ""DIAMETRO MAYOR DE PERNO: 227 mm""]",5,[],0,,,11.9896
30649AP,https://icepar.specparts.shop/products/detail?slug=aplus_30649ap-1335124,988,,,,,[],0,"[""LADO: AMBOS"", ""POSICION: DELANTERO""]",2,[],0,,,7.8845
28755AP,https://icepar.specparts.shop/products/detail?slug=aplus_28755ap-1335127,988,,,,,[],0,"[""POSICION: DELANTERO"", ""LADO: AMBOS"", ""DIAMETRO MENOR DE PERNO: 16.6 mm"", ""UBICACION: INFERIOR"", ""DIAMETRO MAYOR DE PERNO: 20.6 mm""]",5,[],0,,,11.1387
27423AP,https://icepar.specparts.shop/products/detail?slug=aplus_27423ap-1335131,988,,,,,[],0,"[""LADO: AMBOS"", ""POSICION: DELANTERO"", ""UBICACION: INFERIOR"", ""DIAMETRO MAYOR DE PERNO: 16 mm"", ""DIAMETRO MENOR DE PERNO: 12.5 mm"", ""DIAMETRO DE BASE: 23.8 mm""]",6,[],0,,,12.0950
27454AP,https://icepar.specparts.shop/products/detail?slug=aplus_27454ap-1335132,988,,,,,[],0,"[""POSICION: DELANTERO"", ""LADO: AMBOS"", ""DIAMETRO MENOR DE PERNO: 15.5 mm"", ""DIAMETRO MAYOR DE PERNO: 18.1 mm"", ""UBICACION: INFERIOR"", ""DIAMETRO DE BASE: 40.1 mm""]",6,[],0,,,12.0126
24476AP,https://icepar.specparts.shop/products/detail?slug=aplus_24476ap-1335138,988,,,,,[],0,"[""LADO: AMBOS"", ""POSICION: DELANTERO"", ""DIAMETRO MENOR DE PERNO: 15.5 mm"", ""UBICACION: INFERIOR"", ""DIAMETRO MAYOR DE PERNO: 18 mm""]",5,[],0,,,11.0340
33140AP,https://icepar.specparts.shop/products/detail?slug=aplus_33140ap-1335139,988,,,,,[],0,"[""LADO: AMBOS"", ""UBICACION: INFERIOR"", ""POSICION: DELANTERO""]",3,[],0,,,8.9311
32396AP,https://icepar.specparts.shop/products/detail?slug=aplus_32396ap-1335144,988,,,,,[],0,"[""LADO: AMBOS"", ""POSICION: DELANTERO""]",2,[],0,,,7.9538
26656AP,https://icepar.specparts.shop/products/detail?slug=aplus_26656ap-1335145,988,,,,,[],0,"[""LADO: AMBOS"", ""POSICION: DELANTERO"", ""UBICACION: INFERIOR"", ""DIAMETRO MENOR DE PERNO: 18.9 mm""]",4,[],0,,,10.0850
30668AP,https://icepar.specparts.shop/products/detail?slug=aplus_30668ap-1335148,988,,,,,[],0,"[""LADO: AMBOS"", ""POSICION: DELANTERO"", ""DIAMETRO MENOR DE PERNO: 18.2 mm"", ""UBICACION: INFERIOR"", ""DIAMETRO MAYOR DE PERNO: 227 mm"", ""DIAMETRO DE BASE: 44.5 mm""]",6,[],0,,,12.0252
33125AP,https://icepar.specparts.shop/products/detail?slug=aplus_33125ap-1335156,988,,,,,[],0,"[""LADO: AMBOS"", ""POSICION: DELANTERO""]",2,[],0,,,8.0802
31706AP,https://icepar.specparts.shop/products/detail?slug=aplus_31706ap-1335163,988,,,,,"[""CHEVROLET AGILE 1.4 &V (2009 AL 2021)""]",1,"[""POSICION: DELANTERO"", ""LADO: AMBOS"", ""UBICACION: INFERIOR"", ""DIAMETRO MENOR DE PERNO: 15 mm""]",4,[],0,,,13.4148
31254AP,https://icepar.specparts.shop/products/detail?slug=aplus_31254ap-1335164,988,,,,,[],0,"[""LADO: AMBOS"", ""POSICION: DELANTERO""]",2,[],0,,,7.7830
31215AP,https://icepar.specparts.shop/products/detail?slug=aplus_31215ap-1335170,988,,,,,[],0,"[""LADO: AMBOS"", ""POSICION: DELANTERO""]",2,[],0,,,7.9318
37840AP,https://icepar.specparts.shop/products/detail?slug=aplus_37840ap-1335172,988,,,,,[],0,[],0,[],0,,,2.5239
27543AP,https://icepar.specparts.shop/products/detail?slug=aplus_27543ap-1335173,988,,,,,[],0,"[""POSICION: DELANTERO"", ""LADO: AMBOS"", ""UBICACION: SUPERIOR"", ""DIAMETRO MENOR DE PERNO: 14.8 mm"", ""DIAMETRO DE BASE: 46.1 mm"", ""DIAMETRO MAYOR DE PERNO: 18.6 mm""]",6,[],0,,,12.2581
32728AP,https://icepar.specparts.shop/products/detail?slug=aplus_32728ap-1335183,988,,,,,[],0,"[""LADO: AMBOS"", ""UBICACION: INFERIOR"", ""POSICION: DELANTERO"", ""DIAMETRO MENOR DE PERNO: 13.7 mm"", ""DIAMETRO MAYOR DE PERNO: 17.5 mm""]",5,[],0,,,11.0714
31308AP,https://icepar.specparts.shop/products/detail?slug=aplus_31308ap-1335184,988,,,,,[],0,"[""LADO: AMBOS"", ""POSICION: DELANTERO""]",2,[],0,,,7.9599
33828AP,https://icepar.specparts.shop/products/detail?slug=aplus_33828ap-1335185,989,,,,,[],0,"[""LADO: AMBOS"", ""POSICION: DELANTERO""]",2,[],0,,,7.9058
27821AP,https://icepar.specparts.shop/products/detail?slug=aplus_27821ap-1335186,989,,,,,[],0,"[""LADO: AMBOS"", ""UBICACION: INFERIOR"", ""POSICION: DELANTERO"", ""DIAMETRO MENOR DE PERNO: 21.6 mm"", ""DIAMETRO MAYOR DE PERNO: 24 mm""]",5,[],0,,,11.2875
28756AP,https://icepar.specparts.shop/products/detail?slug=aplus_28756ap-1335195,989,,,,,[],0,"[""LADO: AMBOS"", ""UBICACION: SUPERIOR"", ""POSICION: DELANTERO"", ""DIAMETRO MAYOR DE PERNO: 17.9 mm"", ""DIAMETRO MENOR DE PERNO: 13.7 mm""]",5,[],0,,,10.9452
27905AP,https://icepar.specparts.shop/products/detail?slug=aplus_27905ap-1335201,989,,,,,[],0,"[""POSICION: DELANTERO"", ""LADO: AMBOS"", ""UBICACION: INFERIOR"", ""DIAMETRO MENOR DE PERNO: 13.8 mm"", ""DIAMETRO MAYOR DE PERNO: 17 mm""]",5,[],0,,,11.3556
26151AP,https://icepar.specparts.shop/products/detail?slug=aplus_26151ap-1335205,989,,,,,[],0,"[""LADO: AMBOS"", ""POSICION: DELANTERO"", ""UBICACION: INFERIOR"", ""DIAMETRO MENOR DE PERNO: 14.5 mm"", ""DIAMETRO MAYOR DE PERNO: 16.74 mm""]",5,[],0,,,11.2784
25981AP,https://icepar.specparts.shop/products/detail?slug=aplus_25981ap-1335209,989,,,,,[],0,"[""LADO: AMBOS"", ""POSICION: DELANTERO"", ""UBICACION: INFERIOR"", ""DIAMETRO MENOR DE PERNO: 16.5 mm"", ""DIAMETRO MAYOR DE PERNO: 22 mm""]",5,[],0,,,56.0115
28597AP,https://icepar.specparts.shop/products/detail?slug=aplus_28597ap-1335210,989,,,,,[],0,"[""LADO: AMBOS"", ""POSICION: DELANTERO""]",2,[],0,,,8.0227
28744AP,https://icepar.specparts.shop/products/detail?slug=aplus_28744ap-1335217,989,,,,,[],0,"[""LADO: AMBOS"", ""POSICION: DELANTERO"", ""UBICACION: SUPERIOR"", ""DIAMETRO MENOR DE PERNO: 16.7 mm"", ""DIAMETRO DE BASE: 46.5 mm"", ""DIAMETRO MAYOR DE PERNO: 20.1 mm""]",6,[],0,,,12.0850
26573AP,https://icepar.specparts.shop/products/detail?slug=aplus_26573ap-1335220,989,,,,,[],0,"[""LADO: AMBOS"", ""POSICION: DELANTERO""]",2,[],0,,,7.9166
27909AP,https://icepar.specparts.shop/products/detail?slug=aplus_27909ap-1335224,989,,,,,[],0,"[""LADO: AMBOS"", ""POSICION: DELANTERO""]",2,[],0,,,8.0153
29612AP,https://icepar.specparts.shop/products/detail?slug=aplus_29612ap-1335228,989,,,,,[],0,"[""LADO: AMBOS"", ""POSICION: DELANTERO""]",2,[],0,,,8.0711
33300AP,https://icepar.specparts.shop/products/detail?slug=aplus_33300ap-1335229,989,,,,,[],0,"[""LADO: AMBOS"", ""POSICION: DELANTERO""]",2,[],0,,,8.1256
27119AP,https://icepar.specparts.shop/products/detail?slug=aplus_27119ap-1335232,989,,,,,[],0,"[""LADO: DERECHO"", ""POSICION: DELANTERO""]",2,[],0,,,7.9217
30651AP,https://icepar.specparts.shop/products/detail?slug=aplus_30651ap-1335238,989,,,,,[],0,"[""LADO: AMBOS"", ""POSICION: DELANTERO""]",2,[],0,,,7.8792
27539AP,https://icepar.specparts.shop/products/detail?slug=aplus_27539ap-1335242,989,,,,,[],0,"[""LADO: AMBOS"", ""UBICACION: INFERIOR"", ""POSICION: DELANTERO"", ""DIAMETRO MENOR DE PERNO: 24 mm"", ""DIAMETRO MAYOR DE PERNO: 43.1 mm""]",5,[],0,,,17.7055
32057AP,https://icepar.specparts.shop/products/detail?slug=aplus_32057ap-1335246,989,,,,,[],0,"[""LADO: AMBOS"", ""POSICION: DELANTERO""]",2,[],0,,,7.8615
33465AP,https://icepar.specparts.shop/products/detail?slug=aplus_33465ap-1335256,989,,,,,[],0,"[""LADO: AMBOS"", ""POSICION: DELANTERO""]",2,[],0,,,7.8722
34150AP,https://icepar.specparts.shop/products/detail?slug=aplus_34150ap-1335258,989,,,,,[],0,"[""LADO: AMBOS"", ""POSICION: DELANTERO""]",2,[],0,,,7.8475
34846AP,https://icepar.specparts.shop/products/detail?slug=aplus_34846ap-1335265,989,,,,,[],0,"[""LADO: DERECHO"", ""POSICION: DELANTERO"", ""UBICACION: INFERIOR"", ""DIAMETRO MENOR DE PERNO: 15 mm""]",4,[],0,,,10.0992
32727AP,https://icepar.specparts.shop/products/detail?slug=aplus_32727ap-1335267,989,,,,,[],0,"[""LADO: AMBOS"", ""POSICION: DELANTERO"", ""UBICACION: INFERIOR"", ""DIAMETRO MAYOR DE PERNO: 17 mm"", ""DIAMETRO MENOR DE PERNO: 10.5 mm""]",5,[],0,,,11.1548
28462AP,https://icepar.specparts.shop/products/detail?slug=aplus_28462ap-1335270,989,,,,,[],0,"[""LADO: AMBOS"", ""POSICION: DELANTERO""]",2,[],0,,,7.9034
37702AP,https://icepar.specparts.shop/products/detail?slug=aplus_37702ap-1335273,989,,,,,[],0,"[""LADO: AMBOS"", ""POSICION: DELANTERO"", ""UBICACION: INFERIOR""]",3,[],0,,,9.0116
34845AP,https://icepar.specparts.shop/products/detail?slug=aplus_34845ap-1335275,989,,,,,[],0,"[""LADO: IZQUIERDO"", ""POSICION: DELANTERO"", ""UBICACION: INFERIOR"", ""DIAMETRO MENOR DE PERNO: 15 mm""]",4,[],0,,,9.9191
28011AP,https://icepar.specparts.shop/products/detail?slug=aplus_28011ap-1335288,989,,,,,[],0,"[""POSICION: DELANTERO"", ""LADO: AMBOS"", ""UBICACION: INFERIOR"", ""DIAMETRO MAYOR DE PERNO: 20 mm"", ""DIAMETRO MENOR DE PERNO: 18 mm""]",5,[],0,,,11.1642
34444AP,https://icepar.specparts.shop/products/detail?slug=aplus_34444ap-1335289,990,,,,,[],0,"[""LADO: DERECHO"", ""UBICACION: INFERIOR"", ""POSICION: DELANTERO"", ""DIAMETRO MENOR DE PERNO: 15 mm""]",4,[],0,,,10.4474
28697AP,https://icepar.specparts.shop/products/detail?slug=aplus_28697ap-1335292,990,,,,,[],0,"[""LADO: AMBOS"", ""POSICION: DELANTERO"", ""DIAMETRO MENOR DE PERNO: 21.5 mm"", ""UBICACION: INFERIOR"", ""DIAMETRO MAYOR DE PERNO: 25.4 mm"", ""DIAMETRO DE BASE: 46 mm""]",6,[],0,,,12.9783
34443AP,https://icepar.specparts.shop/products/detail?slug=aplus_34443ap-1335295,990,,,,,[],0,"[""LADO: IZQUIERDO"", ""POSICION: DELANTERO"", ""UBICACION: INFERIOR"", ""DIAMETRO MENOR DE PERNO: 15 mm""]",4,[],0,,,10.1841
29164AP,https://icepar.specparts.shop/products/detail?slug=aplus_29164ap-1335296,990,,,,,[],0,"[""LADO: AMBOS"", ""POSICION: DELANTERO"", ""DIAMETRO MENOR DE PERNO: 18.2 mm"", ""UBICACION: SUPERIOR"", ""DIAMETRO MAYOR DE PERNO: 22.2 mm"", ""DIAMETRO DE BASE: 48.2 mm""]",6,[],0,,,12.4637
31464AP,https://icepar.specparts.shop/products/detail?slug=aplus_31464ap-1335298,990,,,,,[],0,"[""LADO: AMBOS"", ""POSICION: DELANTERO""]",2,[],0,,,8.0059
31574AP,https://icepar.specparts.shop/products/detail?slug=aplus_31574ap-1335305,990,,,,,[],0,"[""LADO: AMBOS"", ""POSICION: DELANTERO"", ""DIAMETRO MENOR DE PERNO: 16 mm""]",3,[],0,,,8.9199
35144AP,https://icepar.specparts.shop/products/detail?slug=aplus_35144ap-1335310,990,,,,,[],0,[],0,[],0,,,2.5091
11146AP,https://icepar.specparts.shop/products/detail?slug=aplus_11146ap-1335320,990,,,,,[],0,"[""LADO: AMBOS"", ""POSICION: DELANTERO"", ""UBICACION: INFERIOR"", ""DIAMETRO MENOR DE PERNO: 20.3 mm"", ""DIAMETRO MAYOR DE PERNO: 22.5 mm""]",5,[],0,,,11.0299
11133AP,https://icepar.specparts.shop/products/detail?slug=aplus_11133ap-1335322,990,,,,,[],0,"[""POSICION: DELANTERO"", ""LADO: AMBOS"", ""UBICACION: INFERIOR"", ""DIAMETRO MENOR DE PERNO: 14.9 mm"", ""DIAMETRO MAYOR DE PERNO: 18.3 mm"", ""DIAMETRO DE BASE: 414 mm""]",6,[],0,,,12.1150
11460AP,https://icepar.specparts.shop/products/detail?slug=aplus_11460ap-1335327,990,,,,,[],0,"[""LADO: AMBOS"", ""POSICION: DELANTERO"", ""UBICACION: INFERIOR"", ""DIAMETRO MENOR DE PERNO: 18 mm""]",4,[],0,,,9.9438
16633AP,https://icepar.specparts.shop/products/detail?slug=aplus_16633ap-1335332,990,,,,,[],0,"[""LADO: IZQUIERDO"", ""POSICION: DELANTERO"", ""UBICACION: INFERIOR"", ""DIAMETRO MENOR DE PERNO: 15.3 mm"", ""DIAMETRO MAYOR DE PERNO: 20.1 mm""]",5,[],0,,,11.1412
15220AP,https://icepar.specparts.shop/products/detail?slug=aplus_15220ap-1335336,990,,,,,[],0,"[""POSICION: DELANTERO"", ""LADO: AMBOS"", ""UBICACION: INFERIOR"", ""DIAMETRO MAYOR DE PERNO: 24 mm"", ""DIAMETRO MENOR DE PERNO: 18 mm""]",5,[],0,,,11.4420
24380AP,https://icepar.specparts.shop/products/detail?slug=aplus_24380ap-1335344,990,,,,,[],0,"[""LADO: AMBOS"", ""POSICION: DELANTERO""]",2,[],0,,,7.9247
21581AP,https://icepar.specparts.shop/products/detail?slug=aplus_21581ap-1335345,990,,,,,[],0,"[""LADO: AMBOS"", ""POSICION: DELANTERO""]",2,[],0,,,7.8790
TK321917,https://icepar.specparts.shop/products/detail?slug=tekbond_tk321917-158466,990,,,,,"[""UNIVERSAL UNIVERSAL (0 AL 2026)""]",1,[],0,[],0,,,6.1450
TK321927,https://icepar.specparts.shop/products/detail?slug=tekbond_tk321927-158467,990,,,,,"[""UNIVERSAL UNIVERSAL (0 AL 2026)""]",1,[],0,[],0,,,6.1687
TK321936,https://icepar.specparts.shop/products/detail?slug=tekbond_tk321936-158468,990,,,,,"[""UNIVERSAL UNIVERSAL (0 AL 2026)""]",1,[],0,[],0,,,6.0625
TK326986,https://icepar.specparts.shop/products/detail?slug=tekbond_tk326986-158469,990,,,,,"[""UNIVERSAL UNIVERSAL (0 AL 2026)""]",1,[],0,[],0,,,6.7626
TK326987,https://icepar.specparts.shop/products/detail?slug=tekbond_tk326987-158470,990,,,,,"[""UNIVERSAL UNIVERSAL (0 AL 2026)""]",1,[],0,[],0,,,6.1009
TK367187,https://icepar.specparts.shop/products/detail?slug=tekbond_tk367187-158471,990,,,,,"[""UNIVERSAL UNIVERSAL (0 AL 2026)""]",1,[],0,[],0,,,6.0265
TK367188,https://icepar.specparts.shop/products/detail?slug=tekbond_tk367188-158472,990,,,,,"[""UNIVERSAL UNIVERSAL (0 AL 2026)""]",1,[],0,[],0,,,6.1192
TK367189,https://icepar.specparts.shop/products/detail?slug=tekbond_tk367189-158473,990,,,,,"[""UNIVERSAL UNIVERSAL (0 AL 2026)""]",1,[],0,[],0,,,6.1362
TK367190,https://icepar.specparts.shop/products/detail?slug=tekbond_tk367190-158474,991,,,,,"[""UNIVERSAL UNIVERSAL (0 AL 2026)""]",1,[],0,[],0,,,6.0635
TK367250,https://icepar.specparts.shop/products/detail?slug=tekbond_tk367250-158475,991,,,,,"[""UNIVERSAL UNIVERSAL (0 AL 2026)""]",1,[],0,[],0,,,6.0887
TK367251,https://icepar.specparts.shop/products/detail?slug=tekbond_tk367251-158476,991,,,,,"[""UNIVERSAL UNIVERSAL (0 AL 2026)""]",1,[],0,[],0,,,80.3770
TK321895,https://icepar.specparts.shop/products/detail?slug=tekbond_tk321895-187233,991,,,,,"[""UNIVERSAL UNIVERSAL (0 AL 2026)""]",1,[],0,[],0,,,6.1881
TK321897,https://icepar.specparts.shop/products/detail?slug=tekbond_tk321897-187234,991,,,,,"[""UNIVERSAL UNIVERSAL (0 AL 2026)""]",1,[],0,[],0,,,6.0355
TK321900,https://icepar.specparts.shop/products/detail?slug=tekbond_tk321900-187235,991,,,,,"[""UNIVERSAL UNIVERSAL (0 AL 2026)""]",1,[],0,[],0,,,6.0878
TK321902,https://icepar.specparts.shop/products/detail?slug=tekbond_tk321902-187236,991,,,,,"[""UNIVERSAL UNIVERSAL (0 AL 2026)""]",1,[],0,[],0,,,6.0027
TK321903,https://icepar.specparts.shop/products/detail?slug=tekbond_tk321903-187237,991,,,,,"[""UNIVERSAL UNIVERSAL (0 AL 2026)""]",1,[],0,[],0,,,6.0543
TK321910,https://icepar.specparts.shop/products/detail?slug=tekbond_tk321910-187238,991,,,,,"[""UNIVERSAL UNIVERSAL (0 AL 2026)""]",1,[],0,[],0,,,6.1022
TK321912,https://icepar.specparts.shop/products/detail?slug=tekbond_tk321912-187240,991,,,,,"[""UNIVERSAL UNIVERSAL (0 AL 2026)""]",1,[],0,[],0,,,6.1301
TK321915,https://icepar.specparts.shop/products/detail?slug=tekbond_tk321915-187241,991,,,,,"[""UNIVERSAL UNIVERSAL (0 AL 2026)""]",1,[],0,[],0,,,6.0215
TK326459,https://icepar.specparts.shop/products/detail?slug=tekbond_tk326459-187242,991,,,,,"[""UNIVERSAL UNIVERSAL (0 AL 2026)""]",1,[],0,[],0,,,6.2787
TK326460,https://icepar.specparts.shop/products/detail?slug=tekbond_tk326460-187243,991,,,,,"[""UNIVERSAL UNIVERSAL (0 AL 2026)""]",1,[],0,[],0,,,6.0991
TK326630,https://icepar.specparts.shop/products/detail?slug=tekbond_tk326630-187244,991,,,,,"[""UNIVERSAL UNIVERSAL (0 AL 2026)""]",1,[],0,[],0,,,6.3651
TK326981,https://icepar.specparts.shop/products/detail?slug=tekbond_tk326981-187245,991,,,,,"[""UNIVERSAL UNIVERSAL (0 AL 2026)""]",1,[],0,[],0,,,6.2110
TK326982,https://icepar.specparts.shop/products/detail?slug=tekbond_tk326982-187246,991,,,,,"[""UNIVERSAL UNIVERSAL (0 AL 2026)""]",1,[],0,[],0,,,6.0376
TK367181,https://icepar.specparts.shop/products/detail?slug=tekbond_tk367181-187247,991,,,,,"[""UNIVERSAL UNIVERSAL (0 AL 2026)""]",1,[],0,[],0,,,6.0479
TK367183,https://icepar.specparts.shop/products/detail?slug=tekbond_tk367183-187248,991,,,,,"[""UNIVERSAL UNIVERSAL (0 AL 2026)""]",1,[],0,[],0,,,6.1013
TK752767,https://icepar.specparts.shop/products/detail?slug=tekbond_tk752767-187249,991,,,,,"[""UNIVERSAL UNIVERSAL (0 AL 2026)""]",1,[],0,[],0,,,6.0739
TK752775,https://icepar.specparts.shop/products/detail?slug=tekbond_tk752775-187250,991,,,,,"[""UNIVERSAL UNIVERSAL (0 AL 2026)""]",1,[],0,[],0,,,6.1220
TK752781,https://icepar.specparts.shop/products/detail?slug=tekbond_tk752781-187251,991,,,,,"[""UNIVERSAL UNIVERSAL (0 AL 2026)""]",1,[],0,[],0,,,6.0388
TK752782,https://icepar.specparts.shop/products/detail?slug=tekbond_tk752782-187252,991,,,,,"[""UNIVERSAL UNIVERSAL (0 AL 2026)""]",1,[],0,[],0,,,6.1483
TK321923,https://icepar.specparts.shop/products/detail?slug=tekbond_tk321923-310167,992,,,,,"[""UNIVERSAL UNIVERSAL (0 AL 2026)""]",1,[],0,[],0,,,6.0232
TK321924,https://icepar.specparts.shop/products/detail?slug=tekbond_tk321924-310168,992,,,,,"[""UNIVERSAL UNIVERSAL (0 AL 2026)""]",1,[],0,[],0,,,6.1550
TK321925,https://icepar.specparts.shop/products/detail?slug=tekbond_tk321925-310169,992,,,,,"[""UNIVERSAL UNIVERSAL (0 AL 2026)""]",1,[],0,[],0,,,6.0745
TK326998,https://icepar.specparts.shop/products/detail?slug=tekbond_tk326998-310170,992,,,,,"[""UNIVERSAL UNIVERSAL (0 AL 2026)""]",1,[],0,[],0,,,6.1340
TK326999,https://icepar.specparts.shop/products/detail?slug=tekbond_tk326999-310171,992,,,,,"[""UNIVERSAL UNIVERSAL (0 AL 2026)""]",1,[],0,[],0,,,6.0987
TK327006,https://icepar.specparts.shop/products/detail?slug=tekbond_tk327006-310172,992,,,,,"[""UNIVERSAL UNIVERSAL (0 AL 2026)""]",1,[],0,[],0,,,6.1707
TK704252,https://icepar.specparts.shop/products/detail?slug=tekbond_tk704252-310173,992,,,,,"[""UNIVERSAL UNIVERSAL (0 AL 2026)""]",1,[],0,[],0,,,6.4267
TK705600,https://icepar.specparts.shop/products/detail?slug=tekbond_tk705600-310174,992,,,,,"[""UNIVERSAL UNIVERSAL (0 AL 2026)""]",1,[],0,[],0,,,6.2814
TK705602,https://icepar.specparts.shop/products/detail?slug=tekbond_tk705602-310175,992,,,,,"[""UNIVERSAL UNIVERSAL (0 AL 2026)""]",1,[],0,[],0,,,6.0685
TK326983,https://icepar.specparts.shop/products/detail?slug=tekbond_tk326983-513320,992,,,,,"[""UNIVERSAL UNIVERSAL (0 AL 2026)""]",1,[],0,[],0,,,6.1876
TK326984,https://icepar.specparts.shop/products/detail?slug=tekbond_tk326984-513321,992,,,,,"[""UNIVERSAL UNIVERSAL (0 AL 2026)""]",1,[],0,[],0,,,6.2956
TK326985,https://icepar.specparts.shop/products/detail?slug=tekbond_tk326985-513322,992,,,,,"[""UNIVERSAL UNIVERSAL (0 AL 2026)""]",1,[],0,[],0,,,6.2087
TK367184,https://icepar.specparts.shop/products/detail?slug=tekbond_tk367184-513323,992,,,,,"[""UNIVERSAL UNIVERSAL (0 AL 2026)""]",1,[],0,[],0,,,6.1868
TK714817,https://icepar.specparts.shop/products/detail?slug=tekbond_tk714817-513326,992,,,,,"[""UNIVERSAL UNIVERSAL (0 AL 2026)""]",1,[],0,[],0,,,6.1131
TK714819,https://icepar.specparts.shop/products/detail?slug=tekbond_tk714819-513327,992,,,,,"[""UNIVERSAL UNIVERSAL (0 AL 2026)""]",1,[],0,[],0,,,6.0988
TK327191,https://icepar.specparts.shop/products/detail?slug=tekbond_tk327191-518562,992,,,,,"[""UNIVERSAL UNIVERSAL (0 AL 2026)""]",1,[],0,[],0,,,6.0182
TK327192,https://icepar.specparts.shop/products/detail?slug=tekbond_tk327192-518563,992,,,,,"[""UNIVERSAL UNIVERSAL (0 AL 2026)""]",1,[],0,[],0,,,6.1719
TK367232,https://icepar.specparts.shop/products/detail?slug=tekbond_tk367232-518564,992,,,,,"[""UNIVERSAL UNIVERSAL (0 AL 2026)""]",1,[],0,[],0,,,6.1388
TK367233,https://icepar.specparts.shop/products/detail?slug=tekbond_tk367233-518565,992,,,,,"[""UNIVERSAL UNIVERSAL (0 AL 2026)""]",1,[],0,[],0,,,6.1181
TK367234,https://icepar.specparts.shop/products/detail?slug=tekbond_tk367234-589416,992,,,,,"[""UNIVERSAL UNIVERSAL (0 AL 2026)""]",1,[],0,[],0,,,6.2345
TK367235,https://icepar.specparts.shop/products/detail?slug=tekbond_tk367235-589417,992,,,,,"[""UNIVERSAL UNIVERSAL (0 AL 2026)""]",1,[],0,[],0,,,6.1074
TK367236,https://icepar.specparts.shop/products/detail?slug=tekbond_tk367236-589418,993,,,,,"[""UNIVERSAL UNIVERSAL (0 AL 2026)""]",1,[],0,[],0,,,6.0790
SE5000,https://icepar.specparts.shop/products/detail?slug=pilbox_se5000-603417,993,,,,,[],0,[],0,[],0,,,2.5607
SE5004,https://icepar.specparts.shop/products/detail?slug=pilbox_se5004-603421,993,,,,,[],0,[],0,[],0,,,2.5746
SE5021,https://icepar.specparts.shop/products/detail?slug=pilbox_se5021-603424,993,,,,,[],0,[],0,[],0,,,2.6223
SE5030,https://icepar.specparts.shop/products/detail?slug=pilbox_se5030-603425,993,,,,,[],0,[],0,[],0,,,2.5800
SE5031,https://icepar.specparts.shop/products/detail?slug=pilbox_se5031-603426,993,,,,,[],0,[],0,[],0,,,2.5752
SE6030,https://icepar.specparts.shop/products/detail?slug=pilbox_se6030-603429,993,,,,,[],0,[],0,[],0,,,2.5764
SE6071,https://icepar.specparts.shop/products/detail?slug=pilbox_se6071-603430,993,,,,,[],0,[],0,[],0,,,2.5428
SE6080,https://icepar.specparts.shop/products/detail?slug=pilbox_se6080-603431,993,,,,,[],0,[],0,[],0,,,2.6925
SE7021,https://icepar.specparts.shop/products/detail?slug=pilbox_se7021-603435,993,,,,,[],0,[],0,[],0,,,2.5317
FI-18003,https://icepar.specparts.shop/products/detail?slug=fispa_fi18003-345098,993,,,,,[],0,[],0,[],0,,,2.5439
FI-18004,https://icepar.specparts.shop/products/detail?slug=fispa_fi18004-345099,993,,,,,[],0,[],0,[],0,,,2.6001
FI-18006,https://icepar.specparts.shop/products/detail?slug=fispa_fi18006-345100,993,,,,,[],0,[],0,[],0,,,2.5245
FI-18008,https://icepar.specparts.shop/products/detail?slug=fispa_fi18008-345102,993,,,,,[],0,[],0,[],0,,,2.5897
FI-18009,https://icepar.specparts.shop/products/detail?slug=fispa_fi18009-345103,993,,,,,[],0,[],0,[],0,,,2.5885
FI-18012,https://icepar.specparts.shop/products/detail?slug=fispa_fi18012-345104,994,,,,,[],0,[],0,[],0,,,2.5823
FI-18013,https://icepar.specparts.shop/products/detail?slug=fispa_fi18013-345105,994,,,,,[],0,[],0,[],0,,,2.6351
FI-18014,https://icepar.specparts.shop/products/detail?slug=fispa_fi18014-345106,994,,,,,[],0,[],0,[],0,,,2.6185
FI-18015,https://icepar.specparts.shop/products/detail?slug=fispa_fi18015-345107,994,,,,,[],0,[],0,[],0,,,2.5927
FI-18016,https://icepar.specparts.shop/products/detail?slug=fispa_fi18016-345108,994,,,,,[],0,[],0,[],0,,,2.6237
FI-18017,https://icepar.specparts.shop/products/detail?slug=fispa_fi18017-345109,994,,,,,[],0,[],0,[],0,,,2.6564
FI-18018,https://icepar.specparts.shop/products/detail?slug=fispa_fi18018-345110,994,,,,,[],0,[],0,[],0,,,2.5520
FI-18019,https://icepar.specparts.shop/products/detail?slug=fispa_fi18019-345111,994,,,,,[],0,[],0,[],0,,,2.5807
FI-18020,https://icepar.specparts.shop/products/detail?slug=fispa_fi18020-345112,994,,,,,[],0,[],0,[],0,,,2.6010
FI-18021,https://icepar.specparts.shop/products/detail?slug=fispa_fi18021-345113,994,,,,,[],0,[],0,[],0,,,2.5914
FI-18022,https://icepar.specparts.shop/products/detail?slug=fispa_fi18022-345114,994,,,,,[],0,[],0,[],0,,,2.5525
FI-18023,https://icepar.specparts.shop/products/detail?slug=fispa_fi18023-345115,994,,,,,[],0,[],0,[],0,,,3.0292
FI-18024,https://icepar.specparts.shop/products/detail?slug=fispa_fi18024-345116,994,,,,,[],0,[],0,[],0,,,2.6595
FI-18025,https://icepar.specparts.shop/products/detail?slug=fispa_fi18025-345117,994,,,,,[],0,[],0,[],0,,,2.5371
FI-18026,https://icepar.specparts.shop/products/detail?slug=fispa_fi18026-345118,994,,,,,[],0,[],0,[],0,,,2.5321
FI-18005,https://icepar.specparts.shop/products/detail?slug=fispa_fi18005-345119,994,,,,,[],0,[],0,[],0,,,2.5317
FI-18010,https://icepar.specparts.shop/products/detail?slug=fispa_fi18010-345120,994,,,,,[],0,[],0,[],0,,,2.6112
FI-18032,https://icepar.specparts.shop/products/detail?slug=fispa_fi18032-345121,994,,,,,[],0,[],0,[],0,,,2.5341
FI-18033,https://icepar.specparts.shop/products/detail?slug=fispa_fi18033-345122,994,,,,,[],0,[],0,[],0,,,2.5076
FI-18075,https://icepar.specparts.shop/products/detail?slug=fispa_fi18075-345123,994,,,,,[],0,[],0,[],0,,,2.5619
FI-12010,https://icepar.specparts.shop/products/detail?slug=fispa_fi12010-519707,994,,,,,[],0,[],0,[],0,,,2.4892
FI-12012,https://icepar.specparts.shop/products/detail?slug=fispa_fi12012-519708,994,,,,,[],0,[],0,[],0,,,2.4968
FI-12014,https://icepar.specparts.shop/products/detail?slug=fispa_fi12014-519710,994,,,,,[],0,[],0,[],0,,,2.5709
FI-12015,https://icepar.specparts.shop/products/detail?slug=fispa_fi12015-519711,995,,,,,[],0,[],0,[],0,,,2.5899
FI-12017,https://icepar.specparts.shop/products/detail?slug=fispa_fi12017-519713,995,,,,,[],0,[],0,[],0,,,2.5097
FI-12018,https://icepar.specparts.shop/products/detail?slug=fispa_fi12018-519714,995,,,,,[],0,[],0,[],0,,,2.5865
FI-12019,https://icepar.specparts.shop/products/detail?slug=fispa_fi12019-519715,995,,,,,[],0,[],0,[],0,,,2.6399
FI-12021,https://icepar.specparts.shop/products/detail?slug=fispa_fi12021-519716,995,,,,,[],0,[],0,[],0,,,2.5819
FI-12022,https://icepar.specparts.shop/products/detail?slug=fispa_fi12022-519717,995,,,,,[],0,[],0,[],0,,,2.5437
FI-12009,https://icepar.specparts.shop/products/detail?slug=fispa_fi12009-519718,995,,,,,[],0,[],0,[],0,,,2.5084
FI-12011,https://icepar.specparts.shop/products/detail?slug=fispa_fi12011-519719,995,,,,,[],0,[],0,[],0,,,2.5296
FI-12020,https://icepar.specparts.shop/products/detail?slug=fispa_fi12020-519720,995,,,,,[],0,[],0,[],0,,,2.5618
FI-12001,https://icepar.specparts.shop/products/detail?slug=fispa_fi12001-519721,995,,,,,[],0,[],0,[],0,,,2.5279
FI-12002,https://icepar.specparts.shop/products/detail?slug=fispa_fi12002-519722,995,,,,,[],0,[],0,[],0,,,2.6173
FI-12003,https://icepar.specparts.shop/products/detail?slug=fispa_fi12003-519723,995,,,,,[],0,[],0,[],0,,,2.5153
FI-12004,https://icepar.specparts.shop/products/detail?slug=fispa_fi12004-519724,995,,,,,[],0,[],0,[],0,,,10.1764
FI-12005,https://icepar.specparts.shop/products/detail?slug=fispa_fi12005-519725,995,,,,,[],0,[],0,[],0,,,2.5170
FI-12006,https://icepar.specparts.shop/products/detail?slug=fispa_fi12006-519726,995,,,,,[],0,[],0,[],0,,,2.5728
FI-12007,https://icepar.specparts.shop/products/detail?slug=fispa_fi12007-519727,995,,,,,[],0,[],0,[],0,,,2.5361
FI-12008,https://icepar.specparts.shop/products/detail?slug=fispa_fi12008-519728,995,,,,,[],0,[],0,[],0,,,2.5083
FI-MAF001,https://icepar.specparts.shop/products/detail?slug=fispa_fimaf001-173233,995,,,,,[],0,[],0,[],0,,,2.5743
FI-MAF003,https://icepar.specparts.shop/products/detail?slug=fispa_fimaf003-173234,995,,,,,[],0,[],0,[],0,,,2.5325
FI-MAF004,https://icepar.specparts.shop/products/detail?slug=fispa_fimaf004-173235,995,,,,,[],0,[],0,[],0,,,2.5098
FI-MAF007,https://icepar.specparts.shop/products/detail?slug=fispa_fimaf007-173236,995,,,,,[],0,[],0,[],0,,,2.5906
FI-MAF008,https://icepar.specparts.shop/products/detail?slug=fispa_fimaf008-173237,995,,,,,[],0,[],0,[],0,,,2.5421
FI-MAF009,https://icepar.specparts.shop/products/detail?slug=fispa_fimaf009-173238,995,,,,,[],0,[],0,[],0,,,2.5569
FI-MAF010,https://icepar.specparts.shop/products/detail?slug=fispa_fimaf010-173239,996,,,,,[],0,[],0,[],0,,,2.5504
FI-MAF011,https://icepar.specparts.shop/products/detail?slug=fispa_fimaf011-173240,996,,,,,[],0,[],0,[],0,,,2.7999
FI-MAF012,https://icepar.specparts.shop/products/detail?slug=fispa_fimaf012-173241,996,,,,,[],0,[],0,[],0,,,2.6082
FI-MAF013,https://icepar.specparts.shop/products/detail?slug=fispa_fimaf013-173242,996,,,,,[],0,[],0,[],0,,,2.6945
FI-MAF015,https://icepar.specparts.shop/products/detail?slug=fispa_fimaf015-173243,996,,,,,[],0,[],0,[],0,,,2.5680
FI-MAF017,https://icepar.specparts.shop/products/detail?slug=fispa_fimaf017-173244,996,,,,,[],0,[],0,[],0,,,2.5784
FI-MAF019,https://icepar.specparts.shop/products/detail?slug=fispa_fimaf019-173245,996,,,,,[],0,[],0,[],0,,,2.5311
FI-MAF020,https://icepar.specparts.shop/products/detail?slug=fispa_fimaf020-173246,996,,,,,[],0,[],0,[],0,,,2.6101
FI-MAF021,https://icepar.specparts.shop/products/detail?slug=fispa_fimaf021-173247,996,,,,,[],0,[],0,[],0,,,2.6037
FI-MAF022,https://icepar.specparts.shop/products/detail?slug=fispa_fimaf022-173248,996,,,,,[],0,[],0,[],0,,,2.5584
FI-MAF024,https://icepar.specparts.shop/products/detail?slug=fispa_fimaf024-173249,996,,,,,[],0,[],0,[],0,,,2.5146
FI-MAF025,https://icepar.specparts.shop/products/detail?slug=fispa_fimaf025-173250,996,,,,,[],0,[],0,[],0,,,2.5395
FI-MAF026,https://icepar.specparts.shop/products/detail?slug=fispa_fimaf026-173251,996,,,,,[],0,[],0,[],0,,,2.5346
FI-MAF028,https://icepar.specparts.shop/products/detail?slug=fispa_fimaf028-173252,996,,,,,[],0,[],0,[],0,,,2.5341
FI-MAF029,https://icepar.specparts.shop/products/detail?slug=fispa_fimaf029-173253,996,,,,,[],0,[],0,[],0,,,2.5800
FI-MAF030,https://icepar.specparts.shop/products/detail?slug=fispa_fimaf030-173254,996,,,,,[],0,[],0,[],0,,,2.5366
FI-MAF031,https://icepar.specparts.shop/products/detail?slug=fispa_fimaf031-173255,996,,,,,[],0,[],0,[],0,,,2.5376
FI-MAF032,https://icepar.specparts.shop/products/detail?slug=fispa_fimaf032-173256,996,,,,,[],0,[],0,[],0,,,2.4763
FI-MAF033,https://icepar.specparts.shop/products/detail?slug=fispa_fimaf033-173257,996,,,,,[],0,[],0,[],0,,,2.5504
FI-MAF034,https://icepar.specparts.shop/products/detail?slug=fispa_fimaf034-173258,996,,,,,[],0,[],0,[],0,,,2.5638
FI-MAF036,https://icepar.specparts.shop/products/detail?slug=fispa_fimaf036-173259,996,,,,,[],0,[],0,[],0,,,2.5135
FI-MAF038,https://icepar.specparts.shop/products/detail?slug=fispa_fimaf038-173260,996,,,,,[],0,[],0,[],0,,,2.5979
FI-MAF039,https://icepar.specparts.shop/products/detail?slug=fispa_fimaf039-173261,996,,,,,[],0,[],0,[],0,,,2.5645
FI-MAF041,https://icepar.specparts.shop/products/detail?slug=fispa_fimaf041-173262,996,,,,,[],0,[],0,[],0,,,2.7711
FI-MAF042,https://icepar.specparts.shop/products/detail?slug=fispa_fimaf042-173263,997,,,,,[],0,[],0,[],0,,,2.5529
FI-MAF043,https://icepar.specparts.shop/products/detail?slug=fispa_fimaf043-173264,997,,,,,[],0,[],0,[],0,,,2.5208
FI-MAF044,https://icepar.specparts.shop/products/detail?slug=fispa_fimaf044-173265,997,,,,,[],0,[],0,[],0,,,2.5167
FI-MAF045,https://icepar.specparts.shop/products/detail?slug=fispa_fimaf045-173266,997,,,,,[],0,[],0,[],0,,,2.4936
FI-MAF046,https://icepar.specparts.shop/products/detail?slug=fispa_fimaf046-173267,997,,,,,[],0,[],0,[],0,,,2.5111
FI-MAF047,https://icepar.specparts.shop/products/detail?slug=fispa_fimaf047-173268,997,,,,,[],0,[],0,[],0,,,2.5869
FI-MAF048,https://icepar.specparts.shop/products/detail?slug=fispa_fimaf048-173269,997,,,,,[],0,[],0,[],0,,,2.5748
FI-MAF049,https://icepar.specparts.shop/products/detail?slug=fispa_fimaf049-173270,997,,,,,[],0,[],0,[],0,,,2.5547
FI-MAF050,https://icepar.specparts.shop/products/detail?slug=fispa_fimaf050-173271,997,,,,,[],0,[],0,[],0,,,2.5169
FI-MAF051,https://icepar.specparts.shop/products/detail?slug=fispa_fimaf051-173272,997,,,,,[],0,[],0,[],0,,,2.6850
FI-MAF052,https://icepar.specparts.shop/products/detail?slug=fispa_fimaf052-173273,997,,,,,[],0,[],0,[],0,,,2.5017
FI-MAF053,https://icepar.specparts.shop/products/detail?slug=fispa_fimaf053-173274,997,,,,,[],0,[],0,[],0,,,2.5639
FI-MAF054,https://icepar.specparts.shop/products/detail?slug=fispa_fimaf054-173275,997,,,,,[],0,[],0,[],0,,,2.4998
FI-MAF055,https://icepar.specparts.shop/products/detail?slug=fispa_fimaf055-173276,997,,,,,[],0,[],0,[],0,,,2.5340
FI-MAF056,https://icepar.specparts.shop/products/detail?slug=fispa_fimaf056-173277,997,,,,,[],0,[],0,[],0,,,2.5276
FI-MAF057,https://icepar.specparts.shop/products/detail?slug=fispa_fimaf057-173278,997,,,,,[],0,[],0,[],0,,,2.6022
FI-MAF058,https://icepar.specparts.shop/products/detail?slug=fispa_fimaf058-173279,997,,,,,[],0,[],0,[],0,,,2.5617
FI-MAF059,https://icepar.specparts.shop/products/detail?slug=fispa_fimaf059-173280,997,,,,,[],0,[],0,[],0,,,2.6074
FI-MAF002,https://icepar.specparts.shop/products/detail?slug=fispa_fimaf002-173281,997,,,,,[],0,[],0,[],0,,,2.5472
FI-MAF006,https://icepar.specparts.shop/products/detail?slug=fispa_fimaf006-173282,997,,,,,[],0,[],0,[],0,,,2.5538
FI-MAF023,https://icepar.specparts.shop/products/detail?slug=fispa_fimaf023-173285,997,,,,,[],0,[],0,[],0,,,2.5396
FI-MAF005,https://icepar.specparts.shop/products/detail?slug=fispa_fimaf005-173286,997,,,,,[],0,[],0,[],0,,,2.5275
FI-MAF037,https://icepar.specparts.shop/products/detail?slug=fispa_fimaf037-173287,998,,,,,[],0,[],0,[],0,,,2.5089
FI-MAF060,https://icepar.specparts.shop/products/detail?slug=fispa_fimaf060-173288,998,,,,,[],0,[],0,[],0,,,2.5042
FI-MAF061,https://icepar.specparts.shop/products/detail?slug=fispa_fimaf061-173289,998,,,,,[],0,[],0,[],0,,,2.6308
FI-MAF062,https://icepar.specparts.shop/products/detail?slug=fispa_fimaf062-173290,998,,,,,[],0,[],0,[],0,,,2.6011
FI-MAF063,https://icepar.specparts.shop/products/detail?slug=fispa_fimaf063-173291,998,,,,,[],0,[],0,[],0,,,2.5990
FI-MAF064,https://icepar.specparts.shop/products/detail?slug=fispa_fimaf064-173292,998,,,,,[],0,[],0,[],0,,,2.4950
FI-MAF065,https://icepar.specparts.shop/products/detail?slug=fispa_fimaf065-173293,998,,,,,[],0,[],0,[],0,,,2.4976
FI-MAF066,https://icepar.specparts.shop/products/detail?slug=fispa_fimaf066-173294,998,,,,,[],0,[],0,[],0,,,2.6202
FI-MAF067,https://icepar.specparts.shop/products/detail?slug=fispa_fimaf067-173295,998,,,,,[],0,[],0,[],0,,,2.4910
FI-MAF068,https://icepar.specparts.shop/products/detail?slug=fispa_fimaf068-173296,998,,,,,[],0,[],0,[],0,,,2.5251
FI-MAF069,https://icepar.specparts.shop/products/detail?slug=fispa_fimaf069-173297,998,,,,,[],0,[],0,[],0,,,2.5274
FI-MAF070,https://icepar.specparts.shop/products/detail?slug=fispa_fimaf070-173298,998,,,,,[],0,[],0,[],0,,,2.5614
FI-MAF071,https://icepar.specparts.shop/products/detail?slug=fispa_fimaf071-173299,998,,,,,[],0,[],0,[],0,,,2.5613
FI-MAF075,https://icepar.specparts.shop/products/detail?slug=fispa_fimaf075-173300,998,,,,,[],0,[],0,[],0,,,2.4857
FI-MAF018,https://icepar.specparts.shop/products/detail?slug=fispa_fimaf018-416926,998,,,,,[],0,[],0,[],0,,,2.6512
FI-MAF072,https://icepar.specparts.shop/products/detail?slug=fispa_fimaf072-416927,998,,,,,[],0,[],0,[],0,,,2.5535
MAF109,https://icepar.specparts.shop/products/detail?slug=fispa_maf109-1280470,998,,,,,[],0,[],0,[],0,,,6.4255
MAF127,https://icepar.specparts.shop/products/detail?slug=fispa_maf127-1294817,998,,,,,[],0,[],0,[],0,,,2.6832
FI-20022,https://icepar.specparts.shop/products/detail?slug=fispa_fi20022-193912,998,,,,,[],0,[],0,[],0,,,2.5711
FI-21009,https://icepar.specparts.shop/products/detail?slug=fispa_fi21009-193913,998,,,,,[],0,[],0,[],0,,,2.5923
FI-21010,https://icepar.specparts.shop/products/detail?slug=fispa_fi21010-193914,998,,,,,[],0,[],0,[],0,,,2.5803
FI-21016,https://icepar.specparts.shop/products/detail?slug=fispa_fi21016-193917,998,,,,,[],0,[],0,[],0,,,2.5476
FI-21056,https://icepar.specparts.shop/products/detail?slug=fispa_fi21056-193919,998,,,,,[],0,[],0,[],0,,,2.4843
FI-21081,https://icepar.specparts.shop/products/detail?slug=fispa_fi21081-193920,998,,,,,[],0,[],0,[],0,,,2.5938
FI-21082,https://icepar.specparts.shop/products/detail?slug=fispa_fi21082-193921,999,,,,,[],0,[],0,[],0,,,2.5389
FI-21181,https://icepar.specparts.shop/products/detail?slug=fispa_fi21181-193923,999,,,,,[],0,[],0,[],0,,,2.5488
FI-21190,https://icepar.specparts.shop/products/detail?slug=fispa_fi21190-193924,999,,,,,[],0,[],0,[],0,,,2.5341
FI-21206,https://icepar.specparts.shop/products/detail?slug=fispa_fi21206-193925,999,,,,,[],0,[],0,[],0,,,2.5897
FI-21208,https://icepar.specparts.shop/products/detail?slug=fispa_fi21208-193926,999,,,,,[],0,[],0,[],0,,,2.5201
FI-21209,https://icepar.specparts.shop/products/detail?slug=fispa_fi21209-193927,999,,,,,[],0,[],0,[],0,,,2.5226
FI-21218,https://icepar.specparts.shop/products/detail?slug=fispa_fi21218-193928,999,,,,,[],0,[],0,[],0,,,2.4973
FI-21264,https://icepar.specparts.shop/products/detail?slug=fispa_fi21264-193929,999,,,,,[],0,[],0,[],0,,,2.5152
FI-21268,https://icepar.specparts.shop/products/detail?slug=fispa_fi21268-193930,999,,,,,[],0,[],0,[],0,,,2.5570
FI-21272,https://icepar.specparts.shop/products/detail?slug=fispa_fi21272-193931,999,,,,,[],0,[],0,[],0,,,2.6304
FI-21277,https://icepar.specparts.shop/products/detail?slug=fispa_fi21277-193932,999,,,,,[],0,[],0,[],0,,,2.6341
FI-21291,https://icepar.specparts.shop/products/detail?slug=fispa_fi21291-193933,999,,,,,[],0,[],0,[],0,,,2.5253
FI-21298,https://icepar.specparts.shop/products/detail?slug=fispa_fi21298-193934,999,,,,,[],0,[],0,[],0,,,2.8570
FI-21307,https://icepar.specparts.shop/products/detail?slug=fispa_fi21307-193935,999,,,,,[],0,[],0,[],0,,,2.5327
FI-21308,https://icepar.specparts.shop/products/detail?slug=fispa_fi21308-193936,999,,,,,[],0,[],0,[],0,,,2.5111
FI-21309,https://icepar.specparts.shop/products/detail?slug=fispa_fi21309-193937,999,,,,,[],0,[],0,[],0,,,2.7744
FI-21370,https://icepar.specparts.shop/products/detail?slug=fispa_fi21370-193938,999,,,,,[],0,[],0,[],0,,,2.5058
FI-22013,https://icepar.specparts.shop/products/detail?slug=fispa_fi22013-193939,999,,,,,[],0,[],0,[],0,,,2.5898
FI-22014,https://icepar.specparts.shop/products/detail?slug=fispa_fi22014-193940,999,,,,,[],0,[],0,[],0,,,2.6807
FI-22019,https://icepar.specparts.shop/products/detail?slug=fispa_fi22019-193941,999,,,,,[],0,[],0,[],0,,,2.5163
FI-22020,https://icepar.specparts.shop/products/detail?slug=fispa_fi22020-193942,999,,,,,[],0,[],0,[],0,,,2.5265
FI-22057,https://icepar.specparts.shop/products/detail?slug=fispa_fi22057-193944,999,,,,,[],0,[],0,[],0,,,2.6220
FI-22079,https://icepar.specparts.shop/products/detail?slug=fispa_fi22079-193945,999,,,,,[],0,[],0,[],0,,,2.5571
FI-22081,https://icepar.specparts.shop/products/detail?slug=fispa_fi22081-193946,1000,,,,,[],0,[],0,[],0,,,2.5561
FI-22095,https://icepar.specparts.shop/products/detail?slug=fispa_fi22095-193947,1000,,,,,[],0,[],0,[],0,,,2.5773
FI-22101,https://icepar.specparts.shop/products/detail?slug=fispa_fi22101-193948,1000,,,,,[],0,[],0,[],0,,,2.6221
FI-22102,https://icepar.specparts.shop/products/detail?slug=fispa_fi22102-193949,1000,,,,,[],0,[],0,[],0,,,2.5515
FI-22103,https://icepar.specparts.shop/products/detail?slug=fispa_fi22103-193950,1000,,,,,[],0,[],0,[],0,,,2.5955
FI-22107,https://icepar.specparts.shop/products/detail?slug=fispa_fi22107-193952,1000,,,,,[],0,[],0,[],0,,,2.5827
FI-22111,https://icepar.specparts.shop/products/detail?slug=fispa_fi22111-193953,1000,,,,,[],0,[],0,[],0,,,2.6057
FI-22118,https://icepar.specparts.shop/products/detail?slug=fispa_fi22118-193954,1000,,,,,[],0,[],0,[],0,,,2.5528
FI-22159,https://icepar.specparts.shop/products/detail?slug=fispa_fi22159-193955,1000,,,,,[],0,[],0,[],0,,,2.5325
FI-22161,https://icepar.specparts.shop/products/detail?slug=fispa_fi22161-193956,1000,,,,,[],0,[],0,[],0,,,2.5450
FI-22162,https://icepar.specparts.shop/products/detail?slug=fispa_fi22162-193957,1000,,,,,[],0,[],0,[],0,,,2.5100
FI-22181,https://icepar.specparts.shop/products/detail?slug=fispa_fi22181-193958,1000,,,,,[],0,[],0,[],0,,,2.8225
FI-22189,https://icepar.specparts.shop/products/detail?slug=fispa_fi22189-193959,1000,,,,,[],0,[],0,[],0,,,2.5638
FI-22211,https://icepar.specparts.shop/products/detail?slug=fispa_fi22211-193960,1000,,,,,[],0,[],0,[],0,,,2.5901
FI-22213,https://icepar.specparts.shop/products/detail?slug=fispa_fi22213-193961,1000,,,,,[],0,[],0,[],0,,,2.5382
FI-22220,https://icepar.specparts.shop/products/detail?slug=fispa_fi22220-193963,1000,,,,,[],0,[],0,[],0,,,2.5069
FI-22222,https://icepar.specparts.shop/products/detail?slug=fispa_fi22222-193964,1000,,,,,[],0,[],0,[],0,,,2.5533
FI-22223,https://icepar.specparts.shop/products/detail?slug=fispa_fi22223-193965,1000,,,,,[],0,[],0,[],0,,,2.4877
FI-22225,https://icepar.specparts.shop/products/detail?slug=fispa_fi22225-193966,1000,,,,,[],0,[],0,[],0,,,2.5332
FI-22229,https://icepar.specparts.shop/products/detail?slug=fispa_fi22229-193967,1000,,,,,[],0,[],0,[],0,,,2.5828
FI-22232,https://icepar.specparts.shop/products/detail?slug=fispa_fi22232-193968,1000,,,,,[],0,[],0,[],0,,,2.5556
FI-22235,https://icepar.specparts.shop/products/detail?slug=fispa_fi22235-193969,1000,,,,,[],0,[],0,[],0,,,2.8290
FI-22238,https://icepar.specparts.shop/products/detail?slug=fispa_fi22238-193970,1001,,,,,[],0,[],0,[],0,,,2.5488
FI-22244,https://icepar.specparts.shop/products/detail?slug=fispa_fi22244-193971,1001,,,,,[],0,[],0,[],0,,,2.5298
FI-22246,https://icepar.specparts.shop/products/detail?slug=fispa_fi22246-193972,1001,,,,,[],0,[],0,[],0,,,2.5300
FI-22258,https://icepar.specparts.shop/products/detail?slug=fispa_fi22258-193973,1001,,,,,[],0,[],0,[],0,,,2.5854
FI-22268,https://icepar.specparts.shop/products/detail?slug=fispa_fi22268-193974,1001,,,,,[],0,[],0,[],0,,,2.5757
FI-22275,https://icepar.specparts.shop/products/detail?slug=fispa_fi22275-193975,1001,,,,,[],0,[],0,[],0,,,2.5087
FI-22285,https://icepar.specparts.shop/products/detail?slug=fispa_fi22285-193976,1001,,,,,[],0,[],0,[],0,,,2.4869
FI-22356,https://icepar.specparts.shop/products/detail?slug=fispa_fi22356-193977,1001,,,,,[],0,[],0,[],0,,,2.6074
FI-22373,https://icepar.specparts.shop/products/detail?slug=fispa_fi22373-193978,1001,,,,,[],0,[],0,[],0,,,2.5563
FI-22374,https://icepar.specparts.shop/products/detail?slug=fispa_fi22374-193979,1001,,,,,[],0,[],0,[],0,,,2.5415
FI-22379,https://icepar.specparts.shop/products/detail?slug=fispa_fi22379-193980,1001,,,,,[],0,[],0,[],0,,,2.5799
FI-22406,https://icepar.specparts.shop/products/detail?slug=fispa_fi22406-193981,1001,,,,,[],0,[],0,[],0,,,2.5758
FI-22407,https://icepar.specparts.shop/products/detail?slug=fispa_fi22407-193982,1001,,,,,[],0,[],0,[],0,,,2.5880
FI-22427,https://icepar.specparts.shop/products/detail?slug=fispa_fi22427-193983,1001,,,,,[],0,[],0,[],0,,,2.5124
FI-22481,https://icepar.specparts.shop/products/detail?slug=fispa_fi22481-193984,1001,,,,,[],0,[],0,[],0,,,2.5306
FI-22601A,https://icepar.specparts.shop/products/detail?slug=fispa_fi22601a-193985,1001,,,,,[],0,[],0,[],0,,,2.5037
FI-22602A,https://icepar.specparts.shop/products/detail?slug=fispa_fi22602a-193986,1001,,,,,[],0,[],0,[],0,,,2.5924
FI-22603A,https://icepar.specparts.shop/products/detail?slug=fispa_fi22603a-193987,1001,,,,,[],0,[],0,[],0,,,2.5619
FI-22604A,https://icepar.specparts.shop/products/detail?slug=fispa_fi22604a-193988,1001,,,,,[],0,[],0,[],0,,,2.5482
FI-22605A,https://icepar.specparts.shop/products/detail?slug=fispa_fi22605a-193989,1001,,,,,[],0,[],0,[],0,,,2.5311
FI-22606A,https://icepar.specparts.shop/products/detail?slug=fispa_fi22606a-193990,1001,,,,,[],0,[],0,[],0,,,2.6494
FI-22607A,https://icepar.specparts.shop/products/detail?slug=fispa_fi22607a-193991,1001,,,,,[],0,[],0,[],0,,,2.5663
FI-22608A,https://icepar.specparts.shop/products/detail?slug=fispa_fi22608a-193992,1001,,,,,[],0,[],0,[],0,,,2.8162
FI-22609A,https://icepar.specparts.shop/products/detail?slug=fispa_fi22609a-193993,1001,,,,,[],0,[],0,[],0,,,2.5541
FI-22610A,https://icepar.specparts.shop/products/detail?slug=fispa_fi22610a-193994,1002,,,,,[],0,[],0,[],0,,,2.6939
FI-22611A,https://icepar.specparts.shop/products/detail?slug=fispa_fi22611a-193995,1002,,,,,[],0,[],0,[],0,,,2.5733
FI-22612A,https://icepar.specparts.shop/products/detail?slug=fispa_fi22612a-193996,1002,,,,,[],0,[],0,[],0,,,2.5129
FI-22613A,https://icepar.specparts.shop/products/detail?slug=fispa_fi22613a-193997,1002,,,,,[],0,[],0,[],0,,,2.5433
FI-22614A,https://icepar.specparts.shop/products/detail?slug=fispa_fi22614a-193998,1002,,,,,[],0,[],0,[],0,,,2.5428
FI-22615A,https://icepar.specparts.shop/products/detail?slug=fispa_fi22615a-193999,1002,,,,,[],0,[],0,[],0,,,2.9209
FI-22616A,https://icepar.specparts.shop/products/detail?slug=fispa_fi22616a-194000,1002,,,,,[],0,[],0,[],0,,,2.5878
FI-22617A,https://icepar.specparts.shop/products/detail?slug=fispa_fi22617a-194001,1002,,,,,[],0,[],0,[],0,,,2.6160
FI-22618A,https://icepar.specparts.shop/products/detail?slug=fispa_fi22618a-194002,1002,,,,,[],0,[],0,[],0,,,2.6637
FI-22619A,https://icepar.specparts.shop/products/detail?slug=fispa_fi22619a-194003,1002,,,,,[],0,[],0,[],0,,,2.5325
FI-22620A,https://icepar.specparts.shop/products/detail?slug=fispa_fi22620a-194004,1002,,,,,[],0,[],0,[],0,,,2.5236
FI-22621A,https://icepar.specparts.shop/products/detail?slug=fispa_fi22621a-194005,1002,,,,,[],0,[],0,[],0,,,2.5706
FI-22622A,https://icepar.specparts.shop/products/detail?slug=fispa_fi22622a-194006,1002,,,,,[],0,[],0,[],0,,,2.5636
FI-22623A,https://icepar.specparts.shop/products/detail?slug=fispa_fi22623a-194007,1002,,,,,[],0,[],0,[],0,,,2.5015
FI-22624A,https://icepar.specparts.shop/products/detail?slug=fispa_fi22624a-194008,1002,,,,,[],0,[],0,[],0,,,2.5748
FI-22625A,https://icepar.specparts.shop/products/detail?slug=fispa_fi22625a-194009,1002,,,,,[],0,[],0,[],0,,,2.5418
FI-22626A,https://icepar.specparts.shop/products/detail?slug=fispa_fi22626a-194010,1002,,,,,[],0,[],0,[],0,,,2.5933
FI-22627A,https://icepar.specparts.shop/products/detail?slug=fispa_fi22627a-194011,1002,,,,,[],0,[],0,[],0,,,2.5587
FI-22628,https://icepar.specparts.shop/products/detail?slug=fispa_fi22628-194012,1002,,,,,[],0,[],0,[],0,,,2.5410
FI-22628A,https://icepar.specparts.shop/products/detail?slug=fispa_fi22628a-194013,1002,,,,,[],0,[],0,[],0,,,2.5237
FI-22629A,https://icepar.specparts.shop/products/detail?slug=fispa_fi22629a-194014,1002,,,,,[],0,[],0,[],0,,,2.6620
FI-22630A,https://icepar.specparts.shop/products/detail?slug=fispa_fi22630a-194015,1002,,,,,[],0,[],0,[],0,,,2.5113
FI-22631A,https://icepar.specparts.shop/products/detail?slug=fispa_fi22631a-194016,1002,,,,,[],0,[],0,[],0,,,2.6365
FI-22632A,https://icepar.specparts.shop/products/detail?slug=fispa_fi22632a-194017,1002,,,,,[],0,[],0,[],0,,,2.5932
FI-22633A,https://icepar.specparts.shop/products/detail?slug=fispa_fi22633a-194018,1003,,,,,[],0,[],0,[],0,,,2.5418
FI-22634A,https://icepar.specparts.shop/products/detail?slug=fispa_fi22634a-194019,1003,,,,,[],0,[],0,[],0,,,2.5274
FI-22635A,https://icepar.specparts.shop/products/detail?slug=fispa_fi22635a-194020,1003,,,,,[],0,[],0,[],0,,,2.5445
FI-22636A,https://icepar.specparts.shop/products/detail?slug=fispa_fi22636a-194021,1003,,,,,[],0,[],0,[],0,,,2.5598
FI-22637A,https://icepar.specparts.shop/products/detail?slug=fispa_fi22637a-194022,1003,,,,,[],0,[],0,[],0,,,2.6472
FI-22638A,https://icepar.specparts.shop/products/detail?slug=fispa_fi22638a-194023,1003,,,,,[],0,[],0,[],0,,,2.6957
FI-22639A,https://icepar.specparts.shop/products/detail?slug=fispa_fi22639a-194024,1003,,,,,[],0,[],0,[],0,,,2.5651
FI-22640A,https://icepar.specparts.shop/products/detail?slug=fispa_fi22640a-194025,1003,,,,,[],0,[],0,[],0,,,2.5270
FI-22641A,https://icepar.specparts.shop/products/detail?slug=fispa_fi22641a-194026,1003,,,,,[],0,[],0,[],0,,,2.5796
FI-22642A,https://icepar.specparts.shop/products/detail?slug=fispa_fi22642a-194027,1003,,,,,[],0,[],0,[],0,,,2.5273
FI-22643A,https://icepar.specparts.shop/products/detail?slug=fispa_fi22643a-194028,1003,,,,,[],0,[],0,[],0,,,2.4978
FI-22644A,https://icepar.specparts.shop/products/detail?slug=fispa_fi22644a-194029,1003,,,,,[],0,[],0,[],0,,,3.2475
FI-22645A,https://icepar.specparts.shop/products/detail?slug=fispa_fi22645a-194030,1003,,,,,[],0,[],0,[],0,,,2.6099
FI-22646A,https://icepar.specparts.shop/products/detail?slug=fispa_fi22646a-194031,1003,,,,,[],0,[],0,[],0,,,2.7611
FI-22647A,https://icepar.specparts.shop/products/detail?slug=fispa_fi22647a-194032,1003,,,,,[],0,[],0,[],0,,,2.7899
FI-22648A,https://icepar.specparts.shop/products/detail?slug=fispa_fi22648a-194033,1003,,,,,[],0,[],0,[],0,,,2.5364
FI-22649A,https://icepar.specparts.shop/products/detail?slug=fispa_fi22649a-194034,1003,,,,,[],0,[],0,[],0,,,2.5236
FI-22650A,https://icepar.specparts.shop/products/detail?slug=fispa_fi22650a-194035,1003,,,,,[],0,[],0,[],0,,,2.5741
FI-22651A,https://icepar.specparts.shop/products/detail?slug=fispa_fi22651a-194036,1003,,,,,[],0,[],0,[],0,,,2.6033
FI-22652A,https://icepar.specparts.shop/products/detail?slug=fispa_fi22652a-194037,1003,,,,,[],0,[],0,[],0,,,2.4974
FI-22653A,https://icepar.specparts.shop/products/detail?slug=fispa_fi22653a-194038,1003,,,,,[],0,[],0,[],0,,,2.6066
FI-22654A,https://icepar.specparts.shop/products/detail?slug=fispa_fi22654a-194039,1003,,,,,[],0,[],0,[],0,,,2.6389
FI-22655A,https://icepar.specparts.shop/products/detail?slug=fispa_fi22655a-194040,1003,,,,,[],0,[],0,[],0,,,2.6046
FI-22656A,https://icepar.specparts.shop/products/detail?slug=fispa_fi22656a-194041,1003,,,,,[],0,[],0,[],0,,,2.5964
FI-22657A,https://icepar.specparts.shop/products/detail?slug=fispa_fi22657a-194042,1004,,,,,[],0,[],0,[],0,,,2.5509
FI-22658A,https://icepar.specparts.shop/products/detail?slug=fispa_fi22658a-194043,1004,,,,,[],0,[],0,[],0,,,2.4817
FI-22659A,https://icepar.specparts.shop/products/detail?slug=fispa_fi22659a-194044,1004,,,,,[],0,[],0,[],0,,,2.4822
FI-22660A,https://icepar.specparts.shop/products/detail?slug=fispa_fi22660a-194045,1004,,,,,[],0,[],0,[],0,,,2.5483
FI-22661A,https://icepar.specparts.shop/products/detail?slug=fispa_fi22661a-194046,1004,,,,,[],0,[],0,[],0,,,2.5854
FI-22662A,https://icepar.specparts.shop/products/detail?slug=fispa_fi22662a-194047,1004,,,,,[],0,[],0,[],0,,,2.5287
FI-22663A,https://icepar.specparts.shop/products/detail?slug=fispa_fi22663a-194048,1004,,,,,[],0,[],0,[],0,,,2.5635
FI-22664A,https://icepar.specparts.shop/products/detail?slug=fispa_fi22664a-194049,1004,,,,,[],0,[],0,[],0,,,2.5599
FI-22665A,https://icepar.specparts.shop/products/detail?slug=fispa_fi22665a-194050,1004,,,,,[],0,[],0,[],0,,,2.4897
FI-22666A,https://icepar.specparts.shop/products/detail?slug=fispa_fi22666a-194051,1004,,,,,[],0,[],0,[],0,,,2.5734
FI-22667A,https://icepar.specparts.shop/products/detail?slug=fispa_fi22667a-194052,1004,,,,,[],0,[],0,[],0,,,2.5326
FI-22668A,https://icepar.specparts.shop/products/detail?slug=fispa_fi22668a-194053,1004,,,,,[],0,[],0,[],0,,,2.5278
FI-22669A,https://icepar.specparts.shop/products/detail?slug=fispa_fi22669a-194054,1004,,,,,[],0,[],0,[],0,,,2.5835
FI-22670A,https://icepar.specparts.shop/products/detail?slug=fispa_fi22670a-194055,1004,,,,,[],0,[],0,[],0,,,2.5457
FI-22671A,https://icepar.specparts.shop/products/detail?slug=fispa_fi22671a-194056,1004,,,,,[],0,[],0,[],0,,,2.5627
FI-22672A,https://icepar.specparts.shop/products/detail?slug=fispa_fi22672a-194057,1004,,,,,[],0,[],0,[],0,,,2.5083
FI-22673A,https://icepar.specparts.shop/products/detail?slug=fispa_fi22673a-194058,1004,,,,,[],0,[],0,[],0,,,2.5665
FI-22674A,https://icepar.specparts.shop/products/detail?slug=fispa_fi22674a-194059,1004,,,,,[],0,[],0,[],0,,,2.5666
FI-22675A,https://icepar.specparts.shop/products/detail?slug=fispa_fi22675a-194060,1004,,,,,[],0,[],0,[],0,,,2.5398
FI-22676A,https://icepar.specparts.shop/products/detail?slug=fispa_fi22676a-194061,1004,,,,,[],0,[],0,[],0,,,2.4956
FI-22677A,https://icepar.specparts.shop/products/detail?slug=fispa_fi22677a-194062,1004,,,,,[],0,[],0,[],0,,,2.5280
FI-22678A,https://icepar.specparts.shop/products/detail?slug=fispa_fi22678a-194063,1004,,,,,[],0,[],0,[],0,,,2.5402
FI-22679A,https://icepar.specparts.shop/products/detail?slug=fispa_fi22679a-194064,1004,,,,,[],0,[],0,[],0,,,2.5110
FI-22680A,https://icepar.specparts.shop/products/detail?slug=fispa_fi22680a-194065,1004,,,,,[],0,[],0,[],0,,,2.5855
FI-22681A,https://icepar.specparts.shop/products/detail?slug=fispa_fi22681a-194066,1005,,,,,[],0,[],0,[],0,,,2.6255
FI-22682A,https://icepar.specparts.shop/products/detail?slug=fispa_fi22682a-194067,1005,,,,,[],0,[],0,[],0,,,2.5829
FI-22683A,https://icepar.specparts.shop/products/detail?slug=fispa_fi22683a-194068,1005,,,,,[],0,[],0,[],0,,,2.5556
FI-22684A,https://icepar.specparts.shop/products/detail?slug=fispa_fi22684a-194069,1005,,,,,[],0,[],0,[],0,,,2.5437
FI-22685A,https://icepar.specparts.shop/products/detail?slug=fispa_fi22685a-194070,1005,,,,,[],0,[],0,[],0,,,2.5685
FI-22686A,https://icepar.specparts.shop/products/detail?slug=fispa_fi22686a-194071,1005,,,,,[],0,[],0,[],0,,,2.6103
FI-22687A,https://icepar.specparts.shop/products/detail?slug=fispa_fi22687a-194072,1005,,,,,[],0,[],0,[],0,,,2.7808
FI-22688A,https://icepar.specparts.shop/products/detail?slug=fispa_fi22688a-194073,1005,,,,,[],0,[],0,[],0,,,2.5716
FI-22689A,https://icepar.specparts.shop/products/detail?slug=fispa_fi22689a-194074,1005,,,,,[],0,[],0,[],0,,,2.5053
FI-22690A,https://icepar.specparts.shop/products/detail?slug=fispa_fi22690a-194075,1005,,,,,[],0,[],0,[],0,,,2.6201
FI-22691A,https://icepar.specparts.shop/products/detail?slug=fispa_fi22691a-194076,1005,,,,,[],0,[],0,[],0,,,2.6274
FI-22692A,https://icepar.specparts.shop/products/detail?slug=fispa_fi22692a-194077,1005,,,,,[],0,[],0,[],0,,,2.5264
FI-22693A,https://icepar.specparts.shop/products/detail?slug=fispa_fi22693a-194078,1005,,,,,[],0,[],0,[],0,,,2.5539
FI-22694A,https://icepar.specparts.shop/products/detail?slug=fispa_fi22694a-194079,1005,,,,,[],0,[],0,[],0,,,2.5620
FI-22695A,https://icepar.specparts.shop/products/detail?slug=fispa_fi22695a-194080,1005,,,,,[],0,[],0,[],0,,,2.5134
FI-22696A,https://icepar.specparts.shop/products/detail?slug=fispa_fi22696a-194081,1005,,,,,[],0,[],0,[],0,,,2.5452
FI-22697A,https://icepar.specparts.shop/products/detail?slug=fispa_fi22697a-194082,1005,,,,,[],0,[],0,[],0,,,2.5611
FI-22698A,https://icepar.specparts.shop/products/detail?slug=fispa_fi22698a-194083,1005,,,,,[],0,[],0,[],0,,,2.5231
FI-22699A,https://icepar.specparts.shop/products/detail?slug=fispa_fi22699a-194084,1005,,,,,[],0,[],0,[],0,,,2.5245
FI-22700A,https://icepar.specparts.shop/products/detail?slug=fispa_fi22700a-194085,1005,,,,,[],0,[],0,[],0,,,2.5552
FI-22701A,https://icepar.specparts.shop/products/detail?slug=fispa_fi22701a-194086,1005,,,,,[],0,[],0,[],0,,,2.5980
FI-22702A,https://icepar.specparts.shop/products/detail?slug=fispa_fi22702a-194087,1005,,,,,[],0,[],0,[],0,,,2.5441
FI-22703A,https://icepar.specparts.shop/products/detail?slug=fispa_fi22703a-194088,1005,,,,,[],0,[],0,[],0,,,2.5437
FI-22704A,https://icepar.specparts.shop/products/detail?slug=fispa_fi22704a-194089,1005,,,,,[],0,[],0,[],0,,,2.5514
FI-22705A,https://icepar.specparts.shop/products/detail?slug=fispa_fi22705a-194090,1006,,,,,[],0,[],0,[],0,,,2.6130
FI-22706A,https://icepar.specparts.shop/products/detail?slug=fispa_fi22706a-194091,1006,,,,,[],0,[],0,[],0,,,2.5640
FI-22707A,https://icepar.specparts.shop/products/detail?slug=fispa_fi22707a-194092,1006,,,,,[],0,[],0,[],0,,,2.5505
FI-22708A,https://icepar.specparts.shop/products/detail?slug=fispa_fi22708a-194093,1006,,,,,[],0,[],0,[],0,,,2.5938
FI-22709,https://icepar.specparts.shop/products/detail?slug=fispa_fi22709-194094,1006,,,,,[],0,[],0,[],0,,,2.5903
FI-22709A,https://icepar.specparts.shop/products/detail?slug=fispa_fi22709a-194095,1006,,,,,[],0,[],0,[],0,,,2.5632
FI-22710A,https://icepar.specparts.shop/products/detail?slug=fispa_fi22710a-194096,1006,,,,,[],0,[],0,[],0,,,2.5813
FI-22711A,https://icepar.specparts.shop/products/detail?slug=fispa_fi22711a-194097,1006,,,,,[],0,[],0,[],0,,,2.6171
FI-22712A,https://icepar.specparts.shop/products/detail?slug=fispa_fi22712a-194098,1006,,,,,[],0,[],0,[],0,,,2.5821
FI-22713A,https://icepar.specparts.shop/products/detail?slug=fispa_fi22713a-194099,1006,,,,,[],0,[],0,[],0,,,2.6383
FI-22714A,https://icepar.specparts.shop/products/detail?slug=fispa_fi22714a-194100,1006,,,,,[],0,[],0,[],0,,,2.5784
FI-22715A,https://icepar.specparts.shop/products/detail?slug=fispa_fi22715a-194101,1006,,,,,[],0,[],0,[],0,,,2.5175
FI-22716A,https://icepar.specparts.shop/products/detail?slug=fispa_fi22716a-194102,1006,,,,,[],0,[],0,[],0,,,2.5852
FI-22717A,https://icepar.specparts.shop/products/detail?slug=fispa_fi22717a-194103,1006,,,,,[],0,[],0,[],0,,,2.5242
FI-22718A,https://icepar.specparts.shop/products/detail?slug=fispa_fi22718a-194104,1006,,,,,[],0,[],0,[],0,,,2.5309
FI-22719A,https://icepar.specparts.shop/products/detail?slug=fispa_fi22719a-194105,1006,,,,,[],0,[],0,[],0,,,2.6122
FI-22720A,https://icepar.specparts.shop/products/detail?slug=fispa_fi22720a-194106,1006,,,,,[],0,[],0,[],0,,,2.5351
FI-22721A,https://icepar.specparts.shop/products/detail?slug=fispa_fi22721a-194107,1006,,,,,[],0,[],0,[],0,,,2.5522
FI-22722A,https://icepar.specparts.shop/products/detail?slug=fispa_fi22722a-194108,1006,,,,,[],0,[],0,[],0,,,2.5621
FI-22723A,https://icepar.specparts.shop/products/detail?slug=fispa_fi22723a-194109,1006,,,,,[],0,[],0,[],0,,,2.5388
FI-22724A,https://icepar.specparts.shop/products/detail?slug=fispa_fi22724a-194110,1006,,,,,[],0,[],0,[],0,,,2.6751
FI-22725A,https://icepar.specparts.shop/products/detail?slug=fispa_fi22725a-194111,1006,,,,,[],0,[],0,[],0,,,2.5331
FI-22726A,https://icepar.specparts.shop/products/detail?slug=fispa_fi22726a-194112,1006,,,,,[],0,[],0,[],0,,,2.5199
FI-22727,https://icepar.specparts.shop/products/detail?slug=fispa_fi22727-194113,1006,,,,,[],0,[],0,[],0,,,2.5986
FI-22727A,https://icepar.specparts.shop/products/detail?slug=fispa_fi22727a-194114,1007,,,,,[],0,[],0,[],0,,,2.6169
FI-22728A,https://icepar.specparts.shop/products/detail?slug=fispa_fi22728a-194115,1007,,,,,[],0,[],0,[],0,,,2.4828
FI-22729A,https://icepar.specparts.shop/products/detail?slug=fispa_fi22729a-194116,1007,,,,,[],0,[],0,[],0,,,2.5476
FI-22730A,https://icepar.specparts.shop/products/detail?slug=fispa_fi22730a-194117,1007,,,,,[],0,[],0,[],0,,,2.5207
FI-22731A,https://icepar.specparts.shop/products/detail?slug=fispa_fi22731a-194118,1007,,,,,[],0,[],0,[],0,,,2.5808
FI-22732A,https://icepar.specparts.shop/products/detail?slug=fispa_fi22732a-194119,1007,,,,,[],0,[],0,[],0,,,2.6653
FI-22733A,https://icepar.specparts.shop/products/detail?slug=fispa_fi22733a-194120,1007,,,,,[],0,[],0,[],0,,,2.5198
FI-22734A,https://icepar.specparts.shop/products/detail?slug=fispa_fi22734a-194121,1007,,,,,[],0,[],0,[],0,,,2.6779
FI-22735A,https://icepar.specparts.shop/products/detail?slug=fispa_fi22735a-194122,1007,,,,,[],0,[],0,[],0,,,2.5575
FI-22736A,https://icepar.specparts.shop/products/detail?slug=fispa_fi22736a-194123,1007,,,,,[],0,[],0,[],0,,,2.5399
FI-22737A,https://icepar.specparts.shop/products/detail?slug=fispa_fi22737a-194124,1007,,,,,[],0,[],0,[],0,,,2.5619
FI-22738A,https://icepar.specparts.shop/products/detail?slug=fispa_fi22738a-194125,1007,,,,,[],0,[],0,[],0,,,2.5408
FI-22739A,https://icepar.specparts.shop/products/detail?slug=fispa_fi22739a-194126,1007,,,,,[],0,[],0,[],0,,,2.5201
FI-22740A,https://icepar.specparts.shop/products/detail?slug=fispa_fi22740a-194127,1007,,,,,[],0,[],0,[],0,,,2.5775
FI-22741A,https://icepar.specparts.shop/products/detail?slug=fispa_fi22741a-194128,1007,,,,,[],0,[],0,[],0,,,2.6229
FI-22742A,https://icepar.specparts.shop/products/detail?slug=fispa_fi22742a-194129,1007,,,,,[],0,[],0,[],0,,,2.5121
FI-22743A,https://icepar.specparts.shop/products/detail?slug=fispa_fi22743a-194130,1007,,,,,[],0,[],0,[],0,,,2.5108
FI-22744A,https://icepar.specparts.shop/products/detail?slug=fispa_fi22744a-194131,1007,,,,,[],0,[],0,[],0,,,2.5217
FI-22745A,https://icepar.specparts.shop/products/detail?slug=fispa_fi22745a-194132,1007,,,,,[],0,[],0,[],0,,,2.4873
FI-22746A,https://icepar.specparts.shop/products/detail?slug=fispa_fi22746a-194133,1007,,,,,[],0,[],0,[],0,,,2.5250
FI-22747A,https://icepar.specparts.shop/products/detail?slug=fispa_fi22747a-194134,1007,,,,,[],0,[],0,[],0,,,2.4531
FI-22748A,https://icepar.specparts.shop/products/detail?slug=fispa_fi22748a-194135,1007,,,,,[],0,[],0,[],0,,,2.5703
FI-22749A,https://icepar.specparts.shop/products/detail?slug=fispa_fi22749a-194136,1007,,,,,[],0,[],0,[],0,,,2.5796
FI-22800A,https://icepar.specparts.shop/products/detail?slug=fispa_fi22800a-194137,1007,,,,,[],0,[],0,[],0,,,3.7789
FI-22801A,https://icepar.specparts.shop/products/detail?slug=fispa_fi22801a-194138,1008,,,,,[],0,[],0,[],0,,,2.6716
FI-22802A,https://icepar.specparts.shop/products/detail?slug=fispa_fi22802a-194139,1008,,,,,[],0,[],0,[],0,,,2.4726
FI-22803A,https://icepar.specparts.shop/products/detail?slug=fispa_fi22803a-194140,1008,,,,,[],0,[],0,[],0,,,2.5035
FI-22804A,https://icepar.specparts.shop/products/detail?slug=fispa_fi22804a-194141,1008,,,,,[],0,[],0,[],0,,,2.5665
FI-22805A,https://icepar.specparts.shop/products/detail?slug=fispa_fi22805a-194142,1008,,,,,[],0,[],0,[],0,,,2.5999
FI-22806A,https://icepar.specparts.shop/products/detail?slug=fispa_fi22806a-194143,1008,,,,,[],0,[],0,[],0,,,2.5467
FI-22807A,https://icepar.specparts.shop/products/detail?slug=fispa_fi22807a-194144,1008,,,,,[],0,[],0,[],0,,,2.9389
FI-22808A,https://icepar.specparts.shop/products/detail?slug=fispa_fi22808a-194145,1008,,,,,[],0,[],0,[],0,,,2.5220
FI-22809A,https://icepar.specparts.shop/products/detail?slug=fispa_fi22809a-194146,1008,,,,,[],0,[],0,[],0,,,2.5789
FI-22810A,https://icepar.specparts.shop/products/detail?slug=fispa_fi22810a-194147,1008,,,,,[],0,[],0,[],0,,,2.5443
FI-22811A,https://icepar.specparts.shop/products/detail?slug=fispa_fi22811a-194148,1008,,,,,[],0,[],0,[],0,,,2.5674
FI-22812A,https://icepar.specparts.shop/products/detail?slug=fispa_fi22812a-194149,1008,,,,,[],0,[],0,[],0,,,2.5218
FI-22813A,https://icepar.specparts.shop/products/detail?slug=fispa_fi22813a-194150,1008,,,,,[],0,[],0,[],0,,,2.5539
FI-22814A,https://icepar.specparts.shop/products/detail?slug=fispa_fi22814a-194151,1008,,,,,[],0,[],0,[],0,,,2.5914
FI-22815A,https://icepar.specparts.shop/products/detail?slug=fispa_fi22815a-194152,1008,,,,,[],0,[],0,[],0,,,2.6002
FI-22816A,https://icepar.specparts.shop/products/detail?slug=fispa_fi22816a-194153,1008,,,,,[],0,[],0,[],0,,,2.5368
FI-22817A,https://icepar.specparts.shop/products/detail?slug=fispa_fi22817a-194154,1008,,,,,[],0,[],0,[],0,,,2.5696
FI-22818A,https://icepar.specparts.shop/products/detail?slug=fispa_fi22818a-194155,1008,,,,,[],0,[],0,[],0,,,2.5670
FI-22819A,https://icepar.specparts.shop/products/detail?slug=fispa_fi22819a-194156,1008,,,,,[],0,[],0,[],0,,,2.6070
FI-22820A,https://icepar.specparts.shop/products/detail?slug=fispa_fi22820a-194157,1008,,,,,[],0,[],0,[],0,,,2.5226
FI-22821A,https://icepar.specparts.shop/products/detail?slug=fispa_fi22821a-194158,1008,,,,,[],0,[],0,[],0,,,2.5642
FI-22822A,https://icepar.specparts.shop/products/detail?slug=fispa_fi22822a-194159,1008,,,,,[],0,[],0,[],0,,,2.8236
FI-23100,https://icepar.specparts.shop/products/detail?slug=fispa_fi23100-194160,1008,,,,,[],0,[],0,[],0,,,2.5080
FI-23101,https://icepar.specparts.shop/products/detail?slug=fispa_fi23101-194161,1008,,,,,[],0,[],0,[],0,,,2.5179
FI-23102,https://icepar.specparts.shop/products/detail?slug=fispa_fi23102-194162,1009,,,,,[],0,[],0,[],0,,,2.5505
FI-23103,https://icepar.specparts.shop/products/detail?slug=fispa_fi23103-194163,1009,,,,,[],0,[],0,[],0,,,2.5792
FI-23104,https://icepar.specparts.shop/products/detail?slug=fispa_fi23104-194164,1009,,,,,[],0,[],0,[],0,,,2.5512
FI-23105,https://icepar.specparts.shop/products/detail?slug=fispa_fi23105-194165,1009,,,,,[],0,[],0,[],0,,,2.5612
FI-23107,https://icepar.specparts.shop/products/detail?slug=fispa_fi23107-194167,1009,,,,,[],0,[],0,[],0,,,2.5595
FI-23108,https://icepar.specparts.shop/products/detail?slug=fispa_fi23108-194168,1009,,,,,[],0,[],0,[],0,,,2.4850
FI-23109,https://icepar.specparts.shop/products/detail?slug=fispa_fi23109-194169,1009,,,,,[],0,[],0,[],0,,,2.7224
FI-23110,https://icepar.specparts.shop/products/detail?slug=fispa_fi23110-194170,1009,,,,,[],0,[],0,[],0,,,2.5559
FI-23113,https://icepar.specparts.shop/products/detail?slug=fispa_fi23113-194173,1009,,,,,[],0,[],0,[],0,,,2.5534
FI-23114,https://icepar.specparts.shop/products/detail?slug=fispa_fi23114-194174,1009,,,,,[],0,[],0,[],0,,,2.5641
FI-23116,https://icepar.specparts.shop/products/detail?slug=fispa_fi23116-194176,1009,,,,,[],0,[],0,[],0,,,2.5404
FI-23117,https://icepar.specparts.shop/products/detail?slug=fispa_fi23117-194177,1009,,,,,[],0,[],0,[],0,,,2.6317
FI-23118,https://icepar.specparts.shop/products/detail?slug=fispa_fi23118-194178,1009,,,,,[],0,[],0,[],0,,,2.5446
FI-23119,https://icepar.specparts.shop/products/detail?slug=fispa_fi23119-194179,1009,,,,,[],0,[],0,[],0,,,2.5607
FI-23120,https://icepar.specparts.shop/products/detail?slug=fispa_fi23120-194180,1009,,,,,[],0,[],0,[],0,,,2.7122
FI-23121,https://icepar.specparts.shop/products/detail?slug=fispa_fi23121-194181,1009,,,,,[],0,[],0,[],0,,,2.5276
FI-23122,https://icepar.specparts.shop/products/detail?slug=fispa_fi23122-194182,1009,,,,,[],0,[],0,[],0,,,2.5062
FI-23123,https://icepar.specparts.shop/products/detail?slug=fispa_fi23123-194183,1009,,,,,[],0,[],0,[],0,,,2.5941
FI-23124,https://icepar.specparts.shop/products/detail?slug=fispa_fi23124-194184,1009,,,,,[],0,[],0,[],0,,,2.5551
FI-23125,https://icepar.specparts.shop/products/detail?slug=fispa_fi23125-194185,1009,,,,,[],0,[],0,[],0,,,2.5890
FI-23126,https://icepar.specparts.shop/products/detail?slug=fispa_fi23126-194186,1010,,,,,[],0,[],0,[],0,,,2.5371
FI-23127,https://icepar.specparts.shop/products/detail?slug=fispa_fi23127-194187,1010,,,,,[],0,[],0,[],0,,,2.4878
FI-23128,https://icepar.specparts.shop/products/detail?slug=fispa_fi23128-194188,1010,,,,,[],0,[],0,[],0,,,2.5641
FI-23130,https://icepar.specparts.shop/products/detail?slug=fispa_fi23130-194190,1010,,,,,[],0,[],0,[],0,,,2.6832
FI-23132,https://icepar.specparts.shop/products/detail?slug=fispa_fi23132-194192,1010,,,,,[],0,[],0,[],0,,,2.6176
FI-23133,https://icepar.specparts.shop/products/detail?slug=fispa_fi23133-194193,1010,,,,,[],0,[],0,[],0,,,2.5594
FI-23134,https://icepar.specparts.shop/products/detail?slug=fispa_fi23134-194194,1010,,,,,[],0,[],0,[],0,,,2.6160
FI-23135,https://icepar.specparts.shop/products/detail?slug=fispa_fi23135-194195,1010,,,,,[],0,[],0,[],0,,,2.5607
FI-23136,https://icepar.specparts.shop/products/detail?slug=fispa_fi23136-194196,1010,,,,,[],0,[],0,[],0,,,2.5769
FI-23137,https://icepar.specparts.shop/products/detail?slug=fispa_fi23137-194197,1010,,,,,[],0,[],0,[],0,,,2.6469
FI-23138,https://icepar.specparts.shop/products/detail?slug=fispa_fi23138-194198,1010,,,,,[],0,[],0,[],0,,,2.5884
FI-23139,https://icepar.specparts.shop/products/detail?slug=fispa_fi23139-194199,1010,,,,,[],0,[],0,[],0,,,2.6376
FI-23140,https://icepar.specparts.shop/products/detail?slug=fispa_fi23140-194200,1010,,,,,[],0,[],0,[],0,,,2.6289
FI-23141,https://icepar.specparts.shop/products/detail?slug=fispa_fi23141-194201,1010,,,,,[],0,[],0,[],0,,,2.6134
FI-19032,https://icepar.specparts.shop/products/detail?slug=fispa_fi19032-194202,1010,,,,,[],0,[],0,[],0,,,2.5653
23196,https://icepar.specparts.shop/products/detail?slug=fispa_23196-1319180,1010,,,,,[],0,[],0,[],0,,,2.6541
FI-80004,https://icepar.specparts.shop/products/detail?slug=fispa_fi80004-160142,1010,,,,,[],0,[],0,[],0,,,2.6889
FI-80005,https://icepar.specparts.shop/products/detail?slug=fispa_fi80005-160143,1010,,,,,[],0,[],0,[],0,,,2.5783
FI-80006,https://icepar.specparts.shop/products/detail?slug=fispa_fi80006-160144,1010,,,,,[],0,[],0,[],0,,,2.5639
FI-80007,https://icepar.specparts.shop/products/detail?slug=fispa_fi80007-160145,1011,,,,,[],0,[],0,[],0,,,2.6673
FI-80008,https://icepar.specparts.shop/products/detail?slug=fispa_fi80008-160146,1011,,,,,[],0,[],0,[],0,,,2.6600
FI-80009,https://icepar.specparts.shop/products/detail?slug=fispa_fi80009-160147,1011,,,,,[],0,[],0,[],0,,,2.5901
FI-80010,https://icepar.specparts.shop/products/detail?slug=fispa_fi80010-160148,1011,,,,,[],0,[],0,[],0,,,2.5172
FI-80011,https://icepar.specparts.shop/products/detail?slug=fispa_fi80011-160149,1011,,,,,[],0,[],0,[],0,,,2.5546
FI-80013,https://icepar.specparts.shop/products/detail?slug=fispa_fi80013-160151,1011,,,,,[],0,[],0,[],0,,,2.6051
FI-80014,https://icepar.specparts.shop/products/detail?slug=fispa_fi80014-160152,1011,,,,,[],0,[],0,[],0,,,2.5705
FI-80015,https://icepar.specparts.shop/products/detail?slug=fispa_fi80015-160153,1011,,,,,[],0,[],0,[],0,,,2.6019
FI-80017,https://icepar.specparts.shop/products/detail?slug=fispa_fi80017-160155,1011,,,,,[],0,[],0,[],0,,,2.5347
FI-80018,https://icepar.specparts.shop/products/detail?slug=fispa_fi80018-160156,1011,,,,,[],0,[],0,[],0,,,2.5635
FI-80019,https://icepar.specparts.shop/products/detail?slug=fispa_fi80019-160157,1011,,,,,[],0,[],0,[],0,,,2.5255
FI-80020,https://icepar.specparts.shop/products/detail?slug=fispa_fi80020-160158,1011,,,,,[],0,[],0,[],0,,,2.6457
FI-80021,https://icepar.specparts.shop/products/detail?slug=fispa_fi80021-160159,1011,,,,,[],0,[],0,[],0,,,2.5468
FI-80022,https://icepar.specparts.shop/products/detail?slug=fispa_fi80022-160160,1011,,,,,[],0,[],0,[],0,,,2.5544
FI-80023,https://icepar.specparts.shop/products/detail?slug=fispa_fi80023-160161,1011,,,,,[],0,[],0,[],0,,,2.6840
FI-80024,https://icepar.specparts.shop/products/detail?slug=fispa_fi80024-160162,1011,,,,,[],0,[],0,[],0,,,2.5236
FI-80025,https://icepar.specparts.shop/products/detail?slug=fispa_fi80025-160163,1011,,,,,[],0,[],0,[],0,,,2.5685
FI-80026,https://icepar.specparts.shop/products/detail?slug=fispa_fi80026-160164,1011,,,,,[],0,[],0,[],0,,,2.5160
FI-80028,https://icepar.specparts.shop/products/detail?slug=fispa_fi80028-160166,1011,,,,,[],0,[],0,[],0,,,2.5953
FI-80029,https://icepar.specparts.shop/products/detail?slug=fispa_fi80029-160167,1011,,,,,[],0,[],0,[],0,,,2.5896
FI-80030,https://icepar.specparts.shop/products/detail?slug=fispa_fi80030-160168,1011,,,,,[],0,[],0,[],0,,,2.5370
FI-80031,https://icepar.specparts.shop/products/detail?slug=fispa_fi80031-160169,1012,,,,,[],0,[],0,[],0,,,2.6196
FI-80032,https://icepar.specparts.shop/products/detail?slug=fispa_fi80032-160170,1012,,,,,[],0,[],0,[],0,,,2.5861
FI-80033,https://icepar.specparts.shop/products/detail?slug=fispa_fi80033-160171,1012,,,,,[],0,[],0,[],0,,,2.5312
FI-80034,https://icepar.specparts.shop/products/detail?slug=fispa_fi80034-160172,1012,,,,,[],0,[],0,[],0,,,2.5556
FI-80035,https://icepar.specparts.shop/products/detail?slug=fispa_fi80035-160173,1012,,,,,[],0,[],0,[],0,,,2.5643
FI-80036,https://icepar.specparts.shop/products/detail?slug=fispa_fi80036-160174,1012,,,,,[],0,[],0,[],0,,,2.6208
FI-80037,https://icepar.specparts.shop/products/detail?slug=fispa_fi80037-160175,1012,,,,,[],0,[],0,[],0,,,2.5786
FI-80038,https://icepar.specparts.shop/products/detail?slug=fispa_fi80038-160176,1012,,,,,[],0,[],0,[],0,,,2.7200
FI-80039,https://icepar.specparts.shop/products/detail?slug=fispa_fi80039-160177,1012,,,,,[],0,[],0,[],0,,,2.5554
FI-80040,https://icepar.specparts.shop/products/detail?slug=fispa_fi80040-160178,1012,,,,,[],0,[],0,[],0,,,2.5596
FI-80041,https://icepar.specparts.shop/products/detail?slug=fispa_fi80041-160179,1012,,,,,[],0,[],0,[],0,,,2.6295
FI-80042,https://icepar.specparts.shop/products/detail?slug=fispa_fi80042-160180,1012,,,,,[],0,[],0,[],0,,,2.6151
FI-80043,https://icepar.specparts.shop/products/detail?slug=fispa_fi80043-160181,1012,,,,,[],0,[],0,[],0,,,2.5609
FI-80044,https://icepar.specparts.shop/products/detail?slug=fispa_fi80044-160182,1012,,,,,[],0,[],0,[],0,,,2.5144
FI-80045,https://icepar.specparts.shop/products/detail?slug=fispa_fi80045-160183,1012,,,,,[],0,[],0,[],0,,,2.5241
FI-80046,https://icepar.specparts.shop/products/detail?slug=fispa_fi80046-160184,1012,,,,,[],0,[],0,[],0,,,2.5074
FI-80047,https://icepar.specparts.shop/products/detail?slug=fispa_fi80047-160185,1012,,,,,[],0,[],0,[],0,,,2.5737
FI-80048,https://icepar.specparts.shop/products/detail?slug=fispa_fi80048-160186,1012,,,,,[],0,[],0,[],0,,,2.6020
FI-80049,https://icepar.specparts.shop/products/detail?slug=fispa_fi80049-160187,1012,,,,,[],0,[],0,[],0,,,2.5118
FI-80050,https://icepar.specparts.shop/products/detail?slug=fispa_fi80050-160188,1012,,,,,[],0,[],0,[],0,,,2.5372
FI-80053,https://icepar.specparts.shop/products/detail?slug=fispa_fi80053-160191,1012,,,,,[],0,[],0,[],0,,,2.4902
FI-80055,https://icepar.specparts.shop/products/detail?slug=fispa_fi80055-160193,1013,,,,,[],0,[],0,[],0,,,2.5805
FI-80056,https://icepar.specparts.shop/products/detail?slug=fispa_fi80056-160194,1013,,,,,[],0,[],0,[],0,,,2.5409
FI-80057,https://icepar.specparts.shop/products/detail?slug=fispa_fi80057-160195,1013,,,,,[],0,[],0,[],0,,,2.5486
FI-80058,https://icepar.specparts.shop/products/detail?slug=fispa_fi80058-160196,1013,,,,,[],0,[],0,[],0,,,2.6291
FI-80059,https://icepar.specparts.shop/products/detail?slug=fispa_fi80059-160197,1013,,,,,[],0,[],0,[],0,,,2.5533
FI-80060,https://icepar.specparts.shop/products/detail?slug=fispa_fi80060-160198,1013,,,,,[],0,[],0,[],0,,,2.6059
FI-80061,https://icepar.specparts.shop/products/detail?slug=fispa_fi80061-160199,1013,,,,,[],0,[],0,[],0,,,2.5976
FI-80064,https://icepar.specparts.shop/products/detail?slug=fispa_fi80064-160202,1013,,,,,[],0,[],0,[],0,,,2.5793
FI-80065,https://icepar.specparts.shop/products/detail?slug=fispa_fi80065-160203,1013,,,,,[],0,[],0,[],0,,,2.6147
FI-80066,https://icepar.specparts.shop/products/detail?slug=fispa_fi80066-160204,1013,,,,,[],0,[],0,[],0,,,2.6474
FI-80067,https://icepar.specparts.shop/products/detail?slug=fispa_fi80067-160205,1013,,,,,[],0,[],0,[],0,,,2.6835
FI-80069,https://icepar.specparts.shop/products/detail?slug=fispa_fi80069-160207,1013,,,,,[],0,[],0,[],0,,,2.5482
FI-80070,https://icepar.specparts.shop/products/detail?slug=fispa_fi80070-160208,1013,,,,,[],0,[],0,[],0,,,2.5206
FI-80071,https://icepar.specparts.shop/products/detail?slug=fispa_fi80071-160209,1013,,,,,[],0,[],0,[],0,,,2.5428
FI-80072,https://icepar.specparts.shop/products/detail?slug=fispa_fi80072-160210,1013,,,,,[],0,[],0,[],0,,,2.6108
FI-80073,https://icepar.specparts.shop/products/detail?slug=fispa_fi80073-160211,1013,,,,,[],0,[],0,[],0,,,2.5467
FI-80078,https://icepar.specparts.shop/products/detail?slug=fispa_fi80078-160213,1013,,,,,"[""KIA SOUL 16 16¥ (2009 AL 2015)"", ""KIA SOUL 16 16V MT (2016 AL 2017}""]",2,[],0,[],0,,,7.1616
FI-80079,https://icepar.specparts.shop/products/detail?slug=fispa_fi80079-160214,1013,,,,,[],0,[],0,[],0,,,2.6713
FI-80080,https://icepar.specparts.shop/products/detail?slug=fispa_fi80080-160215,1013,,,,,[],0,[],0,[],0,,,2.5254
FI-80087,https://icepar.specparts.shop/products/detail?slug=fispa_fi80087-160216,1013,,,,,[],0,[],0,[],0,,,2.5549
FI-80089,https://icepar.specparts.shop/products/detail?slug=fispa_fi80089-160217,1014,,,,,[],0,[],0,[],0,,,2.5629
FI-80085,https://icepar.specparts.shop/products/detail?slug=fispa_fi80085-160219,1014,,,,,[],0,[],0,[],0,,,2.5285
FI-80084,https://icepar.specparts.shop/products/detail?slug=fispa_fi80084-160220,1014,,,,,[],0,[],0,[],0,,,2.5945
FI-80082,https://icepar.specparts.shop/products/detail?slug=fispa_fi80082-160221,1014,,,,,[],0,[],0,[],0,,,2.6048
FI-80083,https://icepar.specparts.shop/products/detail?slug=fispa_fi80083-160222,1014,,,,,[],0,[],0,[],0,,,2.5626
FI-80088,https://icepar.specparts.shop/products/detail?slug=fispa_fi80088-160223,1014,,,,,[],0,[],0,[],0,,,2.5396
FI-80086,https://icepar.specparts.shop/products/detail?slug=fispa_fi80086-160224,1014,,,,,[],0,[],0,[],0,,,2.5672
FI-30001,https://icepar.specparts.shop/products/detail?slug=fispa_fi30001-604054,1014,,,,,[],0,[],0,[],0,,,2.7329
FI-30005,https://icepar.specparts.shop/products/detail?slug=fispa_fi30005-604058,1014,,,,,[],0,[],0,[],0,,,2.5996
FI-30006,https://icepar.specparts.shop/products/detail?slug=fispa_fi30006-604059,1014,,,,,[],0,[],0,[],0,,,2.6894
FI-30007,https://icepar.specparts.shop/products/detail?slug=fispa_fi30007-604060,1014,,,,,[],0,[],0,[],0,,,2.5487
FI-30008,https://icepar.specparts.shop/products/detail?slug=fispa_fi30008-604061,1014,,,,,[],0,[],0,[],0,,,2.5951
FI-30009,https://icepar.specparts.shop/products/detail?slug=fispa_fi30009-604062,1014,,,,,[],0,[],0,[],0,,,2.5571
FI-30010,https://icepar.specparts.shop/products/detail?slug=fispa_fi30010-604063,1014,,,,,[],0,[],0,[],0,,,2.5839
FI-30012,https://icepar.specparts.shop/products/detail?slug=fispa_fi30012-604065,1014,,,,,[],0,[],0,[],0,,,2.6764
FI-30013,https://icepar.specparts.shop/products/detail?slug=fispa_fi30013-604066,1014,,,,,[],0,[],0,[],0,,,2.4908
FI-30016,https://icepar.specparts.shop/products/detail?slug=fispa_fi30016-604069,1014,,,,,[],0,[],0,[],0,,,2.5765
FI-30018,https://icepar.specparts.shop/products/detail?slug=fispa_fi30018-604071,1015,,,,,[],0,[],0,[],0,,,2.6716
FI-30019,https://icepar.specparts.shop/products/detail?slug=fispa_fi30019-604072,1015,,,,,[],0,[],0,[],0,,,2.6356
FI-30020,https://icepar.specparts.shop/products/detail?slug=fispa_fi30020-604073,1015,,,,,[],0,[],0,[],0,,,2.5668
FI-30021,https://icepar.specparts.shop/products/detail?slug=fispa_fi30021-604074,1015,,,,,[],0,[],0,[],0,,,3.0176
FI-30022,https://icepar.specparts.shop/products/detail?slug=fispa_fi30022-604075,1015,,,,,[],0,[],0,[],0,,,2.6564
FI-30023,https://icepar.specparts.shop/products/detail?slug=fispa_fi30023-604076,1015,,,,,[],0,[],0,[],0,,,2.5654
FI-30024,https://icepar.specparts.shop/products/detail?slug=fispa_fi30024-604077,1015,,,,,[],0,[],0,[],0,,,2.6996
FI-30025,https://icepar.specparts.shop/products/detail?slug=fispa_fi30025-604078,1015,,,,,[],0,[],0,[],0,,,2.5701
FI-30026,https://icepar.specparts.shop/products/detail?slug=fispa_fi30026-604079,1015,,,,,[],0,[],0,[],0,,,2.5179
FI-30027,https://icepar.specparts.shop/products/detail?slug=fispa_fi30027-604080,1015,,,,,[],0,[],0,[],0,,,2.5863
FI-30028,https://icepar.specparts.shop/products/detail?slug=fispa_fi30028-604081,1015,,,,,[],0,[],0,[],0,,,2.5794
FI-30029,https://icepar.specparts.shop/products/detail?slug=fispa_fi30029-604082,1015,,,,,[],0,[],0,[],0,,,2.6023
FI-30031,https://icepar.specparts.shop/products/detail?slug=fispa_fi30031-604084,1015,,,,,[],0,[],0,[],0,,,2.5185
FI-30032,https://icepar.specparts.shop/products/detail?slug=fispa_fi30032-604085,1015,,,,,[],0,[],0,[],0,,,2.5716
FI-30034,https://icepar.specparts.shop/products/detail?slug=fispa_fi30034-604087,1015,,,,,[],0,[],0,[],0,,,2.5774
FI-30035,https://icepar.specparts.shop/products/detail?slug=fispa_fi30035-604088,1015,,,,,[],0,[],0,[],0,,,2.5619
FI-30036,https://icepar.specparts.shop/products/detail?slug=fispa_fi30036-604089,1015,,,,,[],0,[],0,[],0,,,2.7472
FI-30037,https://icepar.specparts.shop/products/detail?slug=fispa_fi30037-604090,1015,,,,,[],0,[],0,[],0,,,2.5289
FI-30038,https://icepar.specparts.shop/products/detail?slug=fispa_fi30038-604091,1015,,,,,[],0,[],0,[],0,,,2.6862
FI-30039,https://icepar.specparts.shop/products/detail?slug=fispa_fi30039-604092,1015,,,,,[],0,[],0,[],0,,,2.7317
FI-30040,https://icepar.specparts.shop/products/detail?slug=fispa_fi30040-604093,1015,,,,,[],0,[],0,[],0,,,2.6320
FI-30041,https://icepar.specparts.shop/products/detail?slug=fispa_fi30041-604094,1016,,,,,[],0,[],0,[],0,,,2.5426
FI-30042,https://icepar.specparts.shop/products/detail?slug=fispa_fi30042-604095,1016,,,,,[],0,[],0,[],0,,,2.7351
FI-30043,https://icepar.specparts.shop/products/detail?slug=fispa_fi30043-604096,1016,,,,,[],0,[],0,[],0,,,2.6394
FI-30045,https://icepar.specparts.shop/products/detail?slug=fispa_fi30045-604098,1016,,,,,[],0,[],0,[],0,,,2.5388
FI-30046,https://icepar.specparts.shop/products/detail?slug=fispa_fi30046-604099,1016,,,,,[],0,[],0,[],0,,,2.5548
FI-30047,https://icepar.specparts.shop/products/detail?slug=fispa_fi30047-604100,1016,,,,,[],0,[],0,[],0,,,2.5648
FI-30048,https://icepar.specparts.shop/products/detail?slug=fispa_fi30048-604101,1016,,,,,[],0,[],0,[],0,,,2.5156
FI-30049,https://icepar.specparts.shop/products/detail?slug=fispa_fi30049-604102,1016,,,,,[],0,[],0,[],0,,,2.5202
FI-30050,https://icepar.specparts.shop/products/detail?slug=fispa_fi30050-604103,1016,,,,,[],0,[],0,[],0,,,2.5170
FI-30051,https://icepar.specparts.shop/products/detail?slug=fispa_fi30051-604104,1016,,,,,[],0,[],0,[],0,,,2.5972
FI-30052,https://icepar.specparts.shop/products/detail?slug=fispa_fi30052-604105,1016,,,,,[],0,[],0,[],0,,,2.5609
FI-30054,https://icepar.specparts.shop/products/detail?slug=fispa_fi30054-604107,1016,,,,,[],0,[],0,[],0,,,2.5684
FI-30055,https://icepar.specparts.shop/products/detail?slug=fispa_fi30055-604108,1016,,,,,[],0,[],0,[],0,,,2.5133
FI-30057,https://icepar.specparts.shop/products/detail?slug=fispa_fi30057-604109,1016,,,,,[],0,[],0,[],0,,,2.6768
FI-30059,https://icepar.specparts.shop/products/detail?slug=fispa_fi30059-604110,1016,,,,,[],0,[],0,[],0,,,2.5380
FI-30061,https://icepar.specparts.shop/products/detail?slug=fispa_fi30061-604111,1016,,,,,[],0,[],0,[],0,,,2.5646
FI-30062,https://icepar.specparts.shop/products/detail?slug=fispa_fi30062-604112,1016,,,,,[],0,[],0,[],0,,,2.5676
FI-30063,https://icepar.specparts.shop/products/detail?slug=fispa_fi30063-604113,1016,,,,,[],0,[],0,[],0,,,2.5486
FI-30064,https://icepar.specparts.shop/products/detail?slug=fispa_fi30064-604114,1016,,,,,[],0,[],0,[],0,,,2.5481
FI-30065,https://icepar.specparts.shop/products/detail?slug=fispa_fi30065-604115,1016,,,,,[],0,[],0,[],0,,,2.6778
FI-30066,https://icepar.specparts.shop/products/detail?slug=fispa_fi30066-604116,1016,,,,,[],0,[],0,[],0,,,2.5910
FI-30067,https://icepar.specparts.shop/products/detail?slug=fispa_fi30067-604117,1016,,,,,[],0,[],0,[],0,,,2.5232
FI-30068,https://icepar.specparts.shop/products/detail?slug=fispa_fi30068-604118,1017,,,,,[],0,[],0,[],0,,,2.6997
FI-30069,https://icepar.specparts.shop/products/detail?slug=fispa_fi30069-604119,1017,,,,,[],0,[],0,[],0,,,2.5690
FI-30070,https://icepar.specparts.shop/products/detail?slug=fispa_fi30070-604120,1017,,,,,[],0,[],0,[],0,,,2.5921
FI-30071,https://icepar.specparts.shop/products/detail?slug=fispa_fi30071-604121,1017,,,,,[],0,[],0,[],0,,,2.5279
FI-30072,https://icepar.specparts.shop/products/detail?slug=fispa_fi30072-604122,1017,,,,,[],0,[],0,[],0,,,2.6134
FI-30074,https://icepar.specparts.shop/products/detail?slug=fispa_fi30074-604123,1017,,,,,[],0,[],0,[],0,,,2.6337
FI-30075,https://icepar.specparts.shop/products/detail?slug=fispa_fi30075-604124,1017,,,,,[],0,[],0,[],0,,,2.6621
FI-30077,https://icepar.specparts.shop/products/detail?slug=fispa_fi30077-604126,1017,,,,,[],0,[],0,[],0,,,2.5583
FI-30078,https://icepar.specparts.shop/products/detail?slug=fispa_fi30078-604127,1017,,,,,[],0,[],0,[],0,,,2.5977
FI-30080,https://icepar.specparts.shop/products/detail?slug=fispa_fi30080-604129,1017,,,,,[],0,[],0,[],0,,,2.5298
FI-30082,https://icepar.specparts.shop/products/detail?slug=fispa_fi30082-604131,1017,,,,,[],0,[],0,[],0,,,2.5781
FI-30083,https://icepar.specparts.shop/products/detail?slug=fispa_fi30083-604132,1017,,,,,[],0,[],0,[],0,,,2.8098
FI-30084,https://icepar.specparts.shop/products/detail?slug=fispa_fi30084-604133,1017,,,,,[],0,[],0,[],0,,,2.5135
FI-30085,https://icepar.specparts.shop/products/detail?slug=fispa_fi30085-604134,1017,,,,,[],0,[],0,[],0,,,2.5730
FI-30086,https://icepar.specparts.shop/products/detail?slug=fispa_fi30086-604135,1017,,,,,[],0,[],0,[],0,,,2.5824
FI-30087,https://icepar.specparts.shop/products/detail?slug=fispa_fi30087-604136,1017,,,,,[],0,[],0,[],0,,,2.5193
FI-30088,https://icepar.specparts.shop/products/detail?slug=fispa_fi30088-604137,1017,,,,,[],0,[],0,[],0,,,2.5629
FI-30090,https://icepar.specparts.shop/products/detail?slug=fispa_fi30090-604139,1017,,,,,[],0,[],0,[],0,,,2.5495
FI-30091,https://icepar.specparts.shop/products/detail?slug=fispa_fi30091-604140,1017,,,,,[],0,[],0,[],0,,,2.6784
FI-30093,https://icepar.specparts.shop/products/detail?slug=fispa_fi30093-604142,1018,,,,,[],0,[],0,[],0,,,2.5746
FI-30094,https://icepar.specparts.shop/products/detail?slug=fispa_fi30094-604143,1018,,,,,[],0,[],0,[],0,,,2.6700
FI-30097,https://icepar.specparts.shop/products/detail?slug=fispa_fi30097-604146,1018,,,,,[],0,[],0,[],0,,,2.5798
FI-30098,https://icepar.specparts.shop/products/detail?slug=fispa_fi30098-604147,1018,,,,,[],0,[],0,[],0,,,2.7197
FI-30099,https://icepar.specparts.shop/products/detail?slug=fispa_fi30099-604148,1018,,,,,[],0,[],0,[],0,,,2.5819
FI-30100,https://icepar.specparts.shop/products/detail?slug=fispa_fi30100-604149,1018,,,,,[],0,[],0,[],0,,,2.6023
FI-30104,https://icepar.specparts.shop/products/detail?slug=fispa_fi30104-604153,1018,,,,,[],0,[],0,[],0,,,2.5865
FI-30105,https://icepar.specparts.shop/products/detail?slug=fispa_fi30105-604154,1018,,,,,[],0,[],0,[],0,,,2.5541
FI-30106,https://icepar.specparts.shop/products/detail?slug=fispa_fi30106-604155,1018,,,,,[],0,[],0,[],0,,,2.5901
FI-30107,https://icepar.specparts.shop/products/detail?slug=fispa_fi30107-604156,1018,,,,,[],0,[],0,[],0,,,2.5399
FI-30108,https://icepar.specparts.shop/products/detail?slug=fispa_fi30108-604157,1018,,,,,[],0,[],0,[],0,,,2.5279
FI-30109,https://icepar.specparts.shop/products/detail?slug=fispa_fi30109-604158,1018,,,,,[],0,[],0,[],0,,,2.5457
FI-30110,https://icepar.specparts.shop/products/detail?slug=fispa_fi30110-604159,1018,,,,,[],0,[],0,[],0,,,2.6246
FI-30111,https://icepar.specparts.shop/products/detail?slug=fispa_fi30111-604160,1018,,,,,[],0,[],0,[],0,,,2.5356
FI-30112,https://icepar.specparts.shop/products/detail?slug=fispa_fi30112-604161,1018,,,,,[],0,[],0,[],0,,,2.5200
FI-30113,https://icepar.specparts.shop/products/detail?slug=fispa_fi30113-604162,1018,,,,,[],0,[],0,[],0,,,2.5015
FI-30115,https://icepar.specparts.shop/products/detail?slug=fispa_fi30115-604164,1018,,,,,[],0,[],0,[],0,,,2.5765
FI-30117,https://icepar.specparts.shop/products/detail?slug=fispa_fi30117-604166,1019,,,,,[],0,[],0,[],0,,,2.7054
FI-30118,https://icepar.specparts.shop/products/detail?slug=fispa_fi30118-604167,1019,,,,,[],0,[],0,[],0,,,2.6161
FI-30119,https://icepar.specparts.shop/products/detail?slug=fispa_fi30119-604168,1019,,,,,[],0,[],0,[],0,,,2.6302
FI-30120,https://icepar.specparts.shop/products/detail?slug=fispa_fi30120-604169,1019,,,,,[],0,[],0,[],0,,,2.5730
FI-30121,https://icepar.specparts.shop/products/detail?slug=fispa_fi30121-604170,1019,,,,,[],0,[],0,[],0,,,2.6702
FI-30122,https://icepar.specparts.shop/products/detail?slug=fispa_fi30122-604171,1019,,,,,[],0,[],0,[],0,,,2.5508
FI-30123,https://icepar.specparts.shop/products/detail?slug=fispa_fi30123-604172,1019,,,,,[],0,[],0,[],0,,,2.5614
FI-30124,https://icepar.specparts.shop/products/detail?slug=fispa_fi30124-604173,1019,,,,,[],0,[],0,[],0,,,2.6618
FI-30125,https://icepar.specparts.shop/products/detail?slug=fispa_fi30125-604174,1019,,,,,[],0,[],0,[],0,,,2.5895
FI-30126,https://icepar.specparts.shop/products/detail?slug=fispa_fi30126-604175,1019,,,,,[],0,[],0,[],0,,,2.5735
FI-30128,https://icepar.specparts.shop/products/detail?slug=fispa_fi30128-604177,1019,,,,,[],0,[],0,[],0,,,2.5056
FI-30129,https://icepar.specparts.shop/products/detail?slug=fispa_fi30129-604178,1019,,,,,[],0,[],0,[],0,,,2.5514
FI-30130,https://icepar.specparts.shop/products/detail?slug=fispa_fi30130-604179,1019,,,,,[],0,[],0,[],0,,,2.6095
FI-30131,https://icepar.specparts.shop/products/detail?slug=fispa_fi30131-604180,1019,,,,,[],0,[],0,[],0,,,2.6266
FI-30133,https://icepar.specparts.shop/products/detail?slug=fispa_fi30133-604181,1019,,,,,[],0,[],0,[],0,,,2.6109
FI-30134,https://icepar.specparts.shop/products/detail?slug=fispa_fi30134-604182,1019,,,,,[],0,[],0,[],0,,,2.5517
FI-30135,https://icepar.specparts.shop/products/detail?slug=fispa_fi30135-604183,1019,,,,,[],0,[],0,[],0,,,2.5349
FI-30136,https://icepar.specparts.shop/products/detail?slug=fispa_fi30136-604184,1019,,,,,[],0,[],0,[],0,,,2.6103
FI-30137,https://icepar.specparts.shop/products/detail?slug=fispa_fi30137-604185,1019,,,,,[],0,[],0,[],0,,,2.7457
FI-30138,https://icepar.specparts.shop/products/detail?slug=fispa_fi30138-604186,1019,,,,,[],0,[],0,[],0,,,2.5039
FI-30139,https://icepar.specparts.shop/products/detail?slug=fispa_fi30139-604187,1019,,,,,[],0,[],0,[],0,,,2.5091
FI-30141,https://icepar.specparts.shop/products/detail?slug=fispa_fi30141-604189,1019,,,,,[],0,[],0,[],0,,,2.6403
FI-30142,https://icepar.specparts.shop/products/detail?slug=fispa_fi30142-604190,1020,,,,,[],0,[],0,[],0,,,2.5432
FI-30143,https://icepar.specparts.shop/products/detail?slug=fispa_fi30143-604191,1020,,,,,[],0,[],0,[],0,,,2.5804
FI-30144,https://icepar.specparts.shop/products/detail?slug=fispa_fi30144-604192,1020,,,,,[],0,[],0,[],0,,,2.5262
FI-30145,https://icepar.specparts.shop/products/detail?slug=fispa_fi30145-604193,1020,,,,,[],0,[],0,[],0,,,2.5081
FI-30146,https://icepar.specparts.shop/products/detail?slug=fispa_fi30146-604194,1020,,,,,[],0,[],0,[],0,,,2.5215
FI-30147,https://icepar.specparts.shop/products/detail?slug=fispa_fi30147-604195,1020,,,,,[],0,[],0,[],0,,,2.5878
FI-30148,https://icepar.specparts.shop/products/detail?slug=fispa_fi30148-604196,1020,,,,,[],0,[],0,[],0,,,2.5633
FI-30149,https://icepar.specparts.shop/products/detail?slug=fispa_fi30149-604197,1020,,,,,[],0,[],0,[],0,,,2.5385
FI-30150,https://icepar.specparts.shop/products/detail?slug=fispa_fi30150-604198,1020,,,,,[],0,[],0,[],0,,,2.6013
FI-30151,https://icepar.specparts.shop/products/detail?slug=fispa_fi30151-604199,1020,,,,,[],0,[],0,[],0,,,2.5642
FI-30152,https://icepar.specparts.shop/products/detail?slug=fispa_fi30152-604200,1020,,,,,[],0,[],0,[],0,,,2.5365
FI-30153,https://icepar.specparts.shop/products/detail?slug=fispa_fi30153-604201,1020,,,,,[],0,[],0,[],0,,,2.5720
FI-30154,https://icepar.specparts.shop/products/detail?slug=fispa_fi30154-604202,1020,,,,,[],0,[],0,[],0,,,2.5505
FI-30168,https://icepar.specparts.shop/products/detail?slug=fispa_fi30168-604203,1020,,,,,[],0,[],0,[],0,,,2.5926
FI-M1001,https://icepar.specparts.shop/products/detail?slug=fispa_fim1001-546534,1020,,,,,[],0,[],0,[],0,,,2.8270
FI-M1002,https://icepar.specparts.shop/products/detail?slug=fispa_fim1002-546535,1020,,,,,[],0,[],0,[],0,,,2.6162
FI-M1005,https://icepar.specparts.shop/products/detail?slug=fispa_fim1005-546537,1020,,,,,[],0,[],0,[],0,,,2.5371
FI-M1006,https://icepar.specparts.shop/products/detail?slug=fispa_fim1006-546538,1020,,,,,[],0,[],0,[],0,,,2.5360
FI-M1009,https://icepar.specparts.shop/products/detail?slug=fispa_fim1009-546540,1020,,,,,[],0,[],0,[],0,,,2.5301
FI-M1010,https://icepar.specparts.shop/products/detail?slug=fispa_fim1010-546541,1020,,,,,[],0,[],0,[],0,,,2.5526
FI-M1012,https://icepar.specparts.shop/products/detail?slug=fispa_fim1012-546543,1020,,,,,[],0,[],0,[],0,,,2.4953
FI-M1013,https://icepar.specparts.shop/products/detail?slug=fispa_fim1013-546544,1021,,,,,[],0,[],0,[],0,,,2.5426
FI-M1015,https://icepar.specparts.shop/products/detail?slug=fispa_fim1015-546546,1021,,,,,[],0,[],0,[],0,,,2.5326
FI-M1016,https://icepar.specparts.shop/products/detail?slug=fispa_fim1016-546547,1021,,,,,[],0,[],0,[],0,,,2.6257
FI-M1017,https://icepar.specparts.shop/products/detail?slug=fispa_fim1017-546548,1021,,,,,[],0,[],0,[],0,,,2.5663
FI-M1021,https://icepar.specparts.shop/products/detail?slug=fispa_fim1021-546549,1021,,,,,[],0,[],0,[],0,,,2.6126
FI-M1022,https://icepar.specparts.shop/products/detail?slug=fispa_fim1022-546550,1021,,,,,[],0,[],0,[],0,,,2.5533
FI-M1024,https://icepar.specparts.shop/products/detail?slug=fispa_fim1024-546552,1021,,,,,[],0,[],0,[],0,,,2.5231
FI-M1025,https://icepar.specparts.shop/products/detail?slug=fispa_fim1025-546553,1021,,,,,[],0,[],0,[],0,,,2.5201
FI-M1026,https://icepar.specparts.shop/products/detail?slug=fispa_fim1026-546554,1021,,,,,[],0,[],0,[],0,,,2.5254
FI-M1028,https://icepar.specparts.shop/products/detail?slug=fispa_fim1028-546556,1021,,,,,[],0,[],0,[],0,,,2.5532
FI-M1029,https://icepar.specparts.shop/products/detail?slug=fispa_fim1029-546557,1021,,,,,[],0,[],0,[],0,,,2.6219
FI-M1030,https://icepar.specparts.shop/products/detail?slug=fispa_fim1030-546558,1021,,,,,[],0,[],0,[],0,,,2.5211
FI-M1031,https://icepar.specparts.shop/products/detail?slug=fispa_fim1031-546559,1021,,,,,[],0,[],0,[],0,,,2.5890
FI-M1032,https://icepar.specparts.shop/products/detail?slug=fispa_fim1032-546560,1021,,,,,[],0,[],0,[],0,,,2.4929
FI-M1035,https://icepar.specparts.shop/products/detail?slug=fispa_fim1035-546561,1021,,,,,[],0,[],0,[],0,,,2.5798
FI-M1036,https://icepar.specparts.shop/products/detail?slug=fispa_fim1036-546562,1021,,,,,[],0,[],0,[],0,,,2.5863
FI-M1037,https://icepar.specparts.shop/products/detail?slug=fispa_fim1037-546563,1021,,,,,[],0,[],0,[],0,,,2.5480
FI-M1038,https://icepar.specparts.shop/products/detail?slug=fispa_fim1038-546564,1021,,,,,[],0,[],0,[],0,,,2.5701
FI-M1039,https://icepar.specparts.shop/products/detail?slug=fispa_fim1039-546565,1021,,,,,[],0,[],0,[],0,,,2.4951
FI-M1041,https://icepar.specparts.shop/products/detail?slug=fispa_fim1041-546567,1021,,,,,[],0,[],0,[],0,,,2.6165
FI-M1042,https://icepar.specparts.shop/products/detail?slug=fispa_fim1042-546568,1021,,,,,[],0,[],0,[],0,,,2.5799
FI-40001,https://icepar.specparts.shop/products/detail?slug=fispa_fi40001-217488,1022,,,,,[],0,[],0,[],0,,,2.6295
FI-40003,https://icepar.specparts.shop/products/detail?slug=fispa_fi40003-217490,1022,,,,,[],0,[],0,[],0,,,2.5197
FI-40004,https://icepar.specparts.shop/products/detail?slug=fispa_fi40004-217491,1022,,,,,[],0,[],0,[],0,,,2.5944
FI-40005,https://icepar.specparts.shop/products/detail?slug=fispa_fi40005-217492,1022,,,,,[],0,[],0,[],0,,,2.5476
FI-40006,https://icepar.specparts.shop/products/detail?slug=fispa_fi40006-217493,1022,,,,,[],0,[],0,[],0,,,2.6417
FI-40007,https://icepar.specparts.shop/products/detail?slug=fispa_fi40007-217494,1022,,,,,[],0,[],0,[],0,,,2.5204
FI-40009,https://icepar.specparts.shop/products/detail?slug=fispa_fi40009-217496,1022,,,,,[],0,[],0,[],0,,,2.6122
FI-40010,https://icepar.specparts.shop/products/detail?slug=fispa_fi40010-217497,1022,,,,,[],0,[],0,[],0,,,2.5465
FI-40013,https://icepar.specparts.shop/products/detail?slug=fispa_fi40013-217499,1022,,,,,[],0,[],0,[],0,,,2.5512
FI-40014,https://icepar.specparts.shop/products/detail?slug=fispa_fi40014-217500,1022,,,,,[],0,[],0,[],0,,,2.5387
FI-40015,https://icepar.specparts.shop/products/detail?slug=fispa_fi40015-217501,1022,,,,,[],0,[],0,[],0,,,2.5384
FI-40016,https://icepar.specparts.shop/products/detail?slug=fispa_fi40016-217502,1022,,,,,[],0,[],0,[],0,,,2.5282
FI-40018,https://icepar.specparts.shop/products/detail?slug=fispa_fi40018-217503,1022,,,,,[],0,[],0,[],0,,,2.5316
FI-40019,https://icepar.specparts.shop/products/detail?slug=fispa_fi40019-217504,1022,,,,,[],0,[],0,[],0,,,2.5113
FI-40020,https://icepar.specparts.shop/products/detail?slug=fispa_fi40020-217505,1022,,,,,[],0,[],0,[],0,,,2.5349
FI-40021,https://icepar.specparts.shop/products/detail?slug=fispa_fi40021-217506,1022,,,,,[],0,[],0,[],0,,,2.4693
FI-40022,https://icepar.specparts.shop/products/detail?slug=fispa_fi40022-217507,1022,,,,,[],0,[],0,[],0,,,2.5496
FI-40023,https://icepar.specparts.shop/products/detail?slug=fispa_fi40023-217508,1022,,,,,[],0,[],0,[],0,,,2.5214
FI-40024,https://icepar.specparts.shop/products/detail?slug=fispa_fi40024-217509,1022,,,,,[],0,[],0,[],0,,,2.5411
FI-40025,https://icepar.specparts.shop/products/detail?slug=fispa_fi40025-217510,1022,,,,,[],0,[],0,[],0,,,2.4910
FI-40026,https://icepar.specparts.shop/products/detail?slug=fispa_fi40026-217511,1022,,,,,[],0,[],0,[],0,,,2.5369
FI-40027,https://icepar.specparts.shop/products/detail?slug=fispa_fi40027-217512,1023,,,,,[],0,[],0,[],0,,,2.5533
FI-40028,https://icepar.specparts.shop/products/detail?slug=fispa_fi40028-217513,1023,,,,,[],0,[],0,[],0,,,2.5053
FI-40029,https://icepar.specparts.shop/products/detail?slug=fispa_fi40029-217514,1023,,,,,[],0,[],0,[],0,,,2.5316
FI-40031,https://icepar.specparts.shop/products/detail?slug=fispa_fi40031-217515,1023,,,,,[],0,[],0,[],0,,,2.6374
FI-40032,https://icepar.specparts.shop/products/detail?slug=fispa_fi40032-217516,1023,,,,,[],0,[],0,[],0,,,2.5089
FI-40036,https://icepar.specparts.shop/products/detail?slug=fispa_fi40036-217517,1023,,,,,[],0,[],0,[],0,,,2.6177
FI-40040,https://icepar.specparts.shop/products/detail?slug=fispa_fi40040-217521,1023,,,,,[],0,[],0,[],0,,,2.6164
FI-40042,https://icepar.specparts.shop/products/detail?slug=fispa_fi40042-217522,1023,,,,,[],0,[],0,[],0,,,2.5121
FI-40043,https://icepar.specparts.shop/products/detail?slug=fispa_fi40043-217523,1023,,,,,[],0,[],0,[],0,,,2.6017
FI-40044,https://icepar.specparts.shop/products/detail?slug=fispa_fi40044-217524,1023,,,,,[],0,[],0,[],0,,,2.5328
FI-40045,https://icepar.specparts.shop/products/detail?slug=fispa_fi40045-217525,1023,,,,,[],0,[],0,[],0,,,2.5415
FI-40048,https://icepar.specparts.shop/products/detail?slug=fispa_fi40048-217527,1023,,,,,[],0,[],0,[],0,,,2.5308
FI-40049,https://icepar.specparts.shop/products/detail?slug=fispa_fi40049-217528,1023,,,,,[],0,[],0,[],0,,,2.5532
FI-40050,https://icepar.specparts.shop/products/detail?slug=fispa_fi40050-217529,1023,,,,,[],0,[],0,[],0,,,2.5121
FI-40051,https://icepar.specparts.shop/products/detail?slug=fispa_fi40051-217530,1023,,,,,[],0,[],0,[],0,,,2.5433
FI-40052,https://icepar.specparts.shop/products/detail?slug=fispa_fi40052-217531,1023,,,,,[],0,[],0,[],0,,,2.4877
FI-40053,https://icepar.specparts.shop/products/detail?slug=fispa_fi40053-217532,1023,,,,,[],0,[],0,[],0,,,2.5136
FI-40054,https://icepar.specparts.shop/products/detail?slug=fispa_fi40054-217533,1023,,,,,[],0,[],0,[],0,,,2.5690
FI-40055,https://icepar.specparts.shop/products/detail?slug=fispa_fi40055-217534,1023,,,,,[],0,[],0,[],0,,,2.4930
FI-40056,https://icepar.specparts.shop/products/detail?slug=fispa_fi40056-217535,1023,,,,,[],0,[],0,[],0,,,2.6398
FI-40057,https://icepar.specparts.shop/products/detail?slug=fispa_fi40057-217536,1024,,,,,[],0,[],0,[],0,,,2.6113
FI-40058,https://icepar.specparts.shop/products/detail?slug=fispa_fi40058-217537,1024,,,,,[],0,[],0,[],0,,,2.5567
FI-40064,https://icepar.specparts.shop/products/detail?slug=fispa_fi40064-217543,1024,,,,,[],0,[],0,[],0,,,2.5677
FI-40076,https://icepar.specparts.shop/products/detail?slug=fispa_fi40076-217545,1024,,,,,[],0,[],0,[],0,,,2.4843
FI-40068,https://icepar.specparts.shop/products/detail?slug=fispa_fi40068-217546,1024,,,,,[],0,[],0,[],0,,,2.5285
FI-40077,https://icepar.specparts.shop/products/detail?slug=fispa_fi40077-217547,1024,,,,,[],0,[],0,[],0,,,2.5895
FI-40067,https://icepar.specparts.shop/products/detail?slug=fispa_fi40067-217548,1024,,,,,[],0,[],0,[],0,,,2.5780
FI-40066,https://icepar.specparts.shop/products/detail?slug=fispa_fi40066-217549,1024,,,,,[],0,[],0,[],0,,,2.4996
FI-831265,https://icepar.specparts.shop/products/detail?slug=fispa_fi831265-217550,1024,,,,,[],0,[],0,[],0,,,2.5764
FI-40082,https://icepar.specparts.shop/products/detail?slug=fispa_fi40082-217551,1024,,,,,[],0,[],0,[],0,,,2.4815
FI-40078,https://icepar.specparts.shop/products/detail?slug=fispa_fi40078-217552,1024,,,,,[],0,[],0,[],0,,,2.4790
FI-40080,https://icepar.specparts.shop/products/detail?slug=fispa_fi40080-217553,1024,,,,,[],0,[],0,[],0,,,2.5390
FI-81389,https://icepar.specparts.shop/products/detail?slug=fispa_fi81389-217554,1024,,,,,[],0,[],0,[],0,,,2.5280
40086,https://icepar.specparts.shop/products/detail?slug=fispa_40086-1319230,1024,,,,,[],0,[],0,[],0,,,2.7473
FI-204,https://icepar.specparts.shop/products/detail?slug=fispa_fi204-611670,1024,,,,,[],0,[],0,[],0,,,2.7896
FI-206,https://icepar.specparts.shop/products/detail?slug=fispa_fi206-611671,1024,,,,,[],0,[],0,[],0,,,2.5651
FI-207,https://icepar.specparts.shop/products/detail?slug=fispa_fi207-611672,1024,,,,,[],0,[],0,[],0,,,2.5981
FI-208,https://icepar.specparts.shop/products/detail?slug=fispa_fi208-611673,1025,,,,,[],0,[],0,[],0,,,2.6164
FI-209,https://icepar.specparts.shop/products/detail?slug=fispa_fi209-611674,1025,,,,,[],0,[],0,[],0,,,2.9892
FI-210,https://icepar.specparts.shop/products/detail?slug=fispa_fi210-611675,1025,,,,,[],0,[],0,[],0,,,2.5443
FI-211,https://icepar.specparts.shop/products/detail?slug=fispa_fi211-611676,1025,,,,,[],0,[],0,[],0,,,2.6489
FI-212,https://icepar.specparts.shop/products/detail?slug=fispa_fi212-611677,1025,,,,,[],0,[],0,[],0,,,2.5829
FI-213,https://icepar.specparts.shop/products/detail?slug=fispa_fi213-611678,1025,,,,,[],0,[],0,[],0,,,2.6273
FI-217,https://icepar.specparts.shop/products/detail?slug=fispa_fi217-611680,1025,,,,,[],0,[],0,[],0,,,2.5682
FI-201,https://icepar.specparts.shop/products/detail?slug=fispa_fi201-611682,1025,,,,,[],0,[],0,[],0,,,2.6139
FI-202,https://icepar.specparts.shop/products/detail?slug=fispa_fi202-611683,1025,,,,,[],0,[],0,[],0,,,2.5592
FI-205,https://icepar.specparts.shop/products/detail?slug=fispa_fi205-611684,1025,,,,,[],0,[],0,[],0,,,2.6105
FI-214,https://icepar.specparts.shop/products/detail?slug=fispa_fi214-611685,1025,,,,,[],0,[],0,[],0,,,2.7208
FI-215,https://icepar.specparts.shop/products/detail?slug=fispa_fi215-611686,1025,,,,,[],0,[],0,[],0,,,2.5779
FI-218,https://icepar.specparts.shop/products/detail?slug=fispa_fi218-611687,1025,,,,,[],0,[],0,[],0,,,2.5179
FI-220,https://icepar.specparts.shop/products/detail?slug=fispa_fi220-611689,1025,,,,,[],0,[],0,[],0,,,2.5867
FI-221,https://icepar.specparts.shop/products/detail?slug=fispa_fi221-611690,1025,,,,,[],0,[],0,[],0,,,2.5446
FI-222,https://icepar.specparts.shop/products/detail?slug=fispa_fi222-611691,1025,,,,,[],0,[],0,[],0,,,2.8649
FI-223,https://icepar.specparts.shop/products/detail?slug=fispa_fi223-611692,1025,,,,,[],0,[],0,[],0,,,2.6183
FI-225,https://icepar.specparts.shop/products/detail?slug=fispa_fi225-611693,1025,,,,,[],0,[],0,[],0,,,2.6119
FI-226,https://icepar.specparts.shop/products/detail?slug=fispa_fi226-611694,1025,,,,,[],0,[],0,[],0,,,2.4912
FI-227,https://icepar.specparts.shop/products/detail?slug=fispa_fi227-611695,1025,,,,,[],0,[],0,[],0,,,2.5905
623,https://icepar.specparts.shop/products/detail?slug=fispa_623-1280230,1025,,,,,[],0,[],0,[],0,,,2.5698
30227,https://icepar.specparts.shop/products/detail?slug=fispa_30227-1279987,1026,,,,,[],0,[],0,[],0,,,2.5836
30269,https://icepar.specparts.shop/products/detail?slug=fispa_30269-1280309,1026,,,,,[],0,[],0,[],0,,,2.5561
30262,https://icepar.specparts.shop/products/detail?slug=fispa_30262-1280567,1026,,,,,[],0,[],0,[],0,,,2.5870
30321,https://icepar.specparts.shop/products/detail?slug=fispa_30321-1319051,1026,,,,,[],0,[],0,[],0,,,2.6717
7102,https://icepar.specparts.shop/products/detail?slug=fremec_7102-329946,1026,,,,,"[""FIAT BARCHETTA 18 16V (1995 AL 2002)"", ""FIAT BRAVA 1.9 JTD (2000 AL 2003)"", ""FIAT DOBLO 1.4 16V FIRE (2012 AL 2017)"", ""FIAT FIGRINO 13 &V FIRE (2005 AL 2015)"", ""FIAT FIGRINO 14 &V EVO (2014 AL 2026)"", ""FIAT FIORINO 17D (2004 AL 2006)"", ""FIAT GRAND SIENA 1.4 &V EVO (2013 AL 2020)"", ""FIAT GRAND SIENA 1.6 16V ETORQUE (2012 AL 2020)"", ""FIAT IDEA 1.4 &V FIRE (2007 AL 2018)"", ""FIAT IDEA 1.6 16V E-TORQ (2010 AL 2020)"", ""FIAT IDEA 1.8 &V (2005 AL 2011)"", ""FIAT LINEA 18 16V E-TORQ (2011 AL 2018)"", ""FIAT LINEA 19 16¥ (2009 AL 2011)"", ""FIAT MAREA 139 JTD (2000 AL 2002)"", ""FIAT MAREA 139 TDI (1998 AL 2000)"", ""FIAT PALIO 13 16V FIRE (2001 AL 2007)"", ""FIAT PALIO 13 MPI (2001 AL 2004)"", ""FIAT PALIO 14 &V EVO (2012 AL 2026)"", ""FIAT PALIO 14 8V FIRE (2006 AL 2020)"", ""FIAT PALIO 16 16V E-TORQ (2010 AL 2022)"", ""FIAT PALIO 16 16V TORQUE (2001 AL 2005)"", ""FIAT PALIO 17 TD (2001 AL 2010)"", ""FIAT PALIO 18 8V (2004 AL 2010)"", ""FIAT PUNTO 1.3 16V MULTUET (2008 AL 2011)"", ""FIAT PUNTO 1.4 8V FIRE (2007 AL 2020)"", ""FIAT PUNTO 1.6 16V E-TORQ (2011 AL 2022)"", ""FIAT PUNTO 1.8 &¥V (2007 AL 2011)"", ""FIAT SIENA 13 16V FIRE (2001 AL 2007}"", ""FIAT SIENA 14 &V FIRE (2006 AL 2022)"", ""FIAT SIENA 16 16V E-TORQ (2010 AL 2021)"", ""FIAT SIENA 16 16V TORQUE (2002 AL 2003)"", ""FIAT SIENA 17 TD (2002 AL 2010)"", ""FIAT SIENA 18 &V (2004 AL 2011)"", ""FIAT STILO 1.8 8V (2004 AL 2010)"", ""FIAT STRADA 13 16V MULTUET (2010 AL 2022)"", ""FIAT STRADA 14 8V FIRE (2009 AL 2022)"", ""FIAT STRADA 16 16V E-TORQ (2010 AL 2022)"", ""FIAT STRADA 17 TD (2002 AL 2010)"", ""FIAT STRADA 18 8V (2005 AL 2011)"", ""FIAT UNG 13 8V FIRE (2004 AL 2016)"", ""FIAT UNG 14 8V EVO (2010 AL 2017)""]",41,"[""COLOR FICHA-ARO: NEGRO""]",1,[],0,,,54.2730
7202,https://icepar.specparts.shop/products/detail?slug=fremec_7202-329947,1026,,,,,"[""FORD COURIER 14 16V 51 DA (1997 AL 2000)"", ""FORD COURIER 16 (2005 AL 2011)"", ""FORD COURIER 18D (1997 AL 2006)"", ""FORD ESCORT 18 (1994 AL 1998)"", ""FORD ESCORT 18 16V (1995 AL 2002)"", ""FORD ESCORT 18 TD (1999 AL 2001)"", ""FORD ESCORT 18D (1995 AL 2002)"", ""FORD FIESTA 1.3 CL (1994 AL 1997)"", ""FORD FIESTA 1.31 (1994 AL 1999)"", ""FORD FIESTA 1.4 TDCI (2002 AL 2011)"", ""FORD FIESTA 1.6 (1999 AL 2002)"", ""FORD FIESTA 1.6 8V (2002 AL 2013)"", ""FORD FIESTA 1.8D (1994 AL 2003)"", ""FORD FOCUS 16 8V (2004 AL 2010)"", ""FORD FOCUS 18 16¥ (2000 AL 2003)"", ""FORD FOCUS 18 TDCI (2004 AL 2010)"", ""FORD FOCUS 18 TDI (2002 AL 2005)"", ""FORD FOCUS 2.0 16¥ (2000 AL 2010)"", ""FORD KA 10 (1999 AL 2014)"", ""FORD KA 13 (1997 AL 1999)"", ""FORD KA 16 (2001 AL 2008)""]",21,"[""COLOR FICHA-ARO: NEGRO""]",1,[],0,,,33.8884
7402,https://icepar.specparts.shop/products/detail?slug=fremec_7402-329949,1026,,,,,"[""CITROEN BERLINGGO 1.41 (2003 AL 2015)"", ""CITROEN BERLINGO 1.6 16V (2010 AL 2017)"", ""CITROEN BERLINGG 1.6 16¥V VTI (2017 AL 2026)"", ""CITROEN BERLINGG 1.6 HDI (2010 AL 2026)"", ""CITROEN BERLINGO 1.6 HDI 110CV (2011 AL 2014)"", ""CITROEN BERLINGG 1.6 HDI 92C¥V (2013 AL 2026)"", ""CITROEN BERLINGO 1.8 N (2002 AL 2003)"", ""CITROEN BERLINGO 1.81 (2003 AL 2004)"", ""CITROEN BERLINGO 1.9D (1998 AL 2010)"", ""CITROEN BERLINGO 2.0 HDI (2002 AL 2005)"", ""CITROEN C3 14 HDI (2003 AL 2011)"", ""CITROEN C3 141 (2003 AL 2012)"", ""CITROEN C3 151 (2012 AL 2022)"", ""CITROEN C3 16 16V (2005 AL 2013)"", ""CITROEN C3 16 VTI (2012 AL 2020)"", ""CITROEN C3 16 VTIAT (2017 AL 2022)"", ""CITROEN C3 16 VTI AT6 (2022 AL 2026)"", ""CITROEN C3 16 VTI MT (2018 AL 2026)"", ""CITROEN C3 16 VTI MT URBAN TRIAL (2019 AL 2022)"", ""CITROEN C3 AIRCROSS 16 VTIAT (2017 AL 2020)"", ""CITROEN C4 16 16V (2007 AL 2014)"", ""CITROEN C4 16 HDI (2011 AL 2014)"", ""CITROEN C4 2.0 16V (2007 AL 2014)"", ""CITROEN C4 2.0 HDI (2007 AL 2010)"", ""CITROEN C4 2.0 VTS (2007 AL 20059)"", ""CITROEN C4 AIRCROSS 2.0 16¥V (2013 AL 2016)"", ""CITROEN C4 AIRCROSS 2.0 16V CVT (2013 AL 2016)"", ""CITROEN C4 PICASSO 16 HDI (2010 AL 2015)"", ""CITROEN C4 PICASSO 16 HDI MT (2014 AL 2022)"", ""CITROEN C4 PICASSO 16 THP 165CvV AT (2016 AL 2022)"", ""CITROEN C4 PICASSO 20 16¥ (2009 AL 2013)"", ""CITROEN C5 16 THP 156CV (2011 AL 2013)"", ""CITROEN C5 2.0 16¥ (2002 AL 2005)"", ""CITROEN C5 2.0 HDI (2002 AL 2013)"", ""CITROEN C5 2.01 16V (2005 AL 2011)"", ""CITROEN GRAND PICASSO 16 HDI (2008 AL 2020)"", ""CITROEN GRAND PICASSO 16 THP 165CV AT (2016 AL 2022)"", ""CITROEN GRAND PICASSO 2.0 16¥V (2008 AL 2013)"", ""CITROEN SAXG 1.1 (2001 AL 2004)"", ""CITROEN SAXO 1.4 VTS (2001 AL 2003)"", ""CITROEN SAXG 1.5D (2001 AL 2003)"", ""CITROEN XANTIA 1.9 TD (1993 AL 1999)"", ""CITROEN XANTIA 1.9D (1993 AL 1996)"", ""CITROEN XANTIA 2.0 16V (1993 AL 2000)"", ""CITROEN XANTIA 2.0 HDI (1999 AL 2001)"", ""CITROEN XANTIA 2.01 (1993 AL 1998)"", ""CITROEN XANTIA 3.0 V6 (1999 AL 2001)"", ""CITROEN XM 201 (1995 AL 1996)"", ""CITROEN XM 2.1 TD (1992 AL 1993)"", ""CITROEN XM 3.0 V6 (1992 AL 1997)"", ""CITROEN XSARA 16 16¥ (2003 AL 2005)"", ""CITROEN XSARA 18 16V (1998 AL 2002)"", ""CITROEN XSARA 19 TD (1999 AL 2001)"", ""CITROEN XSARA 19D (1998 AL 2005)"", ""CITROEN XSARA 2.0 16V (1999 AL 2004)"", ""CITROEN XSARA 2.0 HDI (2001 AL 2005)"", ""CITROEN XSARA PICASSO 1.6 16V (2005 AL 2012)"", ""CITROEN XSARA PICASSO 2.0 16V (1999 AL 2011)"", ""CITROEN XSARA PICASSO 2.0 HDI (2001 AL 2011)"", ""CITROEN ZX 141 (1993 AL 1995, 2003 AL 2004)"", ""CITROEN ZX 18 (1993 AL 1996)"", ""CITROEN ZX 19 TD (1993 AL 1998)"", ""CITROEN ZX 19D (1993 AL 1999)"", ""CITROEN ZX 2.0 (1993 AL 1995)"", ""PEUGEOT 206 1.41 (2001 AL 2013)"", ""PEUGEOT 206 14 16¥ (2002 AL 2009)"", ""PEUGEOT 206 1.4 &V (1999 AL 2003)"", ""PEUGEOT 206 1.9D (1999 AL 2009)"", ""PEUGEOT 206 2.0 16¥V (2001 AL 2009)"", ""PEUGEOT 206 2.0 HDI (2000 AL 2009)"", ""PEUGEOT 207 1.4 HDI (2011 AL 2017)"", ""PEUGEOT 207 1.41 (2008 AL 2017)"", ""PEUGEOT 207 14 16¥ (2008 AL 2013)"", ""PEUGEOT 207 1.9D (2008 AL 2012)"", ""PEUGEOT 207 2.0 HDI (2008 AL 2011)"", ""PEUGEOT 306 1.41 (1996 AL 1998)"", ""PEUGEOT 306 1.4 (1995 AL 2000)"", ""PEUGEOT 306 18 16¥ (1997 AL 2001)"", ""PEUGEOT 306 1.4 8&V (1998 AL 1999)"", ""PEUGEOT 306 1.9 TD (1995 AL 2000)"", ""PEUGEOT 306 1.9 XSD (1995 AL 1997)"", ""PEUGEOT 306 1.9 XSDT (1995 AL 1997)"", ""PEUGEOT 306 2.0 (1995 AL 1997}"", ""PEUGEOT 306 2.0 16¥V (1997 AL 1999)"", ""PEUGEOT 306 2.0 HDI (2000 AL 2003)"", ""PEUGEOT 307 14 110CV (2001 AL 2012)"", ""PEUGEOT 307 1.6 HDI (2005 AL 2009)"", ""PEUGEOT 307 2.0 (2001 AL 2007}"", ""PEUGEOT 307 2.0 138CV (2005 AL 20059)"", ""PEUGEOT 307 2.0 143CV (2005 AL 2012)"", ""PEUGEOT 307 2.0 180CV (2005 AL 20059)"", ""PEUGEOT 307 2.0 HDI (2001 AL 2007)"", ""PEUGEOT 307 2.0 HDI 110CV (2006 AL 2012)"", ""PEUGEOT 307 2.0 HDI 90CV (2006 AL 2010)"", ""PEUGEOT 406 14 (1996 AL 1999)"", ""PEUGEOT 406 1.9 TD (1991 AL 2001)"", ""PEUGEOT 406 2.0 (1996 AL 2003)"", ""PEUGEOT 406 2.0 HDI (2000 AL 2004)"", ""PEUGEOT 406 2.0 ST (1999 AL 2002)"", ""PEUGEOT 406 2.1 TD (1999 AL 2001)"", ""PEUGEOT 406 2.2 (2001 AL 2004)"", ""PEUGEOT 406 3.0 V6 (1999 AL 2004)"", ""PEUGEOT 407 2.0 HDI (2005 AL 2011)"", ""PEUGEOT 607 3.0 V6 (2001 AL 2009)"", ""PEUGEOT 806 2.0 HDI (2000 AL 2002)"", ""PEUGEOT 806 2.0 ST (2000 AL 2002)"", ""PEUGEOT 807 2.0 16¥V (2009 AL 2010)"", ""PEUGEOT 807 2.0 HDI (2003 AL 2010)"", ""PEUGEOT EXPERT 16 HDI (2008 AL 2011, 2013 AL 2017)"", ""PEUGEOT EXPERT 19D (1999 AL 2006)"", ""PEUGEOT EXPERT 2.0 HDI (2013 AL 2017}"", ""PEUGEOT EXPERT 2.0 HDI 120CV (2008 AL 2005)"", ""PEUGEOT EXPERT 2.0 HDI 95CV (2006 AL 2008)"", ""PEUGEOT HOGGAR 1.4 16V (2011 AL 2016)"", ""PEUGEOT PARTNER 141 (2002 AL 2021)"", ""PEUGEOT PARTNER 16 16¥V (2010 AL 2026)"", ""PEUGEOT PARTNER 16 HDI (2010 AL 2022)"", ""PEUGEOT PARTNER 16 HDI 92CV (2011 AL 2026)"", ""PEUGEOT PARTNER 16 VTI (2018 AL 2026)"", ""PEUGEOT PARTNER 18 8V (1998 AL 2003)"", ""PEUGEOT PARTNER 19D (1998 AL 2011)"", ""PEUGEOT PARTNER 2.0 HDI (2002 AL 2006)""]",122,"[""COLOR FICHA-ARO: BLANCO""]",1,[],0,,,144.1507
7701,https://icepar.specparts.shop/products/detail?slug=fremec_7701-329953,1026,,,,,"[""CHEVROLET ASTRA 18 8V (2000 AL 2003)"", ""CHEVROLET ASTRA 20 16V (2002 AL 2003)"", ""CHEVROLET ASTRA 20 8V (1998 AL 2001)"", ""CHEVROLET ASTRA 20 TD (1999 AL 2003)"", ""CHEVROLET ASTRA 20 TD 16V (1998 AL 2003)"", ""CHEVROLET CORSA 10 (2000 AL 2003)"", ""CHEVROLET CORSA 14 (1994 AL 1996)"", ""CHEVROLET CORSA 14 &v (2009)"", ""CHEVROLET CORSA 16 16V (1996 AL 2001)"", ""CHEVROLET CORSA 16 &V (1995 AL 2010)"", ""CHEVROLET CORSA 17 TDI (2002 AL 2009)"", ""CHEVROLET CORSA 17D (1998 AL 2005)"", ""CHEVROLET CORSA 18 &V (2002 AL 2012)"", ""CHEVROLET MERIVA 17 TDI (2004 AL 2010)"", ""CHEVROLET MERIVA 18 16¥V (2003 AL 2006)"", ""CHEVROLET MERIVA 18 8V (2003 AL 2013)"", ""SUZUKI FUN LOBV (2003 AL 2007)"", ""SUZUKI FUN 14 8V (2004 AL 2012)""]",18,"[""COLOR FICHA-ARO: NEGRO""]",1,[],0,,,29.9428
7801,https://icepar.specparts.shop/products/detail?slug=fremec_7801-329954,1026,,,,,"[""FORD GALAXY 18) (1994 AL 1996)"", ""FORD GALAXY 2.0 (1993 AL 1996)"", ""VOLKSWAGEN CARAT 14 (1987 AL 1991)"", ""VOLKSWAGEN CARAT 2.0 (1989 AL 1992)"", ""VOLKSWAGEN GACEL 18 GLS5 (1987 AL 1994)"", ""VOLKSWAGEN GOL 14 &V MI (2011 AL 2018)"", ""VOLKSWAGEN GOL 16 CFI (1991 AL 1998)"", ""VOLKSWAGEN GOL 16 D (1995 AL 1998)"", ""VOLKSWAGEN GOL 18 CFI (1995 AL 1997)"", ""VOLKSWAGEN GOL 18 GL (1993 AL 1995)"", ""VOLKSWAGEN GOL 139 D (1998)"", ""VOLKSWAGEN GOL 19 5D (1998 AL 2009)"", ""VOLKSWAGEN GOL 19D (1998 AL 1999)"", ""VOLKSWAGEN GOL 2.0 (1991 AL 1999)"", ""VOLKSWAGEN GOL 2.0 16V (1995 AL 1999)"", ""VOLKSWAGEN QUANTUM 18 (1993 AL 1996)"", ""VOLKSWAGEN QUANTUM 2.0 (1993 AL 1996)"", ""VOLKSWAGEN SAVEIRO 1.6 D (1990 AL 1997)"", ""VOLKSWAGEN SAVEIRO 1.6 N (1991 AL 1997)"", ""VOLKSWAGEN SAVEIRO 1.9 D (2003 AL 2010)"", ""VOLKSWAGEN SAVEIRO 1.9 5D (1998 AL 2001)"", ""VOLKSWAGEN SENDA 16 8V (1989 AL 1997)"", ""VOLKSWAGEN SENDA 16 D (1990 AL 1997}""]",23,"[""COLOR FICHA-ARO: NEGRO""]",1,[],0,,,37.3703
FI-90005,https://icepar.specparts.shop/products/detail?slug=fispa_fi90005-608161,1026,,,,,[],0,[],0,[],0,,,2.6366
FI-90008,https://icepar.specparts.shop/products/detail?slug=fispa_fi90008-608164,1026,,,,,[],0,[],0,[],0,,,3.0598
FI-90010,https://icepar.specparts.shop/products/detail?slug=fispa_fi90010-608166,1026,,,,,[],0,[],0,[],0,,,2.5620
FI-90011,https://icepar.specparts.shop/products/detail?slug=fispa_fi90011-608167,1026,,,,,[],0,[],0,[],0,,,2.9157
FI-90012,https://icepar.specparts.shop/products/detail?slug=fispa_fi90012-608168,1026,,,,,[],0,[],0,[],0,,,2.5387
FI-90015,https://icepar.specparts.shop/products/detail?slug=fispa_fi90015-608170,1026,,,,,[],0,[],0,[],0,,,2.6532
FI-90016,https://icepar.specparts.shop/products/detail?slug=fispa_fi90016-608171,1026,,,,,[],0,[],0,[],0,,,2.5513
FI-90020,https://icepar.specparts.shop/products/detail?slug=fispa_fi90020-608174,1026,,,,,[],0,[],0,[],0,,,2.6240
FI-90024,https://icepar.specparts.shop/products/detail?slug=fispa_fi90024-608176,1027,,,,,[],0,[],0,[],0,,,2.5317
FI-90025,https://icepar.specparts.shop/products/detail?slug=fispa_fi90025-608177,1027,,,,,[],0,[],0,[],0,,,2.5662
FI-90027,https://icepar.specparts.shop/products/detail?slug=fispa_fi90027-608178,1027,,,,,[],0,[],0,[],0,,,2.5555
FI-90028,https://icepar.specparts.shop/products/detail?slug=fispa_fi90028-608179,1027,,,,,[],0,[],0,[],0,,,2.5789
FI-90030,https://icepar.specparts.shop/products/detail?slug=fispa_fi90030-608181,1027,,,,,[],0,[],0,[],0,,,2.5532
FI-90032,https://icepar.specparts.shop/products/detail?slug=fispa_fi90032-608183,1027,,,,,[],0,[],0,[],0,,,2.6558
FI-90033,https://icepar.specparts.shop/products/detail?slug=fispa_fi90033-608184,1027,,,,,[],0,[],0,[],0,,,2.5580
FI-90034,https://icepar.specparts.shop/products/detail?slug=fispa_fi90034-608185,1027,,,,,[],0,[],0,[],0,,,2.5527
FI-90036,https://icepar.specparts.shop/products/detail?slug=fispa_fi90036-608186,1027,,,,,[],0,[],0,[],0,,,2.6697
FI-90037,https://icepar.specparts.shop/products/detail?slug=fispa_fi90037-608187,1027,,,,,[],0,[],0,[],0,,,2.5809
FI-90038,https://icepar.specparts.shop/products/detail?slug=fispa_fi90038-608188,1027,,,,,[],0,[],0,[],0,,,2.5215
FI-90039,https://icepar.specparts.shop/products/detail?slug=fispa_fi90039-608189,1027,,,,,[],0,[],0,[],0,,,2.5232
FI-90040,https://icepar.specparts.shop/products/detail?slug=fispa_fi90040-608190,1027,,,,,[],0,[],0,[],0,,,2.7339
FI-90041,https://icepar.specparts.shop/products/detail?slug=fispa_fi90041-608191,1027,,,,,[],0,[],0,[],0,,,2.5135
FI-90046,https://icepar.specparts.shop/products/detail?slug=fispa_fi90046-608193,1027,,,,,[],0,[],0,[],0,,,2.5833
FI-90047,https://icepar.specparts.shop/products/detail?slug=fispa_fi90047-608194,1027,,,,,[],0,[],0,[],0,,,2.5861
FI-90048,https://icepar.specparts.shop/products/detail?slug=fispa_fi90048-608195,1027,,,,,[],0,[],0,[],0,,,2.6048
FI-90049,https://icepar.specparts.shop/products/detail?slug=fispa_fi90049-608196,1027,,,,,[],0,[],0,[],0,,,2.7543
FI-90050,https://icepar.specparts.shop/products/detail?slug=fispa_fi90050-608197,1027,,,,,[],0,[],0,[],0,,,2.5206
FI-90057,https://icepar.specparts.shop/products/detail?slug=fispa_fi90057-608198,1027,,,,,[],0,[],0,[],0,,,2.5997
FI-17009,https://icepar.specparts.shop/products/detail?slug=fispa_fi17009-625217,1028,,,,,[],0,[],0,[],0,,,2.6374
FI-17010,https://icepar.specparts.shop/products/detail?slug=fispa_fi17010-625218,1028,,,,,[],0,[],0,[],0,,,2.6083
FI-17011,https://icepar.specparts.shop/products/detail?slug=fispa_fi17011-625219,1028,,,,,[],0,[],0,[],0,,,2.5603
FI-17012,https://icepar.specparts.shop/products/detail?slug=fispa_fi17012-625220,1028,,,,,[],0,[],0,[],0,,,2.6781
FI-17014,https://icepar.specparts.shop/products/detail?slug=fispa_fi17014-625221,1028,,,,,[],0,[],0,[],0,,,2.5328
FI-17015,https://icepar.specparts.shop/products/detail?slug=fispa_fi17015-625222,1028,,,,,[],0,[],0,[],0,,,2.5930
FI-17017,https://icepar.specparts.shop/products/detail?slug=fispa_fi17017-625223,1028,,,,,[],0,[],0,[],0,,,2.6039
FI-17007,https://icepar.specparts.shop/products/detail?slug=fispa_fi17007-625224,1028,,,,,[],0,[],0,[],0,,,2.6104
FI-17008,https://icepar.specparts.shop/products/detail?slug=fispa_fi17008-625225,1028,,,,,[],0,[],0,[],0,,,2.5521
FI-17013,https://icepar.specparts.shop/products/detail?slug=fispa_fi17013-625226,1028,,,,,[],0,[],0,[],0,,,2.6128
FI-17018,https://icepar.specparts.shop/products/detail?slug=fispa_fi17018-625228,1028,,,,,[],0,[],0,[],0,,,2.6420
FI-17019,https://icepar.specparts.shop/products/detail?slug=fispa_fi17019-625229,1028,,,,,[],0,[],0,[],0,,,2.5624
FI-17020,https://icepar.specparts.shop/products/detail?slug=fispa_fi17020-625230,1028,,,,,[],0,[],0,[],0,,,2.6092
10018043R,https://icepar.specparts.shop/products/detail?slug=spicer_10018043r-346770,1028,,,,,"[""FORD RANGER 2.2 TDCI (2012 AL 2017}"", ""FORD RANGER 2.2 TDCI MT (2016 AL 2026)"", ""FORD RANGER 2.5N (2012 AL 2016)"", ""FORD RANGER 2.5N MT (2016 AL 2026)"", ""FORD RANGER 3.2 TDCI (2012 AL 2016)"", ""FORD RANGER 3.2 TDCI AT (2016 AL 2026)"", ""FORD RANGER 3.2 TDCI MT (2016 AL 2026)""]",7,[],0,[],0,,,12.5141
212036-2X,https://icepar.specparts.shop/products/detail?slug=spicer_2120362x-346771,1028,,,,,"[""FORD RANGER 2.5 TDI (1997 AL 2002)""]",1,"[""DIAMETRO INTERIOR: 40 mm"", ""ANCHO: 32 mm""]",2,[],0,,,11.5479
280012R,https://icepar.specparts.shop/products/detail?slug=spicer_280012r-346772,1028,,,,,"[""VOLKSWAGEN AMAROK 2.0 TDI 122Cv (2010 AL 2013)"", ""VOLKSWAGEN AMAROK 2.0 TDI 140CV (2012 AL 2017)"", ""VOLKSWAGEN AMAROK 2.0 TDI BIT 163CV (2009 AL 2012}"", ""VOLKSWAGEN AMAROK 2.0 TDI BIT 180CV MT (2012 AL 2026)""]",4,"[""DIAMETRO INTERIOR: 45""]",1,[],0,,,14.7346
RS03488ROL,https://icepar.specparts.shop/products/detail?slug=sabo_rs03488rol-632289,1028,,,,,[],0,[],0,[],0,,,2.6300
280014,https://icepar.specparts.shop/products/detail?slug=spicer_280014-733947,1029,,,,,"[""TOYOTA HILUX 2.4 TDI (2015 AL 2026)"", ""TOYOTA HILUX 2.8 TDI AT (2015 AL 2026)"", ""TOYOTA HILUX 2.8 TDI GR 6AT (2018 AL 2026)"", ""TOYOTA HILUX 2.8 TDI GR MT (2018 AL 2022)"", ""TOYOTA HILUX 2.8 TDI GR-S Il 6AT (2020 AL 2022)"", ""TOYOTA HILUX 2.8 TDI GR-S II 6MT (2020 AL 2022)"", ""TOYOTA HILUX 2.8 TDI MT (2015 AL 2026)"", ""TOYOTA HILUX 4.0 V6 VVTI GR-S5 II 6AT (2020 AL 2026)""]",8,"[""DIAMETRO INTERIOR: 32 mm""]",1,[],0,,,18.9418
5016911,https://icepar.specparts.shop/products/detail?slug=spicer_5016911-733948,1029,,,,,"[""TOYOTA HILUX 2.5 TD (2005 AL 2016)"", ""TOYOTA HILUX 2.7 VVT-14 (2013 AL 2016)"", ""TOYOTA HILUX 3.0 TDI (2005 AL 2015)"", ""TOYOTA HILUX 3.0 TDI 177CV (2013 AL 2019)""]",4,"[""DIAMETRO INTERIOR: 30 mm""]",1,[],0,,,14.7340
45-949CR,https://icepar.specparts.shop/products/detail?slug=spicer_45949cr-1258897,1029,,,,,"[""AGRALE 6000 6000 CD (2004 AL 2012)"", ""AGRALE 6000 6000 D (2004 AL 2012)"", ""AGRALE 7500 (2004 AL 2012)"", ""AGRALE MA (2022 AL 2026)"", ""AGRALE MA &.5 (2017 AL 2020)"", ""AGRALE MA MA 10.0 (2017 AL 2026)"", ""AGRALE MA MA 17.0 (2015 AL 2026)"", ""FORD CARGO 1119-39 (2016 AL 2026)"", ""FORD CARGO 1119-42 (2016 AL 2026)"", ""FORD CARGO 1317 (2005 AL 2007)"", ""FORD CARGO 1317E (2006 AL 2012)"", ""FORD CARGO 1416 (1999 AL 2007)"", ""FORD CARGO 1517 (2005 AL 2009)"", ""FORD CARGO 1517E (2007 AL 2016)"", ""FORD CARGO 1519-35 (2016 AL 2022)"", ""FORD CARGO 1519-42 (2017 AL 2019)"", ""FORD CARGO 1519-48 (2016 AL 2022)"", ""FORD CARGO 1716 (1999 AL 2008)"", ""FORD CARGO 1722 3.9 (1999 AL 2008)"", ""FORD CARGO 1722E (2007 AL 2018)"", ""FORD CARGO 1723 4X2 CD MT 37 (2016 AL 2022)"", ""FORD CARGO 1723 4X2 CD MT 43 (2016 AL 2026)"", ""FORD CARGO 1723 4X2 CD MT 48 (2016 AL 2022)"", ""FORD CARGO 1723 4X2 CN MT 37 (2016 AL 2022)"", ""FORD CARGO 1723 4X2 CN MT 43 (2016 AL 2022)"", ""FORD CARGO 1723 4X2 CN MT 48 (2016 AL 2021)"", ""FORD CARGO 1723 6X2 CN AT 48 (2019 AL 2021)"", ""FORD CARGO 1723 6X2 CN MT 48 (2016 AL 2021)"", ""FORD CARGO 1723 6X2 CN MT 53 (2017 AL 2021)"", ""FORD CARGO 1723-53 CN MT 6X2 (2018 AL 2020)"", ""FORD CARGO 1729 - 43 CN AMT (2018 AL 2020)"", ""FORD CARGO 1729 6X2 53 CD MT (2018 AL 2022)"", ""FORD CARGO 1729-37 CD MT (2016 AL 2022)"", ""FORD CARGO 1729-48 CD MT (2016 AL 2022)"", ""FORD CARGO 1729-48 CN MT (2016 AL 2022)"", ""FORD CARGO 1730 3.9 (1999 AL 2009)"", ""FORD CARGO 1731 6X2-48 CD AMT (2018 AL 2021)"", ""FORD CARGO 1731 6X2-48 CN AMT (2018 AL 2021)"", ""FORD CARGO 1731 6X2-53 CD AMT (2018 AL 2021)"", ""FORD CARGO 1731 6X2-53 CN AMT (2018 AL 2021)"", ""FORD CARGO 1831 3.9 (2002 AL 2007)"", ""FORD CARGO 1832E (2007 AL 2012)"", ""FORD CARGO 1932 (2011 AL 2016)"", ""FORD CARGO 1933-36 CD AMT (2016 AL 2026)"", ""FORD CARGO 1933-37 CD MT (2016 AL 2022)"", ""FORD CARGO 1933-48 CD MT (2016 AL 2022)"", ""FORD CARGO 1933-48 CN MT (2016 AL 2017)"", ""FORD CARGO 2042 (2016 AL 2026)"", ""FORD CARGO 2425 3.9 (1995 AL 2001)"", ""FORD CARGO 2525 3.9 (1997 AL 2003)"", ""FORD CARGO 2631 3.9 (2002 AL 2007)"", ""FORD CARGO 2632E (2007 AL 2018)"", ""FORD CARGO 2842 6X2 - 33 CD AMT (2016 AL 2022)"", ""FORD CARGO 3129-34 (2016 AL 2020)"", ""FORD CARGO 3129-45 (2016 AL 2021)"", ""FORD CARGO 3131 6X4-34-H (2018 AL 2022)"", ""FORD CARGO 3131 6X4-45-H (2018 AL 2021)"", ""FORD CARGO 712E (2007 AL 2012)"", ""FORD CARGO 915 (1999 AL 2007)"", ""FORD CARGO 915E (2007 AL 2016)"", ""FORD CARGO 916 (2016 AL 2026)"", ""FORD F-14000 F-14.000 (1996 AL 2008)"", ""FORD F7000 F-7000 (1988 AL 1992)"", ""MERCEDES BENZ 1113 1113 (AUTOBOMBA) (2005 AL 2007)"", ""MERCEDES BENZ 1215 1215C (1999 AL 2005)"", ""MERCEDES BENZ 710 (1997 AL 2001)"", ""VOLKSWAGEN 9140 (1999 AL 2004)"", ""VOLKSWAGEN 9140 9.140 CO (1999 AL 2004)""]",68,[],0,[],0,,,80.1351
45-951CR,https://icepar.specparts.shop/products/detail?slug=spicer_45951cr-1258900,1029,,,,,"[""AGRALE 13000 (2004 AL 2015)"", ""FORD CARGO 1119-39 (2016 AL 2026)"", ""FORD CARGO 1119-42 (2016 AL 2026)"", ""FORD CARGO 1317 (2005 AL 2007)"", ""FORD CARGO 1317E (2006 AL 2012)"", ""FORD CARGO 1416 (1999 AL 2007)"", ""FORD CARGO 1517 (2005 AL 2009)"", ""FORD CARGO 1517E (2007 AL 2016)"", ""FORD CARGO 1519-35 (2016 AL 2022)"", ""FORD CARGO 1519-42 (2017 AL 2019)"", ""FORD CARGO 1519-48 (2016 AL 2022)"", ""FORD CARGO 1716 (1999 AL 2008)"", ""FORD CARGO 1722 3.9 (1999 AL 2008)"", ""FORD CARGO 1722E (2007 AL 2018)"", ""FORD CARGO 1723 4X2 CD MT 37 (2016 AL 2022)"", ""FORD CARGO 1723 4X2 CD MT 43 (2016 AL 2026)"", ""FORD CARGO 1723 4X2 CD MT 48 (2016 AL 2022)"", ""FORD CARGO 1723 4X2 CN MT 37 (2016 AL 2022)"", ""FORD CARGO 1723 4X2 CN MT 43 (2016 AL 2022)"", ""FORD CARGO 1723 4X2 CN MT 48 (2016 AL 2021)"", ""FORD CARGO 1723 6X2 CN AT 48 (2019 AL 2021)"", ""FORD CARGO 1723 6X2 CN MT 48 (2016 AL 2021)"", ""FORD CARGO 1723 6X2 CN MT 53 (2017 AL 2021)"", ""FORD CARGO 1723-53 CN MT 6X2 (2018 AL 2020)"", ""FORD CARGO 1729 - 43 CN AMT (2018 AL 2020)"", ""FORD CARGO 1729 6X2 53 CD MT (2018 AL 2022)"", ""FORD CARGO 1729-37 CD MT (2016 AL 2022)"", ""FORD CARGO 1729-48 CD MT (2016 AL 2022)"", ""FORD CARGO 1729-48 CN MT (2016 AL 2022)"", ""FORD CARGO 1730 3.9 (1999 AL 2009)"", ""FORD CARGO 1731 6X2-48 CD AMT (2018 AL 2021)"", ""FORD CARGO 1731 6X2-48 CN AMT (2018 AL 2021)"", ""FORD CARGO 1731 6X2-53 CD AMT (2018 AL 2021)"", ""FORD CARGO 1731 6X2-53 CN AMT (2018 AL 2021)"", ""FORD CARGO 1831 3.9 (2002 AL 2007)"", ""FORD CARGO 1832E (2007 AL 2012)"", ""FORD CARGO 1932 (2011 AL 2016)"", ""FORD CARGO 1933-36 CD AMT (2016 AL 2026)"", ""FORD CARGO 1933-37 CD MT (2016 AL 2022)"", ""FORD CARGO 1933-48 CD MT (2016 AL 2022)"", ""FORD CARGO 1933-48 CN MT (2016 AL 2017)"", ""FORD CARGO 2042 (2016 AL 2026)"", ""FORD CARGO 2425 3.9 (1995 AL 2001)"", ""FORD CARGO 2525 3.9 (1997 AL 2003)"", ""FORD CARGO 2631 3.9 (2002 AL 2007)"", ""FORD CARGO 2632E (2007 AL 2018)"", ""FORD CARGO 2842 6X2 - 33 CD AMT (2016 AL 2022)"", ""FORD CARGO 3129-34 (2016 AL 2020)"", ""FORD CARGO 3129-45 (2016 AL 2021)"", ""FORD CARGO 3131 6X4-34-H (2018 AL 2022)"", ""FORD CARGO 3131 6X4-45-H (2018 AL 2021)"", ""FORD CARGO 712E (2007 AL 2012)"", ""FORD CARGO 915 (1999 AL 2007)"", ""FORD CARGO 915E (2007 AL 2016)"", ""FORD CARGO 916 (2016 AL 2026)"", ""FORD F-14000 F-14.000 (1996 AL 2008)"", ""MECC EUROCARGO 5.9 (2002 AL 2020)"", ""MECC EUROCARGO 7.8 (2002 AL 2015)"", ""MERCEDES BENZ 1214 (1995 AL 2001)"", ""MERCEDES BENZ 1215 1215C (1999 AL 2005)"", ""MERCEDES BENZ 1218 (1998 AL 2000)"", ""MERCEDES BENZ 1418 (1996 AL 2001)"", ""MERCEDES BENZ 1718 (1996 AL 2000)"", ""MERCEDES BENZ 1718 1718M (2001 AL 2007)"", ""MERCEDES BENZ 1720 (1999 AL 2008)"", ""MERCEDES BENZ 712 712C (2001 AL 2007)"", ""MERCEDES BENZ ACCELO 1016 (2016 AL 2026)"", ""MERCEDES BENZ ACCELO 815 (2016 AL 2026)"", ""MERCEDES BENZ ACCELO 915C (2005 AL 2016)"", ""MERCEDES BENZ ATEGO 1315 (2009 AL 2010)"", ""MERCEDES BENZ ATEGO 1328 (2013 AL 2014)"", ""MERCEDES BENZ ATEGO 1418 (2007 AL 2016)"", ""MERCEDES BENZ ATEGO 1419 (2016 AL 2026)"", ""MERCEDES BENZ ATEGO 1628 (2023 AL 2026)"", ""MERCEDES BENZ ATEGO 1718 (2005 AL 2016)"", ""MERCEDES BENZ ATEGO 1720/36 (2016 AL 2022)"", ""MERCEDES BENZ ATEGO 1720/48 (2016 AL 2022)"", ""MERCEDES BENZ ATEGO 17721 (2018 AL 2026)"", ""MERCEDES BENZ ATEGO 1725 (2007 AL 2017)"", ""MERCEDES BENZ ATEGO 1725 A/S (2007 AL 2019)"", ""MERCEDES BENZ ATEGO 1726 (2016 AL 2026)"", ""MERCEDES BENZ ATEGO 1726 42 (2020 AL 2026)"", ""MERCEDES BENZ ATEGO 1726 5 (2016 AL 2026)"", ""MERCEDES BENZ ATEGO 1726/36 (2016 AL 2022)"", ""MERCEDES BENZ ATEGO 1726/42 (2016 AL 2020)"", ""MERCEDES BENZ ATEGO 1729 (2016 AL 2026)"", ""MERCEDES BENZ ATEGO 1729 5 36 CD (2021 AL 2026)"", ""MERCEDES BENZ ATEGO 2425 (2010 AL 2017)"", ""MERCEDES BENZ ATEGO 2426 &X2 (2016 AL 2026)"", ""MERCEDES BENZ ATEGO 2430 (2022 AL 2026)"", ""MERCEDES BENZ ATEGO 2730B (2017 AL 2026)"", ""MERCEDES BENZ ATEGO 2730K (2017 AL 2026)"", ""MERCEDES BENZ ATEGO 33445 (2023 AL 2026)"", ""MERCEDES BENZ ATEGO 958 ATEGO 1726 /42 CE (2022 AL 2026)"", ""MERCEDES BENZ ATRON 1624 (2013 AL 2016)"", ""MERCEDES BENZ ATRON 1634 (2013 AL 2016)"", ""MERCEDES BENZ ATRON 1635 5 (2020 AL 2026)"", ""MERCEDES BENZ ATRON 1720 (2011 AL 2016)"", ""MERCEDES BENZ ATRON 1735 (2016 AL 2017)"", ""MERCEDES BENZ L 1318 (2007 AL 2014)"", ""MERCEDES BENZ LO 914 (2004 AL 2008)"", ""MERCEDES BENZ LO 915 (2006 AL 2016)"", ""MERCEDES BENZ LO 916 (2016 AL 2026)"", ""MERCEDES BENZ LO 916 (2022 AL 2026)"", ""MERCEDES BENZ LO 916 4.8 (2022 AL 2026)"", ""MERCEDES BENZ OF 1318 (1993 AL 1995)"", ""MERCEDES BENZ OF 1417 (2001 AL 2007)"", ""MERCEDES BENZ OF 1418 (2008 AL 2016)"", ""MERCEDES BENZ OF 1519 (2016 AL 2020)"", ""MERCEDES BENZ OF 1620 (1995 AL 2001)"", ""MERCEDES BENZ OF 1721 (1998 AL 2002, 2016 AL 2026)"", ""VOLKSWAGEN 15.190 (2022 AL 2026)"", ""VOLKSWAGEN 16210 6.5 (1999 AL 2004)"", ""VOLKSWAGEN CONSTELLATION 14.190 ROBUST (2020 AL 2026)"", ""VOLKSWAGEN CONSTELLATION 15.190 ROBUST (2018 AL 2026)"", ""VOLKSWAGEN CONSTELLATION 15190 (2024 AL 2026)"", ""VOLKSWAGEN CONSTELLATION 17.190 DC (2016 AL 2022)"", ""VOLKSWAGEN CONSTELLATION 17.230 (2018 AL 2022)"", ""VOLKSWAGEN CONSTELLATION 17.230 ROBUST (2018 AL 2026)"", ""VOLKSWAGEN CONSTELLATION 17.250 E (2007 AL 2017)"", ""VOLKSWAGEN CONSTELLATION 17.280 LR (2016 AL 2026)"", ""VOLKSWAGEN CONSTELLATION 17230 (2022 AL 2026)"", ""VOLKSWAGEN CONSTELLATION 17280 (2024 AL 2026)"", ""VOLKSWAGEN CONSTELLATION 19.190 ROBUST (2018 AL 2026)"", ""VOLKSWAGEN CONSTELLATION 19.320 E (2008 AL 2017)"", ""VOLKSWAGEN CONSTELLATION 19.330 (2020 AL 2026)"", ""VOLKSWAGEN CONSTELLATION 19.330 HR (2016 AL 2022}"", ""VOLKSWAGEN CONSTELLATION 19.360 HR (2016 AL 2026)"", ""VOLKSWAGEN CONSTELLATION 19.420 HR (2016 AL 2017)"", ""VOLKSWAGEN CONSTELLATION 19360 VTRONIC (2024 AL 2026)"", ""VOLKSWAGEN CONSTELLATION 24.280 (2020 AL 2026)"", ""VOLKSWAGEN CONSTELLATION 25.320 E (2011 AL 2014)"", ""VOLKSWAGEN CONSTELLATION 25.360 (2018 AL 2026)"", ""VOLKSWAGEN CONSTELLATION 25.420 HR (2018 AL 2022}"", ""VOLKSWAGEN CONSTELLATION 25460 (2024 AL 2026)"", ""VOLKSWAGEN CONSTELLATION 26.280 DC (2016 AL 2026)"", ""VOLKSWAGEN CONSTELLATION 26.420 HR (2018 AL 2020)"", ""VOLKSWAGEN CONSTELLATION 31.280 DC (2016 AL 2026)"", ""VOLKSWAGEN CONSTELLATION 31.320 (2012 AL 2020)"", ""VOLKSWAGEN CONSTELLATION 31.320 E (2002 AL 2011)"", ""VOLKSWAGEN CONSTELLATION 31.330 DC (2018 AL 2022)"", ""VOLKSWAGEN CONSTELLATION 31.330 E (2017 AL 2019)"", ""VOLKSWAGEN CONSTELLATION 31370 (2024 AL 2026)"", ""VOLKSWAGEN CONSTELLATION 32.360 V-TRONIC (2022 AL 2026)"", ""VOLKSWAGEN CONSTELLATION 32.360 VIRONIC 6X4 (2022 AL 2026)"", ""VOLKSWAGEN CONSTELLATION 33460 (2024 AL 2026)"", ""VOLKSWAGEN WORKER 13180 (2007 AL 2011)"", ""VOLKSWAGEN WORKER 13190 (2019 AL 2021)"", ""VOLKSWAGEN WORKER 15180 (2006 AL 2016)"", ""VOLKSWAGEN WORKER 15190 (2018 AL 2020)"", ""VOLKSWAGEN WORKER 17210 (2005 AL 2007}"", ""VOLKSWAGEN WORKER 26.260 E (2007 AL 2016)"", ""VOLKSWAGEN WORKER 4.7 (2002 AL 2012)"", ""VOLKSWAGEN WORKER 65 (2001 AL 2017)"", ""VOLKSWAGEN WORKER 8.150 E (2010 AL 2017)"", ""VOLKSWAGEN WORKER 8.3 (1999 AL 2015)"", ""VOLKSWAGEN WORKER 9.150 E (2006 AL 2017)"", ""VOLKSWAGEN WORKER 9.160 E (2018 AL 2022)"", ""VOLKSWAGEN WORKER 9150 (1999 AL 2007)"", ""VOLKSWAGEN WORKER 9160 OD (2018 AL 2026)"", ""VOLVO B-SERIES B12R (2015 AL 2018)"", ""VOLVO B-SERIES 8270 (2016 AL 2026)"", ""VOLVO B-SERIES 8290 (2016 AL 2020)"", ""VOLVO B-SERIES B290R (2014 AL 2017)"", ""VOLVO B-SERIES 8310 4X2 (2018 AL 2022)"", ""VOLVO B-SERIES B310R 4X2 / 16 (2022 AL 2026)"", ""VOLVO B-SERIES 8380 4X2 (2017 AL 2026)"", ""VOLVO B-SERIES B380R 4X2 VIAGGIO G7 1050 (2022 AL 2026)"", ""VOLVO B-SERIES 8430 (2014 AL 2016)"", ""VOLVO B-SERIES 8450 6X2 (2017 AL 2026)"", ""VOLVO B-SERIES B450 6X2 / PARADISO 1800 DD (2022 AL 2026)"", ""VOLVO B-SERIES B7R (2015 AL 2018)""]",172,[],0,[],0,,,191.9168
PH112,https://icepar.specparts.shop/products/detail?slug=phales_ph112-250379,1029,,,,,[],0,[],0,[],0,,,2.6427
PH115,https://icepar.specparts.shop/products/detail?slug=phales_ph115-250382,1030,,,,,[],0,[],0,[],0,,,2.5821
PH12,https://icepar.specparts.shop/products/detail?slug=phales_ph12-250387,1030,,,,,[],0,[],0,[],0,,,2.5532
PH121,https://icepar.specparts.shop/products/detail?slug=phales_ph121-250389,1030,,,,,[],0,[],0,[],0,,,2.5331
PH126,https://icepar.specparts.shop/products/detail?slug=phales_ph126-250394,1030,,,,,[],0,[],0,[],0,,,2.5409
PH13,https://icepar.specparts.shop/products/detail?slug=phales_ph13-250398,1030,,,,,[],0,[],0,[],0,,,2.5145
PH133,https://icepar.specparts.shop/products/detail?slug=phales_ph133-250402,1030,,,,,[],0,[],0,[],0,,,2.5648
PH149,https://icepar.specparts.shop/products/detail?slug=phales_ph149-250418,1031,,,,,[],0,[],0,[],0,,,2.5072
PH158,https://icepar.specparts.shop/products/detail?slug=phales_ph158-250427,1031,,,,,[],0,[],0,[],0,,,2.5529
PH21,https://icepar.specparts.shop/products/detail?slug=phales_ph21-250437,1032,,,,,[],0,[],0,[],0,,,2.5012
PH22,https://icepar.specparts.shop/products/detail?slug=phales_ph22-250438,1032,,,,,[],0,[],0,[],0,,,2.5246
PH23,https://icepar.specparts.shop/products/detail?slug=phales_ph23-250439,1032,,,,,[],0,[],0,[],0,,,2.5763
PH24,https://icepar.specparts.shop/products/detail?slug=phales_ph24-250440,1032,,,,,[],0,[],0,[],0,,,2.7760
PH25,https://icepar.specparts.shop/products/detail?slug=phales_ph25-250441,1032,,,,,[],0,[],0,[],0,,,2.5121
PH26,https://icepar.specparts.shop/products/detail?slug=phales_ph26-250442,1032,,,,,[],0,[],0,[],0,,,2.6174
PH27,https://icepar.specparts.shop/products/detail?slug=phales_ph27-250443,1032,,,,,[],0,[],0,[],0,,,2.5676
PH28,https://icepar.specparts.shop/products/detail?slug=phales_ph28-250444,1032,,,,,[],0,[],0,[],0,,,2.6378
PH29,https://icepar.specparts.shop/products/detail?slug=phales_ph29-250445,1032,,,,,[],0,[],0,[],0,,,2.5460
PH30,https://icepar.specparts.shop/products/detail?slug=phales_ph30-250446,1032,,,,,[],0,[],0,[],0,,,2.6319
PH31,https://icepar.specparts.shop/products/detail?slug=phales_ph31-250447,1032,,,,,[],0,[],0,[],0,,,2.7077
PH32,https://icepar.specparts.shop/products/detail?slug=phales_ph32-250448,1032,,,,,[],0,[],0,[],0,,,2.5351
PH42,https://icepar.specparts.shop/products/detail?slug=phales_ph42-250458,1033,,,,,[],0,[],0,[],0,,,2.5698
PH43,https://icepar.specparts.shop/products/detail?slug=phales_ph43-250459,1033,,,,,[],0,[],0,[],0,,,2.5060
PH44,https://icepar.specparts.shop/products/detail?slug=phales_ph44-250460,1033,,,,,[],0,[],0,[],0,,,2.5235
PH45,https://icepar.specparts.shop/products/detail?slug=phales_ph45-250461,1033,,,,,[],0,[],0,[],0,,,2.6090
PH47,https://icepar.specparts.shop/products/detail?slug=phales_ph47-250463,1033,,,,,[],0,[],0,[],0,,,2.5438
PH48,https://icepar.specparts.shop/products/detail?slug=phales_ph48-250464,1033,,,,,[],0,[],0,[],0,,,2.5153
PH49,https://icepar.specparts.shop/products/detail?slug=phales_ph49-250465,1033,,,,,[],0,[],0,[],0,,,2.5970
PH51,https://icepar.specparts.shop/products/detail?slug=phales_ph51-250467,1033,,,,,[],0,[],0,[],0,,,2.5535
PH54,https://icepar.specparts.shop/products/detail?slug=phales_ph54-250470,1033,,,,,[],0,[],0,[],0,,,2.5522
PH55,https://icepar.specparts.shop/products/detail?slug=phales_ph55-250471,1033,,,,,[],0,[],0,[],0,,,2.5970
PH56,https://icepar.specparts.shop/products/detail?slug=phales_ph56-250472,1033,,,,,[],0,[],0,[],0,,,2.5703
PH57,https://icepar.specparts.shop/products/detail?slug=phales_ph57-250473,1033,,,,,[],0,[],0,[],0,,,2.5399
PH59,https://icepar.specparts.shop/products/detail?slug=phales_ph59-250475,1033,,,,,[],0,[],0,[],0,,,2.4988
PH60,https://icepar.specparts.shop/products/detail?slug=phales_ph60-250476,1033,,,,,[],0,[],0,[],0,,,2.6668
PH66,https://icepar.specparts.shop/products/detail?slug=phales_ph66-250482,1034,,,,,[],0,[],0,[],0,,,2.6812
PH67,https://icepar.specparts.shop/products/detail?slug=phales_ph67-250483,1034,,,,,[],0,[],0,[],0,,,2.5627
PH68,https://icepar.specparts.shop/products/detail?slug=phales_ph68-250484,1034,,,,,[],0,[],0,[],0,,,2.5730
PH69,https://icepar.specparts.shop/products/detail?slug=phales_ph69-250485,1034,,,,,[],0,[],0,[],0,,,2.5389
PH71,https://icepar.specparts.shop/products/detail?slug=phales_ph71-250486,1034,,,,,[],0,[],0,[],0,,,2.5460
PH72,https://icepar.specparts.shop/products/detail?slug=phales_ph72-250487,1034,,,,,[],0,[],0,[],0,,,2.5258
PH78,https://icepar.specparts.shop/products/detail?slug=phales_ph78-250493,1034,,,,,[],0,[],0,[],0,,,2.5228
PH79,https://icepar.specparts.shop/products/detail?slug=phales_ph79-250494,1034,,,,,[],0,[],0,[],0,,,2.5613
PH86,https://icepar.specparts.shop/products/detail?slug=phales_ph86-250501,1034,,,,,[],0,[],0,[],0,,,2.5135
PH87,https://icepar.specparts.shop/products/detail?slug=phales_ph87-250502,1035,,,,,[],0,[],0,[],0,,,2.5205
PH88,https://icepar.specparts.shop/products/detail?slug=phales_ph88-250503,1035,,,,,[],0,[],0,[],0,,,2.5446
PH94,https://icepar.specparts.shop/products/detail?slug=phales_ph94-250509,1035,,,,,[],0,[],0,[],0,,,2.4927
PH95,https://icepar.specparts.shop/products/detail?slug=phales_ph95-250510,1035,,,,,[],0,[],0,[],0,,,2.5669
PH181,https://icepar.specparts.shop/products/detail?slug=phales_ph181-250527,1036,,,,,[],0,[],0,[],0,,,2.5606
PH186,https://icepar.specparts.shop/products/detail?slug=phales_ph186-250532,1036,,,,,[],0,[],0,[],0,,,2.6036
PH101,https://icepar.specparts.shop/products/detail?slug=phales_ph101-515044,1036,,,,,[],0,[],0,[],0,,,2.4999
PH205,https://icepar.specparts.shop/products/detail?slug=phales_ph205-1319146,1036,,,,,[],0,[],0,[],0,,,2.5299
PH204,https://icepar.specparts.shop/products/detail?slug=phales_ph204-1319196,1037,,,,,[],0,[],0,[],0,,,2.4684
T38069,https://icepar.specparts.shop/products/detail?slug=gates_t38069-103822,1037,,,,,"[""BMW M3 3.0 (1988 AL 1995)"", ""BMW M3 3.2 (1995 AL 1999)"", ""BMW SERIE 3 318 17 TDS (1996 AL 2002)"", ""BMW SERIE 3 318 18 (1987 AL 1998)"", ""BMW SERIE 3 318 18 15 (1992 AL 1998)"", ""BMW SERIE 3 318 1815 A/2 AT (1996 AL 1997)"", ""BMW SERIE 3 318 18 TI (1994 AL 1999)"", ""BMW SERIE 3 318 191 (1992 AL 1999)"", ""BMW SERIE 3 320 2.01 (1983 AL 1995)"", ""BMW SERIE 3 323 2.5 TI (1998 AL 2002)"", ""BMW SERIE 3 323 2.5 TIA (1998 AL 2001)"", ""BMW SERIE 3 325 2.51 (1992 AL 1997)"", ""BMW SERIE 3 325 2.51 24V (1992 AL 1997)"", ""BMW SERIE 3 325 251A (1994 AL 1997)"", ""BMW SERIE 3 3251 (2006 AL 2013)"", ""BMW SERIE 3 328 2.81 (1996 AL 2001)"", ""BMW SERIE 3 328 281A (1996 AL 2001)"", ""BMW SERIE 5 525 2.51 (1992 AL 1996)"", ""BMW SERIE 5 540 4.41 (1992 AL 1995)""]",19,"[""LINEA: POLEA FUA"", ""ANCHO DE POLEA 24.6 mm"", ""MATERIAL DE POLEA: PLASTICO"", ""DIAMETRO EXTERIOR DE POLEA: 80 mm""]",4,"[""DAYCO: 89089"", ""GATES EUR: T38069"", ""GATES USA: 38069"", ""INA: 5320418100"", ""SKF: VKM 38003""]",5,,,44.3418
T36059,https://icepar.specparts.shop/products/detail?slug=gates_t36059-103869,1037,,,,,"[""CITROEN BERLINGO 1.8 N (2002 AL 2003)"", ""CITROEN BERLINGO 1.81 (2003 AL 2004)"", ""CITROEN BERLINGO 1.9D (1998 AL 2010)"", ""CITROEN BX 19D TURBO (1992 AL 1993)"", ""CITROEN XANTIA 1.9 TD (1993 AL 1999)"", ""CITROEN XANTIA 1.9D (1993 AL 1996)"", ""CITROEN XSARA 19 TD (1999 AL 2001)"", ""CITROEN ZX 19 TD (1993 AL 1998)"", ""CITROEN ZX 19D (1993 AL 1999)"", ""FIAT DUCATO 1.9 10D (1992 AL 2001)"", ""PEUGEOT 306 1.9 TD (1995 AL 2000)"", ""PEUGEOT 306 1.9 TDI (1999 AL 2002)"", ""PEUGEOT 306 1.9 XSD (1995 AL 1997)"", ""PEUGEOT 306 1.9 XSDT (1995 AL 1997)"", ""PEUGEOT 405 1.9 (1992 AL 1998)"", ""PEUGEOT 405 1.9 SRD (1991 AL 1997)"", ""PEUGEOT BOXER 1.9D (1995 AL 2003)"", ""PEUGEOT PARTNER 19D (1998 AL 2011)"", ""SUZUKI VITARA L9D (1996 AL 1999)""]",19,"[""LINEA: POLEA FUA"", ""Medida ext: 205 x 60,2"", ""OBSERVACION : Con soporte"", ""DIAMETRO EXTERIOR DE POLEA: 85 mm"", ""MATERIAL DE POLEA: METAL"", ""ANCHO DE POLEA 26 mm""]",6,"[""GATES EUR: T36059"", ""INA: 531009710"", ""KUGELLAGER: 1491T""]",3,,,44.1869
T36061,https://icepar.specparts.shop/products/detail?slug=gates_t36061-103886,1037,,,,,"[""CITROEN XANTIA 2.0 16V (1993 AL 1998)"", ""CITROEN ZX 18 (1993 AL 1996)"", ""PEUGEOT 405 2.0 16¥V (1991 AL 1995)"", ""PEUGEOT 605 2.0 (1992 AL 1997}"", ""PEUGEOT PARTNER 18 8V (1998 AL 2003)""]",5,"[""Medida ext: 205 x 57"", ""OBSERVACION : Con soporte"", ""LINEA: POLEA FUA"", ""MATERIAL DE POLEA: METAL"", ""ANCHO DE POLEA 24.7 mm"", ""DIAMETRO EXTERIOR DE POLEA: 90 mm""]",6,"[""GATES EUR: T36061"", ""INA: 121338.5""]",2,,,28.3727
T36062,https://icepar.specparts.shop/products/detail?slug=gates_t36062-103890,1037,,,,,"[""CITROEN XSARA 19D (1998 AL 2001)"", ""PEUGEOT 206 1.9D (1999 AL 2009)"", ""PEUGEOT 207 1.9D (2008 AL 2009)"", ""PEUGEOT EXPERT 19D (1999 AL 2006)""]",4,"[""LINEA: POLEA FUA"", ""Medida ext: 223 x61"", ""OBSERVACION : Con soporte"", ""DIAMETRO EXTERIOR DE POLEA: 85 mm"", ""MATERIAL DE POLEA: METAL"", ""ANCHO DE POLEA 26 mm""]",6,"[""GATES EUR: T36062"", ""KUGELLAGER: 1511T""]",2,,,26.6096
T36024,https://icepar.specparts.shop/products/detail?slug=gates_t36024-103894,1037,,,,,"[""PEUGEOT BOXER 2.5D (1998 AL 2001)""]",1,"[""LINEA: POLEA FUA"", ""Medida ext: 188 x 53"", ""OBSERVACION : Con soporte"", ""DIAMETRO EXTERIOR DE POLEA: 80 mm"", ""MATERIAL DE POLEA: METAL"", ""ANCHO DE POLEA 26.2 mm""]",6,"[""GATES EUR: T36024"", ""INA: 531026210""]",2,,,22.2298
T36022,https://icepar.specparts.shop/products/detail?slug=gates_t36022-103895,1037,,,,,"[""PEUGEOT BOXER 2.5D (1998 AL 2001)""]",1,"[""Medida ext: 142 x 35,6"", ""OBSERVACION : Con soporte"", ""LINEA: POLEA FUA"", ""ANCHO DE POLEA 26.2 mm"", ""MATERIAL DE POLEA: METAL"", ""DIAMETRO EXTERIOR DE POLEA: 94 mm""]",6,"[""GATES EUR: T36022""]",1,,,21.1915
T36063,https://icepar.specparts.shop/products/detail?slug=gates_t36063-103911,1037,,,,,"[""CITROEN SAXG 1.5D (2001 AL 2003)"", ""PEUGEOT 106 1.5D (1999 AL 2002)""]",2,"[""LINEA: POLEA FUA"", ""Medida ext: 200 x 68"", ""OBSERVACION : Con soporte"", ""DIAMETRO EXTERIOR DE POLEA: 69 mm"", ""ANCHO DE POLEA 24.5 mm"", ""MATERIAL DE POLEA: METAL""]",6,"[""GATES EUR: T36063""]",1,,,23.2499
T36058,https://icepar.specparts.shop/products/detail?slug=gates_t36058-103930,1037,,,,,"[""FIAT BRAVO 2.0 (1999 AL 2001)"", ""FIAT MAREA 2.0 20V (1998 AL 2004)"", ""FIAT TIPO 2.0 16¥V (1993 AL 1995)""]",3,"[""LINEA: POLEA FUA"", ""OBSERVACION : Con soporte"", ""MATERIAL DE POLEA: METAL"", ""DIAMETRO EXTERIOR DE POLEA: 65 mm"", ""ANCHO DE POLEA 26.6 mm""]",5,"[""GATES BRA: T36058"", ""GATES EUR: T36058""]",2,,,24.2106
T36018,https://icepar.specparts.shop/products/detail?slug=gates_t36018-103953,1038,,,,,"[""RENAULT TWINGO 1.2 (1992 AL 2000)""]",1,"[""ANCHO DE POLEA 17.8 mm"", ""DIAMETRO EXTERIOR DE POLEA: 60 mm"", ""MATERIAL DE POLEA: PLASTICO""]",3,"[""GATES EUR: T36018""]",1,,,18.0771
T38457,https://icepar.specparts.shop/products/detail?slug=gates_t38457-117985,1038,,,,,"[""RENAULT LAGUNA 139 DTI (1998 AL 2002)"", ""RENAULT MEGANE 1.6 8V (1998 AL 1999)"", ""RENAULT MEGANE 1.9 DTI (2002 AL 2003)"", ""RENAULT MEGANE 1.9 TD (1998 AL 1999)"", ""RENAULT MEGANE 2.0 115C¥ (1997 AL 2003)"", ""RENAULT MEGANE 2.0 150CV (1997 AL 2000)"", ""RENAULT SAFRANE 3.01 (1992 AL 1997)"", ""RENAULT SCENIC 19 DTI (1998 AL 2002)"", ""RENAULT SCENIC 2.0 115CV (1998 AL 2001)"", ""RENAULT TRAFIC 14 (1986 AL 1997)"", ""RENAULT TRAFIC 19D (1988 AL 2002)"", ""RENAULT TRAFIC 2.1D (1986 AL 1999)"", ""RENAULT TRAFIC 2.2 (1988 AL 1998)"", ""VOLVO 540 19 TDI (1998 AL 2001)"", ""VOLVO V40 19 TDI (1998 AL 2001)""]",15,"[""MATERIAL DE POLEA: PLASTICO"", ""DIAMETRO EXTERIOR DE POLEA: 60 mm"", ""ANCHO DE POLEA 26 mm""]",3,"[""GATES EUR: T38457"", ""HUTCHINSON: T2013""]",2,,,35.0110
T38355,https://icepar.specparts.shop/products/detail?slug=gates_t38355-117987,1038,,,,,"[""RENAULT MEGANE 1.9 DCI (2005 AL 2006)"", ""RENAULT MEGANE 1.9 DTI (1999 AL 2009)"", ""RENAULT SCENIC 19 DTI (2001 AL 2009)""]",3,"[""ANCHO DE POLEA 25.5 mm"", ""MATERIAL DE POLEA: PLASTICO"", ""DIAMETRO EXTERIOR DE POLEA: 60 mm""]",3,"[""GATES EUR: T38355"", ""HUTCHINSON: T2036"", ""KUGELLAGER: 1580T""]",3,,,23.4835
T38482,https://icepar.specparts.shop/products/detail?slug=gates_t38482-117991,1038,,,,,"[""RENAULT DUSTER 2.0 16¥ (2011 AL 2022)"", ""RENAULT DUSTER OROCH 2.0 16V (2016 AL 2026)"", ""RENAULT DUSTER PH2 20 16¥ (2017 AL 2022)"", ""RENAULT LAGUNA 139 DCI PRIVILEGE (2003 AL 2009)"", ""RENAULT SANDERG 2.0 16V (2016 AL 2026)""]",5,"[""ANCHO DE POLEA 30 mm"", ""DIAMETRO EXTERIOR DE POLEA: 65 mm"", ""MATERIAL DE POLEA: METAL""]",3,"[""GATES EUR: 950627"", ""GATES EUR: T38482"", ""ZEN: 13520""]",3,,,25.2193
T38481,https://icepar.specparts.shop/products/detail?slug=gates_t38481-117992,1038,,,,,"[""RENAULT LAGUNA 2.2D (1996 AL 1998)""]",1,"[""ANCHO DE POLEA 26.6 mm"", ""MATERIAL DE POLEA: METAL"", ""DIAMETRO EXTERIOR DE POLEA: 65 mm""]",3,"[""GATES EUR: T38481"", ""INA: 534001710""]",2,,,18.9648
T38147,https://icepar.specparts.shop/products/detail?slug=gates_t38147-117994,1038,,,,,"[""SEAT ALHAMBRA 20 (1997 AL 1999)"", ""SEAT CORDOBA 2.0 (1997 AL 1999)"", ""SEAT IBIZA 18 (1994 AL 1997)"", ""SEAT IBIZA 18 16V (1995 AL 1997)"", ""SEAT IBIZA 2.0 (1994 AL 2000)"", ""SEAT IBIZA 2.0 16V (1996 AL 2000)"", ""SEAT TOLEDO 1.8 (1994 AL 1996)"", ""SEAT TOLEDO 2.0 (1994 AL 1999)"", ""SEAT TOLEDO 2.0 16V (1994 AL 1995)"", ""VOLKSWAGEN CADDY 16 MI (1998 AL 2010)"", ""VOLKSWAGEN POLO CLASSIC 16 8V (2001 AL 2009)"", ""VOLKSWAGEN POLO CLASSIC 16 MI (1996 AL 2001)""]",12,"[""DIAMETRO EXTERIOR DE POLEA: 103.4 mm"", ""ANCHO DE POLEA 40 mm"", ""MATERIAL DE POLEA: METAL""]",3,"[""DAYCO: APV2240"", ""GATES EUR: T38147"", ""INA: 533007530"", ""INA: 5330075300"", ""SKF: VKM 31210""]",5,,,35.7910
T38345,https://icepar.specparts.shop/products/detail?slug=gates_t38345-117999,1038,,,,,"[""AUDI 80 19 TDI (1994 AL 1997)"", ""SEAT CORDOBA 1.9 TD (1994 AL 1998)"", ""SEAT CORDOBA 1.9 TDI (1997 AL 2000)"", ""SEAT CORDOBA 1.9D (1994 AL 2003)"", ""SEAT IBIZA L9D (1993 AL 2000)"", ""SEAT INCA 19D (1997 AL 2001)"", ""SEAT LEON 19 TDI (2001 AL 2005)"", ""SEAT TOLEDO 1.9 TDI (1994 AL 2005)"", ""SEAT TOLEDO 1.9D (1994 AL 2000)"", ""VOLKSWAGEN CADDY 16 MI (1998 AL 2010)"", ""VOLKSWAGEN GOLF 19 TD (1996 AL 1999)"", ""VOLKSWAGEN NEW BEETLE 19 TDI (2003 AL 2008)"", ""VOLKSWAGEN POLO CLASSIC 16 8V (2001 AL 2009)"", ""VOLKSWAGEN POLO CLASSIC 16 MI (1996 AL 2001)"", ""VOLKSWAGEN TRANSPORTER 139 TD (1996 AL 2002)"", ""VOLKSWAGEN TRANSPORTER 24 SD (1999 AL 2004)""]",16,"[""MATERIAL DE POLEA: METAL"", ""ANCHO DE POLEA 40 mm"", ""DIAMETRO EXTERIOR DE POLEA: 77 mm""]",3,"[""GATES EUR: 950405"", ""GATES EUR: T38345""]",2,,,36.1027
T38192,https://icepar.specparts.shop/products/detail?slug=gates_t38192-118001,1038,,,,,"[""SEAT CORDOBA 1.9 TDI (1999 AL 2003)"", ""SEAT LEON 19 TDI (2001 AL 2005)"", ""VOLKSWAGEN BORA 19 TDI (2000 AL 2006)"", ""VOLKSWAGEN POLO CLASSIC 19 TDI (2001 AL 2009)""]",4,"[""DIAMETRO EXTERIOR DE POLEA: 70 mm"", ""MATERIAL DE POLEA: METAL"", ""ANCHO DE POLEA 24 mm""]",3,"[""DAYCO: APV2244"", ""GATES EUR: 950434"", ""GATES EUR: T38192"", ""GATES USA: 38192"", ""INA: 5330081300"", ""SKF: VKM 31012""]",6,,,27.5151
T38387,https://icepar.specparts.shop/products/detail?slug=gates_t38387-118004,1038,,,,,"[""AUDI A3 19 TDI (1997 AL 2005)"", ""SEAT IBIZA 19D (2000 AL 2005)"", ""SEAT TOLEDO 1.9 TDI (1996 AL 2000)"", ""VOLKSWAGEN GOLF 19 TDI (1999 AL 2011)""]",4,"[""ANCHO DE POLEA 24 mm"", ""DIAMETRO EXTERIOR DE POLEA: 70 mm"", ""MATERIAL DE POLEA: METAL""]",3,"[""GATES EUR: 950464"", ""GATES EUR: T38387""]",2,,,23.1078
T38240,https://icepar.specparts.shop/products/detail?slug=gates_t38240-118007,1038,,,,,"[""VOLVO 540 19 TDI (1998 AL 2001)"", ""VOLVO V40 19 TDI (1998 AL 2001)""]",2,"[""ANCHO DE POLEA 25.5 mm"", ""MATERIAL DE POLEA: PLASTICO"", ""DIAMETRO EXTERIOR DE POLEA: 60 mm""]",3,"[""GATES EUR: T38240""]",1,,,19.9865
T39162,https://icepar.specparts.shop/products/detail?slug=gates_t39162-118011,1038,,,,,"[""NISSAN TIIDA 1.8 16¥V (2007 AL 2015)"", ""RENAULT FLUENCE 2.0 16V (2010 AL 2019)"", ""RENAULT FLUENCE 2.0 16V CVT (2015 AL 2020)"", ""RENAULT LATITUDE 2.0 16V (2011 AL 2015)"", ""RENAULT MEGANE 2.0 16V (2011 AL 2020)""]",5,"[""ANCHO DE POLEA 27 mm"", ""MATERIAL DE POLEA: METAL"", ""DIAMETRO EXTERIOR DE POLEA: 70 mm""]",3,"[""DAYCO: APV2671"", ""GATES EUR: 999787"", ""GATES EUR: T39162"", ""INA: 5340442100"", ""SKF: VKM 62025"", ""ZEN: 13532""]",6,,,28.6323
T38175,https://icepar.specparts.shop/products/detail?slug=gates_t38175-118013,1038,,,,,"[""VOLKSWAGEN GOLF 2.8 VR6 (1996 AL 1999)""]",1,"[""MATERIAL DE POLEA: PLASTICO"", ""ANCHO DE POLEA 28.8 mm"", ""DIAMETRO EXTERIOR DE POLEA: 68.6 mm""]",3,"[""GATES EUR: T38175"", ""GATES USA: 38175""]",2,,,19.0181
T38280,https://icepar.specparts.shop/products/detail?slug=gates_t38280-118014,1038,,,,,"[""CITROEN BERLINGO 1.9D (1998 AL 2010)"", ""PEUGEOT 206 1.9D (1999 AL 2009)"", ""PEUGEOT 207 1.9D (2008 AL 2009)"", ""PEUGEOT PARTNER 19D (1998 AL 2003)"", ""SUZUKI VITARA L9D (1996 AL 1999)""]",5,"[""DIAMETRO EXTERIOR DE POLEA: 60 mm"", ""ANCHO DE POLEA 26.7 mm"", ""MATERIAL DE POLEA: METAL""]",3,"[""GATES EUR: T38280"", ""ZEN: 13229""]",2,,,24.8385
T38151,https://icepar.specparts.shop/products/detail?slug=gates_t38151-118016,1038,,,,,"[""AUDI A4 18 (1993 AL 2001)"", ""AUDI A4 18 T (1997 AL 2010)"", ""VOLKSWAGEN PASSAT 1.8 (1998 AL 2001)"", ""VOLKSWAGEN PASSAT 1 T (1998 AL 2005)"", ""VOLKSWAGEN PASSAT 1.3 TURBO (1998 AL 2001)"", ""VOLKSWAGEN PASSAT 2.01 (1995 AL 1999)""]",6,"[""ANCHO DE POLEA 21 mm"", ""MATERIAL DE POLEA: METAL"", ""DIAMETRO EXTERIOR DE POLEA: 76.5 mm""]",3,"[""DAYCO: APV2242"", ""GATES EUR: T38151"", ""GATES USA: 38151"", ""INA: 5330077300"", ""SKF: VKM 31033""]",5,,,29.0441
T38306,https://icepar.specparts.shop/products/detail?slug=gates_t38306-118017,1038,,,,,"[""AUDI A4 19 TDI (1997 AL 2001)"", ""VOLKSWAGEN PASSAT 1.9 TDI (2001 AL 2005)""]",2,"[""ANCHO DE POLEA 21 mm"", ""MATERIAL DE POLEA: PLASTICO"", ""DIAMETRO EXTERIOR DE POLEA: 81 mm""]",3,"[""DAYCO: APV2259"", ""GATES EUR: T38306"", ""INA: 5340014100"", ""SKF: VKM 31013""]",4,,,23.1017
T38193,https://icepar.specparts.shop/products/detail?slug=gates_t38193-118018,1039,,,,,"[""AUDI A4 2.4 V6 (1999 AL 2001)"", ""AUDI A4 2.8 V6 (1993 AL 2001)"", ""AUDI A6 2.4 (1998 AL 2000, 2002 AL 2005)"", ""AUDI A6 2.4 V6 (1998 AL 2001)"", ""AUDI A6 2.7 BIT (2003 AL 2005)"", ""AUDI A6 2.8 V6 (1998 AL 2001)"", ""AUDI ALLROAD 27 BITURBO (2001 AL 2005, 2007 AL 2010)"", ""AUDI R54 2.7 V6T (2000)"", ""AUDI 54 27 BIT (1999 AL 2002)"", ""VOLKSWAGEN PASSAT 2.8 V6 4MOTION (2001 AL 2005)"", ""VOLKSWAGEN PASSAT 2.8 VR6 (1995 AL 1998)""]",11,"[""ANCHO DE POLEA 25 mm"", ""MATERIAL DE POLEA: METAL"", ""DIAMETRO EXTERIOR DE POLEA: 76 mm""]",3,"[""GATES EUR: 950440"", ""GATES EUR: T38193"", ""GATES USA: 38193""]",3,,,32.5212
T38228,https://icepar.specparts.shop/products/detail?slug=gates_t38228-118020,1039,,,,,"[""AUDI A6 2.5 TDI (2000 AL 2002)"", ""AUDI ALLROAD 25 TDI (2001 AL 2005)""]",2,"[""MATERIAL DE POLEA: METAL"", ""DIAMETRO EXTERIOR DE POLEA: 63 mm"", ""ANCHO DE POLEA 17 mm""]",3,"[""GATES EUR: T38228""]",1,,,21.0498
T38436,https://icepar.specparts.shop/products/detail?slug=gates_t38436-118021,1039,,,,,"[""AUDI A3 19 TDI (2008 AL 2009)"", ""VOLKSWAGEN TRANSPORTER 139 TDI (2008 AL 2011)"", ""VOLKSWAGEN VENTO 139 TDI (2006 AL 2011)""]",3,"[""ANCHO DE POLEA 23.8 mm"", ""DIAMETRO EXTERIOR DE POLEA: 70 mm"", ""MATERIAL DE POLEA: PLASTICO""]",3,"[""DAYCO: APV2501"", ""GATES EUR: 950371"", ""GATES EUR: T38436"", ""INA: 534015110"", ""INA: 5340151100"", ""SKF: VKM 31054""]",6,,,26.3274
T38375,https://icepar.specparts.shop/products/detail?slug=gates_t38375-118023,1039,,,,,"[""VOLKSWAGEN PASSAT 1.9 TDI (1998 AL 2001)""]",1,"[""DIAMETRO EXTERIOR DE POLEA: 77 mm"", ""ANCHO DE POLEA 20 mm"", ""MATERIAL DE POLEA: PLASTICO""]",3,"[""DAYCO: APV2105"", ""GATES EUR: T38375"", ""INA: 5310745100"", ""SKF: VKM 31034""]",4,,,20.8997
T38584,https://icepar.specparts.shop/products/detail?slug=gates_t38584-118025,1039,,,,,"[""NMECO CC170E22 (2005 AL 2012)"", ""MECC EUROCARGO 5.9 (2005 AL 2020)"", ""MECC TECTOR 5.9 (2016 AL 2018)""]",3,"[""ANCHO DE POLEA 32 mm"", ""MATERIAL DE POLEA: METAL"", ""DIAMETRO EXTERIOR DE POLEA: 86.5 mm""]",3,"[""GATES EUR: T38584"", ""GATES EUR: T38584 ES""]",2,,,22.5586
T38585,https://icepar.specparts.shop/products/detail?slug=gates_t38585-118029,1039,,,,,"[""VOLVO FH-SERIES FH12 380 4X2 (1999 AL 2006)"", ""VOLVO FH-SERIES FH12 420 4X2 (1999 AL 2006)"", ""VOLVO FH-SERIES FH12 460 4X2 (1999 AL 2006)"", ""VOLVO FH-SERIES FH12 460 &X4 (2007 AL 2008)"", ""VOLVO FM-SERIES FM12 340 4X2 (2006 AL 2007)"", ""VOLVO FM-SERIES FM12 420 6X4 (2006 AL 2007)"", ""VOLVO NH NH12 380 4X2 (2000 AL 2003)"", ""VOLVO NH NH12 420 4X2 (2003 AL 2007)"", ""VOLVO NH NH12 460 4X2 (2003 AL 2007)"", ""VOLVO VNL VNL 64T (2011 AL 2013)"", ""VOLVO VNL VNL 670 (2011 AL 2013)"", ""VOLVO VNL VNL 780 (2011 AL 2013)""]",12,"[""ANCHO DE POLEA 40 mm"", ""MATERIAL DE POLEA: METAL"", ""DIAMETRO EXTERIOR DE POLEA: 75 mm""]",3,"[""GATES EUR: T38585"", ""GATES EUR: T38585 ES""]",2,,,32.3955
T38232,https://icepar.specparts.shop/products/detail?slug=gates_t38232-118039,1039,,,,,"[""CITROEN BERLINGO 1.6 16V (2010 AL 2017)"", ""CITROEN C3 16 16V (2005 AL 2012)"", ""CITROEN C4 16 16V (2007 AL 2014)"", ""CITROEN XSARA 16 16V (1992 AL 1993, 2003 AL 2005)"", ""PEUGEOT PARTNER 16 N (2003 AL 2005)""]",5,"[""DIAMETRO EXTERIOR DE POLEA: 70 mm"", ""MATERIAL DE POLEA: METAL"", ""ANCHO DE POLEA 27 mm""]",3,"[""GATES EUR: T38232"", ""INA: 122748.11"", ""ZEN: 13251"", ""ZEN: 13539""]",4,,,26.3492
T38392,https://icepar.specparts.shop/products/detail?slug=gates_t38392-118041,1039,,,,,"[""CITROEN BERLINGO 2.0 HDI (2002 AL 2005)"", ""CITROEN C4 2.0 HDI (2007 AL 2010)"", ""CITROEN C5 2.0 HDI (2002 AL 2005)"", ""CITROEN XANTIA 2.0 HDI (1999 AL 2001)"", ""CITROEN XSARA 2.0 HDI (2001 AL 2005)"", ""CITROEN XSARA PICASSO 2.0 HDI (2001 AL 2011)"", ""PEUGEOT 206 2.0 HDI (2000 AL 2009)"", ""PEUGEOT 207 2.0 HDI (2008 AL 2011)"", ""PEUGEOT 306 2.0 HDI (2000 AL 2003)"", ""PEUGEOT 307 2.0 HDI (2001 AL 2007)"", ""PEUGEOT 307 2.0 HDI 110CV (2006 AL 2012)"", ""PEUGEOT 307 2.0 HDI 90CV (2006 AL 2010)"", ""PEUGEOT 406 2.0 HDI (2000 AL 2004)"", ""PEUGEOT 806 2.0 HDI (2000 AL 2002)"", ""PEUGEOT 807 2.0 HDI (2003 AL 2010)"", ""PEUGEOT EXPERT 2.0 HDI 120CV (2008 AL 2005)"", ""PEUGEOT EXPERT 2.0 HDI 95CV (2006 AL 2008)"", ""PEUGEOT PARTNER 2.0 HDI (2002 AL 2006)""]",18,"[""MATERIAL DE POLEA: PLASTICO"", ""ANCHO DE POLEA 25.5 mm"", ""DIAMETRO EXTERIOR DE POLEA: 70 mm""]",3,"[""GATES EUR: T38392"", ""INA: 534011020""]",2,,,37.9648
T38234,https://icepar.specparts.shop/products/detail?slug=gates_t38234-118047,1039,,,,,"[""CITROEN BERLINGO 1.8 N (2002 AL 2003)"", ""CITROEN BERLINGO 1.81 (2003 AL 2004)"", ""CITROEN XANTIA 2.0 16V (1993 AL 2000)"", ""CITROEN XANTIA 2.01 (1993 AL 1998)"", ""CITROEN XSARA 2.0 16V (1999 AL 2004)"", ""CITROEN ZX 2.0 (1993 AL 1995)"", ""CITROEN ZX 2.0 16V (1993 AL 1999)"", ""PEUGEOT 206 1.4 &V (1999 AL 2003)"", ""PEUGEOT 306 18 16¥ (1997 AL 2001)"", ""PEUGEOT 306 1.4 8&V (1998 AL 1999)"", ""PEUGEOT 306 2.0 (1995 AL 2002)"", ""PEUGEOT 306 2.0 16¥V (1997 AL 1999)"", ""PEUGEOT 307 2.0 180CV (2005 AL 20059)"", ""PEUGEOT 406 14 (1996 AL 1999)"", ""PEUGEOT 406 2.0 (138CV) (2000 AL 2002)"", ""PEUGEOT 406 2.0 (1996 AL 2003)"", ""PEUGEOT 406 2.0 ST (1999 AL 2002)"", ""PEUGEOT 605 2.0 (1992 AL 1997}"", ""PEUGEOT 806 2.0 (1993 AL 1998)"", ""PEUGEOT 806 2.0 ST (2000 AL 2002)""]",20,"[""DIAMETRO EXTERIOR DE POLEA: 90.5 mm"", ""ANCHO DE POLEA 25.1mm"", ""MATERIAL DE POLEA: PLASTICO""]",3,"[""GATES EUR: T38234"", ""INA: 123746"", ""INA: 533007220""]",3,,,41.0273
T38235,https://icepar.specparts.shop/products/detail?slug=gates_t38235-118050,1039,,,,,"[""CITROEN BERLINGO 1.9D (1998 AL 2010)"", ""CITROEN EVASION 19 TDI (1994 AL 1998)"", ""CITROEN XSARA 19D (1998 AL 2005)"", ""PEUGEOT 406 1.9 TD (1991 AL 2001)"", ""PEUGEOT 406 2.1 TD (1999 AL 2001)""]",5,"[""DIAMETRO EXTERIOR DE POLEA: 60 mm"", ""MATERIAL DE POLEA: PLASTICO"", ""ANCHO DE POLEA 25.5 mm""]",3,"[""GATES EUR: T38235"", ""HUTCHINSON: T1008"", ""INA: 534010020"", ""KUGELLAGER: 1509T_POLEA""]",4,,,26.2319
T38331,https://icepar.specparts.shop/products/detail?slug=gates_t38331-118058,1040,,,,,"[""FORD ECOSPORT 1.5 TDCI (2012 AL 2017)"", ""PEUGEOT 307 1.6 HDI (2005 AL 2009)""]",2,"[""ANCHO DE POLEA 25.5 mm"", ""DIAMETRO EXTERIOR DE POLEA: 46 mm"", ""MATERIAL DE POLEA: PLASTICO""]",3,"[""GATES EUR: T38331"", ""KUGELLAGER: 1455T""]",2,,,21.0152
T39186,https://icepar.specparts.shop/products/detail?slug=gates_t39186-118060,1040,,,,,"[""CITROEN SPACETOURER 2.0 HDI AT6 115Cv (2018 AL 2022)"", ""CITROEN SPACETOURER 2.0 HDI AT6 150CV (2017 AL 2022)"", ""PEUGEOT 5008 2.0 HDI TIPTRONIC (2018 AL 2026)"", ""PEUGEOT 508 2.0 HDI 163CV (2012 AL 2017)""]",4,"[""DIAMETRO EXTERIOR DE POLEA: 65 mm"", ""ANCHO DE POLEA 25 mm"", ""MATERIAL DE POLEA: PLASTICO""]",3,"[""GATES EUR: T39186""]",1,,,22.1104
T38233,https://icepar.specparts.shop/products/detail?slug=gates_t38233-118064,1040,,,,,"[""CITROEN BX 19D TURBO (1992 AL 1993)"", ""CITROEN XANTIA 1.9 TD (1993 AL 1999)"", ""CITROEN XANTIA 1.9D (1993 AL 1996)"", ""CITROEN ZX 19D (1993 AL 1999)"", ""PEUGEOT 306 1.9 TD (1995 AL 2000)"", ""PEUGEOT 306 1.9 TDI (1999 AL 2002)"", ""PEUGEOT 306 1.9D (1999 AL 2003)"", ""PEUGEOT 405 1.9 SRD (1991 AL 1997)""]",8,"[""MATERIAL DE POLEA: METAL"", ""DIAMETRO EXTERIOR DE POLEA: 60 mm"", ""ANCHO DE POLEA 28 mm""]",3,"[""GATES EUR: T38233"", ""KUGELLAGER: 1492T""]",2,,,28.4681
T36212,https://icepar.specparts.shop/products/detail?slug=gates_t36212-118070,1040,,,,,"[""CHEVROLET ASTRA 20 TD (1999 AL 2003)"", ""CHEVROLET ASTRA 20 TD 16V (1998 AL 2008)""]",2,"[""ANCHO DE POLEA 26 mm"", ""MATERIAL DE POLEA: PLASTICO"", ""DIAMETRO EXTERIOR DE POLEA: 117 mm""]",3,"[""GATES EUR: T36212""]",1,,,19.9000
T38239,https://icepar.specparts.shop/products/detail?slug=gates_t38239-118071,1040,,,,,"[""CHEVROLET ASTRA 20 16V (2002 AL 2003)"", ""CHEVROLET ASTRA 20 TD (1999 AL 2003)"", ""CHEVROLET ASTRA 20 TD 16V (1998 AL 2008)"", ""CHEVROLET VECTRA 2.0 16V TDI (1998 AL 2003)""]",4,"[""ANCHO DE POLEA 24.6 mm"", ""MATERIAL DE POLEA: PLASTICO"", ""DIAMETRO EXTERIOR DE POLEA: 90 mm""]",3,"[""GATES EUR: T38239""]",1,,,22.1133
T38212,https://icepar.specparts.shop/products/detail?slug=gates_t38212-118072,1040,,,,,"[""CHEVROLET MERIVA 17 TDI (2005 AL 2010)"", ""CHEVROLET SPIN 18 &V AT (2015 AL 2022)"", ""CHEVROLET SPIN 18 &V MT (2015 AL 2026)"", ""CHEVROLET TIGRA 16 MPFI (1998 AL 2001)"", ""FIAT STILO 1.8 16V (2003 AL 2007)"", ""FIAT STILO 1.8 8V (2004 AL 2010)""]",6,"[""ANCHO DE POLEA 22 mm"", ""DIAMETRO EXTERIOR DE POLEA: 76 mm"", ""MATERIAL DE POLEA: PLASTICO""]",3,"[""DAYCO: APV2301"", ""GATES EUR: 950205"", ""GATES EUR: T38212"", ""INA: 534011520"", ""INA: 5340115200"", ""SKF: VKM 35012""]",6,,,29.2960
T38213,https://icepar.specparts.shop/products/detail?slug=gates_t38213-118073,1040,,,,,"[""CHEVROLET CORSA 14 (1994 AL 1996)""]",1,"[""ANCHO DE POLEA 26 mm"", ""DIAMETRO EXTERIOR DE POLEA: 70 mm"", ""MATERIAL DE POLEA: METAL""]",3,"[""DAYCO: APV2296"", ""GATES EUR: 950203"", ""GATES EUR: T38213"", ""INA: 534010230"", ""INA: 5340102300"", ""SKF: VKM 35008"", ""ZEN: 13506""]",7,,,23.9802
T38356,https://icepar.specparts.shop/products/detail?slug=gates_t38356-118075,1040,,,,,"[""ALFA ROMEC 145 19 JTD (1999 AL 2002)"", ""ALFA ROMEC 145 19 TD (1996 AL 1999)"", ""ALFA ROMEC 146 19 JTD (1999 AL 2002)"", ""ALFA ROMEO 146 19 TD (1996 AL 1999)"", ""ALFA ROMEC 147 16TS5 (2007 AL 2010)"", ""ALFA ROMEC 147 2.0TS (2002 AL 2010)"", ""ALFA ROMEC 155 2.0 SUPER (1996 AL 1998)"", ""ALFA ROMEC 156 Z.0TS (1998 AL 2007)"", ""ALFA ROMEC SPIDER 2.0 (1990 AL 1993)"", ""ALFA ROMEC SPIDER 2.2 JTS (2007 AL 2009)"", ""FIAT BARCHETTA 18 16V (1995 AL 2002)"", ""FIAT MAREA 139 TDI (1998 AL 2000)""]",12,"[""ANCHO DE POLEA 29 mm"", ""DIAMETRO EXTERIOR DE POLEA: 65 mm"", ""MATERIAL DE POLEA: PLASTICO""]",3,"[""GATES EUR: T38356""]",1,,,31.4109
T38364,https://icepar.specparts.shop/products/detail?slug=gates_t38364-118076,1040,,,,,"[""ALFA ROMEC 145 19 JTD (1999 AL 2002)"", ""ALFA ROMEC 146 19 JTD (1999 AL 2002)"", ""ALFA ROMEC 147 19 JTD (2002 AL 2010)"", ""FIAT BRAVA 1.9 JTD (2000 AL 2003)"", ""FIAT MAREA 139 JTD (2000 AL 2006)"", ""FIAT MULTIPLA 19 JTD (1998 AL 2002)"", ""FIAT STILO 1.9 JTD (2003 AL 2007}""]",7,"[""ANCHO DE POLEA 29 mm"", ""DIAMETRO EXTERIOR DE POLEA: 65 mm"", ""MATERIAL DE POLEA: PLASTICO""]",3,"[""GATES EUR: T38364""]",1,,,26.1735
T38203,https://icepar.specparts.shop/products/detail?slug=gates_t38203-118084,1040,,,,,"[""FORD FIESTA 1.4 16V CLX (1996 AL 1999)""]",1,"[""MATERIAL DE POLEA: METAL"", ""DIAMETRO EXTERIOR DE POLEA: 98 mm"", ""ANCHO DE POLEA 23 mm""]",3,"[""GATES EUR: T38203"", ""INA: 125054""]",2,,,18.9154
T38354,https://icepar.specparts.shop/products/detail?slug=gates_t38354-118086,1040,,,,,"[""FORD MONDEG 2.0 5T TDCI (2004 AL 2007)"", ""FORD MONDEC 2.0 TDDI (2005 AL 2007}"", ""FORD MONDEO 2.0 TDI (2001 AL 2004)""]",3,"[""ANCHO DE POLEA 26 mm"", ""DIAMETRO EXTERIOR DE POLEA: 65 mm"", ""MATERIAL DE POLEA: PLASTICO""]",3,"[""GATES EUR: T38354""]",1,,,21.0813
T38388,https://icepar.specparts.shop/products/detail?slug=gates_t38388-118094,1040,,,,,"[""VOLKSWAGEN QUANTUM 18 (1986 AL 1996)""]",1,"[""ANCHO DE POLEA 24 mm"", ""MATERIAL DE POLEA: METAL"", ""DIAMETRO EXTERIOR DE POLEA: 76 mm""]",3,"[""DAYCO: APV2919"", ""GATES BRA: 38388"", ""INA: 5340165100"", ""SKF: VKM 60009 A""]",4,,,21.3852
T38359,https://icepar.specparts.shop/products/detail?slug=gates_t38359-118095,1040,,,,,"[""CHEVROLET AGILE 1.4 &V (2009 AL 2021)"", ""CHEVROLET CORSA 18 &V (2002 AL 2012)"", ""CHEVROLET MERIVA 18 16¥V (2003 AL 2006)"", ""CHEVROLET MERIVA 18 8V (2003 AL 2013)"", ""CHEVROLET MONTANA 18 8¥ (2011 AL 2022)""]",5,"[""DIAMETRO EXTERIOR DE POLEA: 70 mm"", ""ANCHO DE POLEA 22 mm"", ""MATERIAL DE POLEA: METAL""]",3,"[""GATES BRA: T38359""]",1,,,23.0347
OAP7050,https://icepar.specparts.shop/products/detail?slug=gates_oap7050-259043,1041,,,,,[],0,[],0,"[""GATES EUR: OAP7050"", ""INA: 535015710""]",2,,,7.9556
T36000,https://icepar.specparts.shop/products/detail?slug=gates_t36000-259049,1041,,,,,[],0,[],0,"[""GATES EUR: T36000"", ""INA: 231228""]",2,,,7.9269
T36003,https://icepar.specparts.shop/products/detail?slug=gates_t36003-259050,1041,,,,,[],0,[],0,"[""GATES EUR: T36003""]",1,,,6.9121
T36005,https://icepar.specparts.shop/products/detail?slug=gates_t36005-259051,1041,,,,,[],0,[],0,"[""GATES EUR: T36005"", ""INA: 231224""]",2,,,7.9248
T36016,https://icepar.specparts.shop/products/detail?slug=gates_t36016-259052,1041,,,,,[],0,[],0,"[""GATES EUR: T36016""]",1,,,6.8897
T36035,https://icepar.specparts.shop/products/detail?slug=gates_t36035-259053,1041,,,,,[],0,[],0,"[""GATES EUR: T36035"", ""KUGELLAGER: 1546T""]",2,,,7.9209
T36043,https://icepar.specparts.shop/products/detail?slug=gates_t36043-259054,1041,,,,,[],0,[],0,"[""GATES EUR: T36043""]",1,,,6.8659
T36050,https://icepar.specparts.shop/products/detail?slug=gates_t36050-259056,1041,,,,,[],0,[],0,"[""GATES EUR: T36050""]",1,,,6.8580
T36067,https://icepar.specparts.shop/products/detail?slug=gates_t36067-259057,1041,,,,,[],0,[],0,"[""GATES EUR: T36067""]",1,,,6.8854
T36070,https://icepar.specparts.shop/products/detail?slug=gates_t36070-259058,1041,,,,,[],0,[],0,"[""GATES EUR: T36070""]",1,,,7.1962
T36074,https://icepar.specparts.shop/products/detail?slug=gates_t36074-259059,1041,,,,,"[""FORD COURIER 18D (1997 AL 2006)"", ""FORD ESCORT 18 TD (1999 AL 2001)"", ""FORD ESCORT 18D (1995 AL 2002)"", ""FORD FIESTA 1.8D (1994 AL 2003)""]",4,[],0,"[""GATES EUR: T36074"", ""INA: 531053910"", ""KUGELLAGER: 1456T""]",3,,,16.6775
T36085,https://icepar.specparts.shop/products/detail?slug=gates_t36085-259060,1041,,,,,[],0,[],0,"[""GATES EUR: T36085""]",1,,,6.9323
T36125,https://icepar.specparts.shop/products/detail?slug=gates_t36125-259062,1041,,,,,[],0,[],0,"[""GATES EUR: T36125""]",1,,,6.8997
T36132,https://icepar.specparts.shop/products/detail?slug=gates_t36132-259063,1041,,,,,[],0,[],0,"[""GATES BRA: 36132""]",1,,,6.8344
T36136,https://icepar.specparts.shop/products/detail?slug=gates_t36136-259064,1041,,,,,[],0,[],0,"[""GATES BRA: 36136"", ""HUTCHINSON: G2013""]",2,,,7.9953
T36148,https://icepar.specparts.shop/products/detail?slug=gates_t36148-259065,1041,,,,,[],0,[],0,"[""GATES BRA: 36148""]",1,,,6.8306
T36162,https://icepar.specparts.shop/products/detail?slug=gates_t36162-259066,1041,,,,,[],0,[],0,"[""GATES EUR: T36162""]",1,,,6.8761
T36164,https://icepar.specparts.shop/products/detail?slug=gates_t36164-259067,1041,,,,,[],0,[],0,"[""GATES USA: 36164""]",1,,,7.2463
T36178,https://icepar.specparts.shop/products/detail?slug=gates_t36178-259068,1041,,,,,[],0,[],0,"[""GATES BRA: 36178""]",1,,,6.8405
T36194,https://icepar.specparts.shop/products/detail?slug=gates_t36194-259069,1041,,,,,"[""RENAULT CLIO 16 16V (2006 AL 2009)"", ""RENAULT KANGOO 15 DCI (2008 AL 2014)"", ""RENAULT KANGOO 16 16V (2003 AL 2014)"", ""RENAULT LOGAN 1.5 DCI (2007 AL 2014)"", ""RENAULT LOGAN 1. 16V (2007 AL 2010, 2013 AL 2021)"", ""RENAULT MEGANE 1.5 DCI (2006 AL 2010)"", ""RENAULT MEGANE 1.6 110C¥ (2000 AL 2002)"", ""RENAULT MEGANE 1.6 16V (1999 AL 2011)"", ""RENAULT SCENIC 16 16¥V (1998 AL 2011)""]",9,[],0,"[""GATES EUR: T36194""]",1,,,21.5892
T36250,https://icepar.specparts.shop/products/detail?slug=gates_t36250-259070,1041,,,,,[],0,[],0,"[""GATES EUR: T36250""]",1,,,6.9278
T38059,https://icepar.specparts.shop/products/detail?slug=gates_t38059-259073,1042,,,,,[],0,[],0,"[""GATES EUR: 950461"", ""GATES EUR: T38059"", ""KUGELLAGER: 1610T""]",3,,,8.9776
T38070,https://icepar.specparts.shop/products/detail?slug=gates_t38070-259074,1042,,,,,[],0,[],0,"[""DAYCO: APV2010"", ""GATES EUR: T38070"", ""GATES USA: 38070"", ""INA: 5310095100"", ""SKF: VKM 38230""]",5,,,10.9588
T38083,https://icepar.specparts.shop/products/detail?slug=gates_t38083-259076,1042,,,,,[],0,[],0,"[""GATES EUR: T38083""]",1,,,6.8369
T38097,https://icepar.specparts.shop/products/detail?slug=gates_t38097-259077,1042,,,,,[],0,[],0,"[""GATES EUR: T38097""]",1,,,7.1101
T38116,https://icepar.specparts.shop/products/detail?slug=gates_t38116-259078,1042,,,,,[],0,[],0,"[""GATES EUR: T38116"", ""GATES USA: 38116""]",2,,,7.8569
T38176,https://icepar.specparts.shop/products/detail?slug=gates_t38176-259080,1042,,,,,[],0,[],0,"[""GATES EUR: 999524"", ""GATES EUR: T38176"", ""GATES USA: 38176""]",3,,,8.8556
T38238,https://icepar.specparts.shop/products/detail?slug=gates_t38238-259081,1042,,,,,[],0,[],0,"[""GATES EUR: T38238"", ""HUTCHINSON: T1009"", ""INA: 123792"", ""INA: 534003710""]",4,,,9.9276
T38242,https://icepar.specparts.shop/products/detail?slug=gates_t38242-259082,1042,,,,,[],0,[],0,"[""GATES EUR: T38242""]",1,,,6.8867
T38282,https://icepar.specparts.shop/products/detail?slug=gates_t38282-259083,1042,,,,,[],0,[],0,"[""GATES BRA: T38282"", ""GATES EUR: 950426"", ""GATES EUR: T38282"", ""INA: 534013830""]",4,,,10.0961
T38347,https://icepar.specparts.shop/products/detail?slug=gates_t38347-259084,1042,,,,,[],0,[],0,"[""GATES EUR: T38347"", ""INA: 531059130""]",2,,,7.8067
T38390-B,https://icepar.specparts.shop/products/detail?slug=gates_t38390b-259087,1042,,,,,[],0,[],0,"[""GATES EUR: T38390""]",1,,,6.8259
T38399,https://icepar.specparts.shop/products/detail?slug=gates_t38399-259088,1042,,,,,[],0,[],0,"[""GATES EUR: T38399""]",1,,,6.9759
T38407,https://icepar.specparts.shop/products/detail?slug=gates_t38407-259089,1042,,,,,[],0,[],0,"[""GATES EUR: T38407"", ""HUTCHINSON: T51407"", ""KUGELLAGER: 1801T""]",3,,,9.0048
T38513,https://icepar.specparts.shop/products/detail?slug=gates_t38513-259090,1042,,,,,[],0,[],0,"[""GATES BRA: 38513"", ""GATES EUR: T38513"", ""GATES USA: 38513""]",3,,,8.8851
T38547,https://icepar.specparts.shop/products/detail?slug=gates_t38547-259091,1042,,,,,[],0,[],0,"[""GATES EUR: T38547"", ""GATES EUR: T38547 ES""]",2,,,7.8945
T38565,https://icepar.specparts.shop/products/detail?slug=gates_t38565-259092,1042,,,,,[],0,[],0,"[""GATES EUR: 910020"", ""GATES EUR: T38565"", ""GATES EUR: T38565 ES""]",3,,,9.1522
T38647,https://icepar.specparts.shop/products/detail?slug=gates_t38647-259093,1042,,,,,[],0,[],0,"[""GATES EUR: T38647"", ""GATES EUR: T38647 ES""]",2,,,8.0438
T38508,https://icepar.specparts.shop/products/detail?slug=gates_t38508-259133,1042,,,,,[],0,[],0,"[""GATES BRA: 38508"", ""GATES EUR: T38564""]",2,,,8.8071
T38663,https://icepar.specparts.shop/products/detail?slug=gates_t38663-259137,1042,,,,,[],0,[],0,"[""GATES EUR: T38663""]",1,,,6.9090
T38560,https://icepar.specparts.shop/products/detail?slug=gates_t38560-259138,1042,,,,,[],0,[],0,"[""GATES EUR: 950174"", ""GATES EUR: T38560"", ""GATES EUR: T38560 ES""]",3,,,9.1012
T38602,https://icepar.specparts.shop/products/detail?slug=gates_t38602-259139,1043,,,,,[],0,[],0,"[""GATES EUR: T38602"", ""GATES EUR: T38602 ES""]",2,,,7.9867
T38714,https://icepar.specparts.shop/products/detail?slug=gates_t38714-259140,1043,,,,,[],0,[],0,"[""GATES EUR: T38714""]",1,,,6.8947
T38582,https://icepar.specparts.shop/products/detail?slug=gates_t38582-259141,1043,,,,,[],0,[],0,"[""GATES EUR: T38582"", ""GATES EUR: T38582 ES""]",2,,,7.8623
T36195,https://icepar.specparts.shop/products/detail?slug=gates_t36195-259142,1043,,,,,[],0,[],0,"[""GATES EUR: T36195"", ""GATES EUR: T36195 ES""]",2,,,8.0436
T38562,https://icepar.specparts.shop/products/detail?slug=gates_t38562-259143,1043,,,,,[],0,[],0,"[""GATES EUR: 950608"", ""GATES EUR: T38562"", ""GATES EUR: T38562 ES""]",3,,,8.9505
T38581,https://icepar.specparts.shop/products/detail?slug=gates_t38581-259144,1043,,,,,[],0,[],0,"[""GATES EUR: T38581"", ""GATES EUR: T38581 E5"", ""ZEN: 13540""]",3,,,8.9939
T38699,https://icepar.specparts.shop/products/detail?slug=gates_t38699-259145,1043,,,,,[],0,[],0,"[""GATES EUR: T38699"", ""GATES EUR: T38699 ES"", ""ZEN: 13461""]",3,,,8.9830
T38607,https://icepar.specparts.shop/products/detail?slug=gates_t38607-259146,1043,,,,,[],0,[],0,"[""GATES EUR: T38607"", ""GATES EUR: T38607 ES""]",2,,,7.8505
T38576,https://icepar.specparts.shop/products/detail?slug=gates_t38576-259147,1043,,,,,[],0,[],0,"[""GATES EUR: T38576"", ""GATES EUR: T38576 ES""]",2,,,7.8553
T36519,https://icepar.specparts.shop/products/detail?slug=gates_t36519-259148,1043,,,,,[],0,[],0,"[""GATES EUR: T36519""]",1,,,6.8346
T38652,https://icepar.specparts.shop/products/detail?slug=gates_t38652-259149,1043,,,,,[],0,[],0,"[""GATES EUR: T38652"", ""GATES EUR: T38652 ES""]",2,,,8.4613
T36196,https://icepar.specparts.shop/products/detail?slug=gates_t36196-259150,1043,,,,,[],0,[],0,"[""GATES EUR: T36196"", ""GATES EUR: T36196 ES"", ""ZEN: 12827""]",3,,,8.9124
T36501,https://icepar.specparts.shop/products/detail?slug=gates_t36501-259152,1043,,,,,[],0,[],0,"[""GATES EUR: T36501""]",1,,,6.8507
T39011,https://icepar.specparts.shop/products/detail?slug=gates_t39011-542239,1043,,,,,[],0,[],0,"[""GATES EUR: T39011""]",1,,,6.7873
T36051,https://icepar.specparts.shop/products/detail?slug=gates_t36051-544488,1043,,,,,"[""RENAULT LAGUNA 2.2D (1996 AL 1998)""]",1,"[""ANCHO DE POLEA 27 mm"", ""DIAMETRO EXTERIOR DE POLEA: 70 mm"", ""DIAMETRO INTERIOR DE POLEA: 10 mm""]",3,"[""GATES EUR: T36051""]",1,,,18.8923
T36137,https://icepar.specparts.shop/products/detail?slug=gates_t36137-544490,1043,,,,,"[""FORD COURIER 16 (2005 AL 2011)"", ""FORD FIESTA 1.6 8V (2002 AL 2013)"", ""FORD KA 10 (1999 AL 2014)"", ""FORD KA 13 (1997 AL 1999)"", ""FORD KA 16 (2001 AL 2014)""]",5,[],0,[],0,,,10.6555
T36138,https://icepar.specparts.shop/products/detail?slug=gates_t36138-544491,1043,,,,,"[""FORD ECOSPORT 1.4 TDCI (2003 AL 2011)"", ""FORD FIESTA 1.4 TDCI (2002 AL 2011)"", ""FORD FIESTA 1.6 8V (2002 AL 2013)""]",3,"[""ANCHO DE POLEA 30.1 mm"", ""DIAMETRO EXTERIOR DE POLEA: 76 mm""]",2,"[""GATES BRA: 36138""]",1,,,20.7171
T36361,https://icepar.specparts.shop/products/detail?slug=gates_t36361-544496,1044,,,,,"[""CITROEN C3 14 HDI (2003 AL 2011)"", ""CITROEN C4 16 HDI (2011 AL 2014)"", ""CITROEN C4 LOUNGE 14 HDI (2013 AL 2017)"", ""CITROEN C4 PICASSO 16 HDI (2010 AL 2015)"", ""CITROEN C4 PICASSO 16 HDI MT (2014 AL 2022)"", ""CITROEN GRAND PICASSO 16 HDI (2008 AL 2014)"", ""PEUGEOT 207 1.4 HDI (2011 AL 2017)"", ""PEUGEOT 307 1.6 HDI (2005 AL 2009)""]",8,[],0,"[""GATES EUR: T36361"", ""SKF: VKM33132""]",2,,,19.8581
T38484,https://icepar.specparts.shop/products/detail?slug=gates_t38484-544499,1044,,,,,"[""RENAULT LOGAN 1.6 8V (2008 AL 2014)""]",1,"[""DIAMETRO EXTERIOR DE POLEA: 70 mm"", ""ANCHO DE POLEA 26 mm""]",2,"[""GATES EUR: T38484"", ""INA: 531042710""]",2,,,17.9742
FI-455004,https://icepar.specparts.shop/products/detail?slug=fispa_fi455004-579214,1044,,,,,[],0,[],0,[],0,,,2.6005
FI-455005,https://icepar.specparts.shop/products/detail?slug=fispa_fi455005-579215,1044,,,,,[],0,[],0,[],0,,,2.5063
FI-455006,https://icepar.specparts.shop/products/detail?slug=fispa_fi455006-579216,1044,,,,,[],0,[],0,[],0,,,2.5233
FI-455007,https://icepar.specparts.shop/products/detail?slug=fispa_fi455007-579217,1044,,,,,[],0,[],0,[],0,,,2.5824
FI-455010,https://icepar.specparts.shop/products/detail?slug=fispa_fi455010-579219,1044,,,,,[],0,[],0,[],0,,,4.9427
FI-455016,https://icepar.specparts.shop/products/detail?slug=fispa_fi455016-579221,1044,,,,,[],0,[],0,[],0,,,2.6101
FI-455018,https://icepar.specparts.shop/products/detail?slug=fispa_fi455018-579222,1044,,,,,[],0,[],0,[],0,,,2.6257
FI-455019,https://icepar.specparts.shop/products/detail?slug=fispa_fi455019-579223,1044,,,,,[],0,[],0,[],0,,,2.5855
FI-455022,https://icepar.specparts.shop/products/detail?slug=fispa_fi455022-579226,1044,,,,,[],0,[],0,[],0,,,2.5377
FI-455023,https://icepar.specparts.shop/products/detail?slug=fispa_fi455023-579227,1044,,,,,[],0,[],0,[],0,,,2.8946
FI-455036,https://icepar.specparts.shop/products/detail?slug=fispa_fi455036-579230,1044,,,,,[],0,[],0,[],0,,,2.5110
FI-455040,https://icepar.specparts.shop/products/detail?slug=fispa_fi455040-579231,1044,,,,,[],0,[],0,[],0,,,2.4413
FI-455044,https://icepar.specparts.shop/products/detail?slug=fispa_fi455044-579232,1044,,,,,[],0,[],0,[],0,,,2.5183
FI-455052,https://icepar.specparts.shop/products/detail?slug=fispa_fi455052-579236,1044,,,,,[],0,[],0,[],0,,,2.4864
FI-455055,https://icepar.specparts.shop/products/detail?slug=fispa_fi455055-579237,1044,,,,,[],0,[],0,[],0,,,2.8277
FI-455056,https://icepar.specparts.shop/products/detail?slug=fispa_fi455056-579238,1044,,,,,[],0,[],0,[],0,,,2.9650
FI-455061,https://icepar.specparts.shop/products/detail?slug=fispa_fi455061-579239,1044,,,,,[],0,[],0,[],0,,,2.5319
FI-455062,https://icepar.specparts.shop/products/detail?slug=fispa_fi455062-579240,1044,,,,,[],0,[],0,[],0,,,3.4149
FI-455066,https://icepar.specparts.shop/products/detail?slug=fispa_fi455066-579241,1045,,,,,[],0,[],0,[],0,,,2.4923
FI-455067,https://icepar.specparts.shop/products/detail?slug=fispa_fi455067-579242,1045,,,,,[],0,[],0,[],0,,,2.5161
FI-455068,https://icepar.specparts.shop/products/detail?slug=fispa_fi455068-579243,1045,,,,,[],0,[],0,[],0,,,2.5988
FI-455069,https://icepar.specparts.shop/products/detail?slug=fispa_fi455069-579244,1045,,,,,[],0,[],0,[],0,,,2.5285
FI-455077,https://icepar.specparts.shop/products/detail?slug=fispa_fi455077-579245,1045,,,,,[],0,[],0,[],0,,,2.5192
FI-455078,https://icepar.specparts.shop/products/detail?slug=fispa_fi455078-579246,1045,,,,,[],0,[],0,[],0,,,2.5453
FI-455083,https://icepar.specparts.shop/products/detail?slug=fispa_fi455083-579248,1045,,,,,[],0,[],0,[],0,,,2.6120
FI-455084,https://icepar.specparts.shop/products/detail?slug=fispa_fi455084-579249,1045,,,,,[],0,[],0,[],0,,,3.2566
FI-455088,https://icepar.specparts.shop/products/detail?slug=fispa_fi455088-579250,1045,,,,,[],0,[],0,[],0,,,2.6405
FI-455095,https://icepar.specparts.shop/products/detail?slug=fispa_fi455095-579252,1045,,,,,[],0,[],0,[],0,,,2.6821
FI-455096,https://icepar.specparts.shop/products/detail?slug=fispa_fi455096-579253,1045,,,,,[],0,[],0,[],0,,,2.8494
FI-455104,https://icepar.specparts.shop/products/detail?slug=fispa_fi455104-579254,1045,,,,,[],0,[],0,[],0,,,2.8202
FI-455106,https://icepar.specparts.shop/products/detail?slug=fispa_fi455106-579255,1045,,,,,[],0,[],0,[],0,,,3.0567
FI-455112,https://icepar.specparts.shop/products/detail?slug=fispa_fi455112-579256,1045,,,,,[],0,[],0,[],0,,,2.7355
FI-455113,https://icepar.specparts.shop/products/detail?slug=fispa_fi455113-579257,1045,,,,,[],0,[],0,[],0,,,2.6147
FI-455122,https://icepar.specparts.shop/products/detail?slug=fispa_fi455122-579258,1045,,,,,[],0,[],0,[],0,,,2.9335
FI-455125,https://icepar.specparts.shop/products/detail?slug=fispa_fi455125-579259,1045,,,,,[],0,[],0,[],0,,,2.6158
FI-455135,https://icepar.specparts.shop/products/detail?slug=fispa_fi455135-579260,1045,,,,,[],0,[],0,[],0,,,2.4789
FI-455140,https://icepar.specparts.shop/products/detail?slug=fispa_fi455140-579262,1045,,,,,[],0,[],0,[],0,,,2.5037
FI-455142,https://icepar.specparts.shop/products/detail?slug=fispa_fi455142-579263,1045,,,,,[],0,[],0,[],0,,,2.5462
FI-455148,https://icepar.specparts.shop/products/detail?slug=fispa_fi455148-579264,1045,,,,,[],0,[],0,[],0,,,2.5267
FI-455155,https://icepar.specparts.shop/products/detail?slug=fispa_fi455155-579266,1045,,,,,[],0,[],0,[],0,,,2.5493
FI-455167,https://icepar.specparts.shop/products/detail?slug=fispa_fi455167-579269,1045,,,,,[],0,[],0,[],0,,,2.5179
FI-455168,https://icepar.specparts.shop/products/detail?slug=fispa_fi455168-579270,1045,,,,,[],0,[],0,[],0,,,2.6218
FI-455190,https://icepar.specparts.shop/products/detail?slug=fispa_fi455190-579272,1046,,,,,[],0,[],0,[],0,,,2.5345
FI-455196,https://icepar.specparts.shop/products/detail?slug=fispa_fi455196-579274,1046,,,,,[],0,[],0,[],0,,,2.5417
FI-455207,https://icepar.specparts.shop/products/detail?slug=fispa_fi455207-579276,1046,,,,,[],0,[],0,[],0,,,2.5417
FI-455208,https://icepar.specparts.shop/products/detail?slug=fispa_fi455208-579277,1046,,,,,[],0,[],0,[],0,,,2.5880
FI-455232,https://icepar.specparts.shop/products/detail?slug=fispa_fi455232-579278,1046,,,,,[],0,[],0,[],0,,,2.6205
531 0095 10,https://icepar.specparts.shop/products/detail?slug=ina_531009510-1000506,1046,,,,,[],0,"[""ANCHO DE POLEA 21 mm"", ""DIAMETRO EXTERIOR DE POLEA: 80 mm""]",2,"[""INA: F-229515""]",1,,,13.2763
531 0162 10,https://icepar.specparts.shop/products/detail?slug=ina_531016210-1000655,1046,,,,,[],0,"[""DIAMETRO EXTERIOR DE POLEA: 70 mm"", ""ANCHO DE POLEA 28 mm""]",2,"[""INA: F-225569""]",1,,,13.2799
531 0306 10,https://icepar.specparts.shop/products/detail?slug=ina_531030610-1000716,1046,,,,,"[""PEUGEOT 206 14 16¥ (2002 AL 2009)""]",1,"[""ANCHO DE POLEA 27 mm"", ""DIAMETRO EXTERIOR DE POLEA: 70 mm""]",2,"[""BLM: 5751-500"", ""BLM: 5751-50A"", ""H&Q: 1003-P129"", ""INA: 531 0306 10"", ""INA: F-122748.17"", ""ZEN: 13539""]",6,,,22.1022
531 0226 10,https://icepar.specparts.shop/products/detail?slug=ina_531022610-1000728,1046,,,,,"[""PEUGEOT BOXER 2.5 TD (1998 AL 2001)"", ""PEUGEOT BOXER 2.5D (1998 AL 2001)""]",2,"[""ANCHO DE POLEA 26 mm"", ""DIAMETRO EXTERIOR DE POLEA: 93.5 mm""]",2,"[""DAYCO: APV2021"", ""HUTCHINSON: T0233"", ""INA: F-121977.1"", ""SKF: VKM33015""]",4,,,42.2210
531 0322 10,https://icepar.specparts.shop/products/detail?slug=ina_531032210-1000766,1046,,,,,[],0,"[""DIAMETRO EXTERIOR DE POLEA: 70 mm"", ""ANCHO DE POLEA 24.5 mm""]",2,"[""INA: F-234839""]",1,,,13.2479
531 0309 10,https://icepar.specparts.shop/products/detail?slug=ina_531030910-1000768,1046,,,,,[],0,"[""ANCHO DE POLEA 19 mm"", ""DIAMETRO EXTERIOR DE POLEA: 59.8 mm"", ""CANTIDAD DE CANALES DE POLEA: 4"", ""TIPO DE POLEA: CANALADA""]",4,"[""INA: F-230875"", ""ZEN: 13072""]",2,,,16.2453
531 0241 10,https://icepar.specparts.shop/products/detail?slug=ina_531024110-1000777,1046,,,,,"[""CITROEN AX 14 GTI (1991 AL 1996)"", ""CITROEN AX 141 (1991 AL 1995)"", ""CITROEN BERLINGGO 1.41 (2003 AL 2011)"", ""CITROEN SAXG 1.1 (2001 AL 2004)"", ""CITROEN SAXO 1.4 VTS (2001 AL 2003)"", ""CITROEN ZX 141 (1993 AL 1995)"", ""PEUGEOT 106 1.1 (2000 AL 2004)"", ""PEUGEOT 106 1.41 (1995 AL 2002)"", ""PEUGEOT 106 1.5D (1999 AL 2002)"", ""PEUGEOT 106 1. 516 (1998 AL 2001)"", ""PEUGEOT 205 1.41 (1991 AL 1996)"", ""PEUGEOT 306 1.41 (1996 AL 1998)"", ""PEUGEOT 306 1.4 (1995 AL 2000)"", ""PEUGEOT PARTNER 141 (2002 AL 2021)""]",14,"[""ANCHO DE POLEA 26.6 mm"", ""DIAMETRO EXTERIOR DE POLEA: 65 mm""]",2,"[""BLM: 6453-551"", ""BLM: 6453-556"", ""DAYCO: APV2004"", ""DAYCO: APV2025"", ""HUTCHINSON: T0014"", ""HUTCHINSON: T0017"", ""INA: 531 0241 10"", ""INA: F-122598.10"", ""SKF: VKM 33012"", ""SKF: VKM33011"", ""SKF: VKM33012"", ""TOPRAN: 722 738 001"", ""YOKOMITSU: CIBO100085""]",13,,,44.0965
531 0392 10,https://icepar.specparts.shop/products/detail?slug=ina_531039210-1000788,1046,,,,,"[""FIAT BRAVO 2.0 (1999 AL 2001)"", ""FIAT COUPE 2.0 20¥V (1994 AL 2001)"", ""FIAT MAREA 2.0 20V (1998 AL 2001)""]",3,"[""ANCHO DE POLEA 26.7 mm"", ""DIAMETRO EXTERIOR DE POLEA: 65 mm""]",2,"[""DAYCO: APV2061"", ""HUTCHINSON: T6023"", ""INA: F-123800"", ""SKF: VKM32015"", ""ZEN: 13079""]",5,,,23.9919
531 0307 10,https://icepar.specparts.shop/products/detail?slug=ina_531030710-1000791,1046,,,,,[],0,"[""DIAMETRO EXTERIOR DE POLEA: 63 mm"", ""ANCHO DE POLEA 17 mm""]",2,[],0,,,7.9873
531 0097 10,https://icepar.specparts.shop/products/detail?slug=ina_531009710-1000813,1046,,,,,"[""CITROEN BERLINGO 1.9D (1998 AL 2010)"", ""CITROEN XANTIA 1.9 TD (1993 AL 1999)"", ""CITROEN XANTIA 1.9D (1993 AL 1996)"", ""CITROEN ZX 19D (1993 AL 1999)"", ""PEUGEOT 306 18 16¥ (1997 AL 2001)"", ""PEUGEOT 306 1.9D (1999 AL 2003)"", ""PEUGEOT 405 1.9 (1992 AL 1998)"", ""PEUGEOT BOXER 1.9D (1995 AL 2003)"", ""SUZUKI VITARA L9D (1996 AL 1999)""]",9,"[""ANCHO DE POLEA 26 mm"", ""DIAMETRO EXTERIOR DE POLEA: 85 mm""]",2,"[""DAYCO: APV2012"", ""GATES: T36059"", ""HUTCHINSON: TO007"", ""INA: F-123000"", ""SKF: VKM33002""]",5,,,30.5407
531 0238 10,https://icepar.specparts.shop/products/detail?slug=ina_531023810-1000815,1046,,,,,[],0,"[""ANCHO DE POLEA 24.5 mm"", ""DIAMETRO EXTERIOR DE POLEA: 69 mm""]",2,"[""INA: F-122424.05""]",1,,,13.2057
531 0373 10,https://icepar.specparts.shop/products/detail?slug=ina_531037310-1000825,1046,,,,,[],0,"[""DIAMETRO EXTERIOR DE POLEA: 50 mm"", ""ANCHO DE POLEA 26 mm""]",2,"[""BLM: 5751-56"", ""BLM: 5751-56C"", ""FARE: 10394"", ""INA: 531 0373 10"", ""INA: F-122662.06""]",5,,,17.1940
531 0096 10,https://icepar.specparts.shop/products/detail?slug=ina_531009610-1000848,1046,,,,,"[""PEUGEOT 406 14 (1996 AL 1999)""]",1,"[""ANCHO DE POLEA 24.5 mm"", ""DIAMETRO EXTERIOR DE POLEA: 90 mm""]",2,"[""INA: F-121338.05"", ""INA: F-121338.5""]",2,,,17.8486
531 0737 10,https://icepar.specparts.shop/products/detail?slug=ina_531073710-1000855,1046,,,,,[],0,"[""ANCHO DE POLEA 25 mm"", ""DIAMETRO EXTERIOR DE POLEA: 72.2 mm""]",2,"[""INA: F-123140""]",1,,,13.1712
531 0427 10,https://icepar.specparts.shop/products/detail?slug=ina_531042710-1000857,1046,,,,,"[""RENAULT CLIO 16 16V (1999 AL 2003)"", ""RENAULT KANGOO 14 (1998 AL 2001)"", ""RENAULT KANGOO 16 16¥V (2003 AL 2005)"", ""RENAULT KANGOO 16 8¥V (1999 AL 2007)"", ""RENAULT MEGANE 1.6 16V (1999 AL 2005)"", ""RENAULT SANDERG 1.6 8V (2015 AL 2020)"", ""RENAULT SCENIC 16 16¥V (1998 AL 2011)""]",7,"[""DIAMETRO EXTERIOR DE POLEA: 70 mm"", ""ANCHO DE POLEA 25.5 mm""]",2,"[""DAYCO: APV2064"", ""GATES: T38484"", ""HUTCHINSON: T0241"", ""INA: F-123190.51"", ""SKF: VKM36021-VKM36091""]",5,,,28.4730
531 0718 10,https://icepar.specparts.shop/products/detail?slug=ina_531071810-1000858,1046,,,,,[],0,"[""DIAMETRO EXTERIOR DE POLEA: 80 mm"", ""ANCHO DE POLEA 25 mm""]",2,"[""INA: F-219949""]",1,,,13.4456
531 0066 10,https://icepar.specparts.shop/products/detail?slug=ina_531006610-1000867,1046,,,,,"[""RENAULT LAGUNA 2.0 (1994 AL 1999)"", ""RENAULT MEGANE 2.0 (1997 AL 1999)"", ""RENAULT MEGANE 2.0 115C¥ (1997 AL 2003)"", ""RENAULT R19 18 (1995 AL 1998)"", ""RENAULT R19 18 16V (1989 AL 1997)""]",5,"[""ANCHO DE POLEA 28 mm"", ""DIAMETRO EXTERIOR DE POLEA: 80 mm""]",2,"[""BLM: R-23042"", ""BLM: R-23043A"", ""Bolomey - GENERICO: R-23042"", ""CONTITECH: V85506"", ""DAYCO: APV2008"", ""INA: 531 0066 10"", ""INA: F-121366"", ""SKF: VKM 36006"", ""SKF: VKM36006""]",9,,,30.4467
531 0148 10,https://icepar.specparts.shop/products/detail?slug=ina_531014810-1000872,1046,,,,,"[""CITROEN BERLINGO 1.9D (1998 AL 2010)"", ""CITROEN BERLINGO 2.0 HDI (2003 AL 2004)"", ""CITROEN C15 19D (2000 AL 2006)"", ""CITROEN C5 2.0 HDI (2002 AL 2005)"", ""CITROEN XANTIA 1.9D (1993 AL 1996)"", ""CITROEN XANTIA 2.0 HDI (1999 AL 2001)"", ""CITROEN XM 2.1 TD (1992 AL 1993)"", ""CITROEN XSARA 19 TD (1999 AL 2001)"", ""CITROEN XSARA 19D (1998 AL 2005)"", ""CITROEN XSARA PICASSO 2.0 HDI (2001 AL 2011)"", ""PEUGEOT 206 1.9D (1999 AL 2009)"", ""PEUGEOT 206 2.0 HDI (2000 AL 2009)"", ""PEUGEOT 207 1.9D (2008 AL 2012)"", ""PEUGEOT 306 1.9D (1999 AL 2003)"", ""PEUGEOT 306 2.0 HDI (2000 AL 2003)"", ""PEUGEOT 406 1.9 TD (1991 AL 2001)"", ""PEUGEOT 406 2.0 HDI (2000 AL 2004)"", ""PEUGEOT 406 2.1 TD (1999 AL 2001)"", ""PEUGEOT 605 2.1 TDI (1992 AL 1995)"", ""PEUGEOT 806 2.0 HDI (2000 AL 2002)"", ""PEUGEOT 807 2.0 HDI (2003 AL 2010)"", ""PEUGEOT EXPERT 19D (1999 AL 2006)"", ""PEUGEOT EXPERT 2.0 HDI 95CV (2006 AL 2008)"", ""PEUGEOT PARTNER 19D (1998 AL 2011)""]",24,"[""ANCHO DE POLEA 27 mm"", ""DIAMETRO EXTERIOR DE POLEA: 70 mm""]",2,"[""BLM: 5751-29A"", ""BLM: 5751-296"", ""DAYCO: APV2016"", ""INA: 531 0148 10"", ""INA: F-122662.07"", ""SKF: VKM 33013"", ""SKF: VKM33013"", ""YOKOMITSU: CIBO100080""]",8,,,50.4240
531 0550 10,https://icepar.specparts.shop/products/detail?slug=ina_531055010-1000876,1046,,,,,"[""CITROEN C3 16 16V (2005 AL 2012)"", ""CITROEN XSARA 19D (1998 AL 2001)"", ""PEUGEOT 206 1.9D (1999 AL 2009)"", ""PEUGEOT 306 1.9D (1999 AL 2003)"", ""PEUGEOT EXPERT 19D (1999 AL 2006)"", ""PEUGEOT PARTNER 19D (1998 AL 2010)""]",6,"[""ANCHO DE POLEA 26 mm"", ""DIAMETRO EXTERIOR DE POLEA: 60 mm""]",2,"[""BLM: 5751-91A"", ""DAYCO: APV2065"", ""GATES: T38280-T36017"", ""INA: 531 0550 10"", ""INA: F-124144"", ""SKF: VKM33042-VKM33005"", ""ZEN: 13229""]",7,,,29.9771
531 0262 10,https://icepar.specparts.shop/products/detail?slug=ina_531026210-1000883,1047,,,,,"[""PEUGEOT BOXER 2.5 TD (1998 AL 2001)"", ""PEUGEOT BOXER 2.5D (1998 AL 2001)""]",2,"[""ANCHO DE POLEA 26 mm"", ""DIAMETRO EXTERIOR DE POLEA: 80 mm""]",2,"[""DAYCO: APV2032"", ""GATES: T36024"", ""INA: F-121378"", ""SKF: VKM33016""]",4,,,22.7063
