codigo,detail_url,page,arts_articulo,arts_articulo_emp,arts_nombre,arts_descripcion,aplicaciones_ocr,aplicaciones_ocr_count,atributos_ocr,atributos_ocr_count,referencias_ocr,referencias_ocr_count,oem_ocr,oem_ocr_count,processing_seconds
"PO524,https://icepar.specparts.shop/products/detail?slug=vmg_po524-545737,6,,,,,""[""""CHEVROLET SILVERADGC 4.2 TD (1997 AL 2003)"""", """"NISSAN MAXIMA 3.0 (1996 AL 2001)"""", """"NISSAN X-TERRA 2.8 TDI (2003 AL 2009)""""]"",3,[],0,[],0,,,8.7024"
"PO528,https://icepar.specparts.shop/products/detail?slug=vmg_po528-545738,6,,,,,""[""""JEEP GRAND CHEROKEE 4.7 (2005 AL 2011)"""", """"JEEP WRANGLER 3.8 (2007 AL 2013)""""]"",2,[],0,[],0,,,7.9317"
"PO529,https://icepar.specparts.shop/products/detail?slug=vmg_po529-545739,6,,,,,""[""""FORD F-100 4.91 (1993 AL 1999)""""]"",1,[],0,[],0,,,6.4690"
"PO532,https://icepar.specparts.shop/products/detail?slug=vmg_po532-545740,6,,,,,""[""""BMW M5 3.5 (1984 AL 1988)"""", """"BMW SERIE 3 318 18 (1983 AL 1998)"""", """"BMW SERIE 3 318 18 15 (1992 AL 1998)"""", """"BMW SERIE 3 318 1815 A/2 AT (1996 AL 1997)"""", """"BMW SERIE 3 318 18 TI (1994 AL 1999)"""", """"BMW SERIE 3 318 181 (1992 AL 1994)"""", """"BMW SERIE 3 318 191 (1986 AL 1992)"""", """"BMW SERIE 3 320 2.01 (1983 AL 1992)"""", """"BMW SERIE 3 325 2.51 (1984 AL 1991)"""", """"BMW SERIE 3 325 2.51 24V (1992 AL 1997)"""", """"BMW SERIE 5 530 3.01 (1992 AL 1995)"""", """"BMW SERIE & 850 5.0 Cl A (1990 AL 1993)"""", """"BMW SERIE & 850 5.6 CSI (1994 AL 1996)""""]"",13,[],0,[],0,,,19.8902"
"PO533,https://icepar.specparts.shop/products/detail?slug=vmg_po533-545741,6,,,,,""[""""RAM 1500 5.7 V& (2014 AL 2026)""""]"",1,[],0,[],0,,,6.2642"
"PO536,https://icepar.specparts.shop/products/detail?slug=vmg_po536-545742,6,,,,,""[""""CHEVROLET GRAND VITARA 2.0 (1999 AL 2003)"""", """"CHEVROLET GRAND VITARA 2.5 (2001 AL 2003)"""", """"SUZUKI GRAND VITARA 20 (1998 AL 2009)"""", """"SUZUKI GRAND VITARA 25 (1998 AL 1999)"""", """"SUZUKI GRAND VITARA 27 V6 (2006 AL 2007)""""]"",5,[],0,[],0,,,10.8680"
"PO544,https://icepar.specparts.shop/products/detail?slug=vmg_po544-545744,6,,,,,""[""""CHEVROLET LUV 2.5D (1992 AL 1999)""""]"",1,[],0,[],0,,,6.1572"
"PO546,https://icepar.specparts.shop/products/detail?slug=vmg_po546-545746,6,,,,,""[""""MERCEDES BENZ 1214 (1995 AL 2001)"""", """"MERCEDES BENZ 712 712C (2001 AL 2007)"""", """"MERCEDES BENZ 921/913/912/914 (1993 AL 2004)"""", """"MERCEDES BENZ ACCELO 915C (2005 AL 2016)"""", """"MERCEDES BENZ BMO 390 1115L/ 46 CA (1998 AL 2003)"""", """"MERCEDES BENZ LO 915 (2006 AL 2016)"""", """"MERCEDES BENZ OHL 1621 (1998 AL 2000)""""]"",7,[],0,[],0,,,13.5919"
"PO547,https://icepar.specparts.shop/products/detail?slug=vmg_po547-545747,6,,,,,""[""""MERCEDES BENZ SPRINTER 2.2 CDI (2002 AL 2014)"""", """"MERCEDES BENZ SPRINTER 2.2 CDI 116CV (2012 AL 2026)"""", """"MERCEDES BENZ SPRINTER 2.2 CDI 150CV (2016 AL 2026)""""]"",3,[],0,[],0,,,8.8046"
"PO550,https://icepar.specparts.shop/products/detail?slug=vmg_po550-545749,6,,,,,""[""""MERCEDES BENZ 2423 B (2005 AL 2011)"""", """"MERCEDES BENZ ATEGO 1315 (2009 AL 2010)"""", """"MERCEDES BENZ ATEGO 1718 (2005 AL 2016)"""", """"MERCEDES BENZ ATEGO 1725 (2007 AL 2017)"""", """"MERCEDES BENZ ATEGO 1725 A/S (2007 AL 2019)"""", """"MERCEDES BENZ L 1624 (2007 AL 2014)""""]"",6,[],0,[],0,,,11.8304"
"PO553,https://icepar.specparts.shop/products/detail?slug=vmg_po553-545750,6,,,,,""[""""MERCEDES BENZ AXOR 2035 5 (2007 AL 2019)"""", """"MERCEDES BENZ AXOR 2040 5 (2007 AL 2016)"""", """"MERCEDES BENZ AXOR 2044 5 (2007 AL 2012)"""", """"MERCEDES BENZ AXOR 2535 5 (2011 AL 2014)"""", """"MERCEDES BENZ AXOR 2540 5 (2011)"""", """"MERCEDES BENZ AXOR 3340 (2007 AL 2009)"""", """"MERCEDES BENZ AXOR 3340 K/5 (2005 AL 2011)"""", """"MERCEDES BENZ AXOR 3340K (2007 AL 2009)"""", """"MERCEDES BENZ AXOR 33405 (2007 AL 2009)""""]"",9,[],0,[],0,,,15.4346"
"PO554,https://icepar.specparts.shop/products/detail?slug=vmg_po554-545751,6,,,,,""[""""MERCEDES BENZ ACTROS 1846 L5 (2015 AL 2022)"""", """"MERCEDES BENZ ACTROS 2041 5 (2011 AL 2022)"""", """"MERCEDES BENZ ACTROS 2044 5 (2011 AL 2014)"""", """"MERCEDES BENZ ACTROS 2046 5 (2013 AL 2020)"""", """"MERCEDES BENZ ACTROS 2531 (2013 AL 2014)"""", """"MERCEDES BENZ ACTROS 2636 (2012 AL 2014)"""", """"MERCEDES BENZ ACTROS 2646 5/L5 (2011 AL 2017)"""", """"MERCEDES BENZ ACTROS 3336 (2013 AL 2016)"""", """"MERCEDES BENZ ACTROS 3344 B/K/S (2011 AL 2015)"""", """"MERCEDES BENZ ACTROS 4141 (2012 AL 2013)"""", """"MERCEDES BENZ ACTROS 4144 (2013 AL 2016)""""]"",11,[],0,[],0,,,18.4324"
"PO564,https://icepar.specparts.shop/products/detail?slug=vmg_po564-545755,6,,,,,""[""""FORD TRANSIT 2.4 TDI (2000 AL 2002)"""", """"FORD TRANSIT 2.4 TDI 16¥V (2000 AL 2005)""""]"",2,[],0,[],0,,,7.3672"
"PO570,https://icepar.specparts.shop/products/detail?slug=vmg_po570-545759,6,,,,,""[""""FORD F-100 2.5 TDI (1993 AL 1999)"""", """"FORD F-100 3.9D 4X4 (1993 AL 1999)"""", """"FORD RANGER 2.5 TDI (1997 AL 2002)""""]"",3,[],0,[],0,,,8.5937"
"PO573,https://icepar.specparts.shop/products/detail?slug=vmg_po573-545760,6,,,,,""[""""ISUZU PICK UP 3.1 TD (1997 AL 2005)"""", """"ISUZU TROOPER 3.1 D (2001 AL 2002)"""", """"ISUZU TROOPER 3.1 TDI (1996 AL 2004)""""]"",3,[],0,[],0,,,8.4825"
"PO574,https://icepar.specparts.shop/products/detail?slug=vmg_po574-545761,7,,,,,""[""""ISUZU AMIGO 2.6 (1993 AL 1995)"""", """"ISUZU RODEO 2.6 (1992 AL 1995)"""", """"ISUZU TROOPER 2.6 (1985 AL 1997)""""]"",3,[],0,[],0,,,8.4950"
"PO579,https://icepar.specparts.shop/products/detail?slug=vmg_po579-545763,7,,,,,""[""""KIA K 2500 2.5 CRDI (2008 AL 2017)"""", """"MITSUBISHI MONTERO 3.0 V6 (1992 AL 1996)"""", """"MITSUBISHI MONTERO 3.5 V6 (1986 AL 1996)""""]"",3,[],0,[],0,,,8.4590"
"PO580,https://icepar.specparts.shop/products/detail?slug=vmg_po580-545764,7,,,,,""[""""MITSUBISHI MONTERO 28 TDI (1993 AL 2003)"""", """"MITSUBISHI MONTERO 3.2 DI-D (2001 AL 2012)"""", """"MITSUBISHI NATIVA 3.2 DI-D (2011 AL 2012)""""]"",3,[],0,[],0,,,8.8823"
"PO589,https://icepar.specparts.shop/products/detail?slug=vmg_po589-545766,7,,,,,""[""""FORD TRANSIT 2.5 TDI (1996 AL 2001)""""]"",1,[],0,[],0,,,6.8256"
"PO591,https://icepar.specparts.shop/products/detail?slug=vmg_po591-545767,7,,,,,""[""""MITSUBISHI L 200 3.2 DI-D (2009 AL 2022)"""", """"MITSUBISHI MONTERO 3.2 DI-D (2001 AL 2012)"""", """"MITSUBISHI NATIVA 3.2 DI-D (2011 AL 2012)""""]"",3,[],0,[],0,,,9.4576"
"PO593,https://icepar.specparts.shop/products/detail?slug=vmg_po593-545769,7,,,,,""[""""CHEVROLET GRAND VITARA 2.0 HDI (1999 AL 2003)"""", """"SUZUKI GRAND VITARA 20 HDI (2002 AL 2007)""""]"",2,[],0,[],0,,,8.1543"
"PO594,https://icepar.specparts.shop/products/detail?slug=vmg_po594-545770,7,,,,,""[""""SCANIA SERIE G G340 A4X2 (2007 AL 2014)"""", """"SCANIA SERIE G G360 6X2 (2013 AL 2022)"""", """"SCANIA SERIE G G360 A/B4X2 (2012 AL 2020)"""", """"SCANIA SERIE G G420 B4X2 (2007 AL 2012)"""", """"SCANIA SERIE P P340 4X2 (2007 AL 2014)"""", """"SCANIA SERIE P P360 4X2 (2013 AL 2026)"""", """"SCANIA SERIE P P360 6X2 (2013 AL 2019)"""", """"SCANIA SERIE P P400 8X4 (2018 AL 2022)"""", """"SCANIA SERIE P P420 6X4 (2007 AL 2012)"""", """"SCANIA SERIE R R340 4X2 (2001 AL 2008)"""", """"SCANIA SERIE R R360 4X2 (2013 AL 2020)"""", """"SCANIA SERIE R R420 4X2 (2007 AL 2014)"""", """"SCANIA SERIE R R470 4X2 (2009 AL 2012)"""", """"SCANIA SERIE T T114 GA 320 (1999 AL 2006)"""", """"SCANIA SERIE T T114 GB 360 (2001 AL 2006)""""]"",15,[],0,[],0,,,22.6770"
"PO597,https://icepar.specparts.shop/products/detail?slug=vmg_po597-545772,7,,,,,""[""""MERCEDES BENZ 1728 (2001 AL 2007)"""", """"MERCEDES BENZ 2423 B (2005 AL 2011)"""", """"MERCEDES BENZ 2428 (2001 AL 2007)"""", """"MERCEDES BENZ L 1623 (2001 AL 2007)"""", """"MERCEDES BENZ L 1624 (2007 AL 2014)"""", """"MERCEDES BENZ L 1632 (1999 AL 2004)"""", """"MERCEDES BENZ OF 1722 (2003 AL 2016)""""]"",7,[],0,[],0,,,13.9710"
"PO600,https://icepar.specparts.shop/products/detail?slug=vmg_po600-545775,7,,,,,""[""""MECC EUROTECH 13.8 (2002 AL 2005)"""", """"MECC EUROTRAKKER MP190E37W (2002 AL 2007)""""]"",2,[],0,[],0,,,7.3656"
"PO603,https://icepar.specparts.shop/products/detail?slug=vmg_po603-545776,7,,,,,""[""""DODGE RAM 5.9D (2004 AL 2010)""""]"",1,[],0,[],0,,,6.3797"
"PO607,https://icepar.specparts.shop/products/detail?slug=vmg_po607-545777,7,,,,,""[""""VOLKSWAGEN TITAN &.3 (2003 AL 2008)"""", """"VOLKSWAGEN VOLKSBUS 8&3 (2007 AL 2008)""""]"",2,[],0,[],0,,,7.9339"
"PO610,https://icepar.specparts.shop/products/detail?slug=vmg_po610-545778,7,,,,,""[""""RENAULT KERAX 380 DXI (2013 AL 2016)"""", """"RENAULT KERAX 440 DXI (2006 AL 2013)""""]"",2,[],0,[],0,,,7.5568"
"PO612,https://icepar.specparts.shop/products/detail?slug=vmg_po612-545779,7,,,,,""[""""MERCEDES BENZ © 400 (1995 AL 1999)"""", """"MERCEDES BENZ © 400 RSD (1996 AL 2001)"""", """"MERCEDES BENZ © 400 RSE (2000 AL 2007)""""]"",3,[],0,[],0,,,8.5568"
"PO615,https://icepar.specparts.shop/products/detail?slug=vmg_po615-545781,7,,,,,""[""""FORD CARGO 1832E (2007 AL 2012)"""", """"FORD CARGO 1932 (2011 AL 2016)"""", """"FORD CARGO 1933-37 CD MT (2016 AL 2022)"""", """"FORD CARGO 2632E (2007 AL 2018)""""]"",4,[],0,[],0,,,10.1576"
"PO616,https://icepar.specparts.shop/products/detail?slug=vmg_po616-545782,7,,,,,""[""""FORD CARGO 1722E (2007 AL 2018)"""", """"FORD CARGO 1723 4X2 CD MT 37 (2016 AL 2022)"""", """"FORD CARGO 1729-37 CD MT (2016 AL 2022)"""", """"FORD CARGO 3129-34 (2016 AL 2020)""""]"",4,[],0,[],0,,,10.3137"
"PO617,https://icepar.specparts.shop/products/detail?slug=vmg_po617-545783,7,,,,,""[""""FORD CARGO 2425 3.9 (1995 AL 2001)"""", """"FORD CARGO 2631 3.9 (2002 AL 2007)"""", """"VOLKSWAGEN VOLKSBUS 17.240 OT (2005 AL 2007)"""", """"VOLKSWAGEN WORKER 17210 (2005 AL 2007}"""", """"VOLKSWAGEN WORKER 65 (2007 AL 2008)"""", """"VOLKSWAGEN WORKER 8.3 (1999 AL 2015)""""]"",6,[],0,[],0,,,12.0769"
"PO618,https://icepar.specparts.shop/products/detail?slug=vmg_po618-545784,7,,,,,""[""""FORD CARGO 1730 3.9 (1999 AL 2009)"""", """"FORD CARGO 2425 3.9 (1995 AL 2001)"""", """"FORD CARGO 2631 3.9 (2002 AL 2007)"""", """"FORD F-14000 F-14.000 (1996 AL 2008)""""]"",4,[],0,[],0,,,10.2031"
"PO619,https://icepar.specparts.shop/products/detail?slug=vmg_po619-545785,7,,,,,""[""""VOLKSWAGEN WORKER 13180 (2007 AL 2011)"""", """"VOLKSWAGEN WORKER 65 (2007 AL 2010)""""]"",2,[],0,[],0,,,7.5913"
"PO620,https://icepar.specparts.shop/products/detail?slug=vmg_po620-545786,8,,,,,""[""""VOLKSWAGEN DELIVERY 5.140 E (2006 AL 2011)"""", """"VOLKSWAGEN WORKER 8.150 E (2010 AL 2017)""""]"",2,[],0,[],0,,,7.4417"
"PO621,https://icepar.specparts.shop/products/detail?slug=vmg_po621-545787,8,,,,,""[""""VOLKSWAGEN CONSTELLATION 17.250 E (2007 AL 2017)"""", """"VOLKSWAGEN WORKER 17210 (2005 AL 2007}"""", """"VOLKSWAGEN WORKER 26.260 E (2007 AL 2016)"""", """"VOLKSWAGEN WORKER 4.7 (2002 AL 2012)"""", """"VOLKSWAGEN WORKER 65 (2007 AL 2010)"""", """"VOLKSWAGEN WORKER 8.150 E (2010 AL 2017)"""", """"VOLKSWAGEN WORKER 8.3 (1999 AL 2015)"""", """"VOLKSWAGEN WORKER 9150 (1999 AL 2007)""""]"",8,[],0,[],0,,,15.1076"
"PO622,https://icepar.specparts.shop/products/detail?slug=vmg_po622-545788,8,,,,,""[""""VOLKSWAGEN CONSTELLATION 19.320 E (2008 AL 2017)"""", """"VOLKSWAGEN CONSTELLATION 25.320 E (2011 AL 2014)"""", """"VOLKSWAGEN CONSTELLATION 31.320 E (2002 AL 2011)"""", """"VOLKSWAGEN WORKER 26.260 E (2007 AL 2016)""""]"",4,[],0,[],0,,,10.2309"
"PO624,https://icepar.specparts.shop/products/detail?slug=vmg_po624-545789,8,,,,,""[""""MERCEDES BENZ AXOR 2035 5 (2007 AL 2019)"""", """"MERCEDES BENZ AXOR 2040 5 (2007 AL 2016)"""", """"MERCEDES BENZ AXOR 2044 5 (2007 AL 2012)"""", """"MERCEDES BENZ AXOR 2535 5 (2011 AL 2014)"""", """"MERCEDES BENZ AXOR 2540 5 (2011)"""", """"MERCEDES BENZ AXOR 3340 (2007 AL 2009)"""", """"MERCEDES BENZ AXOR 3340 K/5 (2005 AL 2011)"""", """"MERCEDES BENZ AXOR 3340K (2007 AL 2009)"""", """"MERCEDES BENZ AXOR 33405 (2007 AL 2009)""""]"",9,[],0,[],0,,,16.3698"
"PO625,https://icepar.specparts.shop/products/detail?slug=vmg_po625-545790,8,,,,,""[""""FORD CARGO 1119-39 (2016 AL 2026)"""", """"FORD CARGO 1317E (2006 AL 2012)"""", """"FORD CARGO 1517E (2007 AL 2016)"""", """"FORD CARGO 1519-35 (2016 AL 2022)""""]"",4,[],0,[],0,,,9.8060"
"PO626,https://icepar.specparts.shop/products/detail?slug=vmg_po626-545791,8,,,,,""[""""NMECO 380T42 12.9 (2012 AL 2017)"""", """"MECC EUROTRAKKER 13.0 (2007 AL 2015)"""", """"NVECG STRALIS 12.9 (2007 AL 2012, 2016 AL 2018)"""", """"NVECG STRALIS 13.0 (2006 AL 2020)""""]"",4,[],0,[],0,,,9.5608"
"PO631,https://icepar.specparts.shop/products/detail?slug=vmg_po631-545793,8,,,,,""[""""MERCEDES BENZ 921/913/912/914 (1993 AL 2004)"""", """"MERCEDES BENZ ACCELO 915C (2005 AL 2016)"""", """"MERCEDES BENZ OF 1417 (2001 AL 2007)"""", """"MERCEDES BENZ OF 1418 (2008 AL 2016)""""]"",4,[],0,[],0,,,10.0697"
"PO635,https://icepar.specparts.shop/products/detail?slug=vmg_po635-545794,8,,,,,""[""""SCANIA SERIE R R113 ML 4X2 (1991 AL 2008)"""", """"SCANIA SERIE T T113H 4X2 42 (1991 AL 1998)""""]"",2,[],0,[],0,,,7.5534"
"PO636,https://icepar.specparts.shop/products/detail?slug=vmg_po636-545795,8,,,,,""[""""SCANIA SERIE P P114 GA (1999 AL 2005)"""", """"SCANIA SERIE P P124CA (2001 AL 2006)"""", """"SCANIA SERIE R R114GA (2007 AL 2008)"""", """"SCANIA SERIE R R114GB (2001 AL 2008)"""", """"SCANIA SERIE R R124 CB 8X4 (2001 AL 2008)"""", """"SCANIA SERIE T T114 GA 320 (1999 AL 2006)"""", """"SCANIA SERIE T T114 GB 360 (2001 AL 2006)"""", """"SCANIA SERIE T T124 GA 360 (2001 AL 2006)"""", """"SCANIA SERIE T T124 GB 420 (2001 AL 2006)""""]"",9,[],0,[],0,,,15.2572"
"PO638,https://icepar.specparts.shop/products/detail?slug=vmg_po638-584073,8,,,,,""[""""FORD CARGO 1722 3.9 (1999 AL 2008)"""", """"FORD CARGO 915 (1999 AL 2007)"""", """"FORD F-14000 F-14.000 (1996 AL 2008)"""", """"VOLKSWAGEN WORKER 4.7 (2002 AL 2012)"""", """"VOLKSWAGEN WORKER 65 (2007 AL 2017)"""", """"VOLKSWAGEN WORKER 8.150 E (2010 AL 2017)""""]"",6,[],0,[],0,,,12.2022"
"PO639,https://icepar.specparts.shop/products/detail?slug=vmg_po639-584074,8,,,,,""[""""FORD F-100 4.20 MWM (1999 AL 2007)""""]"",1,[],0,[],0,,,6.2208"
"TK327193,https://icepar.specparts.shop/products/detail?slug=tekbond_tk327193-352333,8,,,,,""[""""UNIVERSAL UNIVERSAL (0 AL 2026)""""]"",1,[],0,[],0,,,6.5113"
"TK367274,https://icepar.specparts.shop/products/detail?slug=tekbond_tk367274-337055,8,,,,,""[""""UNIVERSAL UNIVERSAL (0 AL 2026)""""]"",1,[],0,[],0,,,6.5860"
"TK367275,https://icepar.specparts.shop/products/detail?slug=tekbond_tk367275-337056,8,,,,,""[""""UNIVERSAL UNIVERSAL (0 AL 2026)""""]"",1,[],0,[],0,,,6.1863"
"TK367279,https://icepar.specparts.shop/products/detail?slug=tekbond_tk367279-337057,8,,,,,""[""""UNIVERSAL UNIVERSAL (0 AL 2026)""""]"",1,[],0,[],0,,,6.2532"
"TK367280,https://icepar.specparts.shop/products/detail?slug=tekbond_tk367280-337058,8,,,,,""[""""UNIVERSAL UNIVERSAL (0 AL 2026)""""]"",1,[],0,[],0,,,6.1651"
"5000HOP,https://icepar.specparts.shop/products/detail?slug=sadar_5000hop-35437,8,,,,,[],0,""[""""LONGITUD TOTAL EXTENDIDO: 250 mm"""", """"LONGITUD TOTAL COMPRIMIDO: 205 mm"""", """"TIPO DE ANCLAJE SUPERIOR: BUJE"""", """"TIPO DE BUJE DE ANCLAJE INFERIOR: GM 18 x 34"""", """"POSICION: DELANTERO"""", """"TIPO DE BUJE DE ANCLAJE SUPERIOR: GM 18x 4"""", """"TIPO DE ANCLAJE INFERIOR: BUJE"""", """"LADO: AMBOS""""]"",8,[],0,,,15.5414"
"5002HOP,https://icepar.specparts.shop/products/detail?slug=sadar_5002hop-35438,8,,,,,""[""""MERCEDES BENZ 712 712C (2001 AL 2007)""""]"",1,""[""""LONGITUD TOTAL COMPRIMIDO: 208 mm"""", """"LONGITUD TOTAL EXTENDIDO: 284 mm"""", """"POSICION: DELANTERO"""", """"LADO: AMBOS"""", """"TIPO DE BUJE DE ANCLAJE INFERIOR: GM 12 x 32"""", """"TIPO DE ANCLAJE INFERIOR: BUJE"""", """"TIPO DE ANCLAJE SUPERIOR: BUJE"""", """"TIPO DE BUJE DE ANCLAJE SUPERIOR: GM 12x 32""""]"",8,[],0,,,18.8226"
"5006HOP,https://icepar.specparts.shop/products/detail?slug=sadar_5006hop-35442,8,,,,,""[""""MERCEDES BENZ L 1215 (1990 AL 1996)"""", """"MERCEDES BENZ L 1638 (1995 AL 1999)"""", """"MERCEDES BENZ LS 1633 (1995 AL 2001)""""]"",3,""[""""LONGITUD TOTAL EXTENDIDO: 395 mm"""", """"LONGITUD TOTAL COMPRIMIDCO: 255 mm"""", """"POSICION: DELANTERO"""", """"LADO: AMBOS"""", """"TIPO DE BUJE DE ANCLAJE SUPERIOR: GM 12x 32"""", """"TIPO DE ANCLAJE INFERIOR: BUJE"""", """"TIPO DE BUJE DE ANCLAJE INFERIOR: GM 12 x 32"""", """"TIPO DE ANCLAJE SUPERIOR: BUJE""""]"",8,""[""""CORVEN: 42278"""", """"FRIC ROT: 38052MX"""", """"MONROE: 38052Ml"""", """"SACHS: 6446""""]"",4,,,31.5580"
"5009HOP,https://icepar.specparts.shop/products/detail?slug=sadar_5009hop-35444,9,,,,,""[""""MERCEDES BENZ L 1620 (1999 AL 2010)""""]"",1,""[""""LONGITUD TOTAL EXTENDIDO: 395 mm"""", """"LONGITUD TOTAL COMPRIMIDO: 258 mm"""", """"POSICION: DELANTERO"""", """"LADO: AMBOS"""", """"TIPO DE BUJE DE ANCLAJE SUPERIOR: GM 12x 32"""", """"TIPO DE ANCLAJE INFERIOR: BUJE"""", """"TIPO DE BUJE DE ANCLAJE INFERIOR: GM 12 x 32"""", """"TIPO DE ANCLAJE SUPERIOR: BUJE""""]"",8,[],0,,,18.6412"
"5011HOP,https://icepar.specparts.shop/products/detail?slug=sadar_5011hop-35446,9,,,,,[],0,""[""""LONGITUD TOTAL COMPRIMIDO: 162 mm"""", """"LONGITUD TOTAL EXTENDIDO: 215 mm"""", """"LADO: AMBOS"""", """"TIPO DE ANCLAJE SUPERIOR: ESPIGA"""", """"TIPO DE ESPIGA DE ANCLAJE INFERIOR: ESP 11 x 50"""", """"POSICION: DELANTERO"""", """"TIPO DE ANCLAJE INFERIOR: ESPIGA"""", """"TIPO DE ESPIGA DE ANCLAJE SUPERIOR: ESP 11x 50""""]"",8,[],0,,,15.5484"
"5012HOP,https://icepar.specparts.shop/products/detail?slug=sadar_5012hop-35447,9,,,,,""[""""FORD CARGO 1317 (2005 AL 2007)"""", """"FORD CARGO 1317E (2006 AL 2012)"""", """"FORD CARGO 1416 (1999 AL 2007)"""", """"FORD CARGO 1517 (2005 AL 2009)"""", """"FORD CARGO 1517E (2007 AL 2016)"""", """"FORD CARGO 1716 (1999 AL 2008)"""", """"FORD CARGO 1722 3.9 (1999 AL 2008)"""", """"FORD CARGO 1722E (2007 AL 2018)"""", """"FORD CARGO 1730 3.9 (1999 AL 2009)"""", """"FORD CARGO 1831 3.9 (2002 AL 2007)"""", """"FORD CARGO 1832E (2007 AL 2012)"""", """"FORD CARGO 2525 3.9 (1997 AL 2003)""""]"",12,""[""""LONGITUD TOTAL COMPRIMIDO: 174 mm"""", """"LONGITUD TOTAL EXTENDIDO: 215 mm"""", """"POSICION: AMBOS"""", """"LADO: AMBOS"""", """"TIPO DE ANCLAJE SUPERIOR: BUJE"""", """"TIPO DE BUJE DE ANCLAJE INFERIOR: GM 12 x 32"""", """"TIPO DE BUJE DE ANCLAJE SUPERIOR: GM 12x 32"""", """"TIPO DE ANCLAJE INFERIOR: BUJE""""]"",8,""[""""CORVEN: 42543"""", """"FRIC ROT: 38213MX"""", """"MONROE: 38213MI""""]"",3,,,41.6181"
"5015HOP,https://icepar.specparts.shop/products/detail?slug=sadar_5015hop-35449,9,,,,,[],0,""[""""LONGITUD TOTAL COMPRIMIDO: 175 mm"""", """"LONGITUD TOTAL EXTENDIDO: 235 mm"""", """"TIPO DE ANCLAJE INFERIOR: ESPIGA"""", """"TIPO DE ANCLAJE SUPERIOR: ESPIGA"""", """"POSICION: DELANTERO"""", """"TIPO DE ESPIGA DE ANCLAJE INFERIOR: ESP 11 x 50"""", """"LADO: AMBOS"""", """"TIPO DE ESPIGA DE ANCLAJE SUPERIOR: ESP 12 x 45""""]"",8,[],0,,,17.2236"
"5016HOP,https://icepar.specparts.shop/products/detail?slug=sadar_5016hop-35450,9,,,,,[],0,""[""""LONGITUD TOTAL COMPRIMIDO: 175 mm"""", """"LONGITUD TOTAL EXTENDIDO: 230 mm"""", """"POSICION: DELANTERO"""", """"TIPO DE ANCLAJE INFERIOR: ESPIGA"""", """"TIPO DE ESPIGA DE ANCLAJE INFERIOR: ESP 12 x 78"""", """"LADO: AMBOS"""", """"TIPO DE BUJE DE ANCLAJE SUPERIOR: GM 16x 40"""", """"TIPO DE ANCLAJE SUPERIOR: BUJE""""]"",8,[],0,,,16.1734"
"5018HOP,https://icepar.specparts.shop/products/detail?slug=sadar_5018hop-35452,9,,,,,[],0,""[""""LONGITUD TOTAL EXTENDIDO: 335 mm"""", """"LONGITUD TOTAL COMPRIMIDO: 222 mm"""", """"TIPO DE ANCLAJE SUPERIOR: ESPIGA"""", """"POSICION: DELANTERO"""", """"TIPO DE ESPIGA DE ANCLAJE SUPERIOR: ESP 11x50"""", """"LADO: AMBOS"""", """"TIPO DE ANCLAJE INFERIOR: ESPIGA"""", """"TIPO DE ESPIGA DE ANCLAJE INFERIOR: ESP 11 x 50""""]"",8,[],0,,,15.8440"
"315 670,https://icepar.specparts.shop/products/detail?slug=sachs_315670-57376,9,,,,,""[""""MERCEDES BENZ AXOR 1933 5 (2007 AL 2022)"""", """"MERCEDES BENZ AXOR 2035 5 (2007 AL 2019)"""", """"MERCEDES BENZ AXOR 2040 5 (2007 AL 2016)"""", """"MERCEDES BENZ AXOR 2044 5 (2007 AL 2012)"""", """"MERCEDES BENZ AXOR 2540 5 (2011)""""]"",5,""[""""LADO: AMBOS"""", """"POSICION: DELANTERO""""]"",2,""[""""FRIC ROT: CB0163"""", """"SACHS: 315 670:009""""]"",2,,,25.0189"
"317 313,https://icepar.specparts.shop/products/detail?slug=sachs_317313-106647,9,,,,,""[""""FORD CARGO 1317E (2006 AL 2012)"""", """"FORD CARGO 1517E (2007 AL 2016)"""", """"FORD CARGO 1722E (2007 AL 2018)"""", """"FORD CARGO 1723 4X2 CD MT 37 (2016 AL 2022)"""", """"FORD CARGO 1723 4X2 CD MT 43 (2016 AL 2026)"""", """"FORD CARGO 1723 4X2 CD MT 48 (2016 AL 2022)"""", """"FORD CARGO 1729 6X2 53 CD MT (2018 AL 2022)"""", """"FORD CARGO 1729-37 CD MT (2016 AL 2022)"""", """"FORD CARGO 1729-48 CD MT (2016 AL 2022)"""", """"FORD CARGO 1731 6X2-48 CD AMT (2018 AL 2021)"""", """"FORD CARGO 1731 6X2-53 CD AMT (2018 AL 2021)"""", """"FORD CARGO 1932 (2011 AL 2016)"""", """"FORD CARGO 1933-36 CD AMT (2016 AL 2026)"""", """"FORD CARGO 1933-37 CD MT (2016 AL 2022)"""", """"FORD CARGO 1933-48 CD MT (2016 AL 2022)"""", """"FORD CARGO 2042 (2016 AL 2026)"""", """"FORD CARGO 2842 6X2 - 33 CD AMT (2016 AL 2022)""""]"",17,""[""""POSICION: TRASERO"""", """"LADO: Ambos"""", """"LADO: VERTICAL"""", """"LADO: AMBOS""""]"",4,""[""""SACHS: 317 313:009""""]"",1,,,40.4844"
"316 758,https://icepar.specparts.shop/products/detail?slug=sachs_316758-106648,9,,,,,""[""""FORD CARGO 1119-39 (2016 AL 2026)"""", """"FORD CARGO 1119-42 (2016 AL 2026)"""", """"FORD CARGO 1317 (2005 AL 2007)"""", """"FORD CARGO 1317E (2006 AL 2012)"""", """"FORD CARGO 1517 (2005 AL 2009)"""", """"FORD CARGO 1517E (2007 AL 2016)"""", """"FORD CARGO 1519-35 (2016 AL 2022)"""", """"FORD CARGO 1519-42 (2017 AL 2019)"""", """"FORD CARGO 1519-48 (2016 AL 2022)"""", """"FORD CARGO 1716 (1999 AL 2008)"""", """"FORD CARGO 1722 3.9 (1999 AL 2008)"""", """"FORD CARGO 1722E (2007 AL 2018)"""", """"FORD CARGO 1723 4X2 CN MT 37 (2016 AL 2022)"""", """"FORD CARGO 1723 4X2 CN MT 43 (2016 AL 2022)"""", """"FORD CARGO 1723 4X2 CN MT 48 (2016 AL 2021)"""", """"FORD CARGO 1723 6X2 CN AT 48 (2019 AL 2021)"""", """"FORD CARGO 1723 6X2 CN MT 48 (2016 AL 2021)"""", """"FORD CARGO 1723 6X2 CN MT 53 (2017 AL 2021)"""", """"FORD CARGO 1723-53 CN MT 6X2 (2018 AL 2020)"""", """"FORD CARGO 1729 - 43 CN AMT (2018 AL 2020)"""", """"FORD CARGO 1729-48 CN MT (2016 AL 2022)"""", """"FORD CARGO 1730 3.9 (1999 AL 2009)"""", """"FORD CARGO 1731 6X2-48 CN AMT (2018 AL 2021)"""", """"FORD CARGO 1731 6X2-53 CN AMT (2018 AL 2021)"""", """"FORD CARGO 1832E (2007 AL 2012)"""", """"FORD CARGO 1932 (2011 AL 2016)"""", """"FORD CARGO 1933-48 CN MT (2016 AL 2017)"""", """"FORD CARGO 2042 (2016 AL 2026)"""", """"FORD CARGO 2632E (2007 AL 2018)"""", """"FORD CARGO 2842 6X2 - 33 CD AMT (2016 AL 2022)"""", """"FORD CARGO 3129-34 (2016 AL 2020)"""", """"FORD CARGO 3129-45 (2016 AL 2021)"""", """"FORD CARGO 3131 6X4-34-H (2018 AL 2022)"""", """"FORD CARGO 3131 6X4-45-H (2018 AL 2021)""""]"",34,""[""""LADO: VERTICAL"""", """"LADO: Ambos"""", """"POSICION: TRASERO"""", """"LADO: AMBOS""""]"",4,""[""""SACHS: 316 758:009""""]"",1,,,61.2610"
"317 312,https://icepar.specparts.shop/products/detail?slug=sachs_317312-106649,9,,,,,""[""""FORD CARGO 1317 (2005 AL 2007)"""", """"FORD CARGO 1317E (2006 AL 2012)"""", """"FORD CARGO 1517 (2005 AL 2009)"""", """"FORD CARGO 1517E (2007 AL 2016)"""", """"FORD CARGO 1722 3.9 (1999 AL 2008)"""", """"FORD CARGO 1722E (2007 AL 2018)"""", """"FORD CARGO 1723 4X2 CD MT 37 (2016 AL 2022)"""", """"FORD CARGO 1723 4X2 CD MT 43 (2016 AL 2026)"""", """"FORD CARGO 1723 4X2 CD MT 48 (2016 AL 2022)"""", """"FORD CARGO 1729 6X2 53 CD MT (2018 AL 2022)"""", """"FORD CARGO 1729-37 CD MT (2016 AL 2022)"""", """"FORD CARGO 1729-48 CD MT (2016 AL 2022)"""", """"FORD CARGO 1731 6X2-48 CD AMT (2018 AL 2021)"""", """"FORD CARGO 1731 6X2-53 CD AMT (2018 AL 2021)"""", """"FORD CARGO 1932 (2011 AL 2016)"""", """"FORD CARGO 1933-36 CD AMT (2016 AL 2026)"""", """"FORD CARGO 1933-37 CD MT (2016 AL 2022)"""", """"FORD CARGO 1933-48 CD MT (2016 AL 2022)"""", """"FORD CARGO 2042 (2016 AL 2026)"""", """"FORD CARGO 2842 6X2 - 33 CD AMT (2016 AL 2022)""""]"",20,""[""""POSICION: DELANTERO"""", """"LADO: VERTICAL""""]"",2,""[""""SACHS: 317 312:009""""]"",1,,,40.3505"
"316 757,https://icepar.specparts.shop/products/detail?slug=sachs_316757-106650,9,,,,,""[""""FORD CARGO 1119-39 (2016 AL 2026)"""", """"FORD CARGO 1119-42 (2016 AL 2026)"""", """"FORD CARGO 1317 (2005 AL 2007)"""", """"FORD CARGO 1317E (2006 AL 2012)"""", """"FORD CARGO 1517 (2005 AL 2009)"""", """"FORD CARGO 1517E (2007 AL 2016)"""", """"FORD CARGO 1519-35 (2016 AL 2022)"""", """"FORD CARGO 1519-42 (2017 AL 2019)"""", """"FORD CARGO 1519-48 (2016 AL 2022)"""", """"FORD CARGO 1716 (1999 AL 2008)"""", """"FORD CARGO 1722 3.9 (1999 AL 2008)"""", """"FORD CARGO 1722E (2007 AL 2018)"""", """"FORD CARGO 1723 4X2 CN MT 37 (2016 AL 2022)"""", """"FORD CARGO 1723 4X2 CN MT 43 (2016 AL 2022)"""", """"FORD CARGO 1723 4X2 CN MT 48 (2016 AL 2021)"""", """"FORD CARGO 1723 6X2 CN AT 48 (2019 AL 2021)"""", """"FORD CARGO 1723 6X2 CN MT 48 (2016 AL 2021)"""", """"FORD CARGO 1723 6X2 CN MT 53 (2017 AL 2021)"""", """"FORD CARGO 1723-53 CN MT 6X2 (2018 AL 2020)"""", """"FORD CARGO 1729 - 43 CN AMT (2018 AL 2020)"""", """"FORD CARGO 1729-48 CN MT (2016 AL 2022)"""", """"FORD CARGO 1730 3.9 (1999 AL 2009)"""", """"FORD CARGO 1731 6X2-48 CN AMT (2018 AL 2021)"""", """"FORD CARGO 1731 6X2-53 CN AMT (2018 AL 2021)"""", """"FORD CARGO 1832E (2007 AL 2012)"""", """"FORD CARGO 1932 (2011 AL 2016)"""", """"FORD CARGO 1933-48 CN MT (2016 AL 2017)"""", """"FORD CARGO 2042 (2016 AL 2026)"""", """"FORD CARGO 2632E (2007 AL 2018)"""", """"FORD CARGO 2842 6X2 - 33 CD AMT (2016 AL 2022)"""", """"FORD CARGO 3129-34 (2016 AL 2020)"""", """"FORD CARGO 3129-45 (2016 AL 2021)"""", """"FORD CARGO 3131 6X4-34-H (2018 AL 2022)"""", """"FORD CARGO 3131 6X4-45-H (2018 AL 2021)""""]"",34,""[""""LADO: VERTICAL"""", """"LADO: Ambos"""", """"POSICION: DELANTERO"""", """"LADO: AMBOS""""]"",4,""[""""SACHS: 316 757:009""""]"",1,,,59.0839"
"316 891,https://icepar.specparts.shop/products/detail?slug=sachs_316891-106651,9,,,,,""[""""AGRALE 14000 14000 4X2 (2016 AL 2026)"""", """"AGRALE 14000 14000 6X2 (2016 AL 2021)"""", """"AGRALE 6000 6000 CD (2004 AL 2012)"""", """"AGRALE 6000 6000 D (2004 AL 2012)"""", """"AGRALE 7500 (2004 AL 2012)"""", """"AGRALE &-SERIES 8500 TCA (2005 AL 2017)"""", """"AGRALE &-SERIES MA &.7 V (2017 AL 2026)"""", """"AGRALE 9200 TCA (2005 AL 2016)"""", """"FORD CARGO 1317 (2005 AL 2007)"""", """"FORD CARGO 1416 (1999 AL 2007)"""", """"FORD CARGO 1517 (2005 AL 2009)"""", """"FORD CARGO 1716 (1999 AL 2008)"""", """"FORD CARGO 1722 3.9 (1999 AL 2008)"""", """"FORD CARGO 1730 3.9 (1999 AL 2009)"""", """"FORD CARGO 1831 3.9 (2002 AL 2007)"""", """"FORD CARGO 2425 3.9 (1995 AL 2001)"""", """"FORD CARGO 2525 3.9 (1997 AL 2003)"""", """"FORD CARGO 2631 3.9 (2002 AL 2007)"""", """"VOLKSWAGEN 15160 8.3 (1999 AL 2004)"""", """"VOLKSWAGEN 15170 (2001 AL 2002)"""", """"VOLKSWAGEN 17160 (2000 AL 2001)"""", """"VOLKSWAGEN 17300 8.3 (1999 AL 2004)"""", """"VOLKSWAGEN CONSTELLATION 17.250 E (2007 AL 2017)"""", """"VOLKSWAGEN WORKER 13180 (2007 AL 2011)"""", """"VOLKSWAGEN WORKER 15180 (2006 AL 2016)"""", """"VOLKSWAGEN WORKER 65 (2007 AL 2017)"""", """"VOLKSWAGEN WORKER 8.3 (1999 AL 2015)""""]"",27,""[""""LADO: Ambos"""", """"POSICION: TRASERO"""", """"LADO: VERTICAL"""", """"LADO: AMBOS""""]"",4,""[""""CORVEN: 42543"""", """"FRIC ROT: 38058"""", """"SACHS: 316 891:009""""]"",3,,,53.7580"
"316 034,https://icepar.specparts.shop/products/detail?slug=sachs_316034-106653,9,,,,,""[""""MECC 150 (1988 AL 1998)"""", """"MECC 180C33 MLL (2016 AL 2026)"""", """"MECC 180E33 7.8 (2010 AL 2015)"""", """"NMECO 230E25 5.9 (2010 AL 2012)"""", """"NMECG 320E18T 5.9 (2002 AL 2007)"""", """"ECO 450E33T 7.8 (2011 AL 2026)"""", """"NMECO CC170E22 (2005 AL 2012)"""", """"MECC CURSOR (2017 AL 2020)"""", """"MECC CURSOR &.2 (2016 AL 2018)"""", """"MECC EUROCARGO 5.9 (2002 AL 2020)"""", """"MECC TECTOR 5.9 (2009 AL 2021)""""]"",11,""[""""LADO: VERTICAL"""", """"POSICION: DELANTERO"""", """"LADO: AMBOS""""]"",3,""[""""CORVEN: 42366"""", """"FRIC ROT: 38049"""", """"MONROE: 38049MI"""", """"SACHS: 2021"""", """"SACHS: 316 034:009""""]"",5,,,36.7550"
"115 737,https://icepar.specparts.shop/products/detail?slug=sachs_115737-106654,9,,,,,""[""""MECC 200E41 13.8 (1995 AL 2001)""""]"",1,""[""""POSICION: TRASERO"""", """"LADO: VERTICAL"""", """"LADO: AMBOS""""]"",3,""[""""CORVEN:"""", """"FRIC ROT: 94902""""]"",2,,,19.3924"
"115 740,https://icepar.specparts.shop/products/detail?slug=sachs_115740-106655,9,,,,,""[""""MECC 450E33T 14.0 (2010 AL 2017)"""", """"MECC 450E33T 7.8 (2011 AL 2017)"""", """"MECC EUROTRAKKER 13.0 (2007 AL 2015)""""]"",3,""[""""LADO: VERTICAL"""", """"POSICION: TRASERO"""", """"LADO: AMBOS""""]"",3,""[""""CORVEN:"""", """"FRIC ROT: 94901""""]"",2,,,24.2499"
"316 035,https://icepar.specparts.shop/products/detail?slug=sachs_316035-106656,9,,,,,""[""""NMECO 380T42 12.9 (2012 AL 2017)"""", """"MECC 450E33T 14.0 (2010 AL 2017)"""", """"MECC 450E33T 7.8 (2011 AL 2017)"""", """"MECC EUROCARGO 5.9 (2002 AL 2020)"""", """"MECC EUROCARGO 7.8 (2002 AL 2012)"""", """"MECC EUROTECH 13.8 (2002 AL 2012)"""", """"MECC EUROTRAKKER 19240 (2001 AL 2017)"""", """"MECC EUROTRAKKER 13.0 (2007 AL 2015)"""", """"MECC EUROTRAKKER 13.8 (2002 AL 2007)"""", """"MECC EUROTRAKKER 190E44 (2001 AL 2017)"""", """"MECC EUROTRAKKER 340E38 (2001 AL 2017)"""", """"MECC EUROTRAKKER 340E44 (2001 AL 2017)"""", """"MECC EUROTRAKKER 380E38 (2001 AL 2017)"""", """"MECC EUROTRAKKER 380E44 (2001 AL 2017)"""", """"MECC EUROTRAKKER 410E38 (2001 AL 2017)"""", """"MECC EUROTRAKKER 410E44 (2001 AL 2017)"""", """"MECC EUROTRAKKER MP190E37W (2002 AL 2007)"""", """"NVECG STRALIS 13.0 (2005 AL 2008)"""", """"MECC TRAKKER (2017 AL 2026)"""", """"MECC TRAKKER 360 (2012 AL 2015)"""", """"MECC TRAKKER 380 (2012 AL 2015)"""", """"MECC TRAKKER 410 (2011 AL 2015)"""", """"MECC TRAKKER 420 (2018 AL 2020)"""", """"MECC TRAKKER 440 (2013 AL 2015)""""]"",24,""[""""POSICION: DELANTERO"""", """"LADO: VERTICAL"""", """"LADO: AMBOS""""]"",3,""[""""CORVEN: 42537"""", """"FRIC ROT: 83801MX"""", """"MONROE: 83801MI"""", """"SACHS: 2023"""", """"SACHS: 316035:009""""]"",5,,,53.6178"
"311 884,https://icepar.specparts.shop/products/detail?slug=sachs_311884-106657,9,,,,,""[""""NMECG 320E18T 5.9 (2002 AL 2007)"""", """"MECC STRALIS 12.9 (2007 AL 2015)"""", """"NVECG STRALIS 13.0 (2005 AL 2015)"""", """"MECC STRALIS 440550T (2019 AL 2022)""""]"",4,""[""""POSICION: TRASERO"""", """"LADO: VERTICAL"""", """"LADO: AMBOS""""]"",3,""[""""CORVEN:"""", """"FRIC ROT: CB0149""""]"",2,,,24.4632"
"313 055,https://icepar.specparts.shop/products/detail?slug=sachs_313055-106658,9,,,,,""[""""NMECG 320E18T 5.9 (2002 AL 2007)"""", """"MECC STRALIS 12.9 (2007 AL 2015)"""", """"NVECG STRALIS 13.0 (2005 AL 2015)"""", """"MECC STRALIS 440550T (2019 AL 2022)""""]"",4,""[""""LADO: VERTICAL"""", """"POSICION: DELANTERO"""", """"LADO: AMBOS""""]"",3,""[""""FRIC ROT: CB0219""""]"",1,,,22.8767"
"316 810,https://icepar.specparts.shop/products/detail?slug=sachs_316810-106659,9,,,,,""[""""MERCEDES BENZ ACCELO 1016 (2016 AL 2026)"""", """"MERCEDES BENZ ACCELO 815 (2016 AL 2026)"""", """"MERCEDES BENZ ACCELO 915C (2005 AL 2016)""""]"",3,""[""""POSICION: TRASERO"""", """"LADO: Ambos"""", """"LADO: VERTICAL"""", """"LADO: AMBOS""""]"",4,""[""""SACHS: 316 810:009""""]"",1,,,22.7445"
"316 808,https://icepar.specparts.shop/products/detail?slug=sachs_316808-106660,9,,,,,""[""""MERCEDES BENZ ACCELO 1016 (2016 AL 2026)"""", """"MERCEDES BENZ ACCELO 815 (2016 AL 2026)"""", """"MERCEDES BENZ ACCELO 915C (2005 AL 2016)""""]"",3,""[""""LADO: VERTICAL"""", """"LADO: Ambos"""", """"POSICION: DELANTERO"""", """"LADO: AMBOS""""]"",4,""[""""SACHS: 316 808:009""""]"",1,,,23.1773"
"311 888,https://icepar.specparts.shop/products/detail?slug=sachs_311888-106661,9,,,,,""[""""MERCEDES BENZ ATEGO 1315 (2009 AL 2010)"""", """"MERCEDES BENZ ATEGO 1328 (2013 AL 2014)"""", """"MERCEDES BENZ ATEGO 1418 (2007 AL 2016)"""", """"MERCEDES BENZ ATEGO 1718 (2005 AL 2016)"""", """"MERCEDES BENZ ATEGO 1725 (2007 AL 2017)"""", """"MERCEDES BENZ ATEGO 1725 A/S (2007 AL 2019)"""", """"MERCEDES BENZ ATEGO 1726 (2016 AL 2026)"""", """"MERCEDES BENZ ATEGO 1726 42 (2020 AL 2026)"""", """"MERCEDES BENZ ATEGO 1726 5 (2016 AL 2026)"""", """"MERCEDES BENZ ATEGO 1729 5 36 CD (2021 AL 2026)"""", """"MERCEDES BENZ ATEGO 2425 (2010 AL 2017)""""]"",11,""[""""POSICION: TRASERO"""", """"LADO: VERTICAL"""", """"LADO: AMBOS""""]"",3,[],0,,,25.9742"
"315 668,https://icepar.specparts.shop/products/detail?slug=sachs_315668-106664,10,,,,,""[""""MERCEDES BENZ ACTROS 1841 L5 (2015 AL 2022)"""", """"MERCEDES BENZ ACTROS 1846 L5 (2015 AL 2022)"""", """"MERCEDES BENZ ACTROS 20425 (2018 AL 2022)"""", """"MERCEDES BENZ ACTROS 2045 L5 (2022 AL 2026)"""", """"MERCEDES BENZ ACTROS 2046 L5 (2018 AL 2026)"""", """"MERCEDES BENZ ACTROS 2051 L5 (2018 AL 2026)"""", """"MERCEDES BENZ ACTROS 2548 L5 (2022 AL 2026)"""", """"MERCEDES BENZ ACTROS 2645 L5 (2019 AL 2026)"""", """"MERCEDES BENZ ACTROS 2646 L5 (2019 AL 2021)"""", """"MERCEDES BENZ ACTROS 3342 5 (2021 AL 2026)"""", """"MERCEDES BENZ ACTROS 33511 LS (2020 AL 2026)"""", """"MERCEDES BENZ ACTROS 4141B 8X4 (2016 AL 2020)"""", """"MERCEDES BENZ ACTROS 4844K 8X4 (2016 AL 2021)"""", """"MERCEDES BENZ ATEGO 1725 A/S (2007 AL 2019)"""", """"MERCEDES BENZ AXOR 1933 L5 (2016 AL 2022)"""", """"MERCEDES BENZ AXOR 1933 5 (2007 AL 2022)"""", """"MERCEDES BENZ AXOR 2035 5 (2007 AL 2019)"""", """"MERCEDES BENZ AXOR 2036 ROBUST (2020 AL 2022)"""", """"MERCEDES BENZ AXOR 2036 5 (2016 AL 2026)"""", """"MERCEDES BENZ AXOR 2036 5 ROBUST (2020 AL 2022)"""", """"MERCEDES BENZ AXOR 2036 5 STARKET (2021 AL 2026)"""", """"MERCEDES BENZ AXOR 2040 5 (2007 AL 2016)"""", """"MERCEDES BENZ AXOR 2041 5 (2016 AL 2026)"""", """"MERCEDES BENZ AXOR 2044 5 (2007 AL 2012)"""", """"MERCEDES BENZ AXOR 2535 5 (2011 AL 2014)"""", """"MERCEDES BENZ AXOR 2536 5 (2021 AL 2026)"""", """"MERCEDES BENZ AXOR 2540 5 (2011)"""", """"MERCEDES BENZ AXOR 2541 5 (2019 AL 2022)"""", """"MERCEDES BENZ AXOR 2831 B/K (2007 AL 2018)"""", """"MERCEDES BENZ AXOR 3131 B (2016 AL 2026)"""", """"MERCEDES BENZ AXOR 3131 K (2016 AL 2026)"""", """"MERCEDES BENZ AXOR 3340 (2007 AL 2009)"""", """"MERCEDES BENZ AXOR 3340 K/5 (2005 AL 2011)"""", """"MERCEDES BENZ AXOR 3340K (2007 AL 2009)"""", """"MERCEDES BENZ AXOR 33405 (2007 AL 2009)"""", """"MERCEDES BENZ AXOR 3341 (2019 AL 2022)"""", """"MERCEDES BENZ AXOR 3344 (2019 AL 2022)""""]"",37,""[""""POSICION: TRASERO"""", """"LADO: HORIZONTAL"""", """"LADO: AMBOS""""]"",3,""[""""FRIC ROT: CB0097"""", """"SACHS: 315 668:009""""]"",2,,,63.5348"
"315 669,https://icepar.specparts.shop/products/detail?slug=sachs_315669-106665,10,,,,,""[""""MERCEDES BENZ ATEGO 1725 A/S (2007 AL 2019)"""", """"MERCEDES BENZ AXOR 1933 L5 (2016 AL 2022)"""", """"MERCEDES BENZ AXOR 1933 5 (2007 AL 2022)"""", """"MERCEDES BENZ AXOR 2035 5 (2007 AL 2019)"""", """"MERCEDES BENZ AXOR 2036 ROBUST (2020 AL 2022)"""", """"MERCEDES BENZ AXOR 2036 5 (2016 AL 2026)"""", """"MERCEDES BENZ AXOR 2036 5 ROBUST (2020 AL 2022)"""", """"MERCEDES BENZ AXOR 2036 5 STARKET (2021 AL 2026)"""", """"MERCEDES BENZ AXOR 2040 5 (2007 AL 2016)"""", """"MERCEDES BENZ AXOR 2041 5 (2016 AL 2026)"""", """"MERCEDES BENZ AXOR 2044 5 (2007 AL 2012)"""", """"MERCEDES BENZ AXOR 2535 5 (2011 AL 2014)"""", """"MERCEDES BENZ AXOR 2536 5 (2021 AL 2026)"""", """"MERCEDES BENZ AXOR 2540 5 (2011)"""", """"MERCEDES BENZ AXOR 2541 5 (2019 AL 2022)"""", """"MERCEDES BENZ AXOR 2831 B/K (2007 AL 2018)"""", """"MERCEDES BENZ AXOR 3131 B (2016 AL 2026)"""", """"MERCEDES BENZ AXOR 3131 K (2016 AL 2026)"""", """"MERCEDES BENZ AXOR 3340 (2007 AL 2009)"""", """"MERCEDES BENZ AXOR 3340 K/5 (2005 AL 2011)"""", """"MERCEDES BENZ AXOR 3340K (2007 AL 2009)"""", """"MERCEDES BENZ AXOR 33405 (2007 AL 2009)"""", """"MERCEDES BENZ AXOR 3341 (2019 AL 2022)"""", """"MERCEDES BENZ AXOR 3344 (2019 AL 2022)""""]"",24,""[""""LADO: VERTICAL"""", """"POSICION: TRASERO"""", """"LADO: AMBOS""""]"",3,""[""""FRIC ROT: CB0150"""", """"SACHS: 315 669:009""""]"",2,,,48.6136"
"316 194,https://icepar.specparts.shop/products/detail?slug=sachs_316194-106671,10,,,,,""[""""MERCEDES BENZ 1117 D (2006 AL 2007)"""", """"MERCEDES BENZ 1214 (1995 AL 2001)"""", """"MERCEDES BENZ 1215 1215C (1999 AL 2005)"""", """"MERCEDES BENZ 1218 (1998 AL 2000)"""", """"MERCEDES BENZ 1418 (1996 AL 2001)"""", """"MERCEDES BENZ 1420 (1995 AL 1999)"""", """"MERCEDES BENZ 1715 (1995 AL 2001)"""", """"MERCEDES BENZ 1718 (1996 AL 2000)"""", """"MERCEDES BENZ 1718 1718M (2001 AL 2007)"""", """"MERCEDES BENZ 1720 (1999 AL 2008)"""", """"MERCEDES BENZ 1720A (1999 AL 2008)"""", """"MERCEDES BENZ 1720K (2001 AL 2007)"""", """"MERCEDES BENZ 1722 (1995 AL 2001)"""", """"MERCEDES BENZ 1728 (2001 AL 2007)"""", """"MERCEDES BENZ 1938 5 (1999 AL 2007)"""", """"MERCEDES BENZ 1944 5 (2002 AL 2005)"""", """"MERCEDES BENZ 2423 B (2005 AL 2011)"""", """"MERCEDES BENZ 2423 K (2005 AL 2013)"""", """"MERCEDES BENZ 2428 (2001 AL 2007)"""", """"MERCEDES BENZ 2726 B/K (2011 AL 2012)"""", """"MERCEDES BENZ BMO 368 1518 (2014 AL 2015)"""", """"MERCEDES BENZ BMO 368 1722 (2014 AL 2015)"""", """"MERCEDES BENZ BMO 695 1624 (2013 AL 2017}"""", """"MERCEDES BENZ BMO 695 1634 (2013 AL 2020)"""", """"MERCEDES BENZ L 1114 (1987 AL 1995)"""", """"MERCEDES BENZ L 1214 (1997 AL 1999)"""", """"MERCEDES BENZ L 1215 (1990 AL 1996)"""", """"MERCEDES BENZ L 1218 L 1218 EL (2001 AL 2008)"""", """"MERCEDES BENZ L 1318 (2007 AL 2014)"""", """"MERCEDES BENZ L 1418 (1998 AL 2003)"""", """"MERCEDES BENZ L 1419 (1995 AL 2001)"""", """"MERCEDES BENZ L 1518 (1988 AL 1991)"""", """"MERCEDES BENZ L 1526 (1988 AL 1991)"""", """"MERCEDES BENZ L 1614 (1995 AL 1999)"""", """"MERCEDES BENZ L 1615 (1991 AL 1994)"""", """"MERCEDES BENZ L 1618 (1995 AL 2001)"""", """"MERCEDES BENZ L 1619 (1990 AL 1992)"""", """"MERCEDES BENZ L 1620 (1999 AL 2010)"""", """"MERCEDES BENZ L 1622 (1995 AL 2001)"""", """"MERCEDES BENZ L 1623 (2001 AL 2007)"""", """"MERCEDES BENZ L 1624 (2007 AL 2014)"""", """"MERCEDES BENZ L 1632 (1999 AL 2004)"""", """"MERCEDES BENZ L 1633 (1999 AL 2001)"""", """"MERCEDES BENZ L 1634 (2005 AL 2014)"""", """"MERCEDES BENZ L 1638 (1995 AL 1999)"""", """"MERCEDES BENZ L 1938 (1995 AL 2001)"""", """"MERCEDES BENZ L 1941 (1995 AL 2001)"""", """"MERCEDES BENZ L 1945 (1997 AL 2000)"""", """"MERCEDES BENZ L 2325 (1995 AL 2001)"""", """"MERCEDES BENZ L 2635 (1997 AL 2000)"""", """"MERCEDES BENZ LAF 1113 B LAF 1113 B (AUTOBCOMBA) (2001 AL 2007)"""", """"MERCEDES BENZ LAK 1418 (1995 AL 2001)"""", """"MERCEDES BENZ LB 2318 (1995 AL 2001)"""", """"MERCEDES BENZ LK 1218 (1997 AL 1999)"""", """"MERCEDES BENZ LK 12184 EL (1997 AL 2008)"""", """"MERCEDES BENZ LK 1318 (2007 AL 2013)"""", """"MERCEDES BENZ LK 1418 (1997 AL 2007}"""", """"MERCEDES BENZ LK 2325 (1995 AL 2001)"""", """"MERCEDES BENZ LS 1622 (1995 AL 2001)"""", """"MERCEDES BENZ LS 1633 (1995 AL 2001)"""", """"MERCEDES BENZ LS 1634 (2001 AL 2014)"""", """"MERCEDES BENZ LS 1938 (2007 AL 2009)"""", """"MERCEDES BENZ LS 1941 (1995 AL 2001)"""", """"MERCEDES BENZ LS 2638 (2007 AL 2009)""""]"",64,""[""""POSICION: DELANTERO"""", """"LADO: Ambos"""", """"LADO: VERTICAL"""", """"LADO: AMBOS""""]"",4,""[""""COFAP: B47358"""", """"CORVEN: 42179"""", """"FRIC ROT: 38052"""", """"NAKATA: AC31175"""", """"SACHS: 316 194:009"""", """"SACHS: 6446""""]"",6,,,97.7954"
"310 957,https://icepar.specparts.shop/products/detail?slug=sachs_310957-106672,10,,,,,""[""""RENAULT MIDLUM 300T DCI (2004 AL 2015)"""", """"RENAULT PREMIUM 320 DCI (2006 AL 2008)"""", """"RENAULT PREMIUM 320 DCI 19T (2006 AL 2008)"""", """"RENAULT PREMIUM 370P DCI (2007 AL 2008)"""", """"RENAULT PREMIUM 420P/D DCI (2005 AL 2007)""""]"",5,""[""""POSICION: TRASERO"""", """"LADO: VERTICAL"""", """"LADO: AMBOS""""]"",3,""[""""FRIC ROT: CB0088""""]"",1,,,23.7169"
"316 011,https://icepar.specparts.shop/products/detail?slug=sachs_316011-106673,10,,,,,""[""""SCANIAL113 CL (1998 AL 1999)"""", """"SCANIA SERIE F F113 (1991 AL 1998)"""", """"SCANIA SERIE K K112 (1988 AL 1990)"""", """"SCANIA SERIE K K113 (1991 AL 1999)"""", """"SCANIA SERIE P P94 CB (2001 AL 2008)"""", """"SCANIA SERIE P P94 DB (1999 AL 2008)"""", """"SCANIA SERIE P P94 GA (1999 AL 2008)"""", """"SCANIA SERIE R R112 (1991 AL 1998)"""", """"SCANIA SERIE R R113 ML 4X2 (1991 AL 2008)"""", """"SCANIA SERIE R R113 ML 6X2 (1995 AL 2008)"""", """"SCANIA SERIE R R114GB (2001 AL 2008)"""", """"SCANIA SERIE R R124 CB 6X4 (2001 AL 2008)"""", """"SCANIA SERIE R R124 CB 8X4 (2001 AL 2008)"""", """"SCANIA SERIE R R124 GA (2001 AL 2008)"""", """"SCANIA SERIE R R124 GB (2001 AL 2008)"""", """"SCANIA SERIE R R124 LA (2001 AL 2008)"""", """"SCANIA SERIE R R143 MA (2001 AL 2009)"""", """"SCANIA SERIE R R340 4X2 (2001 AL 2008)"""", """"SCANIA SERIE T T112 (1988 AL 1990)"""", """"SCANIA SERIE T T113H 4X2 42 (1991 AL 1998)"""", """"SCANIA SERIE T T113H 6X2 (1991 AL 1998)"""", """"SCANIA SERIE T T114 GA 320 (1999 AL 2006)"""", """"SCANIA SERIE T T114 GB 360 (2001 AL 2006)"""", """"SCANIA SERIE T T124 GA 360 (2001 AL 2006)"""", """"SCANIA SERIE T T124 GB 420 (2001 AL 2006)""""]"",25,""[""""POSICION: DELANTERO"""", """"LADO: Ambos"""", """"LADO: VERTICAL"""", """"LADO: AMBOS""""]"",4,""[""""COFAP: B47496"""", """"FRIC ROT: 38107"""", """"SACHS: 10465"""", """"SACHS: 316011:009""""]"",4,,,52.6593"
"316 730,https://icepar.specparts.shop/products/detail?slug=sachs_316730-106674,10,,,,,""[""""VOLKSWAGEN 26260 26.260 EC (1999 AL 2004)"""", """"VOLKSWAGEN 26300 8.3 (2000 AL 2003)"""", """"VOLKSWAGEN CONSTELLATION 17.190 DC (2016 AL 2022)"""", """"VOLKSWAGEN CONSTELLATION 17.230 (2018 AL 2022)"""", """"VOLKSWAGEN CONSTELLATION 17.230 ROBUST (2018 AL 2026)"""", """"VOLKSWAGEN CONSTELLATION 17.250 E (2007 AL 2017)"""", """"VOLKSWAGEN CONSTELLATION 17.280 LR (2016 AL 2026)"""", """"VOLKSWAGEN CONSTELLATION 19.190 ROBUST (2018 AL 2026)"""", """"VOLKSWAGEN CONSTELLATION 19.320 E (2008 AL 2017)"""", """"VOLKSWAGEN CONSTELLATION 19.330 HR (2016 AL 2022}"""", """"VOLKSWAGEN CONSTELLATION 19.360 HR (2016 AL 2026)"""", """"VOLKSWAGEN CONSTELLATION 19.420 HR (2016 AL 2017)"""", """"VOLKSWAGEN CONSTELLATION 25.320 E (2011 AL 2014)"""", """"VOLKSWAGEN CONSTELLATION 25.360 (2018 AL 2026)"""", """"VOLKSWAGEN CONSTELLATION 26.280 DC (2016 AL 2026)"""", """"VOLKSWAGEN CONSTELLATION 31.280 DC (2016 AL 2026)"""", """"VOLKSWAGEN CONSTELLATION 31.320 (2012 AL 2020)"""", """"VOLKSWAGEN CONSTELLATION 31.320 E (2002 AL 2011)"""", """"VOLKSWAGEN CONSTELLATION 31.330 DC (2018 AL 2022)"""", """"VOLKSWAGEN CONSTELLATION 31.330 E (2017 AL 2019)"""", """"VOLKSWAGEN TITAN &.3 (2003 AL 2008)"""", """"VOLKSWAGEN WORKER 13180 (2007 AL 2011)"""", """"VOLKSWAGEN WORKER 13190 (2019 AL 2021)"""", """"VOLKSWAGEN WORKER 15180 (2006 AL 2016)"""", """"VOLKSWAGEN WORKER 15190 (2018 AL 2020)"""", """"VOLKSWAGEN WORKER 17210 (2005 AL 2007}"""", """"VOLKSWAGEN WORKER 26.260 E (2007 AL 2016)"""", """"VOLKSWAGEN WORKER 65 (2007 AL 2017)"""", """"VOLKSWAGEN WORKER 8.3 (1999 AL 2015)""""]"",29,""[""""POSICION: TRASERO"""", """"LADO: Ambos"""", """"LADO: VERTICAL"""", """"LADO: AMBOS""""]"",4,""[""""SACHS: 316 730:009""""]"",1,,,53.1016"
"316 803,https://icepar.specparts.shop/products/detail?slug=sachs_316803-106675,10,,,,,""[""""VOLVO FH-SERIES FH 400 4X2 R (2007 AL 2012)"""", """"VOLVO FH-SERIES FH 400 4X2 T (2007 AL 2012)"""", """"VOLVO FH-SERIES FH 400 6X2 T (2008 AL 2011)"""", """"VOLVO FH-SERIES FH 420 4X2 (2017 AL 2026)"""", """"VOLVO FH-SERIES FH 420 6X2 (2017 AL 2026)"""", """"VOLVO FH-SERIES FH 440 4X2 T/R (2007 AL 2016)"""", """"VOLVO FH-SERIES FH 460 4X2 (2016 AL 2022)"""", """"VOLVO FH-SERIES FH 460 6X2R (2016 AL 2022)"""", """"VOLVO FH-SERIES FH 460 6X4 (2017 AL 2021)"""", """"VOLVO FH-SERIES FH 480 4X2 T (2007 AL 2011)"""", """"VOLVO FH-SERIES FH 500 4X2 T (2017 AL 2026)"""", """"VOLVO FH-SERIES FH 500 6X4 (2017 AL 2019)"""", """"VOLVO FH-SERIES FH 520 4X2 T (2007 AL 2016)"""", """"VOLVO FH-SERIES FH 520 6X4 T (2000 AL 2003)"""", """"VOLVO FH-SERIES FH 540 4X2 (2016 AL 2026)"""", """"VOLVO FH-SERIES FH 540 6X4 (2016 AL 2026)"""", """"VOLVO FH-SERIES FH12 380 4X2 (1999 AL 2006)"""", """"VOLVO FH-SERIES FH12 420 4X2 (1999 AL 2006)"""", """"VOLVO FH-SERIES FH12 460 4X2 (1999 AL 2006)"""", """"VOLVO FH-SERIES FH12 460 &X4 (2007 AL 2008)"""", """"VOLVO FM-SERIES FM 300 &X2 (2008 AL 2011)"""", """"VOLVO FM-SERIES FM 330 6X2 T (2018 AL 2026)"""", """"VOLVO FM-SERIES FM 370 4X2 R/T (2012 AL 2016)"""", """"VOLVO FM-SERIES FM 370 4X2 T (2010 AL 2012)"""", """"VOLVO FM-SERIES FM 370 6X2 T (2010 AL 2016)"""", """"VOLVO FM-SERIES FM 420 &X4R (2007 AL 2011)"""", """"VOLVO FM-SERIES FM 440 &X4 R (2012 AL 2016)"""", """"VOLVO FM-SERIES FM 440 &X4 R (2016 AL 2021)"""", """"VOLVO FM-SERIES FM 480 &X4 R (2008 AL 2015)"""", """"VOLVO FM-SERIES FM 500 &X4 (2018 AL 2021)"""", """"VOLVO FM-SERIES FM12 340 4X2 (2006 AL 2007)"""", """"VOLVO FM-SERIES FM12 420 6X4 (2006 AL 2007)""""]"",32,""[""""LADO: Ambos"""", """"POSICION: TRASERO"""", """"LADO: HORIZONTAL"""", """"LADO: AMBOS""""]"",4,""[""""FRIC ROT: CB0007"""", """"SACHS: 316 803:009""""]"",2,,,58.2807"
"316 779,https://icepar.specparts.shop/products/detail?slug=sachs_316779-106676,10,,,,,""[""""VOLVO FH-SERIES FH 400 4X2 R (2007 AL 2012)"""", """"VOLVO FH-SERIES FH 400 4X2 T (2007 AL 2012)"""", """"VOLVO FH-SERIES FH 400 6X2 T (2008 AL 2011)"""", """"VOLVO FH-SERIES FH 420 4X2 (2017 AL 2026)"""", """"VOLVO FH-SERIES FH 420 6X2 (2017 AL 2026)"""", """"VOLVO FH-SERIES FH 440 4X2 T/R (2007 AL 2016)"""", """"VOLVO FH-SERIES FH 440 6X2 T (2012 AL 2015)"""", """"VOLVO FH-SERIES FH 440 6X4 T (2012 AL 2016)"""", """"VOLVO FH-SERIES FH 460 4X2 (2016 AL 2022)"""", """"VOLVO FH-SERIES FH 460 6X2R (2016 AL 2022)"""", """"VOLVO FH-SERIES FH 460 6X4 (2017 AL 2021)"""", """"VOLVO FH-SERIES FH 480 4X2 T (2007 AL 2011)"""", """"VOLVO FH-SERIES FH 500 4X2 T (2017 AL 2026)"""", """"VOLVO FH-SERIES FH 500 6X4 (2017 AL 2019)"""", """"VOLVO FH-SERIES FH 520 4X2 T (2007 AL 2016)"""", """"VOLVO FH-SERIES FH 520 6X4 T (2000 AL 2003)"""", """"VOLVO FH-SERIES FH 540 4X2 (2016 AL 2026)"""", """"VOLVO FH-SERIES FH 540 6X4 (2016 AL 2026)"""", """"VOLVO FH-SERIES FH12 380 4X2 (1999 AL 2006)"""", """"VOLVO FH-SERIES FH12 420 4X2 (1999 AL 2006)"""", """"VOLVO FH-SERIES FH12 460 4X2 (1999 AL 2006)"""", """"VOLVO FH-SERIES FH12 460 &X4 (2007 AL 2008)"""", """"VOLVO FM-SERIES FM 300 &X2 (2008 AL 2011)"""", """"VOLVO FM-SERIES FM 330 6X2 T (2018 AL 2026)"""", """"VOLVO FM-SERIES FM 370 4X2 R/T (2012 AL 2016)"""", """"VOLVO FM-SERIES FM 370 4X2 T (2010 AL 2012)"""", """"VOLVO FM-SERIES FM 370 6X2 T (2010 AL 2016)"""", """"VOLVO FM-SERIES FM 380 4X2 (2016 AL 2022)"""", """"VOLVO FM-SERIES FM 380 &X2 (2016 AL 2022)"""", """"VOLVO FM-SERIES FM 420 &X4R (2007 AL 2011)"""", """"VOLVO FM-SERIES FM 440 &X4 R (2012 AL 2016)"""", """"VOLVO FM-SERIES FM 440 &X4 R (2016 AL 2021)"""", """"VOLVO FM-SERIES FM 480 &X4 R (2008 AL 2015)"""", """"VOLVO FM-SERIES FM 500 &X4 (2018 AL 2021)"""", """"VOLVO FM-SERIES FM12 340 4X2 (2006 AL 2007)"""", """"VOLVO FM-SERIES FM12 420 6X4 (2006 AL 2007)""""]"",36,""[""""LADO: VERTICAL"""", """"POSICION: TRASERO"""", """"LADO: Ambos"""", """"LADO: AMBOS""""]"",4,""[""""SACHS: 316 779:009""""]"",1,,,63.8832"
"316 778,https://icepar.specparts.shop/products/detail?slug=sachs_316778-106677,10,,,,,""[""""VOLVO FH-SERIES FH 400 4X2 R (2007 AL 2012)"""", """"VOLVO FH-SERIES FH 400 4X2 T (2007 AL 2012)"""", """"VOLVO FH-SERIES FH 400 6X2 T (2008 AL 2011)"""", """"VOLVO FH-SERIES FH 420 4X2 (2017 AL 2026)"""", """"VOLVO FH-SERIES FH 420 6X2 (2017 AL 2026)"""", """"VOLVO FH-SERIES FH 440 4X2 T/R (2007 AL 2016)"""", """"VOLVO FH-SERIES FH 440 6X2 T (2012 AL 2015)"""", """"VOLVO FH-SERIES FH 440 6X4 T (2012 AL 2016)"""", """"VOLVO FH-SERIES FH 460 4X2 (2016 AL 2022)"""", """"VOLVO FH-SERIES FH 460 6X2R (2016 AL 2022)"""", """"VOLVO FH-SERIES FH 460 6X4 (2017 AL 2021)"""", """"VOLVO FH-SERIES FH 480 4X2 T (2007 AL 2011)"""", """"VOLVO FH-SERIES FH 500 4X2 T (2017 AL 2026)"""", """"VOLVO FH-SERIES FH 500 6X4 (2017 AL 2019)"""", """"VOLVO FH-SERIES FH 520 4X2 T (2007 AL 2016)"""", """"VOLVO FH-SERIES FH 520 6X4 T (2000 AL 2003)"""", """"VOLVO FH-SERIES FH 540 4X2 (2016 AL 2026)"""", """"VOLVO FH-SERIES FH 540 6X4 (2016 AL 2026)"""", """"VOLVO FH-SERIES FH12 380 4X2 (1999 AL 2006)"""", """"VOLVO FH-SERIES FH12 420 4X2 (1999 AL 2006)"""", """"VOLVO FH-SERIES FH12 460 4X2 (1999 AL 2006)"""", """"VOLVO FH-SERIES FH12 460 &X4 (2007 AL 2008)"""", """"VOLVO FM-SERIES FM 300 &X2 (2008 AL 2011)"""", """"VOLVO FM-SERIES FM 330 6X2 T (2018 AL 2026)"""", """"VOLVO FM-SERIES FM 370 4X2 R/T (2012 AL 2016)"""", """"VOLVO FM-SERIES FM 370 4X2 T (2010 AL 2012)"""", """"VOLVO FM-SERIES FM 370 6X2 T (2010 AL 2016)"""", """"VOLVO FM-SERIES FM 380 4X2 (2016 AL 2022)"""", """"VOLVO FM-SERIES FM 380 &X2 (2016 AL 2022)"""", """"VOLVO FM-SERIES FM 420 &X4R (2007 AL 2011)"""", """"VOLVO FM-SERIES FM 440 &X4 R (2012 AL 2016)"""", """"VOLVO FM-SERIES FM 440 &X4 R (2016 AL 2021)"""", """"VOLVO FM-SERIES FM 480 &X4 R (2008 AL 2015)"""", """"VOLVO FM-SERIES FM 500 &X4 (2018 AL 2021)"""", """"VOLVO FM-SERIES FM12 340 4X2 (2006 AL 2007)"""", """"VOLVO FM-SERIES FM12 420 6X4 (2006 AL 2007)""""]"",36,""[""""LADO: Ambos"""", """"POSICION: DELANTERO"""", """"LADO: VERTICAL"""", """"LADO: AMBOS""""]"",4,""[""""FRIC ROT: CB0040"""", """"SACHS: 312 695"""", """"SACHS: 316 778:009""""]"",3,,,64.1756"
"315 492,https://icepar.specparts.shop/products/detail?slug=sachs_315492-106679,10,,,,,""[""""VOLVO FH-SERIES FH 440 6X2 T (2012 AL 2015)"""", """"VOLVO FH-SERIES FH 440 6X4 T (2012 AL 2016)"""", """"VOLVO NH NH12 380 4X2 (2000 AL 2003)"""", """"VOLVO NH NH12 420 4X2 (2003 AL 2007)"""", """"VOLVO NH NH12 460 4X2 (2003 AL 2007)""""]"",5,""[""""POSICION: TRASERO"""", """"LADO: VERTICAL"""", """"LADO: AMBOS""""]"",3,""[""""SACHS: 315 492:009""""]"",1,,,24.0170"
"316 804,https://icepar.specparts.shop/products/detail?slug=sachs_316804-106680,10,,,,,""[""""VOLVO VM-SERIES VM17 210 4X2 (2003 AL 2007)"""", """"VOLVO VM-SERIES VM17 240 4X2 (2007 AL 2011)"""", """"VOLVO VM-SERIES VM210 4X2 R (2006 AL 2007, 2011 AL 2016)"""", """"VOLVO VM-SERIES VM210 6X2 R (2013 AL 2016)"""", """"VOLVO VM-SERIES VM220 (2016 AL 2021)"""", """"VOLVO VM-SERIES VM220 4X2 (2017 AL 2022)"""", """"VOLVO VM-SERIES VM220 6X2 (2017 AL 2022)"""", """"VOLVO VM-SERIES VM220 &X4 (2018 AL 2026)"""", """"VOLVO VM-SERIES VM23 210 6X2 (2005 AL 2007)"""", """"VOLVO VM-SERIES VM23 240 6X2 (2005 AL 2007)"""", """"VOLVO VM-SERIES VM260 4X2 R (2008 AL 2016)"""", """"VOLVO VM-SERIES VM260 6X2 R (2007 AL 2016)"""", """"VOLVO VM-SERIES VM260 &X4 R (2008 AL 2012)"""", """"VOLVO VM-SERIES VM270 (2016 AL 2021)"""", """"VOLVO VM-SERIES VM270 4X2 (2017 AL 2015)"""", """"VOLVO VM-SERIES VM270 6X2 (2017 AL 2015)"""", """"VOLVO VM-SERIES VM270 6X4 (2017 AL 20195)"""", """"VOLVO VM-SERIES VM270 8X2 (2017 AL 2020)"""", """"VOLVO VM-SERIES VM270 8X4 (2017 AL 2026)"""", """"VOLVO VM-SERIES VM310 4X2 T (2008 AL 2017)"""", """"VOLVO VM-SERIES VM310 6X4 R (2008 AL 2017}"""", """"VOLVO VM-SERIES VM330 4X2 (2016 AL 2026)"""", """"VOLVO VM-SERIES VM330 6X2 (2018 AL 2026)"""", """"VOLVO VM-SERIES VM330 6X4 (2017 AL 2026)"""", """"VOLVO VM-SERIES VM330 8X2 (2017 AL 2022)"""", """"VOLVO VM-SERIES VM330 8X4 (2019 AL 2021)""""]"",26,""[""""POSICION: DELANTERO"""", """"LADO: Ambos"""", """"LADO: VERTICAL"""", """"LADO: AMBOS""""]"",4,""[""""SACHS: 316 804:009""""]"",1,,,49.8980"
"315 517,https://icepar.specparts.shop/products/detail?slug=sachs_315517-106681,10,,,,,""[""""MECC 150E21NCMAIA 4.5 (2022 AL 2026)"""", """"NECO 160E21CCM32 4.5 (2022 AL 2026)"""", """"NMECO 170E21NCM31 45 (2022 AL 2026)"""", """"MECC 170E21NCMS52 45 (2022 AL 2026)"""", """"MECC 180C33 MLL (2016 AL 2026)"""", """"MECC 180E33 7.8 (2010 AL 2018)"""", """"NMECO 230E25 5.9 (2010 AL 2012)"""", """"NWECG 240E30NCA63 4.7 (2022 AL 2026)"""", """"ECO 450E33T 7.8 (2011 AL 2026)"""", """"MECC CURSOR (2017 AL 2020)"""", """"MECC CURSOR &.2 (2016 AL 2018)"""", """"MECC EUROCARGO 5.9 (2005 AL 2020)"""", """"MECC TECTOR 5.9 (2009 AL 2020)""""]"",13,""[""""POSICION: TRASERO"""", """"LADO: VERTICAL"""", """"LADO: AMBOS""""]"",3,""[""""CORVEN:"""", """"FRIC ROT: CB0138""""]"",2,,,34.3643"
"315 523,https://icepar.specparts.shop/products/detail?slug=sachs_315523-106682,10,,,,,""[""""NMECO 170528 (2017 AL 2026)"""", """"MECC 450 (1995 AL 2001)"""", """"MECC 460536T (2016 AL 2022)"""", """"NECC 570541T 12.9 (2012 AL 2015)"""", """"MECC 570546T 12.9 (2012 AL 2016)"""", """"MECC ATTACK 170E22NCM21 (2017 AL 2022)"""", """"MECC ATTACK 170E22NCM31 (2017 AL 2026)"""", """"MECC ATTACK 170E22NCMS51 (2017 AL 2022)"""", """"MECC ATTACK 170E22NLM3!1 (2017 AL 2022)"""", """"MECC ATTACK 170E22NLMS51 (2017 AL 2020)"""", """"MECC ATTACK 170E22RCM31 (2017 AL 2026)"""", """"MECC ATTACK 170E22TLM2B (2017 AL 2022)"""", """"MECC ATTACK 170E30NCA31 (2018 AL 2020)"""", """"MECC ATTACK 170E30NLA31 (2018 AL 2026)"""", """"MECC ATTACK 170E30TLA21 (2018 AL 2022)"""", """"NECC ATTACK 6.7 (2019 AL 2021)"""", """"MECC EUROCARGO 5.9 (2013 AL 2015)"""", """"MECC STRALIS (2017 AL 2026)"""", """"MECC STRALIS 12.9 (2012 AL 2018)"""", """"MECC STRALIS 13 (2015 AL 2017)"""", """"NECG STRALIS 13.0 (2011 AL 2026)"""", """"MECC STRALIS 240E28 (2017 AL 2026)"""", """"MECC STRALIS 260E28 (2017 AL 2020)"""", """"MECC STRALIS 260E30NCM24 (2018 AL 2026)"""", """"MECC STRALIS 260E30NCMS54 (2018 AL 2026)"""", """"MECC STRALIS 260530 GNC (2019 AL 2022}"""", """"MECC STRALIS 260533 GNC (2019 AL 2022}"""", """"MECC STRALIS 440533 GNC (2019 AL 2022}"""", """"MECC STRALIS 440550T (2019 AL 2022)"""", """"MECC STRALIS 460536T (2016 AL 2022)"""", """"MECC STRALIS 7.8 (2022 AL 2026)"""", """"MECC STRALIS 8.7 (2017 AL 2026)"""", """"IVECO STRALIS AS440846T/P NG-6X2 (2020 AL 2026)"""", """"MECC STRALIS AT440833T (2020 AL 2022}"""", """"MECC STRALIS AT440843T (2021 AL 2022}"""", """"IVECO STRALIS CHASIS C/CABINA (2022 AL 2026)"""", """"MECC TECTOR 170E28 (2017 AL 2026)"""", """"MECC TECTOR 240E28 (2017 AL 2022)"""", """"MECC TECTOR 5.9 (2009 AL 2026)"""", """"MECC TECTOR 67 (2019 AL 2021)""""]"",40,""[""""POSICION: TRASERO"""", """"LADO: VERTICAL"""", """"LADO: AMBOS""""]"",3,""[""""CORVEN:"""", """"FRIC ROT: CB0152"""", """"SACHS: 315 523:009""""]"",3,,,68.0343"
"315 522,https://icepar.specparts.shop/products/detail?slug=sachs_315522-106683,10,,,,,""[""""NMECO 170528 (2017 AL 2026)"""", """"MECC 450 (1995 AL 2001)"""", """"MECC 460536T (2016 AL 2022)"""", """"NECC 570541T 12.9 (2012 AL 2015)"""", """"MECC 570546T 12.9 (2012 AL 2016)"""", """"MECC ATTACK 170E22NCM21 (2017 AL 2022)"""", """"MECC ATTACK 170E22NCM31 (2017 AL 2026)"""", """"MECC ATTACK 170E22NCMS51 (2017 AL 2022)"""", """"MECC ATTACK 170E22NLM3!1 (2017 AL 2022)"""", """"MECC ATTACK 170E22NLMS51 (2017 AL 2020)"""", """"MECC ATTACK 170E22RCM31 (2017 AL 2026)"""", """"MECC ATTACK 170E22TLM2B (2017 AL 2022)"""", """"MECC ATTACK 170E30NCA31 (2018 AL 2020)"""", """"MECC ATTACK 170E30NLA31 (2018 AL 2026)"""", """"MECC ATTACK 170E30TLA21 (2018 AL 2022)"""", """"NECC ATTACK 6.7 (2019 AL 2021)"""", """"MECC EUROCARGO 5.9 (2013 AL 2015)"""", """"MECC STRALIS (2017 AL 2026)"""", """"MECC STRALIS 12.9 (2007 AL 2018)"""", """"MECC STRALIS 13 (2015 AL 2017)"""", """"NECG STRALIS 13.0 (2011 AL 2026)"""", """"MECC STRALIS 240E28 (2017 AL 2026)"""", """"MECC STRALIS 260E28 (2017 AL 2020)"""", """"MECC STRALIS 260E30NCM24 (2018 AL 2026)"""", """"MECC STRALIS 260E30NCMS54 (2018 AL 2026)"""", """"MECC STRALIS 260530 GNC (2019 AL 2022}"""", """"MECC STRALIS 260533 GNC (2019 AL 2022}"""", """"MECC STRALIS 440533 GNC (2019 AL 2022}"""", """"MECC STRALIS 440550T (2019 AL 2022)"""", """"MECC STRALIS 460536T (2016 AL 2022)"""", """"MECC STRALIS 7.8 (2022 AL 2026)"""", """"MECC STRALIS 8.7 (2017 AL 2026)"""", """"IVECO STRALIS AS440846T/P NG-6X2 (2020 AL 2026)"""", """"MECC STRALIS AT440833T (2020 AL 2022}"""", """"MECC STRALIS AT440843T (2021 AL 2022}"""", """"IVECO STRALIS CHASIS C/CABINA (2022 AL 2026)"""", """"MECC TECTOR 170E28 (2017 AL 2026)"""", """"MECC TECTOR 240E28 (2017 AL 2022)"""", """"MECC TECTOR 5.9 (2009 AL 2026)"""", """"MECC TECTOR 67 (2019 AL 2021)""""]"",40,""[""""LADO: VERTICAL"""", """"POSICION: DELANTERO"""", """"LADO: AMBOS""""]"",3,""[""""CORVEN:"""", """"FRIC ROT: CB0153"""", """"SACHS: 315 522:009""""]"",3,,,65.7089"
"315 703,https://icepar.specparts.shop/products/detail?slug=sachs_315703-106684,10,,,,,""[""""NMECO 170528 (2017 AL 2026)"""", """"NECO 180E32 (2012 AL 2016)"""", """"NECO 180E32 7.8 (2007 AL 2011)"""", """"MECC ATTACK 170E22NCM21 (2017 AL 2022)"""", """"MECC ATTACK 170E22NCM31 (2017 AL 2026)"""", """"MECC ATTACK 170E22NCMS51 (2017 AL 2022)"""", """"MECC ATTACK 170E22NLM3!1 (2017 AL 2022)"""", """"MECC ATTACK 170E22NLMS51 (2017 AL 2020)"""", """"MECC ATTACK 170E22RCM31 (2017 AL 2026)"""", """"MECC ATTACK 170E22TLM2B (2017 AL 2022)"""", """"MECC ATTACK 170E30NCA31 (2018 AL 2020)"""", """"MECC ATTACK 170E30NLA31 (2018 AL 2026)"""", """"MECC ATTACK 170E30TLA21 (2018 AL 2022)"""", """"NECC ATTACK 6.7 (2019 AL 2021)"""", """"MECC EUROCARGO 5.9 (2005 AL 2020)"""", """"MECC EUROCARGO 7.8 (2007 AL 2015)"""", """"MECC STRALIS (2020 AL 2026)"""", """"MECC TECTOR (2017 AL 2026)"""", """"MECC TECTOR 170E28 (2017 AL 2026)"""", """"MECC TECTOR 240E28 (2017 AL 2022)"""", """"NECG TECTOR 45 (2021 AL 2026)"""", """"MECC TECTOR 5.9 (2009 AL 2026)"""", """"MECC TECTOR 67 (2019 AL 2021)""""]"",23,""[""""POSICION: DELANTERO"""", """"LADO: VERTICAL"""", """"LADO: AMBOS""""]"",3,""[""""FRIC ROT: 83832MX"""", """"MONROE: 83832Ml"""", """"SACHS: 315 703:009""""]"",3,,,47.1474"
"311 664,https://icepar.specparts.shop/products/detail?slug=sachs_311664-106685,10,,,,,""[""""MERCEDES BENZ ACTROS 1841 (2014 AL 2017)"""", """"MERCEDES BENZ ACTROS 1841 L5 (2015 AL 2022)"""", """"MERCEDES BENZ ACTROS 1846 L5 (2015 AL 2022)"""", """"MERCEDES BENZ ACTROS 2041 5 (2011 AL 2022)"""", """"MERCEDES BENZ ACTROS 20425 (2018 AL 2022)"""", """"MERCEDES BENZ ACTROS 2044 5 (2011 AL 2014)"""", """"MERCEDES BENZ ACTROS 2045 L5 (2022 AL 2026)"""", """"MERCEDES BENZ ACTROS 2046 5 (2013 AL 2020)"""", """"MERCEDES BENZ ACTROS 2046 L5 (2018 AL 2026)"""", """"MERCEDES BENZ ACTROS 2051 L5 (2018 AL 2026)"""", """"MERCEDES BENZ ACTROS 2531 (2013 AL 2014)"""", """"MERCEDES BENZ ACTROS 2548 L5 (2022 AL 2026)"""", """"MERCEDES BENZ ACTROS 2636 (2012 AL 2014, 2019 AL 2022)"""", """"MERCEDES BENZ ACTROS 2636 5/L5 (2012 AL 2022)"""", """"MERCEDES BENZ ACTROS 2645 L5 (2019 AL 2026)"""", """"MERCEDES BENZ ACTROS 2646 L5 (2019 AL 2021)"""", """"MERCEDES BENZ ACTROS 2646 5/L5 (2011 AL 2017)"""", """"MERCEDES BENZ ACTROS 2663 (2019 AL 2022)"""", """"MERCEDES BENZ ACTROS 3336 (2013 AL 2016)"""", """"MERCEDES BENZ ACTROS 3341 (2006 AL 2008)"""", """"MERCEDES BENZ ACTROS 3342 5 (2021 AL 2026)"""", """"MERCEDES BENZ ACTROS 3344 B/K/S (2011 AL 2015)"""", """"MERCEDES BENZ ACTROS 33511 LS (2020 AL 2026)"""", """"MERCEDES BENZ ACTROS 4144 (2013 AL 2016)"""", """"MERCEDES BENZ AXOR 3344 5 (2021 AL 2026)""""]"",25,""[""""POSICION: TRASERO"""", """"LADO: VERTICAL"""", """"LADO: AMBOS""""]"",3,""[""""MONROE: CB0116""""]"",1,,,47.0332"
"311 663,https://icepar.specparts.shop/products/detail?slug=sachs_311663-106686,10,,,,,""[""""MERCEDES BENZ ACTROS 1841 (2014 AL 2017)"""", """"MERCEDES BENZ ACTROS 1841 L5 (2015 AL 2022)"""", """"MERCEDES BENZ ACTROS 1846 L5 (2015 AL 2022)"""", """"MERCEDES BENZ ACTROS 2041 5 (2011 AL 2022)"""", """"MERCEDES BENZ ACTROS 20425 (2018 AL 2022)"""", """"MERCEDES BENZ ACTROS 2044 5 (2011 AL 2014)"""", """"MERCEDES BENZ ACTROS 2045 L5 (2022 AL 2026)"""", """"MERCEDES BENZ ACTROS 2046 5 (2013 AL 2020)"""", """"MERCEDES BENZ ACTROS 2046 L5 (2018 AL 2026)"""", """"MERCEDES BENZ ACTROS 2051 L5 (2018 AL 2026)"""", """"MERCEDES BENZ ACTROS 2531 (2013 AL 2014)"""", """"MERCEDES BENZ ACTROS 2548 L5 (2022 AL 2026)"""", """"MERCEDES BENZ ACTROS 2636 (2012 AL 2014, 2019 AL 2022)"""", """"MERCEDES BENZ ACTROS 2636 5/L5 (2012 AL 2022)"""", """"MERCEDES BENZ ACTROS 2645 L5 (2019 AL 2026)"""", """"MERCEDES BENZ ACTROS 2646 L5 (2019 AL 2021)"""", """"MERCEDES BENZ ACTROS 2646 5/L5 (2011 AL 2017)"""", """"MERCEDES BENZ ACTROS 2663 (2019 AL 2022)"""", """"MERCEDES BENZ ACTROS 3336 (2013 AL 2016)"""", """"MERCEDES BENZ ACTROS 3341 (2006 AL 2008)"""", """"MERCEDES BENZ ACTROS 3342 5 (2021 AL 2026)"""", """"MERCEDES BENZ ACTROS 3344 B/K/S (2011 AL 2015)"""", """"MERCEDES BENZ ACTROS 33511 LS (2020 AL 2026)"""", """"MERCEDES BENZ ACTROS 4144 (2013 AL 2016)"""", """"MERCEDES BENZ AXOR 3344 5 (2021 AL 2026)""""]"",25,""[""""LADO: VERTICAL"""", """"POSICION: DELANTERO"""", """"LADO: AMBOS""""]"",3,""[""""MONROE: CB0115""""]"",1,,,48.9205"
"316 805,https://icepar.specparts.shop/products/detail?slug=sachs_316805-106687,10,,,,,""[""""MERCEDES BENZ AXOR 1933 L5 (2016 AL 2022)"""", """"MERCEDES BENZ AXOR 1933 5 (2007 AL 2022)"""", """"MERCEDES BENZ AXOR 2035 5 (2007 AL 2019)"""", """"MERCEDES BENZ AXOR 2036 ROBUST (2020 AL 2022)"""", """"MERCEDES BENZ AXOR 2036 5 (2016 AL 2026)"""", """"MERCEDES BENZ AXOR 2036 5 ROBUST (2020 AL 2022)"""", """"MERCEDES BENZ AXOR 2036 5 STARKET (2021 AL 2026)"""", """"MERCEDES BENZ AXOR 2040 5 (2007 AL 2016)"""", """"MERCEDES BENZ AXOR 2041 5 (2016 AL 2026)"""", """"MERCEDES BENZ AXOR 2535 5 (2011 AL 2014)"""", """"MERCEDES BENZ AXOR 2536 5 (2021 AL 2026)"""", """"MERCEDES BENZ AXOR 2540 5 (2011)"""", """"MERCEDES BENZ AXOR 2541 5 (2019 AL 2022)"""", """"MERCEDES BENZ AXOR 2831 B/K (2007 AL 2018)"""", """"MERCEDES BENZ AXOR 3131 B (2016 AL 2026)"""", """"MERCEDES BENZ AXOR 3131 K (2016 AL 2026)"""", """"MERCEDES BENZ AXOR 3340 (2007 AL 2009)"""", """"MERCEDES BENZ AXOR 3340 K/5 (2005 AL 2011)"""", """"MERCEDES BENZ AXOR 3340K (2007 AL 2009)"""", """"MERCEDES BENZ AXOR 33405 (2007 AL 2009)"""", """"MERCEDES BENZ AXOR 3341 (2019 AL 2022)"""", """"MERCEDES BENZ AXOR 3344 (2019 AL 2022)""""]"",22,""[""""LADO: VERTICAL"""", """"POSICION: DELANTERO"""", """"LADO: Ambos"""", """"LADO: AMBOS""""]"",4,""[""""SACHS: 316 805:009""""]"",1,,,44.2229"
"317 721,https://icepar.specparts.shop/products/detail?slug=sachs_317721-106688,10,,,,,""[""""MERCEDES BENZ ATRON 1624 (2013 AL 2016)"""", """"MERCEDES BENZ ATRON 1634 (2013 AL 2016)"""", """"MERCEDES BENZ ATRON 1635 5 (2020 AL 2026)"""", """"MERCEDES BENZ ATRON 1720 (2011 AL 2016)"""", """"MERCEDES BENZ ATRON 1735 (2016 AL 2017)""""]"",5,""[""""POSICION: TRASERO"""", """"LADO: Ambos"""", """"LADO: VERTICAL"""", """"LADO: AMBOS""""]"",4,""[""""SACHS: 317 721:009""""]"",1,,,25.4035"
"316 806,https://icepar.specparts.shop/products/detail?slug=sachs_316806-106690,10,,,,,""[""""MERCEDES BENZ AXOR 1933 L5 (2016 AL 2022)"""", """"MERCEDES BENZ AXOR 1933 5 (2007 AL 2022)"""", """"MERCEDES BENZ AXOR 2035 5 (2007 AL 2019)"""", """"MERCEDES BENZ AXOR 2036 ROBUST (2020 AL 2022)"""", """"MERCEDES BENZ AXOR 2036 5 (2016 AL 2026)"""", """"MERCEDES BENZ AXOR 2036 5 ROBUST (2020 AL 2022)"""", """"MERCEDES BENZ AXOR 2036 5 STARKET (2021 AL 2026)"""", """"MERCEDES BENZ AXOR 2040 5 (2007 AL 2016)"""", """"MERCEDES BENZ AXOR 2041 5 (2016 AL 2026)"""", """"MERCEDES BENZ AXOR 2044 5 (2007 AL 2012)"""", """"MERCEDES BENZ AXOR 2535 5 (2011 AL 2014)"""", """"MERCEDES BENZ AXOR 2536 5 (2021 AL 2026)"""", """"MERCEDES BENZ AXOR 2540 5 (2011)"""", """"MERCEDES BENZ AXOR 2541 5 (2019 AL 2022)"""", """"MERCEDES BENZ AXOR 2831 B/K (2007 AL 2018)"""", """"MERCEDES BENZ AXOR 3131 B (2016 AL 2026)"""", """"MERCEDES BENZ AXOR 3131 K (2016 AL 2026)"""", """"MERCEDES BENZ AXOR 3340 (2007 AL 2009)"""", """"MERCEDES BENZ AXOR 3340 K/5 (2005 AL 2011)"""", """"MERCEDES BENZ AXOR 3340K (2007 AL 2009)"""", """"MERCEDES BENZ AXOR 33405 (2007 AL 2009)"""", """"MERCEDES BENZ AXOR 3341 (2019 AL 2022)"""", """"MERCEDES BENZ AXOR 3344 (2019 AL 2022)""""]"",23,""[""""POSICION: TRASERO"""", """"LADO: Ambos"""", """"LADO: HORIZONTAL"""", """"LADO: AMBOS""""]"",4,""[""""SACHS: 316 806:009""""]"",1,,,45.5293"
"316 811,https://icepar.specparts.shop/products/detail?slug=sachs_316811-106691,10,,,,,""[""""MERCEDES BENZ AXOR 1933 L5 (2016 AL 2022)"""", """"MERCEDES BENZ AXOR 1933 5 (2007 AL 2022)"""", """"MERCEDES BENZ AXOR 2035 5 (2007 AL 2019)"""", """"MERCEDES BENZ AXOR 2036 ROBUST (2020 AL 2022)"""", """"MERCEDES BENZ AXOR 2036 5 (2016 AL 2026)"""", """"MERCEDES BENZ AXOR 2036 5 ROBUST (2020 AL 2022)"""", """"MERCEDES BENZ AXOR 2036 5 STARKET (2021 AL 2026)"""", """"MERCEDES BENZ AXOR 2040 5 (2007 AL 2016)"""", """"MERCEDES BENZ AXOR 2041 5 (2016 AL 2026)"""", """"MERCEDES BENZ AXOR 2535 5 (2011 AL 2014)"""", """"MERCEDES BENZ AXOR 2536 5 (2021 AL 2026)"""", """"MERCEDES BENZ AXOR 2540 5 (2011)"""", """"MERCEDES BENZ AXOR 2541 5 (2019 AL 2022)"""", """"MERCEDES BENZ AXOR 2831 B/K (2007 AL 2018)"""", """"MERCEDES BENZ AXOR 3131 B (2016 AL 2026)"""", """"MERCEDES BENZ AXOR 3131 K (2016 AL 2026)"""", """"MERCEDES BENZ AXOR 3340 (2007 AL 2009)"""", """"MERCEDES BENZ AXOR 3340 K/5 (2005 AL 2011)"""", """"MERCEDES BENZ AXOR 3340K (2007 AL 2009)"""", """"MERCEDES BENZ AXOR 33405 (2007 AL 2009)"""", """"MERCEDES BENZ AXOR 3341 (2019 AL 2022)"""", """"MERCEDES BENZ AXOR 3344 (2019 AL 2022)""""]"",22,""[""""LADO: VERTICAL"""", """"POSICION: TRASERO"""", """"LADO: Ambos"""", """"LADO: AMBOS""""]"",4,""[""""SACHS: 316 811:009""""]"",1,,,44.9372"
"290 202,https://icepar.specparts.shop/products/detail?slug=sachs_290202-106692,10,,,,,""[""""SCANIA SERIE G G340 A4X2 (2007 AL 2014)"""", """"SCANIA SERIE G G340 B4X2 (2007 AL 2013)"""", """"SCANIA SERIE G G360 6X2 (2013 AL 2022)"""", """"SCANIA SERIE G G360 A/B4X2 (2012 AL 2020)"""", """"SCANIA SERIE G G380 A4X2 (2007 AL 2015)"""", """"SCANIA SERIE G G380 A6X2 (2007 AL 2012)"""", """"SCANIA SERIE G G380 A6X4 (2007 AL 2012)"""", """"SCANIA SERIE G G380 B4X2 (2007 AL 2012)"""", """"SCANIA SERIE G G400 6X4 (2017 AL 2021)"""", """"SCANIA SERIE G G410 6X2 (2013 AL 2017)"""", """"SCANIA SERIE G G410 6X4 (2013 AL 2016)"""", """"SCANIA SERIE G G410 A/B4X2 (2013 AL 2017)"""", """"SCANIA SERIE G G420 A4X2 (2007 AL 2013)"""", """"SCANIA SERIE G G420 B4X2 (2007 AL 2012)"""", """"SCANIA SERIE G G420 B&X4 (2012 AL 2014)"""", """"SCANIA SERIE G G460 A/B4X2 (2013 AL 2015)"""", """"SCANIA SERIE G G460 A/B6X2 (2013 AL 2015)"""", """"SCANIA SERIE P P114 GA (1999 AL 2005)"""", """"SCANIA SERIE P P114LA6X2 (2001 AL 2006)"""", """"SCANIA SERIE P P124CA (2001 AL 2006)"""", """"SCANIA SERIE P P124CB (2001 AL 2006)"""", """"SCANIA SERIE P P124GB 4X2 NZ420 (2001 AL 2006)"""", """"SCANIA SERIE P P270 6X2 (2007 AL 2010)"""", """"SCANIA SERIE P P310 4X2 (2007 AL 2017)"""", """"SCANIA SERIE P P310 6X4 (2007 AL 2012)"""", """"SCANIA SERIE P P340 4X2 (2007 AL 2014)"""", """"SCANIA SERIE P P340 6X2 (2007 AL 2014)"""", """"SCANIA SERIE P P360 4X2 (2013 AL 2026)"""", """"SCANIA SERIE P P360 6X2 (2013 AL 2019)"""", """"SCANIA SERIE P P380 8X4 (2007 AL 2015)"""", """"SCANIA SERIE P P400 8X4 (2018 AL 2022)"""", """"SCANIA SERIE P P410 6X4 (2013 AL 2017)"""", """"SCANIA SERIE P P420 6X4 (2007 AL 2012)"""", """"SCANIA SERIE P P420 8X4 (2007 AL 2010)"""", """"SCANIA SERIE R R114GA (2007 AL 2008)"""", """"SCANIA SERIE R R340 4X2 (2001 AL 2008)"""", """"SCANIA SERIE R R360 4X2 (2013 AL 2020)"""", """"SCANIA SERIE R R380 4X2 (2007 AL 2012)"""", """"SCANIA SERIE R R380 6X2 (2007 AL 2011)"""", """"SCANIA SERIE R R380 &X4 (2007 AL 2012)"""", """"SCANIA SERIE R R410 4X2 (2013 AL 2016)"""", """"SCANIA SERIE R R420 4X2 (2007 AL 2014)"""", """"SCANIA SERIE R R420 &X4 (2007 AL 2012)"""", """"SCANIA SERIE R R470 4X2 (2009 AL 2012)"""", """"SCANIA SERIE R R500 4X2 (2012 AL 2015)"""", """"SCANIA SERIE R R580 4X2 (2013 AL 2016)""""]"",46,""[""""POSICION: TRASERO"""", """"LADO: VERTICAL"""", """"LADO: AMBOS""""]"",3,""[""""FRIC ROT: 38266"""", """"SACHS: 290 202:029""""]"",2,,,72.6322"
"290 988,https://icepar.specparts.shop/products/detail?slug=sachs_290988-106693,10,,,,,""[""""SCANIA SERIE G G310 A4X2 (2013 AL 2022)"""", """"SCANIA SERIE G G340 A4X2 (2007 AL 2014)"""", """"SCANIA SERIE G G340 B4X2 (2007 AL 2013)"""", """"SCANIA SERIE G G360 6X2 (2013 AL 2022)"""", """"SCANIA SERIE G G360 A/B4X2 (2012 AL 2020)"""", """"SCANIA SERIE G G380 A4X2 (2007 AL 2015)"""", """"SCANIA SERIE G G380 A6X2 (2007 AL 2012)"""", """"SCANIA SERIE G G380 A6X4 (2007 AL 2012)"""", """"SCANIA SERIE G G380 B4X2 (2007 AL 2012)"""", """"SCANIA SERIE G G400 6X4 (2017 AL 2021)"""", """"SCANIA SERIE G G410 6X2 (2013 AL 2017)"""", """"SCANIA SERIE G G410 6X4 (2013 AL 2016)"""", """"SCANIA SERIE G G410 A/B4X2 (2013 AL 2017)"""", """"SCANIA SERIE G G420 A4X2 (2007 AL 2013)"""", """"SCANIA SERIE G G420 B4X2 (2007 AL 2012)"""", """"SCANIA SERIE G G420 B&X4 (2012 AL 2014)"""", """"SCANIA SERIE G G460 A/B4X2 (2013 AL 2015)"""", """"SCANIA SERIE G G460 A/B6X2 (2013 AL 2015)"""", """"SCANIA SERIE P P270 6X2 (2007 AL 2010)"""", """"SCANIA SERIE P P310 4X2 (2007 AL 2017)"""", """"SCANIA SERIE P P310 6X4 (2007 AL 2012)"""", """"SCANIA SERIE P P340 4X2 (2007 AL 2014)"""", """"SCANIA SERIE P P340 6X2 (2007 AL 2014)"""", """"SCANIA SERIE P P360 4X2 (2013 AL 2026)"""", """"SCANIA SERIE P P360 6X2 (2013 AL 2019)"""", """"SCANIA SERIE P P380 6X4 (2001 AL 2015)"""", """"SCANIA SERIE P P380 8X4 (2007 AL 2015)"""", """"SCANIA SERIE P P400 8X4 (2018 AL 2022)"""", """"SCANIA SERIE P P410 6X4 (2013 AL 2017)"""", """"SCANIA SERIE P P420 6X4 (2007 AL 2012)"""", """"SCANIA SERIE P P420 8X4 (2007 AL 2010)"""", """"SCANIA SERIE R R114GA (2007 AL 2008)"""", """"SCANIA SERIE R R340 4X2 (2001 AL 2008)"""", """"SCANIA SERIE R R360 4X2 (2013 AL 2020)"""", """"SCANIA SERIE R R380 4X2 (2007 AL 2012)"""", """"SCANIA SERIE R R380 6X2 (2007 AL 2011)"""", """"SCANIA SERIE R R380 &X4 (2007 AL 2012)"""", """"SCANIA SERIE R R410 4X2 (2013 AL 2016)"""", """"SCANIA SERIE R R420 4X2 (2007 AL 2014)"""", """"SCANIA SERIE R R420 &X4 (2007 AL 2012)"""", """"SCANIA SERIE R R470 4X2 (2009 AL 2012)"""", """"SCANIA SERIE R R500 4X2 (2012 AL 2015)"""", """"SCANIA SERIE R R580 4X2 (2013 AL 2016)""""]"",43,""[""""LADO: VERTICAL"""", """"POSICION: DELANTERO"""", """"LADO: AMBOS""""]"",3,""[""""FRIC ROT: 38263"""", """"SACHS: 290 988:029""""]"",2,,,68.1862"
"317 858,https://icepar.specparts.shop/products/detail?slug=sachs_317858-106694,10,,,,,""[""""MERCEDES BENZ ATEGO 1315 (2009 AL 2010)"""", """"MERCEDES BENZ ATEGO 1328 (2013 AL 2014)"""", """"MERCEDES BENZ ATEGO 1418 (2007 AL 2016)"""", """"MERCEDES BENZ ATEGO 1419 (2016 AL 2026)"""", """"MERCEDES BENZ ATEGO 1718 (2005 AL 2016)"""", """"MERCEDES BENZ ATEGO 1720/36 (2016 AL 2022)"""", """"MERCEDES BENZ ATEGO 1720/48 (2016 AL 2022)"""", """"MERCEDES BENZ ATEGO 17721 (2018 AL 2026)"""", """"MERCEDES BENZ ATEGO 1725 (2007 AL 2017)"""", """"MERCEDES BENZ ATEGO 1725 A/S (2007 AL 2019)"""", """"MERCEDES BENZ ATEGO 1726 42 (2020 AL 2026)"""", """"MERCEDES BENZ ATEGO 1726/36 (2016 AL 2022)"""", """"MERCEDES BENZ ATEGO 1726/42 (2016 AL 2020)"""", """"MERCEDES BENZ ATEGO 1729 (2016 AL 2026)"""", """"MERCEDES BENZ ATEGO 1729 5 36 CD (2021 AL 2026)"""", """"MERCEDES BENZ ATEGO 2426 &X2 (2016 AL 2026)"""", """"MERCEDES BENZ BMO 368 17211L/62 (2016 AL 2026)"""", """"MERCEDES BENZ BMO 384 1722 59 (2015 AL 2018)""""]"",18,""[""""POSICION: DELANTERO"""", """"LADO: Derecho"""", """"LADO: HORIZONTAL"""", """"LADO: DERECHO""""]"",4,""[""""SACHS: 131676"""", """"SACHS: 317 858:009""""]"",2,,,41.3241"
"317 859,https://icepar.specparts.shop/products/detail?slug=sachs_317859-106695,11,,,,,""[""""MERCEDES BENZ ATEGO 1315 (2009 AL 2010)"""", """"MERCEDES BENZ ATEGO 1328 (2013 AL 2014)"""", """"MERCEDES BENZ ATEGO 1418 (2007 AL 2016)"""", """"MERCEDES BENZ ATEGO 1419 (2016 AL 2026)"""", """"MERCEDES BENZ ATEGO 1718 (2005 AL 2016)"""", """"MERCEDES BENZ ATEGO 1720/36 (2016 AL 2022)"""", """"MERCEDES BENZ ATEGO 1720/48 (2016 AL 2022)"""", """"MERCEDES BENZ ATEGO 17721 (2018 AL 2026)"""", """"MERCEDES BENZ ATEGO 1725 (2007 AL 2017)"""", """"MERCEDES BENZ ATEGO 1725 A/S (2007 AL 2019)"""", """"MERCEDES BENZ ATEGO 1726 42 (2020 AL 2026)"""", """"MERCEDES BENZ ATEGO 1726/36 (2016 AL 2022)"""", """"MERCEDES BENZ ATEGO 1726/42 (2016 AL 2020)"""", """"MERCEDES BENZ ATEGO 1729 (2016 AL 2026)"""", """"MERCEDES BENZ ATEGO 1729 5 36 CD (2021 AL 2026)"""", """"MERCEDES BENZ ATEGO 2426 &X2 (2016 AL 2026)"""", """"MERCEDES BENZ BMO 368 17211L/62 (2016 AL 2026)"""", """"MERCEDES BENZ BMO 384 1722 59 (2015 AL 2018)""""]"",18,""[""""LADO: HORIZONTAL"""", """"POSICION: DELANTERO"""", """"LADO: Izquierdo"""", """"LADO: IZQUIERDO""""]"",4,""[""""SACHS: 131726"""", """"SACHS: 317 859:009""""]"",2,,,41.5107"
"316 802,https://icepar.specparts.shop/products/detail?slug=sachs_316802-106696,11,,,,,""[""""VOLKSWAGEN CONSTELLATION 17.230 ROBUST (2018 AL 2026)"""", """"VOLKSWAGEN CONSTELLATION 17.250 E (2007 AL 2017)"""", """"VOLKSWAGEN CONSTELLATION 17.280 LR (2016 AL 2026)"""", """"VOLKSWAGEN CONSTELLATION 19.190 ROBUST (2018 AL 2026)"""", """"VOLKSWAGEN CONSTELLATION 19.320 E (2008 AL 2017)"""", """"VOLKSWAGEN CONSTELLATION 19.330 HR (2016 AL 2022}"""", """"VOLKSWAGEN CONSTELLATION 19.360 HR (2016 AL 2017)"""", """"VOLKSWAGEN CONSTELLATION 19.420 HR (2016 AL 2017)"""", """"VOLKSWAGEN TITAN &.3 (2003 AL 2008)"""", """"VOLKSWAGEN WORKER 13180 (2007 AL 2011)"""", """"VOLKSWAGEN WORKER 13190 (2019 AL 2021)"""", """"VOLKSWAGEN WORKER 15180 (2006 AL 2016)"""", """"VOLKSWAGEN WORKER 15190 (2018 AL 2020)"""", """"VOLKSWAGEN WORKER 17210 (2005 AL 2007}"""", """"VOLKSWAGEN WORKER 26.260 E (2007 AL 2016)"""", """"VOLKSWAGEN WORKER 65 (2007 AL 2017)"""", """"VOLKSWAGEN WORKER 8.3 (1999 AL 2015)""""]"",17,""[""""POSICION: DELANTERO"""", """"LADO: Ambos"""", """"LADO: VERTICAL"""", """"LADO: AMBOS""""]"",4,""[""""SACHS: 316 802:009""""]"",1,,,39.3221"
"316 801,https://icepar.specparts.shop/products/detail?slug=sachs_316801-106697,11,,,,,""[""""SCANIA SERIE G G340 A4X2 (2007 AL 2014)"""", """"SCANIA SERIE G G360 6X2 (2013 AL 2022)"""", """"SCANIA SERIE G G360 A/B4X2 (2012 AL 2020)"""", """"SCANIA SERIE G G380 A4X2 (2007 AL 2015)"""", """"SCANIA SERIE G G380 A6X2 (2007 AL 2012)"""", """"SCANIA SERIE G G410 6X2 (2013 AL 2017)"""", """"SCANIA SERIE G G410 8X4 (2015 AL 2018)"""", """"SCANIA SERIE G G410 A/B4X2 (2013 AL 2017)"""", """"SCANIA SERIE G G420 B4X2 (2007 AL 2012)"""", """"SCANIA SERIE G G460 A/B4X2 (2013 AL 2015)"""", """"SCANIA SERIE G G460 A/BBX4 (2013 AL 2015)"""", """"SCANIA SERIE G G480 B&X4 (2019 AL 2021)"""", """"SCANIA SERIE P P124GA 4X2 NZ360 (2007)"""", """"SCANIA SERIE P P270 6X2 (2007 AL 2010)"""", """"SCANIA SERIE P P310 4X2 (2007 AL 2017)"""", """"SCANIA SERIE P P310 8X4 (2014 AL 2021)"""", """"SCANIA SERIE P P320 B&X4 (2019 AL 2021)"""", """"SCANIA SERIE P P340 4X2 (2007 AL 2014)"""", """"SCANIA SERIE P P360 4X2 (2013 AL 2026)"""", """"SCANIA SERIE P P360 4X4 (2018 AL 2021)"""", """"SCANIA SERIE P P360 6X2 (2013 AL 2019)"""", """"SCANIA SERIE P P360 8X4 (2017 AL 2026)"""", """"SCANIA SERIE P P400 8X4 (2018 AL 2022)"""", """"SCANIA SERIE P P410 6X4 (2013 AL 2017)"""", """"SCANIA SERIE P P410 8X4 (2013 AL 2021)"""", """"SCANIA SERIE P P420 6X4 (2007 AL 2012)"""", """"SCANIA SERIE P P440 8X4 (2019 AL 2026)"""", """"SCANIA SERIE R R360 4X2 (2013 AL 2020)"""", """"SCANIA SERIE R R400 4X4 (2018 AL 2020)"""", """"SCANIA SERIE R R410 4X2 (2013 AL 2016)"""", """"SCANIA SERIE R R420 4X2 (2007 AL 2014)"""", """"SCANIA SERIE R R470 4X2 (2009 AL 2012)"""", """"SCANIA SERIE R R500 BSX4 (2019 AL 2022)"""", """"SCANIA SERIE R R580 4X2 (2013 AL 2016)"""", """"SCANIA SERIE R R620 BSX4 (2019 AL 2021)""""]"",35,""[""""POSICION: TRASERO"""", """"LADO: Ambos"""", """"LADO: VERTICAL"""", """"LADO: AMBOS""""]"",4,""[""""SACHS: 316 801:009""""]"",1,,,59.4353"
"319 769,https://icepar.specparts.shop/products/detail?slug=sachs_319769-106698,11,,,,,""[""""MECC 150E21NCMAIA 4.5 (2022 AL 2026)"""", """"NECO 160E21CCM32 4.5 (2022 AL 2026)"""", """"NMECO 170E21NCM31 45 (2022 AL 2026)"""", """"MECC 170E21NCMS52 45 (2022 AL 2026)"""", """"NMECO 170528 (2017 AL 2026)"""", """"MECC 180C33 MLL (2016 AL 2026)"""", """"NWECG 240E30NCA63 4.7 (2022 AL 2026)"""", """"MECC 450E33T 7.8 (2017 AL 2026)"""", """"MECC ATTACK 170E22NCM21 (2017 AL 2022)"""", """"MECC ATTACK 170E22NCM31 (2017 AL 2026)"""", """"MECC ATTACK 170E22NCMS51 (2017 AL 2022)"""", """"MECC ATTACK 170E22NLM3!1 (2017 AL 2022)"""", """"MECC ATTACK 170E22NLMS51 (2017 AL 2020)"""", """"MECC ATTACK 170E22RCM31 (2017 AL 2026)"""", """"MECC ATTACK 170E22TLM2B (2017 AL 2022)"""", """"MECC ATTACK 170E30NCA31 (2018 AL 2020)"""", """"MECC ATTACK 170E30NLA31 (2018 AL 2026)"""", """"MECC ATTACK 170E30TLA21 (2018 AL 2022)"""", """"NECC ATTACK 6.7 (2019 AL 2021)"""", """"MECC EUROCARGO 5.9 (2013 AL 2015)"""", """"MECC STRALIS (2020 AL 2026)"""", """"MECC STRALIS 13.0 (2019 AL 2026)"""", """"MECC TECTOR (2017 AL 2026)"""", """"MECC TECTOR 110-190 (2020 AL 2026)"""", """"MECC TECTOR 170E28 (2017 AL 2026)"""", """"MECC TECTOR 240E28 (2017 AL 2022)"""", """"NECG TECTOR 45 (2021 AL 2026)"""", """"MECC TECTOR 5.9 (2009 AL 2026)"""", """"MECC TECTOR 6&0 GNC (2020 AL 2026)"""", """"MECC TECTOR 90-190 (2020 AL 2026)"""", """"MECC TECTOR TECTOR 110-190 (2020 AL 2022)""""]"",31,""[""""POSICION: DELANTERO"""", """"LADO: Ambos"""", """"LADO: HORIZONTAL"""", """"LADO: AMBOS""""]"",4,""[""""SACHS: 319 769:009""""]"",1,,,53.9954"
"316 800,https://icepar.specparts.shop/products/detail?slug=sachs_316800-106699,11,,,,,""[""""SCANIA SERIE G G340 A4X2 (2007 AL 2014)"""", """"SCANIA SERIE G G360 6X2 (2013 AL 2022)"""", """"SCANIA SERIE G G360 A/B4X2 (2012 AL 2020)"""", """"SCANIA SERIE G G380 A4X2 (2007 AL 2015)"""", """"SCANIA SERIE G G380 A6X2 (2007 AL 2012)"""", """"SCANIA SERIE G G410 6X2 (2013 AL 2017)"""", """"SCANIA SERIE G G410 8X4 (2015 AL 2018)"""", """"SCANIA SERIE G G410 A/B4X2 (2013 AL 2017)"""", """"SCANIA SERIE G G420 B4X2 (2007 AL 2012)"""", """"SCANIA SERIE G G460 A/B4X2 (2013 AL 2015)"""", """"SCANIA SERIE G G460 A/BBX4 (2013 AL 2015)"""", """"SCANIA SERIE G G480 B&X4 (2019 AL 2021)"""", """"SCANIA SERIE P P114 GA (1999 AL 2005)"""", """"SCANIA SERIE P P114LA6X2 (2001 AL 2006)"""", """"SCANIA SERIE P P124CA (2001 AL 2006)"""", """"SCANIA SERIE P P124CB (2001 AL 2006)"""", """"SCANIA SERIE P P124GA 4X2 NZ360 (2007)"""", """"SCANIA SERIE P P124GB 4X2 NZ420 (2001 AL 2006)"""", """"SCANIA SERIE P P270 6X2 (2007 AL 2010)"""", """"SCANIA SERIE P P310 4X2 (2007 AL 2017)"""", """"SCANIA SERIE P P310 8X4 (2014 AL 2021)"""", """"SCANIA SERIE P P320 B&X4 (2019 AL 2021)"""", """"SCANIA SERIE P P340 4X2 (2007 AL 2014)"""", """"SCANIA SERIE P P360 4X2 (2013 AL 2026)"""", """"SCANIA SERIE P P360 4X4 (2018 AL 2021)"""", """"SCANIA SERIE P P360 6X2 (2013 AL 2019)"""", """"SCANIA SERIE P P360 8X4 (2017 AL 2026)"""", """"SCANIA SERIE P P400 8X4 (2018 AL 2022)"""", """"SCANIA SERIE P P410 6X4 (2013 AL 2017)"""", """"SCANIA SERIE P P410 8X4 (2013 AL 2021)"""", """"SCANIA SERIE P P420 6X4 (2007 AL 2012)"""", """"SCANIA SERIE P P440 8X4 (2019 AL 2026)"""", """"SCANIA SERIE P P93 (1995 AL 1998)"""", """"SCANIA SERIE R R360 4X2 (2013 AL 2020)"""", """"SCANIA SERIE R R400 4X4 (2018 AL 2020)"""", """"SCANIA SERIE R R410 4X2 (2013 AL 2016)"""", """"SCANIA SERIE R R420 4X2 (2007 AL 2014)"""", """"SCANIA SERIE R R470 4X2 (2009 AL 2012)"""", """"SCANIA SERIE R R500 BSX4 (2019 AL 2022)"""", """"SCANIA SERIE R R580 4X2 (2013 AL 2016)"""", """"SCANIA SERIE R R620 BSX4 (2019 AL 2021)""""]"",41,""[""""POSICION: DELANTERO"""", """"LADO: Ambos"""", """"LADO: VERTICAL"""", """"LADO: AMBOS""""]"",4,""[""""SACHS: 316 800:009""""]"",1,,,65.4011"
"316 684,https://icepar.specparts.shop/products/detail?slug=sachs_316684-106864,11,,,,,""[""""MERCEDES BENZ AXOR 2036 ROBUST (2020 AL 2022)"""", """"MERCEDES BENZ AXOR 2036 5 ROBUST (2020 AL 2022)"""", """"MERCEDES BENZ AXOR 2036 5 STARKET (2021 AL 2026)"""", """"MERCEDES BENZ AXOR 2533 (2019 AL 2022)"""", """"MERCEDES BENZ AXOR 2535 (2019 AL 2026)"""", """"MERCEDES BENZ AXOR 2536 5 (2021 AL 2026)"""", """"MERCEDES BENZ AXOR 2541 5 (2019 AL 2022)"""", """"MERCEDES BENZ AXOR 2544 L5 (2019 AL 2026)"""", """"MERCEDES BENZ AXOR 3341 (2019 AL 2022)"""", """"MERCEDES BENZ AXOR 3344 (2019 AL 2022)""""]"",10,""[""""POSICION: DELANTERO"""", """"LADO: Ambos"""", """"LADO: HORIZONTAL"""", """"LADO: AMBOS""""]"",4,""[""""SACHS: 316 684:009""""]"",1,,,31.1878"
"350 255,https://icepar.specparts.shop/products/detail?slug=sachs_350255-111106,11,,,,,""[""""VOLKSWAGEN CONSTELLATION 14.190 ROBUST (2020 AL 2026)"""", """"VOLKSWAGEN CONSTELLATION 17.230 ROBUST (2018 AL 2026)"""", """"VOLKSWAGEN CONSTELLATION 17230 (2022 AL 2026)"""", """"VOLKSWAGEN CONSTELLATION 19.190 ROBUST (2018 AL 2026)"""", """"VOLKSWAGEN CONSTELLATION 19.360 HR (2018 AL 2026)"""", """"VOLKSWAGEN CONSTELLATION 24.280 (2020 AL 2026)"""", """"VOLKSWAGEN CONSTELLATION 25.420 HR (2018 AL 2022}"""", """"VOLKSWAGEN CONSTELLATION 26.420 HR (2018 AL 2020)"""", """"VOLKSWAGEN CONSTELLATION 31.330 DC (2018 AL 2022)"""", """"VOLKSWAGEN CONSTELLATION 32.360 V-TRONIC (2022 AL 2026)"""", """"VOLKSWAGEN CONSTELLATION 32.360 VIRONIC 6X4 (2022 AL 2026)"""", """"VOLKSWAGEN WORKER 13180 (2007 AL 2011)"""", """"VOLKSWAGEN WORKER 13190 (2019 AL 2021)"""", """"VOLKSWAGEN WORKER 15180 (2006 AL 2016)"""", """"VOLKSWAGEN WORKER 15190 (2018 AL 2020)"""", """"VOLKSWAGEN WORKER 17210 (2005 AL 2007}"""", """"VOLKSWAGEN WORKER 26.260 E (2007 AL 2016)"""", """"VOLKSWAGEN WORKER 65 (2007 AL 2017)"""", """"VOLKSWAGEN WORKER 8.3 (1999 AL 2015)""""]"",19,""[""""POSICION: DELANTERO"""", """"LADO: Ambos"""", """"LADO: VERTICAL"""", """"LADO: AMBOS""""]"",4,[],0,,,36.9529"
"350 252,https://icepar.specparts.shop/products/detail?slug=sachs_350252-111108,11,,,,,""[""""MERCEDES BENZ ATEGO 1419 (2016 AL 2026)"""", """"MERCEDES BENZ ATEGO 1726 (2016 AL 2026)"""", """"MERCEDES BENZ ATEGO 1726 42 (2020 AL 2026)"""", """"MERCEDES BENZ ATEGO 1726 5 (2016 AL 2026)"""", """"MERCEDES BENZ ATEGO 1726/36 (2016 AL 2022)"""", """"MERCEDES BENZ ATEGO 1726/42 (2016 AL 2020)"""", """"MERCEDES BENZ ATEGO 1729 5 36 CD (2021 AL 2026)"""", """"MERCEDES BENZ ATEGO 2426 &X2 (2016 AL 2026)"""", """"MERCEDES BENZ ATEGO 2730B (2017 AL 2026)"""", """"MERCEDES BENZ ATEGO 2730K (2017 AL 2026)""""]"",10,""[""""POSICION: TRASERO"""", """"LADO: VERTICAL"""", """"LADO: AMBOS""""]"",3,[],0,,,24.4509"
"350 258,https://icepar.specparts.shop/products/detail?slug=sachs_350258-111109,11,,,,,""[""""VOLKSWAGEN CONSTELLATION 14.190 ROBUST (2020 AL 2026)"""", """"VOLKSWAGEN CONSTELLATION 15.190 ROBUST (2018 AL 2026)"""", """"VOLKSWAGEN CONSTELLATION 17.230 ROBUST (2018 AL 2026)"""", """"VOLKSWAGEN CONSTELLATION 19.190 ROBUST (2018 AL 2026)"""", """"VOLKSWAGEN WORKER 13180 (2007 AL 2011)"""", """"VOLKSWAGEN WORKER 13190 (2019 AL 2021)"""", """"VOLKSWAGEN WORKER 15180 (2006 AL 2016)"""", """"VOLKSWAGEN WORKER 15190 (2018 AL 2020)"""", """"VOLKSWAGEN WORKER 17210 (2005 AL 2007}"""", """"VOLKSWAGEN WORKER 26.260 E (2007 AL 2016)"""", """"VOLKSWAGEN WORKER 65 (2007 AL 2017)"""", """"VOLKSWAGEN WORKER 8.3 (1999 AL 2015)""""]"",12,""[""""LADO: HORIZONTAL"""", """"POSICION: TRASERO"""", """"LADO: AMBOS""""]"",3,[],0,,,26.6883"
"350 253,https://icepar.specparts.shop/products/detail?slug=sachs_350253-111110,11,,,,,""[""""VOLKSWAGEN CONSTELLATION 14.190 ROBUST (2020 AL 2026)"""", """"VOLKSWAGEN CONSTELLATION 17.230 ROBUST (2018 AL 2026)"""", """"VOLKSWAGEN CONSTELLATION 17230 (2022 AL 2026)"""", """"VOLKSWAGEN CONSTELLATION 19.190 ROBUST (2018 AL 2026)"""", """"VOLKSWAGEN CONSTELLATION 19.330 (2020 AL 2026)"""", """"VOLKSWAGEN CONSTELLATION 24.280 (2020 AL 2026)"""", """"VOLKSWAGEN CONSTELLATION 32.360 V-TRONIC (2022 AL 2026)"""", """"VOLKSWAGEN CONSTELLATION 32.360 VIRONIC 6X4 (2022 AL 2026)"""", """"VOLKSWAGEN WORKER 13180 (2007 AL 2011)"""", """"VOLKSWAGEN WORKER 13190 (2019 AL 2021)"""", """"VOLKSWAGEN WORKER 15180 (2006 AL 2016)"""", """"VOLKSWAGEN WORKER 15190 (2018 AL 2020)"""", """"VOLKSWAGEN WORKER 17210 (2005 AL 2007}"""", """"VOLKSWAGEN WORKER 26.260 E (2007 AL 2016)"""", """"VOLKSWAGEN WORKER 65 (2007 AL 2017)"""", """"VOLKSWAGEN WORKER 8.3 (1999 AL 2015)""""]"",16,""[""""LADO: HORIZONTAL"""", """"POSICION: TRASERO"""", """"LADO: AMBOS""""]"",3,[],0,,,30.9233"
"350 254,https://icepar.specparts.shop/products/detail?slug=sachs_350254-111111,11,,,,,""[""""MERCEDES BENZ AXOR 2036 ROBUST (2020 AL 2022)"""", """"MERCEDES BENZ AXOR 2036 5 ROBUST (2020 AL 2022)"""", """"MERCEDES BENZ AXOR 2036 5 STARKET (2021 AL 2026)"""", """"MERCEDES BENZ AXOR 2536 5 (2021 AL 2026)"""", """"MERCEDES BENZ AXOR 2541 5 (2019 AL 2022)"""", """"MERCEDES BENZ AXOR 2544 L5 (2019 AL 2026)"""", """"MERCEDES BENZ AXOR 2831 B/K (2007 AL 2018)"""", """"MERCEDES BENZ AXOR 3131 B (2016 AL 2026)"""", """"MERCEDES BENZ AXOR 3131 K (2016 AL 2026)"""", """"MERCEDES BENZ AXOR 3341 (2019 AL 2022)"""", """"MERCEDES BENZ AXOR 3344 (2019 AL 2022)""""]"",11,""[""""POSICION: DELANTERO"""", """"LADO: VERTICAL""""]"",2,[],0,,,24.1265"
"350 256,https://icepar.specparts.shop/products/detail?slug=sachs_350256-111112,11,,,,,""[""""MECC STRALIS (2020 AL 2026)"""", """"MECC STRALIS 13.0 (2019 AL 2026)"""", """"MECC TECTOR 170E28 (2017 AL 2026)"""", """"VOLKSWAGEN CONSTELLATION 14.190 ROBUST (2020 AL 2026)"""", """"VOLKSWAGEN CONSTELLATION 17.230 ROBUST (2018 AL 2026)"""", """"VOLKSWAGEN CONSTELLATION 19.190 ROBUST (2018 AL 2026)"""", """"VOLKSWAGEN CONSTELLATION 24.280 (2020 AL 2026)"""", """"VOLKSWAGEN CONSTELLATION 32.360 V-TRONIC (2022 AL 2026)"""", """"VOLKSWAGEN WORKER 13180 (2007 AL 2011)"""", """"VOLKSWAGEN WORKER 13190 (2019 AL 2021)"""", """"VOLKSWAGEN WORKER 15180 (2006 AL 2016)"""", """"VOLKSWAGEN WORKER 15190 (2018 AL 2020)"""", """"VOLKSWAGEN WORKER 17210 (2005 AL 2007}"""", """"VOLKSWAGEN WORKER 26.260 E (2007 AL 2016)"""", """"VOLKSWAGEN WORKER 65 (2007 AL 2017)"""", """"VOLKSWAGEN WORKER 8.3 (1999 AL 2015)""""]"",16,""[""""LADO: HORIZONTAL"""", """"POSICION: DELANTERO"""", """"LADO: Ambos"""", """"LADO: AMBOS""""]"",4,[],0,,,31.9628"
"350 257,https://icepar.specparts.shop/products/detail?slug=sachs_350257-111113,11,,,,,""[""""VOLKSWAGEN CONSTELLATION 14.190 ROBUST (2020 AL 2026)"""", """"VOLKSWAGEN CONSTELLATION 19.330 (2020 AL 2026)"""", """"VOLKSWAGEN CONSTELLATION 24.280 (2020 AL 2026)"""", """"VOLKSWAGEN CONSTELLATION 32.360 V-TRONIC (2022 AL 2026)""""]"",4,""[""""LADO: HORIZONTAL"""", """"POSICION: TRASERO"""", """"LADO: AMBOS""""]"",3,[],0,,,17.2529"
"313 072,https://icepar.specparts.shop/products/detail?slug=sachs_313072-115343,11,,,,,""[""""RENAULT PREMIUM 300 DXI (2008 AL 2013)"""", """"RENAULT PREMIUM 330 DXI (2007 AL 2008)"""", """"RENAULT PREMIUM 380 DXI (2007 AL 2016)"""", """"RENAULT PREMIUM 385.19T (2000 AL 2007)"""", """"RENAULT PREMIUM 385.24T (2001 AL 2007)"""", """"RENAULT PREMIUM 440 DXI (2007 AL 2017)""""]"",6,""[""""POSICION: TRASERO"""", """"LADO: VERTICAL"""", """"LADO: AMBOS""""]"",3,""[""""MONROE: CB0171""""]"",1,,,25.5740"
"316 689,https://icepar.specparts.shop/products/detail?slug=sachs_316689-116827,11,,,,,""[""""MERCEDES BENZ ACTROS 1841 (2014 AL 2017)"""", """"MERCEDES BENZ ACTROS 1841 L5 (2015 AL 2022)"""", """"MERCEDES BENZ ACTROS 1846 L5 (2015 AL 2022)"""", """"MERCEDES BENZ ACTROS 2041 5 (2011 AL 2022)"""", """"MERCEDES BENZ ACTROS 2044 5 (2011 AL 2014)"""", """"MERCEDES BENZ ACTROS 2646 L5 (2019 AL 2021)"""", """"MERCEDES BENZ ACTROS 2646 5/L5 (2011 AL 2017)"""", """"MERCEDES BENZ AXOR 3344 5 (2021 AL 2026)""""]"",8,""[""""POSICION: TRASERO"""", """"LADO: AMBOS""""]"",2,[],0,,,20.5669"
"319 726,https://icepar.specparts.shop/products/detail?slug=sachs_319726-116828,11,,,,,""[""""MERCEDES BENZ ACTROS 1841 (2014 AL 2017)"""", """"MERCEDES BENZ ACTROS 2041 5 (2011 AL 2022)"""", """"MERCEDES BENZ ACTROS 2044 5 (2011 AL 2014)"""", """"MERCEDES BENZ ACTROS 2646 5/L5 (2011 AL 2017)"""", """"MERCEDES BENZ ACTROS 3344 B/K/S (2011 AL 2015)"""", """"MERCEDES BENZ ACTROS 4141 (2012 AL 2013)"""", """"MERCEDES BENZ ACTROS 4141B 8X4 (2016 AL 2020)"""", """"MERCEDES BENZ AXOR 3344 5 (2021 AL 2026)""""]"",8,""[""""POSICION: DELANTERO"""", """"LADO: Ambos"""", """"LADO: VERTICAL"""", """"LADO: AMBOS""""]"",4,[],0,,,22.8823"
5014HOP,https://icepar.specparts.shop/products/detail?slug=sadar_5014hop-300418,11,,,,,[],0,[],0,[],0,,,2.7257
"5022HOP,https://icepar.specparts.shop/products/detail?slug=sadar_5022hop-329704,11,,,,,""[""""VOLVO FH-SERIES FH 400 4X2 R (2007 AL 2012)"""", """"VOLVO FH-SERIES FH 400 4X2 T (2007 AL 2012)"""", """"VOLVO FH-SERIES FH 400 6X2 T (2008 AL 2011)"""", """"VOLVO FH-SERIES FH 420 4X2 (2017 AL 2026)"""", """"VOLVO FH-SERIES FH 420 4X2 R (2024 AL 2026)"""", """"VOLVO FH-SERIES FH 420 6X2 (2017 AL 2026)"""", """"VOLVO FH-SERIES FH 420 6X4 (2018 AL 2026)"""", """"VOLVO FH-SERIES FH 440 4X2 T/R (2007 AL 2016)"""", """"VOLVO FH-SERIES FH 440 6X2 T (2012 AL 2015)"""", """"VOLVO FH-SERIES FH 440 6X4 T (2012 AL 2016)"""", """"VOLVO FH-SERIES FH 460 4X2 (2016 AL 2022)"""", """"VOLVO FH-SERIES FH 460 6X2R (2016 AL 2022)"""", """"VOLVO FH-SERIES FH 460 6X4 (2017 AL 2021)"""", """"VOLVO FH-SERIES FH 480 4X2 T (2007 AL 2011)"""", """"VOLVO FH-SERIES FH 500 4X2 T (2017 AL 2026)"""", """"VOLVO FH-SERIES FH 500 4X2R (2022 AL 2026)"""", """"VOLVO FH-SERIES FH 500 6X2R (2022 AL 2026)"""", """"VOLVO FH-SERIES FH 500 6X2T (2019 AL 2026)"""", """"VOLVO FH-SERIES FH 500 6X4 (2017 AL 2019, 2024 AL 2026)"""", """"VOLVO FH-SERIES FH 520 4X2 (2024 AL 2026)"""", """"VOLVO FH-SERIES FH 520 4X2 T (2007 AL 2016)"""", """"VOLVO FH-SERIES FH 520 6X4 T (2000 AL 2003)"""", """"VOLVO FH-SERIES FH 540 4X2 (2016 AL 2026)"""", """"VOLVO FH-SERIES FH 540 6X2 (2018 AL 2024)"""", """"VOLVO FH-SERIES FH 540 6X4 (2016 AL 2026)"""", """"VOLVO FH-SERIES FH12 380 4X2 (1999 AL 2006)"""", """"VOLVO FH-SERIES FH12 420 4X2 (1999 AL 2006)"""", """"VOLVO FH-SERIES FH12 460 4X2 (1999 AL 2006)"""", """"VOLVO FH-SERIES FH12 460 &X4 (2007 AL 2008)""""]"",29,""[""""LADO: AMBOS"""", """"TIPO DE BUJE DE ANCLAJE SUPERIOR: GM 20X45"""", """"TIPO DE ANCLAJE SUPERIOR: BUJE"""", """"POSICION: DELANTERO"""", """"TIPO DE ANCLAJE INFERIOR: BUJE"""", """"TIPO DE BUJE DE ANCLAJE INFERIOR: GM 20 X45"""", """"LONGITUD TOTAL COMPRIMIDCO: 235 mm"""", """"LONGITUD TOTAL EXTENDIDO: 259 mm""""]"",8,[],0,,,52.4680"
"5021HOP,https://icepar.specparts.shop/products/detail?slug=sadar_5021hop-329705,11,,,,,""[""""VOLVO FH-SERIES FH 400 4X2 R (2007 AL 2012)"""", """"VOLVO FH-SERIES FH 400 4X2 T (2007 AL 2012)"""", """"VOLVO FH-SERIES FH 400 6X2 T (2008 AL 2011)"""", """"VOLVO FH-SERIES FH 420 4X2 (2017 AL 2026)"""", """"VOLVO FH-SERIES FH 420 4X2 R (2024 AL 2026)"""", """"VOLVO FH-SERIES FH 420 6X2 (2017 AL 2026)"""", """"VOLVO FH-SERIES FH 420 6X4 (2018 AL 2026)"""", """"VOLVO FH-SERIES FH 440 4X2 T/R (2007 AL 2016)"""", """"VOLVO FH-SERIES FH 440 6X2 T (2012 AL 2015)"""", """"VOLVO FH-SERIES FH 440 6X4 T (2012 AL 2016)"""", """"VOLVO FH-SERIES FH 460 4X2 (2016 AL 2022)"""", """"VOLVO FH-SERIES FH 460 6X2R (2016 AL 2022)"""", """"VOLVO FH-SERIES FH 460 6X4 (2017 AL 2021)"""", """"VOLVO FH-SERIES FH 480 4X2 T (2007 AL 2011)"""", """"VOLVO FH-SERIES FH 500 4X2 T (2017 AL 2026)"""", """"VOLVO FH-SERIES FH 500 4X2R (2022 AL 2026)"""", """"VOLVO FH-SERIES FH 500 6X2R (2022 AL 2026)"""", """"VOLVO FH-SERIES FH 500 6X2T (2019 AL 2026)"""", """"VOLVO FH-SERIES FH 500 6X4 (2017 AL 2019, 2024 AL 2026)"""", """"VOLVO FH-SERIES FH 520 4X2 (2024 AL 2026)"""", """"VOLVO FH-SERIES FH 520 4X2 T (2007 AL 2016)"""", """"VOLVO FH-SERIES FH 520 6X4 T (2000 AL 2003)"""", """"VOLVO FH-SERIES FH 540 4X2 (2016 AL 2026)"""", """"VOLVO FH-SERIES FH 540 6X2 (2018 AL 2024)"""", """"VOLVO FH-SERIES FH 540 6X4 (2016 AL 2026)"""", """"VOLVO FH-SERIES FH12 380 4X2 (1999 AL 2006)"""", """"VOLVO FH-SERIES FH12 420 4X2 (1999 AL 2006)"""", """"VOLVO FH-SERIES FH12 460 4X2 (1999 AL 2006)"""", """"VOLVO FH-SERIES FH12 460 &X4 (2007 AL 2008)""""]"",29,""[""""LONGITUD TOTAL COMPRIMIDCO: 370 mm"""", """"TIPO DE BUJE DE ANCLAJE SUPERIOR: GM 14X45"""", """"POSICION: DELANTERO"""", """"LONGITUD TOTAL EXTENDIDO: 414 mm"""", """"TIPO DE ANCLAJE SUPERIOR: BUJE"""", """"TIPO DE BUJE DE ANCLAJE INFERIOR: GM 14 X45"""", """"TIPO DE ANCLAJE INFERIOR: BUJE"""", """"LADO: AMBOS""""]"",8,[],0,,,51.2676"
"5024HOP,https://icepar.specparts.shop/products/detail?slug=sadar_5024hop-329706,11,,,,,[],0,""[""""TIPO DE ANCLAJE INFERIOR: BUJE"""", """"TIPO DE ANCLAJE SUPERIOR: ESPIGA"""", """"LONGITUD TOTAL EXTENDIDO: 354 mm"""", """"LONGITUD TOTAL COMPRIMIDO: 282 mm"""", """"TIPO DE BUJE DE ANCLAJE INFERIOR: GM 16 X44""""]"",5,[],0,,,11.5374"
"5025HOP,https://icepar.specparts.shop/products/detail?slug=sadar_5025hop-329707,11,,,,,[],0,""[""""LONGITUD TOTAL EXTENDIDO: 396 mm"""", """"TIPO DE BUJE DE ANCLAJE INFERIOR: GM 16 X45"""", """"TIPO DE BUJE DE ANCLAJE SUPERIOR: GM 16X67"""", """"LONGITUD TOTAL COMPRIMIDO: 357 mm"""", """"TIPO DE ANCLAJE INFERIOR: BUJE"""", """"TIPO DE ANCLAJE SUPERIOR: BUJE""""]"",6,[],0,,,12.9375"
"5026HOP,https://icepar.specparts.shop/products/detail?slug=sadar_5026hop-329708,11,,,,,""[""""MERCEDES BENZ AXOR 1933 5 (2007 AL 2022)"""", """"MERCEDES BENZ AXOR 2035 5 (2007 AL 2019)"""", """"MERCEDES BENZ AXOR 2040 5 (2007 AL 2016)""""]"",3,""[""""TIPO DE ANCLAJE INFERIOR: BUJE"""", """"LONGITUD TOTAL COMPRIMIDO: 304 mm"""", """"TIPO DE BUJE DE ANCLAJE SUPERIOR: GM 12X50"""", """"TIPO DE ANCLAJE SUPERIOR: BUJE"""", """"LONGITUD TOTAL EXTENDIDO: 372 mm"""", """"TIPO DE BUJE DE ANCLAJE INFERIOR: GM 12 X50""""]"",6,[],0,,,19.6984"
"5027HOP,https://icepar.specparts.shop/products/detail?slug=sadar_5027hop-329709,11,,,,,""[""""MERCEDES BENZ AXOR 1933 5 (2007 AL 2022)"""", """"MERCEDES BENZ AXOR 2035 5 (2007 AL 2019)"""", """"MERCEDES BENZ AXOR 2036 5 (2016 AL 2026)"""", """"MERCEDES BENZ AXOR 2040 5 (2007 AL 2016)""""]"",4,""[""""LONGITUD TOTAL EXTENDIDO: 329 mm"""", """"TIPO DE ANCLAJE SUPERIOR: BUJE"""", """"TIPO DE BUJE DE ANCLAJE SUPERIOR: GM 14X50"""", """"TIPO DE ANCLAJE INFERIOR: BUJE"""", """"LONGITUD TOTAL COMPRIMIDO: 277 mm"""", """"TIPO DE BUJE DE ANCLAJE INFERIOR: GM 14 X50""""]"",6,[],0,,,20.8559"
"350 813,https://icepar.specparts.shop/products/detail?slug=sachs_350813-689189,12,,,,,""[""""VOLVO VM-SERIES VM17 210 4X2 (2003 AL 2007)"""", """"VOLVO VM-SERIES VM17 240 4X2 (2007 AL 2011)"""", """"VOLVO VM-SERIES VM23 210 6X2 (2005 AL 2007)"""", """"VOLVO VM-SERIES VM23 240 6X2 (2005 AL 2007)""""]"",4,""[""""LADO: AMBOS"""", """"POSICION: TRASERO""""]"",2,""[""""VOLVO: 20504055"""", """"VOLVO: 20712868""""]"",2,,,23.0926"
"98001OEM,https://icepar.specparts.shop/products/detail?slug=sadar_98001oem-36630,12,,,,,[],0,""[""""TIPO DE BUJE DE ANCLAJE INFERIOR: GM 20 x62"""", """"TIPO DE ANCLAJE INFERIOR: BUJE"""", """"LONGITUD TOTAL EXTENDIDO: 947 mm"""", """"TIPO DE ANCLAJE SUPERIOR: BUJE"""", """"LONGITUD TOTAL COMPRIMIDO: 569 mm"""", """"TIPO DE BUJE DE ANCLAJE SUPERIOR: GM 20x 62""""]"",6,[],0,,,12.6683"
"98006OEM,https://icepar.specparts.shop/products/detail?slug=sadar_98006oem-36633,12,,,,,[],0,""[""""TIPO DE BUJE DE ANCLAJE INFERIOR: GM 20 x62"""", """"TIPO DE BUJE DE ANCLAJE SUPERIOR: GM 20x 62"""", """"TIPO DE ANCLAJE SUPERIOR: BUJE"""", """"TIPO DE ANCLAJE INFERIOR: BUJE"""", """"LONGITUD TOTAL EXTENDIDO: 947 mm"""", """"LONGITUD TOTAL COMPRIMIDO: 569 mm""""]"",6,""[""""CORVEN: 89006"""", """"FRIC ROT: 98041"""", """"MONROE: 98041"""", """"SACHS: 9482/6N""""]"",4,,,21.6234"
"3000HOP,https://icepar.specparts.shop/products/detail?slug=sadar_3000hop-35418,12,,,,,""[""""CHEVROLET SILVERADO 4.1 (1996 AL 2001)"""", """"CHEVROLET SILVERADO 4.1D (1997 AL 2001)"""", """"CHEVROLET SILVERADGC 4.2 TD (1997 AL 2003)""""]"",3,""[""""LONGITUD TOTAL COMPRIMIDCO: 375 mm"""", """"LONGITUD TOTAL EXTENDIDO: 635 mm"""", """"POSICION: TRASERO"""", """"LADO: AMBOS"""", """"TIPO DE ANCLAJE SUPERIOR: ACOPLE"""", """"TIPO DE ANCLAJE INFERIOR: ACOPLE""""]"",6,[],0,,,19.5221"
"3003HOP,https://icepar.specparts.shop/products/detail?slug=sadar_3003hop-35419,12,,,,,""[""""FORD F-100 3.9 TDI (1999 AL 2012)"""", """"FORD F-100 4.2 V6 (1999 AL 2001)"""", """"FORD F-100 4.20 MWM (1999 AL 2007)""""]"",3,""[""""LONGITUD TOTAL COMPRIMIDO: 328 mm"""", """"LONGITUD TOTAL EXTENDIDO: 533 mm"""", """"POSICION: AMBOS"""", """"LADO: AMBOS"""", """"TIPO DE BUJE DE ANCLAJE INFERIOR: GM 12 x 38"""", """"TIPO DE ANCLAJE INFERIOR: BUJE"""", """"TIPO DE BUJE DE ANCLAJE SUPERIOR: GM 12x 38"""", """"TIPO DE ANCLAJE SUPERIOR: BUJE""""]"",8,[],0,,,22.1960"
"3004HOP,https://icepar.specparts.shop/products/detail?slug=sadar_3004hop-35420,12,,,,,""[""""CHEVROLET LUV 2.3 N (1992 AL 1999)"""", """"CHEVROLET LUV 2.5D (1992 AL 1999)""""]"",2,""[""""LONGITUD TOTAL EXTENDIDO: 467 mm"""", """"LONGITUD TOTAL COMPRIMIDO: 282 mm"""", """"POSICION: TRASERO"""", """"LADO: AMBOS"""", """"TIPO DE BUJE DE ANCLAJE SUPERIOR: GM 12x 32"""", """"TIPO DE ANCLAJE INFERIOR: MONO"""", """"TIPO DE ANCLAJE SUPERIOR: BUJE"""", """"TIPO DE MONO DE ANCLAJE INFERIOR: M 14x15""""]"",8,[],0,,,22.9278"
"3005HOP,https://icepar.specparts.shop/products/detail?slug=sadar_3005hop-35421,12,,,,,""[""""LAND ROVER DEFENDER 25 TDI (1995 AL 2005)"""", """"LAND ROVER DISCOVERY 25 TDI (1992 AL 1999)"""", """"LAND ROVER DISCOVERY 40 V& (1997 AL 1999)""""]"",3,""[""""LONGITUD TOTAL COMPRIMIDO: 312 mm"""", """"LONGITUD TOTAL EXTENDIDO: 535 mm"""", """"POSICION: AMBOS"""", """"LADO: AMBOS"""", """"TIPO DE ESPIGA DE ANCLAJE SUPERIOR: ESP 9 x50"""", """"TIPO DE ESPIGA DE ANCLAJE INFERIOR: ESP 9 x50"""", """"TIPO DE ANCLAJE SUPERIOR: ESPIGA"""", """"TIPO DE ANCLAJE INFERIOR: ESPIGA""""]"",8,[],0,,,21.9340"
"3006HOP,https://icepar.specparts.shop/products/detail?slug=sadar_3006hop-35422,12,,,,,[],0,""[""""LONGITUD TOTAL COMPRIMIDO: 355 mm"""", """"LONGITUD TOTAL EXTENDIDO: 595 mm"""", """"TIPO DE ANCLAJE INFERIOR: BUJE"""", """"TIPO DE ANCLAJE SUPERIOR: BUJE"""", """"TIPO DE BUJE DE ANCLAJE SUPERIOR: G 16x 36"""", """"TIPO DE BUJE DE ANCLAJE INFERIOR: G 16 x 36""""]"",6,[],0,,,12.5299"
"3008HOP,https://icepar.specparts.shop/products/detail?slug=sadar_3008hop-35423,12,,,,,[],0,""[""""LONGITUD TOTAL COMPRIMIDO: 335 mm"""", """"LONGITUD TOTAL EXTENDIDO: 560 mm"""", """"TIPO DE ANCLAJE INFERIOR: BUJE"""", """"TIPO DE BUJE DE ANCLAJE INFERIOR: G 16 x 36"""", """"TIPO DE ESPIGA DE ANCLAJE SUPERIOR: ESP 12x 30"""", """"TIPO DE ANCLAJE SUPERIOR: ESPIGA""""]"",6,[],0,,,12.8445"
"3009HOP,https://icepar.specparts.shop/products/detail?slug=sadar_3009hop-35424,12,,,,,""[""""TOYOTA HILUX 2.0 (1993 AL 1996)"""", """"TOYOTA HILUX 2.2 (1993 AL 1996)"""", """"TOYOTA HILUX 2.4D (1992 AL 1997}""""]"",3,""[""""LONGITUD TOTAL EXTENDIDO: 460 mm"""", """"LONGITUD TOTAL COMPRIMIDO: 274 mm"""", """"POSICION: TRASERO"""", """"LADO: AMBOS"""", """"TIPO DE ANCLAJE SUPERIOR: ESPIGA"""", """"TIPO DE ESPIGA DE ANCLAJE INFERIOR: ESP 11 x 50"""", """"TIPO DE BUJE DE ANCLAJE SUPERIOR: Buje Roscado NF 5/8""""]"",7,[],0,,,20.3724"
"3023HOP,https://icepar.specparts.shop/products/detail?slug=sadar_3023hop-35429,12,,,,,""[""""RAM 2500 6.7 (2014 AL 2022)""""]"",1,""[""""LONGITUD TOTAL EXTENDIDO: 597 mm"""", """"LONGITUD TOTAL COMPRIMIDO: 358 mm"""", """"POSICION: AMBOS"""", """"LADO: AMBOS"""", """"TIPO DE BUJE DE ANCLAJE INFERIOR: GM 12,10 x 35"""", """"TIPO DE BUJE DE ANCLAJE SUPERIOR: G 16x 36"""", """"TIPO DE ANCLAJE SUPERIOR: BUJE"""", """"TIPO DE ANCLAJE INFERIOR: BUJE""""]"",8,[],0,,,18.5416"
"3701HOP,https://icepar.specparts.shop/products/detail?slug=sadar_3701hop-35433,12,,,,,[],0,""[""""LONGITUD TOTAL EXTENDIDO: 950 mm"""", """"LONGITUD TOTAL COMPRIMIDCO: 601 mm"""", """"TIPO DE MONO DE ANCLAJE SUPERIOR: M 24x 1,5 x65"""", """"TIPO DE ANCLAJE INFERIOR: BUJE"""", """"TIPO DE BUJE DE ANCLAJE INFERIOR: GM 14 x 40"""", """"TIPO DE ANCLAJE SUPERIOR: MONO""""]"",6,[],0,,,12.6218"
"3702HOP,https://icepar.specparts.shop/products/detail?slug=sadar_3702hop-35434,12,,,,,[],0,""[""""LONGITUD TOTAL COMPRIMIDO: 680 mm"""", """"LONGITUD TOTAL EXTENDIDO: 1119 mm"""", """"TIPO DE MONO DE ANCLAJE SUPERIOR: M 24x 1,5 x65"""", """"TIPO DE BUJE DE ANCLAJE INFERIOR: GM 14 x 40"""", """"TIPO DE ANCLAJE SUPERIOR: MONO"""", """"TIPO DE ANCLAJE INFERIOR: BUJE""""]"",6,[],0,,,13.0038"
"3704HOP,https://icepar.specparts.shop/products/detail?slug=sadar_3704hop-35436,12,,,,,[],0,""[""""LONGITUD TOTAL EXTENDIDO: 978 mm"""", """"LONGITUD TOTAL COMPRIMIDO: 627 mm"""", """"TIPO DE BUJE DE ANCLAJE SUPERIOR: G 19 x 47"""", """"TIPO DE ANCLAJE SUPERIOR: BUJE"""", """"TIPO DE ANCLAJE INFERIOR: BUJE"""", """"TIPO DE BUJE DE ANCLAJE INFERIOR: G 19 x 47""""]"",6,[],0,,,12.7845"
"10003HOP,https://icepar.specparts.shop/products/detail?slug=sadar_10003hop-35454,12,,,,,""[""""DAEWOG TICO 6.8 (1995 AL 1997)""""]"",1,""[""""LONGITUD TOTAL COMPRIMIDO: 250 mm"""", """"LONGITUD TOTAL EXTENDIDO: 380 mm"""", """"TIPO DE ANCLAJE INFERIOR: BUJE"""", """"TIPO DE ANCLAJE SUPERIOR: BUJE"""", """"LADO: AMBOS"""", """"POSICION: TRASERO"""", """"TIPO DE BUJE DE ANCLAJE INFERIOR: GM 12 x 32"""", """"TIPO DE BUJE DE ANCLAJE SUPERIOR: GM 12x 32""""]"",8,""[""""CORVEN: 42394"""", """"FRIC ROT: 83740MX"""", """"MONROE: 83740MI"""", """"SACHS: 8056""""]"",4,,,27.1493"
"10005HOP,https://icepar.specparts.shop/products/detail?slug=sadar_10005hop-35455,13,,,,,""[""""FIAT 600 0.9 (1965 AL 1980)""""]"",1,""[""""LONGITUD TOTAL COMPRIMIDO: 237 mm"""", """"LONGITUD TOTAL EXTENDIDO: 377 mm"""", """"POSICION: DELANTERO"""", """"TIPO DE ANCLAJE INFERIOR: ESPIGA"""", """"TIPO DE ANCLAJE SUPERIOR: ESPIGA"""", """"TIPO DE ESPIGA DE ANCLAJE SUPERIOR: ESP 11x50"""", """"TIPO DE ESPIGA DE ANCLAJE INFERIOR: ESP 11 x 50"""", """"LADO: AMBOS""""]"",8,""[""""CORVEN: 42141"""", """"FRIC ROT: 42290MX"""", """"MONROE: 42290MI"""", """"SACHS: 2003""""]"",4,,,27.5522"
"10006HOP,https://icepar.specparts.shop/products/detail?slug=sadar_10006hop-35456,13,,,,,""[""""FIAT 600 0.9 (1965 AL 1980)""""]"",1,""[""""LONGITUD TOTAL EXTENDIDO: 320 mm"""", """"LONGITUD TOTAL COMPRIMIDC: 215 mm"""", """"POSICION: TRASERO"""", """"TIPO DE ANCLAJE INFERIOR: ESPIGA"""", """"TIPO DE ANCLAJE SUPERIOR: ESPIGA"""", """"TIPO DE ESPIGA DE ANCLAJE SUPERIOR: ESP 11x50"""", """"TIPO DE ESPIGA DE ANCLAJE INFERIOR: ESP 11 x 50"""", """"LADO: AMBOS""""]"",8,""[""""CORVEN: 42142"""", """"FRIC ROT: 42289MX"""", """"MONROE: 42289Ml"""", """"SACHS: 2002""""]"",4,,,27.3540"
"10008HOP,https://icepar.specparts.shop/products/detail?slug=sadar_10008hop-35458,13,,,,,""[""""IKA GORDINI 0.9 (1965 AL 1980)""""]"",1,""[""""LONGITUD TOTAL COMPRIMIDO: 250 mm"""", """"LONGITUD TOTAL EXTENDIDO: 375 mm"""", """"POSICION: TRASERO"""", """"TIPO DE ANCLAJE SUPERIOR: ESPIGA"""", """"TIPO DE ESPIGA DE ANCLAJE SUPERIOR: ESP 10x45"""", """"TIPO DE ANCLAJE INFERIOR: BUJE"""", """"TIPO DE BUJE DE ANCLAJE INFERIOR: GM 9x 22""""]"",7,[],0,,,17.6494"
"10010HOP,https://icepar.specparts.shop/products/detail?slug=sadar_10010hop-35459,13,,,,,[],0,""[""""LONGITUD TOTAL EXTENDIDO: 320 mm"""", """"LONGITUD TOTAL COMPRIMIDC: 213 mm"""", """"POSICION: DELANTERO"""", """"TIPO DE PRESION: HIDRAULICA"""", """"TIPO DE ANCLAJE SUPERIOR: ESPIGA"""", """"TIPO DE ANCLAJE INFERIOR: BUJE"""", """"TIPO DE BUJE DE ANCLAJE INFERIOR: GM 9x 22"""", """"TIPO DE ESPIGA DE ANCLAJE SUPERIOR: ESP 10x44""""]"",8,[],0,,,14.9986"
"10012HOP,https://icepar.specparts.shop/products/detail?slug=sadar_10012hop-35462,13,,,,,""[""""FIAT 1500 1.5 (1965 AL 1980)"""", """"FIAT 1600 1.6 (1965 AL 1980)""""]"",2,""[""""LONGITUD TOTAL COMPRIMIDO: 335 mm"""", """"LONGITUD TOTAL EXTENDIDO: 555 mm"""", """"POSICION: TRASERO"""", """"TIPO DE PRESION: HIDRAULICA"""", """"TIPO DE ANCLAJE INFERIOR: BUJE"""", """"TIPO DE ANCLAJE SUPERIOR: ESPIGA"""", """"TIPO DE BUJE DE ANCLAJE INFERIOR: G 16 x 36"""", """"TIPO DE ESPIGA DE ANCLAJE SUPERIOR: ESP 11x63"""", """"LADO: AMBOS""""]"",9,""[""""CORVEN: 42144"""", """"FRIC ROT: 42330MX"""", """"MONROE: 42330MI"""", """"SACHS: 2008""""]"",4,,,30.7634"
"10013HOP,https://icepar.specparts.shop/products/detail?slug=sadar_10013hop-35463,13,,,,,""[""""FIAT 125 13 (1969 AL 1974)"""", """"FIAT 125 16 (1969 AL 1977)"""", """"FIAT 1500 1.5 (1965 AL 1980)"""", """"FIAT 1600 1.6 (1965 AL 1980)""""]"",4,""[""""LONGITUD TOTAL COMPRIMIDO: 240 mm"""", """"LONGITUD TOTAL EXTENDIDO: 365 mm"""", """"POSICION: DELANTERO"""", """"TIPO DE PRESION: HIDRAULICA"""", """"TIPO DE ANCLAJE INFERIOR: BUJE"""", """"TIPO DE ANCLAJE SUPERIOR: ESPIGA"""", """"TIPO DE BUJE DE ANCLAJE INFERIOR: GM 10 x 66"""", """"TIPO DE ESPIGA DE ANCLAJE SUPERIOR: ESP 11x50"""", """"LADO: AMBOS""""]"",9,""[""""CORVEN: 42143"""", """"FRIC ROT: 42282MX"""", """"MONROE: 42282Ml"""", """"SACHS: 2009""""]"",4,,,33.9606"
"10014HOP,https://icepar.specparts.shop/products/detail?slug=sadar_10014hop-35464,13,,,,,""[""""FIAT 125 13 (1969 AL 1974)"""", """"FIAT 125 16 (1969 AL 1977)"""", """"FIAT 1500 1.5 (1965 AL 1980)"""", """"FIAT 1600 1.6 (1965 AL 1980)""""]"",4,""[""""LONGITUD TOTAL EXTENDIDO: 500 mm"""", """"LONGITUD TOTAL COMPRIMIDO: 318 mm"""", """"POSICION: TRASERO"""", """"TIPO DE PRESION: HIDRAULICA"""", """"TIPO DE ANCLAJE INFERIOR: BUJE"""", """"TIPO DE ANCLAJE SUPERIOR: BUJE"""", """"TIPO DE BUJE DE ANCLAJE INFERIOR: G 16 x 36"""", """"TIPO DE BUJE DE ANCLAJE SUPERIOR: GM 10x 32"""", """"LADO: AMBOS""""]"",9,[],0,,,24.2545"
"10015HOP,https://icepar.specparts.shop/products/detail?slug=sadar_10015hop-35465,13,,,,,""[""""IKA RASTROJERO 1. (1963 AL 1976)"""", """"IME RASTROJERO D (1965 AL 1980)""""]"",2,""[""""LONGITUD TOTAL COMPRIMIDCO: 325 mm"""", """"LONGITUD TOTAL EXTENDIDO: 525 mm"""", """"TIPO DE PRESION: HIDRAULICA"""", """"TIPO DE ANCLAJE INFERIOR: BUJE"""", """"TIPO DE ANCLAJE SUPERIOR: BUJE"""", """"TIPO DE BUJE DE ANCLAJE INFERIOR: GM 12 x 32"""", """"TIPO DE BUJE DE ANCLAJE SUPERIOR: GM 12x 32"""", """"LADO: AMBOS"""", """"POSICION: TRASERO""""]"",9,""[""""CORVEN: 42230"""", """"FRIC ROT: 59106MX"""", """"MONROE: 59106MI"""", """"SACHS: 9014""""]"",4,,,31.3400"
"10017HOP,https://icepar.specparts.shop/products/detail?slug=sadar_10017hop-35466,13,,,,,""[""""RENAULT R4 0.3 (1976 AL 1985)"""", """"RENAULT R4 10 (1986 AL 1990)"""", """"RENAULT R4 11(1981 AL 1990)"""", """"RENAULT R6 13 (1983 AL 1986)""""]"",4,""[""""LONGITUD TOTAL COMPRIMIDO: 296 mm"""", """"LONGITUD TOTAL EXTENDIDO: 438 mm"""", """"POSICION: TRASERO"""", """"TIPO DE PRESION: HIDRAULICA"""", """"TIPO DE ANCLAJE SUPERIOR: BUJE"""", """"TIPO DE ANCLAJE INFERIOR: ESPIGA"""", """"TIPO DE ESPIGA DE ANCLAJE INFERIOR: ESP 11 x 63"""", """"TIPO DE BUJE DE ANCLAJE SUPERIOR: GM 10x 32"""", """"LADO: AMBOS""""]"",9,[],0,,,24.3747"
"10018HOP,https://icepar.specparts.shop/products/detail?slug=sadar_10018hop-35467,13,,,,,""[""""CITROEN 3 CV0.6 OHC (1989 AL 1991)""""]"",1,""[""""LONGITUD TOTAL COMPRIMIDO: 334 mm"""", """"LONGITUD TOTAL EXTENDIDO: 499 mm"""", """"POSICION: DELANTERO"""", """"TIPO DE PRESION: HIDRAULICA"""", """"TIPO DE ANCLAJE INFERIOR: BUJE"""", """"TIPO DE ANCLAJE SUPERIOR: BUJE"""", """"TIPO DE BUJE DE ANCLAJE INFERIOR: GM 12 x 32"""", """"TIPO DE BUJE DE ANCLAJE SUPERIOR: GM 10x 32"""", """"LADO: AMBOS""""]"",9,[],0,,,20.0615"
"10019HOP,https://icepar.specparts.shop/products/detail?slug=sadar_10019hop-35468,13,,,,,""[""""RENAULT R4 0.3 (1976 AL 1985)"""", """"RENAULT R4 10 (1986 AL 1990)"""", """"RENAULT R4 11(1981 AL 1990)"""", """"RENAULT RS 10 (1988 AL 1992)"""", """"RENAULT R6 13 (1983 AL 1986)""""]"",5,""[""""LONGITUD TOTAL COMPRIMIDO: 225 mm"""", """"LONGITUD TOTAL EXTENDIDO: 355 mm"""", """"POSICION: DELANTERO"""", """"TIPO DE PRESION: HIDRAULICA"""", """"TIPO DE ANCLAJE SUPERIOR: ESPIGA"""", """"TIPO DE ESPIGA DE ANCLAJE SUPERIOR: ESP 9.5 x 10"""", """"TIPO DE ANCLAJE INFERIOR: BUJE"""", """"TIPO DE BUJE DE ANCLAJE INFERIOR: GM 10 x 32"""", """"LADO: AMBOS""""]"",9,""[""""COFAP: B47238"""", """"CORVEN: 42116"""", """"FRIC ROT: 42255MX"""", """"FRIC-ROT: 42255MX"""", """"MONROE: 42255Ml"""", """"SACHS: 316124"""", """"SACHS: 4017""""]"",7,,,37.8966"
"10020HOP,https://icepar.specparts.shop/products/detail?slug=sadar_10020hop-35469,13,,,,,""[""""CITROEN AMIS 602 CC (1969 AL 1974)""""]"",1,""[""""LONGITUD TOTAL COMPRIMIDO: 326 mm"""", """"LONGITUD TOTAL EXTENDIDO: 531 mm"""", """"POSICION: TRASERO"""", """"TIPO DE PRESION: HIDRAULICA"""", """"TIPO DE ANCLAJE INFERIOR: BUJE"""", """"TIPO DE BUJE DE ANCLAJE INFERIOR: GM 14 x 40"""", """"TIPO DE ANCLAJE SUPERIOR: BUJE"""", """"TIPO DE BUJE DE ANCLAJE SUPERIOR: GM 14 x 40"""", """"LADO: AMBOS""""]"",9,[],0,,,21.1248"
"10021HOP,https://icepar.specparts.shop/products/detail?slug=sadar_10021hop-35470,13,,,,,""[""""CITROEN 3 CV0.6 OHC (1989 AL 1991)""""]"",1,""[""""LONGITUD TOTAL COMPRIMIDO: 390 mm"""", """"LONGITUD TOTAL EXTENDIDO: 614 mm"""", """"POSICION: TRASERO"""", """"TIPO DE PRESION: HIDRAULICA"""", """"TIPO DE ANCLAJE INFERIOR: BUJE"""", """"TIPO DE ANCLAJE SUPERIOR: BUJE"""", """"TIPO DE BUJE DE ANCLAJE INFERIOR: GM 12 x 32"""", """"TIPO DE BUJE DE ANCLAJE SUPERIOR: GM 12x 32"""", """"LADO: AMBOS""""]"",9,[],0,,,20.2356"
"10023HOP,https://icepar.specparts.shop/products/detail?slug=sadar_10023hop-35472,13,,,,,[],0,""[""""LONGITUD TOTAL EXTENDIDO: 420 mm"""", """"LONGITUD TOTAL COMPRIMIDO: 259 mm"""", """"POSICION: DELANTERO"""", """"TIPO DE ANCLAJE SUPERIOR: ESPIGA"""", """"TIPO DE ANCLAJE INFERIOR: MONO"""", """"TIPO DE MONO DE ANCLAJE INFERIOR: Mofio 70 x 9.5"""", """"LADO: AMBOS""""]"",7,[],0,,,14.6485"
"10024GOP,https://icepar.specparts.shop/products/detail?slug=sadar_10024gop-35473,13,,,,,""[""""FORD FOCUS 16 8V (2004 AL 2010)"""", """"FORD FOCUS 18 16¥ (2000 AL 2005)"""", """"FORD FOCUS 18 TDCI (2004 AL 2010)"""", """"FORD FOCUS 18 TDI (2002 AL 2005)"""", """"FORD FOCUS 2.0 16¥ (2000 AL 2010)""""]"",5,""[""""POSICION: TRASERO"""", """"LONGITUD TOTAL EXTENDIDO: 623 mm"""", """"LADO: AMBOS"""", """"LONGITUD TOTAL COMPRIMIDO: 398 mm"""", """"TIPO DE PRESION: HIDRAULICA"""", """"TIPO DE ANCLAJE INFERIOR: BUJE"""", """"TIPO DE ANCLAJE SUPERIOR: ESPIGA"""", """"TIPO DE BUJE DE ANCLAJE INFERIOR: GM 12 x 37"""", """"TIPO DE ESPIGA DE ANCLAJE SUPERIOR: ESP 11x 37""""]"",9,""[""""COFAP: GB27364"""", """"CORVEN: 42221G"""", """"FRIC ROT: 83754MX"""", """"FRIC-ROT: 83754MX"""", """"MONROE: 83754Ml"""", """"SACHS: 3112G"""", """"SACHS: 316104"""", """"TRW: JGT62325""""]"",8,,,38.9868"
"10024HRP,https://icepar.specparts.shop/products/detail?slug=sadar_10024hrp-35474,13,,,,,""[""""FORD FOCUS 16 8V (2004 AL 2010)"""", """"FORD FOCUS 18 16¥ (2000 AL 2005)"""", """"FORD FOCUS 18 TDCI (2004 AL 2010)"""", """"FORD FOCUS 18 TDI (2002 AL 2005)"""", """"FORD FOCUS 2.0 16¥ (2000 AL 2010)""""]"",5,""[""""LONGITUD TOTAL EXTENDIDO: 591 mm"""", """"LADO: AMBOS"""", """"LONGITUD TOTAL COMPRIMIDC: 481 mm"""", """"POSICION: TRASERO"""", """"TIPO DE PRESION: HIDRAULICA"""", """"TIPO DE ANCLAJE INFERIOR: BUJE"""", """"TIPO DE ANCLAJE SUPERIOR: ESPIGA"""", """"TIPO DE BUJE DE ANCLAJE INFERIOR: GM 12 x 37"""", """"TIPO DE ESPIGA DE ANCLAJE SUPERIOR: ESP 11x 37""""]"",9,""[""""CORVEN: 5C14221""""]"",1,,,30.8053"
"10026HOP,https://icepar.specparts.shop/products/detail?slug=sadar_10026hop-35475,13,,,,,""[""""FIAT 125 13 (1969 AL 1974)"""", """"FIAT 125 16 (1969 AL 1977)""""]"",2,""[""""LONGITUD TOTAL EXTENDIDO: 589 mm"""", """"LONGITUD TOTAL COMPRIMIDO: 349 mm"""", """"POSICION: TRASERO"""", """"TIPO DE PRESION: HIDRAULICA"""", """"TIPO DE ANCLAJE SUPERIOR: ESPIGA"""", """"TIPO DE ANCLAJE INFERIOR: BUJE"""", """"TIPO DE BUJE DE ANCLAJE INFERIOR: GM 12 x 35"""", """"TIPO DE ESPIGA DE ANCLAJE SUPERIOR: ESP 11x 70"""", """"LADO: AMBOS""""]"",9,""[""""CORVEN: 42145"""", """"FRIC ROT: 42216MX"""", """"MONROE: 42216MI"""", """"SACHS: 2012""""]"",4,,,30.6810"
"10028GOP,https://icepar.specparts.shop/products/detail?slug=sadar_10028gop-35476,13,,,,,""[""""RENAULT CLIO 12 16V (1999 AL 2020)"""", """"RENAULT CLIO 15 DCI (2001 AL 2009)"""", """"RENAULT CLIO 16 16V (1999 AL 2009)"""", """"RENAULT CLIO 16 &V (1999 AL 2003)"""", """"RENAULT CLIO 16 (1991 AL 2000)"""", """"RENAULT CLIO L9D (1999 AL 2002)"""", """"RENAULT CLIO 2.0 (2000 AL 2002)"""", """"RENAULT SYMBOL 15 DCI (2009 AL 2013)"""", """"RENAULT SYMBOL 16 16¥V (2009 AL 2014)"""", """"RENAULT SYMBOL 16 8V (2009 AL 2012)""""]"",10,""[""""LONGITUD TOTAL EXTENDIDO: 570 mm"""", """"LONGITUD TOTAL COMPRIMIDO: 376 mm"""", """"LADO: AMBOS"""", """"POSICION: TRASERO"""", """"TIPO DE PRESION: HIDRAULICA"""", """"TIPO DE ANCLAJE SUPERIOR: ESPIGA"""", """"TIPO DE ESPIGA DE ANCLAJE SUPERIOR: ESP 9 x 58"""", """"TIPO DE ANCLAJE INFERIOR: BUJE"""", """"TIPO DE BUJE DE ANCLAJE INFERIOR: GM 12 x 40""""]"",9,""[""""COFAP: GB47828"""", """"CORVEN: 42111G"""", """"FRIC ROT: 83759MX"""", """"FRIC-ROT: 83759MX"""", """"MONROE: 83759MI"""", """"SACHS: 316863"""", """"SACHS: 4098G"""", """"TRW: JGT62465""""]"",8,,,44.7336"
"10028HRP,https://icepar.specparts.shop/products/detail?slug=sadar_10028hrp-35477,13,,,,,""[""""RENAULT CLIO 12 16V (1999 AL 2020)"""", """"RENAULT CLIO 15 DCI (2001 AL 2009)"""", """"RENAULT CLIO 16 (1996 AL 1998)"""", """"RENAULT CLIO 16 16V (1999 AL 2009)"""", """"RENAULT CLIO 16 &V (1999 AL 2003)"""", """"RENAULT CLIO 16 (1991 AL 2000)"""", """"RENAULT CLIO L9D (1999 AL 2002)"""", """"RENAULT CLIO 2.0 (2000 AL 2002)"""", """"RENAULT SYMBOL 15 DCI (2009 AL 2013)"""", """"RENAULT SYMBOL 16 16¥V (2009 AL 2014)"""", """"RENAULT SYMBOL 16 8V (2009 AL 2012)""""]"",11,""[""""LADO: AMBOS"""", """"POSICION: TRASERO"""", """"LONGITUD TOTAL COMPRIMIDO: 332 mm"""", """"LONGITUD TOTAL EXTENDIDO: 520 mm"""", """"TIPO DE PRESION: HIDRAULICA"""", """"TIPO DE ANCLAJE INFERIOR: BUJE"""", """"TIPO DE ANCLAJE SUPERIOR: ESPIGA"""", """"TIPO DE BUJE DE ANCLAJE INFERIOR: GM 12 x 40""""]"",8,""[""""CORVEN: 5C14111""""]"",1,,,37.0055"
"10029HOP,https://icepar.specparts.shop/products/detail?slug=sadar_10029hop-35478,13,,,,,""[""""LADA 2105 1.5 (1992 AL 1996)""""]"",1,""[""""LONGITUD TOTAL EXTENDIDO: 487 mm"""", """"LONGITUD TOTAL COMPRIMIDO: 302 mm"""", """"POSICION: TRASERO"""", """"TIPO DE PRESION: HIDRAULICA"""", """"TIPO DE ANCLAJE INFERIOR: BUJE"""", """"TIPO DE BUJE DE ANCLAJE SUPERIOR: G 16x 36"""", """"TIPO DE ANCLAJE SUPERIOR: BUJE"""", """"TIPO DE BUJE DE ANCLAJE INFERIOR: GM 12 x 32"""", """"LADO: AMBOS""""]"",9,""[""""CORVEN: 42399"""", """"FRIC ROT: 38120MX"""", """"MONROE: 38120MI""""]"",3,,,27.6960"
"10030HOP,https://icepar.specparts.shop/products/detail?slug=sadar_10030hop-35479,13,,,,,""[""""FIAT 133 60.9 (1965 AL 1980)""""]"",1,""[""""LONGITUD TOTAL EXTENDIDO: 429 mm"""", """"LONGITUD TOTAL COMPRIMIDO: 265 mm"""", """"POSICION: DELANTERO"""", """"TIPO DE PRESION: HIDRAULICA"""", """"TIPO DE ANCLAJE SUPERIOR: BUJE"""", """"TIPO DE BUJE DE ANCLAJE SUPERIOR: GM 10x 50"""", """"TIPO DE ESPIGA DE ANCLAJE INFERIOR: ESP 9 x 50"""", """"TIPO DE ANCLAJE INFERIOR: ESPIGA"""", """"LADO: AMBOS""""]"",9,[],0,,,20.7469"
"10031HOP,https://icepar.specparts.shop/products/detail?slug=sadar_10031hop-35480,14,,,,,""[""""FIAT 133 60.9 (1965 AL 1980)""""]"",1,""[""""LONGITUD TOTAL COMPRIMIDO: 246 mm"""", """"LONGITUD TOTAL EXTENDIDO: 386 mm"""", """"POSICION: TRASERO"""", """"TIPO DE PRESION: HIDRAULICA"""", """"TIPO DE ANCLAJE INFERIOR: ESPIGA"""", """"TIPO DE ANCLAJE SUPERIOR: BUJE"""", """"TIPO DE BUJE DE ANCLAJE SUPERIOR: GM 10x 50"""", """"TIPO DE ESPIGA DE ANCLAJE INFERIOR: ESP 11 x 50"""", """"LADO: AMBOS""""]"",9,[],0,,,19.9312"
"10034HRP,https://icepar.specparts.shop/products/detail?slug=sadar_10034hrp-35482,14,,,,,""[""""CHEVROLET ASTRA 17 TDI (1996 AL 1998)"""", """"CHEVROLET ASTRA 18 8V (2000 AL 2003)"""", """"CHEVROLET ASTRA 20 16V (2002 AL 2003)"""", """"CHEVROLET ASTRA 20 8V (1998 AL 2012)"""", """"CHEVROLET ASTRA 20 TD (1999 AL 2003)"""", """"CHEVROLET ASTRA 20 TD 16V (1998 AL 2008)"""", """"CHEVROLET ASTRA 2.4 16V (2005 AL 2010)""""]"",7,""[""""LONGITUD TOTAL COMPRIMIDO: 243 mm"""", """"LONGITUD TOTAL EXTENDIDO: 348 mm"""", """"LADO: AMBOS"""", """"POSICION: TRASERO"""", """"TIPO DE PRESION: HIDRAULICA"""", """"TIPO DE ANCLAJE INFERIOR: BUJE"""", """"TIPO DE ANCLAJE SUPERIOR: BUJE"""", """"TIPO DE BUJE DE ANCLAJE SUPERIOR: GM 12x 48"""", """"TIPO DE ANCLAJE INFERIOR: GM 14x 40""""]"",9,""[""""CORVEN: 5C14225""""]"",1,,,33.5214"
"10035HOP,https://icepar.specparts.shop/products/detail?slug=sadar_10035hop-35483,14,,,,,""[""""DODGE 1500 (1969 AL 1974)"""", """"VOLKSWAGEN 1500 15 5V (1983 AL 1991)"""", """"VOLKSWAGEN 1500 18 (1983 AL 1990)"""", """"VOLKSWAGEN 1800 18 (1965 AL 1980)""""]"",4,""[""""LONGITUD TOTAL COMPRIMIDO: 292 mm"""", """"LONGITUD TOTAL EXTENDIDO: 477 mm"""", """"POSICION: TRASERO"""", """"TIPO DE PRESION: HIDRAULICA"""", """"TIPO DE ANCLAJE SUPERIOR: ESPIGA"""", """"TIPO DE ESPIGA DE ANCLAJE SUPERIOR: ESP 12x 30"""", """"TIPO DE ANCLAJE INFERIOR: BUJE"""", """"TIPO DE BUJE DE ANCLAJE INFERIOR: G 16 x 36"""", """"LADO: AMBOS""""]"",9,""[""""CORVEN: 42196"""", """"CORVEN: 42198"""", """"FRIC ROT: 42159MX"""", """"MONROE: 42159MI"""", """"SACHS: 1016""""]"",5,,,35.9212"
"10038HOP,https://icepar.specparts.shop/products/detail?slug=sadar_10038hop-35485,14,,,,,""[""""GMC CHEVETTE CHEVETTE 1.6 (1994 AL 1998)""""]"",1,""[""""LONGITUD TOTAL EXTENDIDO: 406 mm"""", """"LONGITUD TOTAL COMPRIMIDO: 256 mm"""", """"POSICION: DELANTERO"""", """"TIPO DE PRESION: HIDRAULICA"""", """"TIPO DE ANCLAJE SUPERIOR: ESPIGA"""", """"TIPO DE ESPIGA DE ANCLAJE SUPERIOR: ESP 11x63"""", """"TIPO DE ANCLAJE INFERIOR: BUJE"""", """"TIPO DE BUJE DE ANCLAJE INFERIOR: GM 10 x 40"""", """"LADO: AMBOS""""]"",9,""[""""CORVEN: 42091"""", """"FRIC ROT: 38019MX"""", """"MONROE: 38019MI"""", """"SACHS: 5045""""]"",4,,,30.2629"
"10042HOP,https://icepar.specparts.shop/products/detail?slug=sadar_10042hop-35486,14,,,,,""[""""GMC CHEVETTE CHEVETTE 1.6 (1994 AL 1998)""""]"",1,""[""""LONGITUD TOTAL COMPRIMIDO: 348 mm"""", """"LONGITUD TOTAL EXTENDIDO: 583 mm"""", """"POSICION: TRASERO"""", """"TIPO DE PRESION: HIDRAULICA"""", """"TIPO DE ANCLAJE SUPERIOR: ESPIGA"""", """"TIPO DE ESPIGA DE ANCLAJE SUPERIOR: ESP 11x63"""", """"TIPO DE ANCLAJE INFERIOR: BUJE"""", """"TIPO DE BUJE DE ANCLAJE INFERIOR: GM 10 x 32"""", """"LADO: AMBOS""""]"",9,""[""""CORVEN: 42092"""", """"FRIC ROT: 38020MX"""", """"MONROE: 38020MI"""", """"SACHS: 5046""""]"",4,,,28.2456"
"10045HOP,https://icepar.specparts.shop/products/detail?slug=sadar_10045hop-35487,14,,,,,[],0,""[""""LONGITUD TOTAL EXTENDIDO: 275 mm"""", """"LONGITUD TOTAL COMPRIMIDO: 185 mm"""", """"POSICION: DELANTERO"""", """"TIPO DE PRESION: HIDRAULICA"""", """"TIPO DE ANCLAJE INFERIOR: LISO"""", """"TIPO DE ANCLAJE SUPERIOR: ESPIGA"""", """"TIPO DE ESPIGA DE ANCLAJE SUPERIOR: ESP 10x 60"""", """"LADO: AMBOS""""]"",8,[],0,,,15.1782"
"10051HOP,https://icepar.specparts.shop/products/detail?slug=sadar_10051hop-35488,14,,,,,""[""""VOLKSWAGEN ESCARABAJO 1600 (1967 AL 1976)"""", """"VOLKSWAGEN KOMBI 1.6 8V (1983 AL 1990)""""]"",2,""[""""LONGITUD TOTAL COMPRIMIDO: 261 mm"""", """"LONGITUD TOTAL EXTENDIDO: 402 mm"""", """"POSICION: TRASERO"""", """"TIPO DE PRESION: HIDRAULICA"""", """"TIPO DE ANCLAJE INFERIOR: BUJE"""", """"TIPO DE ANCLAJE SUPERIOR: BUJE"""", """"TIPO DE BUJE DE ANCLAJE INFERIOR: GM 12 x 32"""", """"TIPO DE BUJE DE ANCLAJE SUPERIOR: GM 12x 32"""", """"LADO: AMBOS""""]"",9,[],0,,,21.9209"
"10052HOP,https://icepar.specparts.shop/products/detail?slug=sadar_10052hop-35489,14,,,,,""[""""VOLKSWAGEN ESCARABAJO 1600 (1967 AL 1976)"""", """"VOLKSWAGEN KOMBI 1.6 8V (1983 AL 1990)""""]"",2,""[""""LONGITUD TOTAL COMPRIMIDO: 286 mm"""", """"LONGITUD TOTAL EXTENDIDO: 436 mm"""", """"TIPO DE BUJE DE ANCLAJE INFERIOR: G 16 x 36"""", """"TIPO DE ANCLAJE INFERIOR: BUJE"""", """"POSICION: DELANTERO"""", """"TIPO DE ESPIGA DE ANCLAJE SUPERIOR: ESP 11x63"""", """"LADO: AMBOS"""", """"TIPO DE ANCLAJE SUPERIOR: ESPIGA""""]"",8,""[""""CORVEN: 42213"""", """"FRIC ROT: 38846MX"""", """"MONROE: 38846MI"""", """"SACHS: 1019""""]"",4,,,30.0487"
"10075HOP,https://icepar.specparts.shop/products/detail?slug=sadar_10075hop-35495,14,,,,,""[""""FORD FAIRLANE 3.6 LTD 6 CILINDROS (1983 AL 1984)"""", """"FORD FAIRLANE 4.8 V& (1983 AL 1984)"""", """"FORD FALCON 2.3 (1983 AL 1991)"""", """"FORD FALCON 3.0 (1983 AL 1991)"""", """"FORD FALCON 3.6 (1983 AL 1991)""""]"",5,""[""""LONGITUD TOTAL EXTENDIDO: 348 mm"""", """"LONGITUD TOTAL COMPRIMIDC: 215 mm"""", """"POSICION: DELANTERO"""", """"ES EQUIPO ORIGINAL: 51"""", """"TIPO DE PRESION: HIDRAULICA"""", """"TIPO DE ANCLAJE SUPERIOR: ESPIGA"""", """"TIPO DE ESPIGA DE ANCLAJE SUPERIOR: ESP 10x 64"""", """"LADO: AMBOS""""]"",8,""[""""COFAP: GL12084"""", """"CORVEN: 42031"""", """"FRIC ROT: 59022MX"""", """"FRIC-ROT: 59022MX"""", """"MONROE: 59022MI"""", """"SACHS: 3003"""", """"SACHS: 316060""""]"",7,,,36.4772"
"10081HOP,https://icepar.specparts.shop/products/detail?slug=sadar_10081hop-35497,14,,,,,""[""""IKA RASTROJERO 1. (1963 AL 1976)"""", """"IME RASTROJERO D (1965 AL 1980)""""]"",2,""[""""LONGITUD TOTAL EXTENDIDO: 335 mm"""", """"LONGITUD TOTAL COMPRIMIDO: 220 mm"""", """"POSICION: DELANTERO"""", """"ES EQUIPO ORIGINAL: 51"""", """"TIPO DE PRESION: HIDRAULICA"""", """"TIPO DE ANCLAJE INFERIOR: ESPIGA"""", """"TIPO DE ANCLAJE SUPERIOR: ESPIGA"""", """"TIPO DE ESPIGA DE ANCLAJE SUPERIOR: ESP 11x63"""", """"TIPO DE ESPIGA DE ANCLAJE INFERIOR: ESP 11 x 63"""", """"LADO: AMBOS""""]"",10,""[""""CORVEN: 42229"""", """"FRIC ROT: 38903MX"""", """"FRIC-ROT: 59107MX"""", """"MONROE: 38903MI"""", """"MONROE: 59107MI"""", """"SACHS: 316260"""", """"SACHS: 9013""""]"",7,,,35.2840"
"10082HOP,https://icepar.specparts.shop/products/detail?slug=sadar_10082hop-35498,14,,,,,""[""""DACIA 1410 14 (1994 AL 1995)"""", """"DACIA TLX / PICKUP 1.4 (1995 AL 1999)"""", """"RENAULT R12 14 (1983 AL 1995)"""", """"RENAULT R12 16 (1989 AL 1999)"""", """"RENAULT R18 14 (1983 AL 1991)"""", """"RENAULT R18 16 (1983 AL 1991)"""", """"RENAULT R18 2.0 (1983 AL 1991)"""", """"RENAULT R18 2.1D (1992 AL 1999)"""", """"RENAULT R18 2.2 (1983 AL 1995)""""]"",9,""[""""LONGITUD TOTAL COMPRIMIDCO: 391 mm"""", """"LONGITUD TOTAL EXTENDIDO: 612 mm"""", """"POSICION: TRASERO"""", """"ES EQUIPO ORIGINAL: 51"""", """"TIPO DE PRESION: HIDRAULICA"""", """"TIPO DE ANCLAJE INFERIOR: ESPIGA"""", """"TIPO DE ANCLAJE SUPERIOR: ESPIGA"""", """"TIPO DE ESPIGA DE ANCLAJE SUPERIOR: ESP 11x63"""", """"TIPO DE ESPIGA DE ANCLAJE INFERIOR: ESP 11 x 63"""", """"LADO: AMBOS""""]"",10,""[""""COFAP: B47808"""", """"CORVEN: 42121"""", """"CORVEN: 42124"""", """"CORVEN: 64123"""", """"FRIC ROT: 38840MX"""", """"FRIC ROT: 38842MX"""", """"FRIC ROT: 59108MX"""", """"FRIC-ROT: 38840MX"""", """"FRIC-ROT: 38842MX"""", """"MONROE: 38840MI"""", """"MONROE: 38842Ml"""", """"MONROE: 59108MI"""", """"SACHS: 316131"""", """"SACHS: 316281"""", """"SACHS: 4020"""", """"SACHS: 4054"""", """"SACHS: 4303)"""", """"TRW: JHT67945""""]"",18,,,56.2570"
"10086HOP,https://icepar.specparts.shop/products/detail?slug=sadar_10086hop-35499,14,,,,,""[""""RENAULT FUEGO 2.0 (1981 AL 1986)"""", """"RENAULT FUEGO 2.2 (1984 AL 1986, 1988 AL 1992)""""]"",2,""[""""LONGITUD TOTAL COMPRIMIDCO: 426 mm"""", """"LONGITUD TOTAL EXTENDIDO: 596 mm"""", """"POSICION: TRASERO"""", """"ES EQUIPO ORIGINAL: 51"""", """"TIPO DE PRESION: HIDRAULICA"""", """"TIPO DE ANCLAJE INFERIOR: ESPIGA"""", """"TIPO DE ANCLAJE SUPERIOR: ESPIGA"""", """"TIPO DE ESPIGA DE ANCLAJE SUPERIOR: ESP 11x63"""", """"TIPO DE ESPIGA DE ANCLAJE INFERIOR: ESP 11 x 63"""", """"LADO: AMBOS""""]"",10,""[""""CORVEN: 42133"""", """"FRIC ROT: 38840MX"""", """"MONROE: 38840MI"""", """"SACHS: 4048""""]"",4,,,32.1040"
"10089HOP,https://icepar.specparts.shop/products/detail?slug=sadar_10089hop-35501,14,,,,,[],0,""[""""LONGITUD TOTAL COMPRIMIDCO: 235 mm"""", """"LONGITUD TOTAL EXTENDIDO: 343 mm"""", """"POSICION: TRASERO"""", """"ES EQUIPO ORIGINAL: 51"""", """"TIPO DE PRESION: HIDRAULICA"""", """"TIPO DE ANCLAJE INFERIOR: BUJE"""", """"TIPO DE BUJE DE ANCLAJE INFERIOR: GM 10 x 24"""", """"TIPO DE ANCLAJE SUPERIOR: ESPIGA"""", """"TIPO DE ESPIGA DE ANCLAJE SUPERIOR: ESP 10x44""""]"",9,[],0,,,16.1804"
"10090HOP,https://icepar.specparts.shop/products/detail?slug=sadar_10090hop-35502,14,,,,,""[""""RENAULT R11 14 (1984 AL 1999)"""", """"RENAULT R11 14 TURBO (19386 AL 1989)"""", """"RENAULT R11 16 (1987 AL 1999)"""", """"RENAULT R9 14 (1987 AL 1993)"""", """"RENAULT R9 16 (1989 AL 2003)""""]"",5,""[""""LONGITUD TOTAL EXTENDIDO: 543 mm"""", """"LONGITUD TOTAL COMPRIMIDO: 376 mm"""", """"POSICION: TRASERO"""", """"ES EQUIPO ORIGINAL: 51"""", """"TIPO DE PRESION: HIDRAULICA"""", """"TIPO DE ANCLAJE INFERIOR: BUJE"""", """"TIPO DE BUJE DE ANCLAJE INFERIOR: GM 14 x 38"""", """"TIPO DE ANCLAJE SUPERIOR: ESPIGA"""", """"TIPO DE ESPIGA DE ANCLAJE SUPERIOR: ESP 11x63"""", """"LADO: AMBOS""""]"",10,""[""""COFAP: B47617"""", """"CORVEN: 42135"""", """"FRIC ROT: 38103MX"""", """"FRIC-ROT: 38103MX"""", """"MONROE: 38103MI"""", """"SACHS: 316130"""", """"SACHS: 4052"""", """"TRW: JGT67645""""]"",8,,,41.1221"
"10092HOP,https://icepar.specparts.shop/products/detail?slug=sadar_10092hop-35505,14,,,,,[],0,""[""""LONGITUD TOTAL EXTENDIDO: 383 mm"""", """"LONGITUD TOTAL COMPRIMIDCO: 310 mm"""", """"POSICION: DELANTERO"""", """"ES EQUIPO ORIGINAL: 51"""", """"TIPO DE PRESION: HIDRAULICA"""", """"TIPO DE ANCLAJE INFERIOR: BUJE"""", """"TIPO DE BUJE DE ANCLAJE INFERIOR: GM 14 x 35"""", """"TIPO DE ANCLAJE SUPERIOR: BUJE"""", """"TIPO DE BUJE DE ANCLAJE SUPERIOR: GM 10x 38"""", """"LADO: AMBOS""""]"",10,[],0,,,17.7403"
"10093HOP,https://icepar.specparts.shop/products/detail?slug=sadar_10093hop-35506,14,,,,,[],0,""[""""LONGITUD TOTAL COMPRIMIDO: 259 mm"""", """"LONGITUD TOTAL EXTENDIDO: 399 mm"""", """"ES EQUIPO ORIGINAL: 51"""", """"POSICION: TRASERO"""", """"TIPO DE PRESION: HIDRAULICA"""", """"TIPO DE ANCLAJE INFERIOR: BUJE"""", """"TIPO DE ANCLAJE SUPERIOR: BUJE"""", """"TIPO DE BUJE DE ANCLAJE INFERIOR: GM 14 x 35"""", """"TIPO DE BUJE DE ANCLAJE SUPERIOR: GM 14x 35"""", """"LADO: AMBOS""""]"",10,[],0,,,17.8613"
"10094HOP,https://icepar.specparts.shop/products/detail?slug=sadar_10094hop-35507,14,,,,,""[""""FORD SIERRA 16 (1984 AL 1992)"""", """"FORD SIERRA 2.3 GHIA (1984 AL 1995)""""]"",2,""[""""LONGITUD TOTAL COMPRIMIDO: 261 mm"""", """"LONGITUD TOTAL EXTENDIDO: 416 mm"""", """"ES EQUIPO ORIGINAL: 51"""", """"POSICION: TRASERO"""", """"TIPO DE PRESION: HIDRAULICA"""", """"TIPO DE ESPIGA DE ANCLAJE SUPERIOR: ESP 12x60"""", """"TIPO DE ANCLAJE SUPERIOR: ESPIGA"""", """"LADO: AMBOS""""]"",8,""[""""CORVEN: 42046"""", """"FRIC ROT: 83717MX"""", """"MONROE: 83717Ml"""", """"SACHS: 3054""""]"",4,,,29.5073"
"10095HOP,https://icepar.specparts.shop/products/detail?slug=sadar_10095hop-35508,14,,,,,[],0,""[""""LONGITUD TOTAL EXTENDIDO: 265 mm"""", """"LONGITUD TOTAL COMPRIMIDCO: 173 mm"""", """"POSICION: DELANTERO"""", """"TIPO DE PRESION: HIDRAULICA"""", """"ES EQUIPO ORIGINAL: 51"""", """"TIPO DE ANCLAJE INFERIOR: ESPIGA"""", """"TIPO DE ESPIGA DE ANCLAJE INFERIOR: ESP 11 x 50"""", """"TIPO DE ANCLAJE SUPERIOR: ESPIGA"""", """"TIPO DE ESPIGA DE ANCLAJE SUPERIOR: ESP 10x 60"""", """"LADO: AMBOS""""]"",10,[],0,,,17.8362"
"10097HOP,https://icepar.specparts.shop/products/detail?slug=sadar_10097hop-35509,14,,,,,""[""""PEUGEOT 404 4CIL (1965 AL 1976)"""", """"PEUGEOT 404 &CIL (1965 AL 1978)"""", """"PEUGEOT 504 2.0 G (1983 AL 2000)"""", """"PEUGEOT 504 2.3 D (1987 AL 2000)"""", """"PEUGEOT 505 2.0 (1991 AL 1994)"""", """"PEUGEOT 505 2.0 GR (1983 AL 1985)"""", """"PEUGEOT 505 2.2 (1985 AL 1996)"""", """"PEUGEOT 505 2.5 SRD (1986 AL 1995)"""", """"PEUGEOT 505 2.5 TD (1985 AL 1996)""""]"",9,""[""""LONGITUD TOTAL EXTENDIDO: 527 mm"""", """"LONGITUD TOTAL COMPRIMIDO: 312 mm"""", """"POSICION: TRASERO"""", """"TIPO DE ANCLAJE INFERIOR: ESPIGA"""", """"TIPO DE ANCLAJE SUPERIOR: ESPIGA"""", """"TIPO DE ESPIGA DE ANCLAJE SUPERIOR: ESP 11x63"""", """"TIPO DE ESPIGA DE ANCLAJE INFERIOR: ESP 11 x 63"""", """"LADO: AMBOS""""]"",8,""[""""COFAP: L12346"""", """"CORVEN: 42182"""", """"FRIC ROT: 59069MX"""", """"FRIC-ROT: 59069MX"""", """"MONROE: 59069MI"""", """"SACHS: 316204"""", """"SACHS: 7010"""", """"TRW: JHT67925""""]"",8,,,42.3512"
"10099HOP,https://icepar.specparts.shop/products/detail?slug=sadar_10099hop-35511,14,,,,,""[""""MITSUBISHI L 200 25 TDI (1997 AL 2001)"""", """"MITSUBISHI L 200 25D (1992 AL 2002)"""", """"MITSUBISHI L 300 25 (1992 AL 2001)""""]"",3,""[""""LONGITUD TOTAL EXTENDIDO: 357 mm"""", """"LONGITUD TOTAL COMPRIMIDO: 225 mm"""", """"POSICION: DELANTERO"""", """"ES EQUIPO ORIGINAL: 51"""", """"TIPO DE PRESION: HIDRAULICA"""", """"TIPO DE ANCLAJE SUPERIOR: ESPIGA"""", """"TIPO DE ESPIGA DE ANCLAJE SUPERIOR: ESP 10x 64"""", """"LADO: AMBOS""""]"",8,""[""""CORVEN: 42336"""", """"FRIC ROT: 37097"""", """"MONROE: 37097"""", """"SACHS: 8133/3""""]"",4,,,31.6515"
"10108GOP,https://icepar.specparts.shop/products/detail?slug=sadar_10108gop-35512,14,,,,,""[""""FORD FIESTA 1.4 TDCI (2002 AL 2011)"""", """"FORD FIESTA 1.6 8V (2002 AL 2013)"""", """"FORD FIESTA 1.8D (1998 AL 2003)""""]"",3,""[""""LONGITUD TOTAL COMPRIMIDCO: 428 mm"""", """"LADO: AMBOS"""", """"LONGITUD TOTAL EXTENDIDO: 689 mm"""", """"POSICION: TRASERO"""", """"ES EQUIPO ORIGINAL: 51"""", """"TIPO DE PRESION: HIDRAULICA"""", """"TIPO DE ANCLAJE INFERIOR: BUJE"""", """"TIPO DE BUJE DE ANCLAJE INFERIOR: GM 12 x46"""", """"TIPO DE ANCLAJE SUPERIOR: ESPIGA"""", """"TIPO DE ESPIGA DE ANCLAJE SUPERIOR: ESP & x 30""""]"",10,""[""""COFAP: GB27471"""", """"CORVEN: 42384G"""", """"FRIC ROT: 83774MX"""", """"FRIC-ROT: 83774MX"""", """"MONROE: 334339MM"""", """"MONROE: 83774Ml"""", """"SACHS: 3008G"""", """"SACHS: 316278"""", """"TRW: JGT54865""""]"",9,,,38.8061"
"10108HRP,https://icepar.specparts.shop/products/detail?slug=sadar_10108hrp-35513,15,,,,,""[""""FORD FIESTA 1.4 TDCI (2002 AL 2011)"""", """"FORD FIESTA 1.6 (1999 AL 2002)"""", """"FORD FIESTA 1.6 8V (2002 AL 2013)"""", """"FORD FIESTA 1.8D (1998 AL 2003)""""]"",4,""[""""LONGITUD TOTAL COMPRIMIDO: 380 mm"""", """"LADO: AMBOS"""", """"LONGITUD TOTAL EXTENDIDO: 647 mm"""", """"POSICION: TRASERO"""", """"ES EQUIPO ORIGINAL: 51"""", """"TIPO DE PRESION: HIDRAULICA"""", """"TIPO DE ANCLAJE INFERIOR: BUJE"""", """"TIPO DE BUJE DE ANCLAJE INFERIOR: GM 12 x46"""", """"TIPO DE ANCLAJE SUPERIOR: ESPIGA"""", """"TIPO DE ESPIGA DE ANCLAJE SUPERIOR: ESP & x 30""""]"",10,""[""""CORVEN: 5C14384""""]"",1,,,30.7144"
"10115HSP,https://icepar.specparts.shop/products/detail?slug=sadar_10115hsp-35516,15,,,,,""[""""DODGE DAKOTA 3.9 (1993 AL 2001)""""]"",1,""[""""LONGITUD TOTAL EXTENDIDO: 318 mm"""", """"LONGITUD TOTAL COMPRIMIDO: 205 mm"""", """"ES EQUIPO ORIGINAL: 51"""", """"POSICION: DELANTERO"""", """"TIPO DE PRESION: HIDRAULICA"""", """"TIPO DE ANCLAJE SUPERIOR: ESPIGA"""", """"TIPO DE ESPIGA DE ANCLAJE SUPERIOR: ESP 10x 64"""", """"LADO: AMBOS""""]"",8,""[""""CORVEN: 42413"""", """"FRIC ROT: 37066"""", """"MONROE: 37066"""", """"SACHS: 1031""""]"",4,,,27.3436"
"10142GOP,https://icepar.specparts.shop/products/detail?slug=sadar_10142gop-35518,15,,,,,""[""""ALFA ROMEC 145 14 16V (1996 AL 1998)"""", """"ALFA ROMEC 145 16 IE (1994 AL 1997)"""", """"ALFA ROMEC 145 17 16V (1994 AL 1997)"""", """"ALFA ROMEC 145 17 8V BOXER (1994 AL 1997)"""", """"ALFA ROMEC 145 14 16V (1996 AL 2002)"""", """"ALFA ROMEC 145 19 JTD (1999 AL 2002)"""", """"ALFA ROMEC 145 19 TD (1996 AL 1999)"""", """"ALFA ROMEC 145 2.0L (1996 AL 2002)"""", """"ALFA ROMEC 146 14 16V (2000 AL 2002)"""", """"ALFA ROMEC 146 18TS5 (1996 AL 2002)"""", """"ALFA ROMEC 146 19 JTD (1999 AL 2002)"""", """"ALFA ROMEO 146 19 TD (1996 AL 1999)"""", """"ALFA ROMEC 146 2.0TI (1996 AL 2000)"""", """"ALFA ROMEC 155 LBTS5 (1992 AL 1996)"""", """"ALFA ROMEO 155 19 TD (1993 AL 1997)"""", """"ALFA ROMEC 155 2.0T (1992 AL 1997)"""", """"ALFA ROMEC 155 2.5 (1992 AL 1997)"""", """"FIAT BRAVA 1.6 16V (2000 AL 2003)"""", """"FIAT BRAVA 1.9 JTD (2000 AL 2003)"""", """"FIAT MAREA 16 16V (1998 AL 2001)"""", """"FIAT MAREA 139 JTD (2000 AL 2002)"""", """"FIAT MAREA 139 TDI (1998 AL 2000)"""", """"FIAT MAREA 2.0 20V (1998 AL 2002)"""", """"FIAT PALIO 13 16V FIRE (2001 AL 2007)"""", """"FIAT PALIO 13 16V MULTHET (2011)"""", """"FIAT PALIO 13 MPI (1999 AL 2004)"""", """"FIAT PALIO 14 &V EVO (2012 AL 2026)"""", """"FIAT PALIO 14 8V FIRE (2006 AL 2020)"""", """"FIAT PALIO 16 16V E-TORQ (2010 AL 2022)"""", """"FIAT PALIO 16 16V TORQUE (1997 AL 2005)"""", """"FIAT PALIO 16 SPI (1997 AL 2001)"""", """"FIAT PALIO 17 TD (1997 AL 2010)"""", """"FIAT PALIO 18 8V (2004 AL 2010)"""", """"FIAT PALIO 18 R (2006 AL 2007}"""", """"FIAT TIPO 1.4 (1994 AL 1996)"""", """"FIAT TIPO 1.6 (1993 AL 1997)"""", """"FIAT TIPO 1.6 IE (1993 AL 1996)"""", """"FIAT TIPO 1.6 MPI (1995 AL 1997)"""", """"FIAT TIPO 1.7D (1993 AL 1995)"""", """"FIAT TIPO 1.8 (1993 AL 1995)"""", """"FIAT TIPO 1.9 TD (1993 AL 1995)"""", """"FIAT TIPO 1.9D (1993 AL 1995)"""", """"FIAT TIPO 2.0 (1993 AL 1995)"""", """"FIAT TIPO 2.0 16¥V (1993 AL 1995)""""]"",44,""[""""LADO: AMBOS"""", """"POSICION: TRASERO"""", """"LONGITUD TOTAL EXTENDIDO: 333 mm"""", """"LONGITUD TOTAL COMPRIMIDO: 240 mm"""", """"ES EQUIPO ORIGINAL: 51"""", """"TIPO DE PRESION: HIDRAULICA"""", """"TIPO DE ANCLAJE INFERIOR: BUJE"""", """"TIPO DE BUJE DE ANCLAJE INFERIOR: GM 12 x 35"""", """"TIPO DE ANCLAJE SUPERIOR: BUJE"""", """"TIPO DE BUJE DE ANCLAJE SUPERIOR: GM 10x 38""""]"",10,""[""""COFAP: GL12331"""", """"COFAP: GL12475"""", """"CORVEN: 42237G"""", """"FRIC ROT: 83752MX"""", """"FRIC-ROT: 83752MX"""", """"FRIC-ROT: 84725MX"""", """"MONROE: 83752Ml"""", """"MONROE: 84725Ml"""", """"SACHS: 2026"""", """"SACHS: 2032G"""", """"SACHS: 313906"""", """"SACHS: 316036"""", """"TRW: JGT54745""""]"",13,,,92.8168"
"10143HOP,https://icepar.specparts.shop/products/detail?slug=sadar_10143hop-35519,15,,,,,""[""""FIAT UNG 10 (1993 AL 1995)"""", """"FIAT UNG 11 IE (1992 AL 1996)"""", """"FIAT UNG 13 D (1991 AL 1994)"""", """"FIAT UNG 14 (1992 AL 2001)"""", """"FIAT UNG 14 IE 605 (1965 AL 1980)"""", """"FIAT UNG 14 IE 705 (1991 AL 1995)"""", """"FIAT UNG 14 TURBO (1994 AL 1995)"""", """"FIAT UNG 15 (1988 AL 1994)"""", """"FIAT UNG 16 (1992 AL 1999)"""", """"FIAT UNG 17D (1994 AL 2000)""""]"",10,""[""""LONGITUD TOTAL EXTENDIDO: 497 mm"""", """"LONGITUD TOTAL COMPRIMIDO: 312 mm"""", """"ES EQUIPO ORIGINAL: 51"""", """"POSICION: TRASERO"""", """"TIPO DE PRESION: HIDRAULICA"""", """"TIPO DE ANCLAJE INFERIOR: BUJE"""", """"TIPO DE BUJE DE ANCLAJE INFERIOR: GM 10 x 40"""", """"TIPO DE ANCLAJE SUPERIOR: ESPIGA"""", """"TIPO DE ESPIGA DE ANCLAJE SUPERIOR: ESP 10x50"""", """"LADO: AMBOS""""]"",10,""[""""CORVEN: 42466"""", """"FRIC ROT: 83735MX"""", """"MONROE: 83735Ml""""]"",3,,,40.4955"
"10162HOP,https://icepar.specparts.shop/products/detail?slug=sadar_10162hop-35520,15,,,,,""[""""ISUZU RODEO 3.2 V6 (1992 AL 2001)"""", """"ISUZU TROOPER 2.6 (1985 AL 1997)"""", """"ISUZU TROOPER 3.1D (1992 AL 1997)"""", """"ISUZU TROOPER 3.1 TDI (1996 AL 2004)"""", """"ISUZU TROOPER 3.2 V6 (1991 AL 1997)""""]"",5,""[""""LONGITUD TOTAL EXTENDIDO: 383 mm"""", """"LONGITUD TOTAL COMPRIMIDO: 248 mm"""", """"ES EQUIPO ORIGINAL: 51"""", """"POSICION: DELANTERO"""", """"TIPO DE PRESION: HIDRAULICA"""", """"TIPO DE ANCLAJE INFERIOR: BUJE"""", """"TIPO DE BUJE DE ANCLAJE INFERIOR: GM 12 x 32"""", """"TIPO DE ANCLAJE SUPERIOR: ESPIGA"""", """"TIPO DE ESPIGA DE ANCLAJE SUPERIOR: ESP 11x63"""", """"LADO: AMBOS""""]"",10,[],0,,,26.4825"
"10165HOP,https://icepar.specparts.shop/products/detail?slug=sadar_10165hop-35521,15,,,,,""[""""LADA 2105 1.5 (1992 AL 1996)""""]"",1,""[""""LONGITUD TOTAL EXTENDIDO: 322 mm"""", """"LONGITUD TOTAL COMPRIMIDCO: 219 mm"""", """"ES EQUIPO ORIGINAL: 51"""", """"POSICION: DELANTERO"""", """"TIPO DE PRESION: HIDRAULICA"""", """"TIPO DE ANCLAJE INFERIOR: BUJE"""", """"TIPO DE ANCLAJE SUPERIOR: ESPIGA"""", """"TIPO DE BUJE DE ANCLAJE INFERIOR: GM 10 x 32"""", """"TIPO DE ESPIGA DE ANCLAJE SUPERIOR: ESP 11x50"""", """"LADO: AMBOS""""]"",10,""[""""CORVEN: 42398""""]"",1,,,26.2547"
"10166HOP,https://icepar.specparts.shop/products/detail?slug=sadar_10166hop-35522,15,,,,,""[""""KIA SPORTAGE 20 (1993 AL 2006)"""", """"KIA SPORTAGE 20 TDI (1993 AL 2003)"""", """"SUZUKI GRAND VITARA 16 (1998 AL 2009)"""", """"SUZUKI GRAND VITARA 20 (1998 AL 2009)"""", """"SUZUKI GRAND VITARA 20 HDI (2002 AL 2007)"""", """"SUZUKI GRAND VITARA 20 TDI (2002 AL 2003)"""", """"SUZUKI GRAND VITARA 25 (1998 AL 1999)"""", """"SUZUKI GRAND VITARA 25 TDI (1998 AL 2003)"""", """"SUZUKI VITARA 16 (1990 AL 1999)"""", """"SUZUKI VITARA L9D (1996 AL 1999)"""", """"SUZUKI VITARA 2.0 TD (1997 AL 1999)"""", """"SUZUKI VITARA 2.0 V6 (1996 AL 1999)""""]"",12,""[""""LONGITUD TOTAL COMPRIMIDCO: 291 mm"""", """"LONGITUD TOTAL EXTENDIDO: 476 mm"""", """"ES EQUIPO ORIGINAL: 51"""", """"POSICION: TRASERO"""", """"TIPO DE PRESION: HIDRAULICA"""", """"TIPO DE ANCLAJE INFERIOR: BUJE"""", """"TIPO DE BUJE DE ANCLAJE INFERIOR: GM 12 x 40"""", """"TIPO DE ANCLAJE SUPERIOR: ESPIGA"""", """"TIPO DE ESPIGA DE ANCLAJE SUPERIOR: ESP 11x63"""", """"LADO: AMBOS""""]"",10,""[""""COFAP: 4715G"""", """"CORVEN: 42150"""", """"FRIC ROT: 83765MX"""", """"FRIC-ROT: 83765MX"""", """"MONROE: 83765MIl"""", """"SACHS: 317669"""", """"SACHS: 8110G""""]"",7,,,47.0321"
"10168HOP,https://icepar.specparts.shop/products/detail?slug=sadar_10168hop-35523,15,,,,,""[""""CHEVROLET ASTRA 17 TDI (1996 AL 1998)"""", """"CHEVROLET ASTRA 20 8V (1998 AL 2001)"""", """"CHEVROLET ASTRA 20 TD 16V (1998 AL 2003)"""", """"CHEVROLET KADETT 18 8V (1991 AL 1997)"""", """"CHEVROLET KADETT 2.0 8V (1991 AL 1995)"""", """"CHEVROLET MONZA 18 8V (1994 AL 1998)"""", """"CHEVROLET MONZA 2.0 (1994 AL 1998)"""", """"CHEVROLET VECTRA 2.0 &V (1993 AL 1999)"""", """"DAEWOG CIELO 1.51 16V (1994 AL 1995)"""", """"DAEWOC ESPERG 1.51 (1993 AL 1998)"""", """"DAEWOC ESPERO 2.01 (1993 AL 1998)"""", """"DAEWOG LANOS 151 16¥V (1997 AL 2001)"""", """"DAEWOG LANOS 1461 16¥V (1997 AL 2000)"""", """"DAEWOC RACER 151 (1994 AL 1997)""""]"",14,""[""""LONGITUD TOTAL COMPRIMIDO: 333 mm"""", """"LONGITUD TOTAL EXTENDIDO: 553 mm"""", """"POSICION: TRASERO"""", """"ES EQUIPO ORIGINAL: 51"""", """"TIPO DE PRESION: HIDRAULICA"""", """"TIPO DE ANCLAJE INFERIOR: BUJE"""", """"TIPO DE BUJE DE ANCLAJE INFERIOR: GM 10 x 35"""", """"TIPO DE ANCLAJE SUPERIOR: ESPIGA"""", """"TIPO DE ESPIGA DE ANCLAJE SUPERIOR: ESP 11x63"""", """"LADO: AMBOS""""]"",10,""[""""CORVEN: 42312"""", """"CORVEN: 42314"""", """"CORVEN: 42315"""", """"CORVEN: 42335"""", """"FRIC ROT: 38031MX"""", """"FRIC ROT: 38036MX"""", """"MONROE: 38031MI"""", """"MONROE: 38036MI"""", """"SACHS: 5050"""", """"SACHS: 5068""""]"",10,,,52.9966"
"10169HRP,https://icepar.specparts.shop/products/detail?slug=sadar_10169hrp-35525,15,,,,,""[""""PEUGEOT 405 14 (1992 AL 1997}"""", """"PEUGEOT 405 1 (1993 AL 2003)"""", """"PEUGEOT 405 1.9 (1991 AL 1998)"""", """"PEUGEOT 405 1.9 SRD (1991 AL 1997)"""", """"PEUGEOT 405 2.0 (1991 AL 1997}"""", """"PEUGEOT 405 2.0 16¥V (1991 AL 1995)""""]"",6,""[""""LONGITUD TOTAL EXTENDIDO: 345 mm"""", """"LONGITUD TOTAL COMPRIMIDO: 240 mm"""", """"POSICION: TRASERO"""", """"TIPO DE PRESION: HIDRAULICA"""", """"TIPO DE ANCLAJE INFERIOR: BUJE"""", """"TIPO DE BUJE DE ANCLAJE INFERIOR: GM 16 x 45"""", """"TIPO DE ANCLAJE SUPERIOR: BUJE"""", """"TIPO DE BUJE DE ANCLAJE SUPERIOR: GM 16x 45"""", """"LADO: AMBOS""""]"",9,[],0,,,26.8433"
"10170HRP,https://icepar.specparts.shop/products/detail?slug=sadar_10170hrp-35527,15,,,,,""[""""CITROEN XSARA 16 16V (1992 AL 1993)"""", """"CITROEN ZX 141 (1993 AL 1995)"""", """"CITROEN ZX 18 (1993 AL 1996)"""", """"CITROEN ZX 19 TD (1993 AL 1998)"""", """"CITROEN ZX 19D (1993 AL 1999)"""", """"CITROEN ZX 2.0 (1993 AL 1995)"""", """"CITROEN ZX 2.0 16V (1993 AL 1999)"""", """"PEUGEOT 205 1.1 (1992 AL 1995)"""", """"PEUGEOT 205 1.41 (1991 AL 1999)"""", """"PEUGEOT 205 1.8D (1992 AL 2000)"""", """"PEUGEOT 205 1.9 (1989 AL 1997)"""", """"PEUGEOT 306 1.41 (1996 AL 1998)"""", """"PEUGEOT 306 1.4 (1995 AL 2000)"""", """"PEUGEOT 306 18 16¥ (1997 AL 2001)"""", """"PEUGEOT 306 1.4 8&V (1998 AL 1999)"""", """"PEUGEOT 306 1.9 TD (1995 AL 2000)"""", """"PEUGEOT 306 1.9 TDI (1999 AL 2002)"""", """"PEUGEOT 306 1.9 XSD (1995 AL 1997)"""", """"PEUGEOT 306 1.9 XSDT (1995 AL 1997)"""", """"PEUGEOT 306 1.9D (1999 AL 2003)"""", """"PEUGEOT 306 2.0 (1995 AL 2002)"""", """"PEUGEOT 306 2.0 16¥V (1997 AL 1999)"""", """"PEUGEOT 306 2.0 HDI (2000 AL 2003)""""]"",23,""[""""LONGITUD TOTAL EXTENDIDO: 319 mm"""", """"LADO: AMBOS"""", """"LONGITUD TOTAL COMPRIMIDCO: 231 mm"""", """"POSICION: TRASERO"""", """"TIPO DE PRESION: HIDRAULICA"""", """"TIPO DE ANCLAJE INFERIOR: BUJE"""", """"TIPO DE BUJE DE ANCLAJE INFERIOR: GM 14 x 40"""", """"TIPO DE ANCLAJE SUPERIOR: BUJE"""", """"TIPO DE BUJE DE ANCLAJE SUPERIOR: GM 12x 40""""]"",9,""[""""CORVEN: 5C14333""""]"",1,,,52.4741"
"10172HOP,https://icepar.specparts.shop/products/detail?slug=sadar_10172hop-35528,15,,,,,""[""""ASIA MOTORS TOPIC 27D (1995 AL 1999)"""", """"KIA BESTA 2.7 (1996 AL 2000)"""", """"KIA K 2500 2.5 CRDI (2008 AL 2017)"""", """"KIA K 2700 2.7D (1998 AL 2009)"""", """"KIA K 2900 2.9 CRDI (2012 AL 2015)"""", """"KIA K-2400 105 2.4D (2001 AL 2004)"""", """"KIA K-2400 2.4D (2001 AL 2004)"""", """"KIA K-3600 3.6D (2001 AL 2004)""""]"",8,""[""""LONGITUD TOTAL EXTENDIDO: 389 mm"""", """"LONGITUD TOTAL COMPRIMIDO: 249 mm"""", """"POSICION: DELANTERO"""", """"TIPO DE PRESION: HIDRAULICA"""", """"ES EQUIPO ORIGINAL: 51"""", """"TIPO DE ESPIGA DE ANCLAJE SUPERIOR: ESP 11x50"""", """"TIPO DE ANCLAJE SUPERIOR: ESPIGA"""", """"LADO: AMBOS""""]"",8,""[""""CORVEN: 42328"""", """"FRIC ROT: 83738MX"""", """"FRIC-ROT: 83738MX"""", """"MONROE: 83738Ml"""", """"SACHS: 316241"""", """"SACHS: 8067G"""", """"TRW: JGT67665""""]"",7,,,41.1326"
"10175HOP,https://icepar.specparts.shop/products/detail?slug=sadar_10175hop-35530,15,,,,,[],0,""[""""LONGITUD TOTAL EXTENDIDO: 415 mm"""", """"LONGITUD TOTAL COMPRIMIDO: 265 mm"""", """"POSICION: TRASERO"""", """"ES EQUIPO ORIGINAL: 51"""", """"TIPO DE PRESION: HIDRAULICA"""", """"TIPO DE ANCLAJE INFERIOR: BUJE"""", """"TIPO DE ANCLAJE SUPERIOR: BUJE"""", """"TIPO DE BUJE DE ANCLAJE INFERIOR: G 16 x 36"""", """"TIPO DE BUJE DE ANCLAJE SUPERIOR: G 16 x 36"""", """"LADO: AMBOS""""]"",10,[],0,,,17.6255"
"10179HOP,https://icepar.specparts.shop/products/detail?slug=sadar_10179hop-35532,15,,,,,""[""""MERCEDES BENZ MB180 2.4D (1994 AL 1996)""""]"",1,""[""""LONGITUD TOTAL COMPRIMIDO: 283 mm"""", """"LONGITUD TOTAL EXTENDIDO: 448 mm"""", """"ES EQUIPO ORIGINAL: 51"""", """"POSICION: DELANTERO"""", """"TIPO DE PRESION: HIDRAULICA"""", """"TIPO DE ANCLAJE INFERIOR: BUJE"""", """"TIPO DE ANCLAJE SUPERIOR: BUJE"""", """"TIPO DE BUJE DE ANCLAJE INFERIOR: GM 16 x 40"""", """"TIPO DE BUJE DE ANCLAJE SUPERIOR: GM 12x 40"""", """"LADO: AMBOS""""]"",10,""[""""COFAP: L12385"""", """"CORVEN: 62167"""", """"FRIC ROT: 59626MX"""", """"FRIC-ROT: 59626MX"""", """"MONROE: 59626MI"""", """"SACHS: 316190"""", """"SACHS: 6013/3""""]"",7,,,33.2225"
"10180HOP,https://icepar.specparts.shop/products/detail?slug=sadar_10180hop-35533,15,,,,,""[""""MERCEDES BENZ MB180 2.4D (1994 AL 1996)""""]"",1,""[""""LONGITUD TOTAL EXTENDIDO: 491 mm"""", """"LONGITUD TOTAL COMPRIMIDO: 306 mm"""", """"ES EQUIPO ORIGINAL: 51"""", """"POSICION: TRASERO"""", """"TIPO DE PRESION: HIDRAULICA"""", """"TIPO DE ANCLAJE INFERIOR: BUJE"""", """"TIPO DE ANCLAJE SUPERIOR: BUJE"""", """"TIPO DE BUJE DE ANCLAJE INFERIOR: GM 16 x 40"""", """"TIPO DE BUJE DE ANCLAJE SUPERIOR: GM 12x 40"""", """"LADO: AMBOS""""]"",10,""[""""CORVEN: 62168"""", """"FRIC ROT: 59627MX"""", """"MONROE: 59627MI"""", """"SACHS: 6014/3""""]"",4,,,29.8401"
"10184GOP,https://icepar.specparts.shop/products/detail?slug=sadar_10184gop-35534,15,,,,,""[""""CHEVROLET CELTA 1.4 8V (2011 AL 2017)"""", """"CHEVROLET CORSA 10 (2000 AL 2003)"""", """"CHEVROLET CORSA 14 (1994 AL 1996)"""", """"CHEVROLET CORSA 14 16¥ (1996 AL 2002)"""", """"CHEVROLET CORSA 14 &V (2009 AL 2021)"""", """"CHEVROLET CORSA 16 16V (1996 AL 2001)"""", """"CHEVROLET CORSA 16 &V (1995 AL 2010)"""", """"CHEVROLET CORSA 17 TDI (2002 AL 2009)"""", """"CHEVROLET CORSA 17D (1998 AL 2005)"""", """"CHEVROLET CORSA 18 &V (2002 AL 2012)"""", """"CHEVROLET PRISMA 14 &V (2011 AL 2013)"""", """"CHEVROLET TIGRA 16 MPFI (1998 AL 2001)"""", """"SUZUKI FUN LOBV (2003 AL 2007)"""", """"SUZUKI FUN 14 8V (2004 AL 2012)""""]"",14,""[""""LONGITUD TOTAL COMPRIMIDO: 350 mm"""", """"POSICION: TRASERO"""", """"LADO: AMBOS"""", """"LONGITUD TOTAL EXTENDIDO: 444 mm"""", """"ES EQUIPO ORIGINAL: 51"""", """"TIPO DE PRESION: HIDRAULICA"""", """"TIPO DE ANCLAJE INFERIOR: BUJE"""", """"TIPO DE BUJE DE ANCLAJE INFERIOR: GM 10 x 36"""", """"TIPO DE ANCLAJE SUPERIOR: ESPIGA"""", """"TIPO DE ESPIGA DE ANCLAJE SUPERIOR: ESP 10x71""""]"",10,""[""""COFAP: GB47061"""", """"CORVEN: 42302G"""", """"FRIC ROT: 38040MX"""", """"FRIC-ROT: 38040MX"""", """"MONROE: 334119IMM"""", """"MONROE: 38040MI"""", """"SACHS: 316269"""", """"SACHS: 5074G"""", """"TRW: JGT61745""""]"",9,,,51.6389"
"10185HOP,https://icepar.specparts.shop/products/detail?slug=sadar_10185hop-35536,15,,,,,""[""""ISUZU RODEO 2.6 (1992 AL 1995)"""", """"ISUZU RODEO 3.2 V6 (1992 AL 2001)"""", """"ISUZU TROOPER 2.6 (1985 AL 1997)"""", """"ISUZU TROOPER 3.2 V6 (1991 AL 1997)""""]"",4,""[""""LONGITUD TOTAL EXTENDIDO: 556 mm"""", """"LONGITUD TOTAL COMPRIMIDCO: 331 mm"""", """"ES EQUIPO ORIGINAL: 51"""", """"POSICION: TRASERO"""", """"TIPO DE PRESION: HIDRAULICA"""", """"TIPO DE ANCLAJE INFERIOR: BUJE"""", """"TIPO DE BUJE DE ANCLAJE INFERIOR: G 16 x 36"""", """"TIPO DE ANCLAJE SUPERIOR: ESPIGA"""", """"TIPO DE ESPIGA DE ANCLAJE SUPERIOR: ESP 11x50"""", """"LADO: AMBOS""""]"",10,[],0,,,25.8217"
"10188HOP,https://icepar.specparts.shop/products/detail?slug=sadar_10188hop-35538,15,,,,,""[""""CITROEN AX 11 (1992 AL 1998)"""", """"CITROEN AX 14 GTI (1991 AL 1996)"""", """"CITROEN AX 141 (1991 AL 1995)"""", """"CITROEN AX LSD (1993 AL 1995)"""", """"CITROEN SAXG 1.1 (2001 AL 2004)"""", """"CITROEN SAXO 1.4 VTS (2001 AL 2003)"""", """"CITROEN SAXG 1.5D (2001 AL 2003)"""", """"PEUGEOT 106 1.1 (2000 AL 2004)"""", """"PEUGEOT 106 1.41 (1995 AL 2002)"""", """"PEUGEOT 106 1.5D (1999 AL 2002)"""", """"PEUGEOT 106 1. 516 (1998 AL 2001)""""]"",11,""[""""LONGITUD TOTAL COMPRIMIDO: 217 mm"""", """"LONGITUD TOTAL EXTENDIDO: 290 mm"""", """"ES EQUIPO ORIGINAL: 51"""", """"POSICION: TRASERO"""", """"TIPO DE PRESION: HIDRAULICA"""", """"TIPO DE ANCLAJE INFERIOR: BUJE"""", """"TIPO DE ANCLAJE SUPERIOR: BUJE"""", """"TIPO DE BUJE DE ANCLAJE INFERIOR: GM 14 x 48"""", """"TIPO DE BUJE DE ANCLAJE SUPERIOR: GM 12x 40"""", """"LADO: AMBOS""""]"",10,""[""""COFAP: GB47698"""", """"CORVEN: 42317"""", """"FRIC ROT: 38045MX"""", """"FRIC-ROT: 38045MX"""", """"MONROE: 38045MI"""", """"SACHS: 316210"""", """"SACHS: 7032""""]"",7,,,45.3215"
"10189GOP,https://icepar.specparts.shop/products/detail?slug=sadar_10189gop-35539,15,,,,,""[""""FORD COURIER 14 16V 51 DA (1997 AL 2000)"""", """"FORD COURIER 16 (2005 AL 2011)"""", """"FORD COURIER 18D (1997 AL 2006)""""]"",3,""[""""POSICION: TRASERO"""", """"LONGITUD TOTAL EXTENDIDO: 460 mm"""", """"LADO: AMBOS"""", """"LONGITUD TOTAL COMPRIMIDCO: 295 mm"""", """"ES EQUIPO ORIGINAL: 51"""", """"TIPO DE PRESION: HIDRAULICA"""", """"TIPO DE ANCLAJE INFERIOR: BUJE"""", """"TIPO DE ANCLAJE SUPERIOR: BUJE"""", """"TIPO DE BUJE DE ANCLAJE INFERIOR: GM 12 x 40"""", """"TIPO DE BUJE DE ANCLAJE SUPERIOR: GM 10x 32""""]"",10,""[""""CORVEN: 42422G"""", """"FRIC ROT: 83747MX"""", """"MONROE: 83747Ml"""", """"SACHS: 3086""""]"",4,,,32.8627"
"10191GOP,https://icepar.specparts.shop/products/detail?slug=sadar_10191gop-35541,16,,,,,""[""""RENAULT MEGANE 1.6 16V (1999 AL 2005)"""", """"RENAULT MEGANE 1.6 8V (1998 AL 1999)"""", """"RENAULT MEGANE 1.9 DTI (1999 AL 2009)"""", """"RENAULT MEGANE 1.9 TD (1998 AL 1999)"""", """"RENAULT MEGANE 2.0 (1997 AL 1999)"""", """"RENAULT MEGANE 2.0 115C¥ (1997 AL 2003)"""", """"RENAULT MEGANE 2.0 150CV (1997 AL 2000)"""", """"RENAULT MEGANE 2.0 16V (2002 AL 2008)""""]"",8,""[""""POSICION: TRASERO"""", """"LADO: AMBOS"""", """"LONGITUD TOTAL EXTENDIDO: 461 mm"""", """"LONGITUD TOTAL COMPRIMIDO: 390 mm"""", """"ES EQUIPO ORIGINAL: 51"""", """"TIPO DE PRESION: HIDRAULICA"""", """"TIPO DE ANCLAJE INFERIOR: BUJE"""", """"TIPO DE ANCLAJE SUPERIOR: BUJE"""", """"TIPO DE BUJE DE ANCLAJE SUPERIOR: GM 145 x 58.6"""", """"TIPO DE BUJE DE ANCLAJE INFERIOR: GM 14.5x 34""""]"",10,""[""""COFAP: GL12900"""", """"CORVEN: 42698G"""", """"FRIC ROT: 38253MX"""", """"FRIC-ROT: 38253MX"""", """"MONROE: 38253MI"""", """"SACHS: 316140"""", """"SACHS: 4094G"""", """"TRW: JGT67605""""]"",8,,,43.4031"
"10192HOP,https://icepar.specparts.shop/products/detail?slug=sadar_10192hop-35542,16,,,,,""[""""SSANGYONG ISTANA 2.3 TD 4X4 (1998 AL 1999)"""", """"SSANGYONG ISTANA 2.9 (1993 AL 2001)""""]"",2,""[""""LONGITUD TOTAL EXTENDIDO: 491 mm"""", """"LONGITUD TOTAL COMPRIMIDO: 306 mm"""", """"ES EQUIPO ORIGINAL: 51"""", """"POSICION: TRASERO"""", """"TIPO DE PRESION: HIDRAULICA"""", """"TIPO DE ANCLAJE INFERIOR: BUJE"""", """"TIPO DE ANCLAJE SUPERIOR: BUJE"""", """"TIPO DE BUJE DE ANCLAJE INFERIOR: GM 16 x 40"""", """"TIPO DE BUJE DE ANCLAJE SUPERIOR: GM 12x 40"""", """"LADO: AMBOS""""]"",10,""[""""CORVEN: 42428"""", """"FRIC ROT: 59627MX"""", """"MONROE: 59627MI""""]"",3,,,32.0668"
"10198GOP,https://icepar.specparts.shop/products/detail?slug=sadar_10198gop-35543,16,,,,,""[""""FORD ESCORT 146 (2001 AL 2002)"""", """"FORD ESCORT 18 (1996 AL 1998)"""", """"FORD ESCORT 18 16V (1995 AL 2002)"""", """"FORD ESCORT 18 TD (1999 AL 2001)"""", """"FORD ESCORT 184 XR3 (1994 AL 1997)"""", """"FORD ESCORT 18D (1995 AL 2002)"""", """"FORD ESCORT 20 XR3 (1995 AL 1998)""""]"",7,""[""""POSICION: TRASERO"""", """"LADO: AMBOS"""", """"LONGITUD TOTAL EXTENDIDO: 487 mm"""", """"LONGITUD TOTAL COMPRIMIDO: 302 mm"""", """"ES EQUIPO ORIGINAL: 51"""", """"TIPO DE PRESION: HIDRAULICA"""", """"TIPO DE ANCLAJE INFERIOR: BUJE"""", """"TIPO DE BUJE DE ANCLAJE INFERIOR: GM 12 x 32""""]"",8,""[""""COFAP: GB47833"""", """"CORVEN: 42382G"""", """"FRIC ROT: 83739MX"""", """"FRIC-ROT: 83739MX"""", """"MONROE: 83739MI"""", """"SACHS: 3102"""", """"SACHS: 316100""""]"",7,,,39.0317"
"10205HOP,https://icepar.specparts.shop/products/detail?slug=sadar_10205hop-35548,16,,,,,""[""""SEAT INCA 16 (2000 AL 2002)"""", """"SEAT INCA 19D (1997 AL 2001)"""", """"VOLKSWAGEN CADDY 16 MI (1998 AL 2010)"""", """"VOLKSWAGEN CADDY 139 D (1998 AL 2009)""""]"",4,""[""""LONGITUD TOTAL EXTENDIDO: 419 mm"""", """"LONGITUD TOTAL COMPRIMIDO: 269 mm"""", """"POSICION: TRASERO"""", """"LADO: AMBOS"""", """"TIPO DE ANCLAJE INFERIOR: BUJE"""", """"TIPO DE BUJE DE ANCLAJE SUPERIOR: GM 12x 32"""", """"TIPO DE BUJE DE ANCLAJE INFERIOR: GM 12 x 32"""", """"TIPO DE ANCLAJE SUPERIOR: BUJE""""]"",8,""[""""COFAP: B48029"""", """"CORVEN: 42387"""", """"FRIC ROT: 38055MX"""", """"FRIC-ROT: 38055MX"""", """"MONROE: 38055Ml"""", """"SACHS: 1040"""", """"SACHS: 311427""""]"",7,,,36.0614"
"10206HOP,https://icepar.specparts.shop/products/detail?slug=sadar_10206hop-35549,16,,,,,""[""""SSANGYONG ISTANA 2.3 TD 4X4 (1998 AL 1999)"""", """"SSANGYONG ISTANA 2.9 (1993 AL 2001)""""]"",2,""[""""LONGITUD TOTAL COMPRIMIDO: 274 mm"""", """"LONGITUD TOTAL EXTENDIDO: 439 mm"""", """"POSICION: DELANTERO"""", """"LADO: AMBOS"""", """"TIPO DE ANCLAJE SUPERIOR: ESPIGA"""", """"TIPO DE ESPIGA DE ANCLAJE SUPERIOR: ESP 11x63"""", """"TIPO DE ANCLAJE INFERIOR: BUJE"""", """"TIPO DE BUJE DE ANCLAJE INFERIOR: GM 16 x 40""""]"",8,""[""""CORVEN: 42412"""", """"FRIC ROT: 59666MX"""", """"MONROE: 59666MI""""]"",3,,,31.7476"
"10210HOP,https://icepar.specparts.shop/products/detail?slug=sadar_10210hop-35551,16,,,,,""[""""FORD TAUNUS 2.0L (1983 AL 1985)"""", """"FORD TAUNUS 2.3 GHIA (1983 AL 1985)"""", """"FORD TAUNUS 2.3 SP5 (1983 AL 1985)""""]"",3,""[""""LONGITUD TOTAL COMPRIMIDO: 237 mm"""", """"LONGITUD TOTAL EXTENDIDO: 350 mm"""", """"POSICION: DELANTERO"""", """"LADO: AMBOS"""", """"TIPO DE MONO DE ANCLAJE INFERIOR: Acople 8 x 80"""", """"TIPO DE BUJE DE ANCLAJE SUPERIOR: GM 10 x 56"""", """"TIPO DE ANCLAJE SUPERIOR: BUJE"""", """"TIPO DE ANCLAJE INFERIOR: MONO""""]"",8,""[""""COFAP: L12527"""", """"CORVEN: 42039"""", """"FRIC ROT: 59101MX"""", """"FRIC-ROT: 59101MX"""", """"MONROE: 38857Ml"""", """"SACHS: 3005"""", """"SACHS: 316062""""]"",7,,,34.7624"
"10218HOP,https://icepar.specparts.shop/products/detail?slug=sadar_10218hop-35554,16,,,,,""[""""CITROEN JUMPER 2.3 HDI (2010 AL 2020)"""", """"CITROEN JUMPER 2.8 HDI (2005 AL 2010)"""", """"CITROEN JUMPER 2.8 TD 31M (2003 AL 2004)"""", """"CITROEN JUMPER 2.8D 31M (1999 AL 2002)"""", """"FIAT DUCATO 1.9 10D (1992 AL 2001)"""", """"FIAT DUCATO 2.3 MULTUJET (2010 AL 2022}"""", """"FIAT DUCATO 2.5D (1996 AL 1998)"""", """"FIAT DUCATO 2.4 IDTD (1998 AL 2005)"""", """"FIAT DUCATO 2.8 JTD (2006 AL 2010)"""", """"PEUGEOT BOXER 1.9D (1995 AL 2003)"""", """"PEUGEOT BOXER 2.3 HDI (2010 AL 2017)"""", """"PEUGEOT BOXER 2.5 TD (1998 AL 2001)"""", """"PEUGEOT BOXER 2.5D (1998 AL 2001)"""", """"PEUGEOT BOXER 2.8 HDI (2006 AL 2010)"""", """"PEUGEOT BOXER 2.8 TD (1995 AL 2006)"""", """"PEUGEOT BOXER 2.8D (1999 AL 2004)""""]"",16,""[""""LONGITUD TOTAL COMPRIMIDO: 326 mm"""", """"LONGITUD TOTAL EXTENDIDO: 506 mm"""", """"LADO: AMBOS"""", """"POSICION: TRASERO"""", """"TIPO DE ANCLAJE INFERIOR: BUJE"""", """"TIPO DE ANCLAJE SUPERIOR: BUJE"""", """"TIPO DE BUJE DE ANCLAJE SUPERIOR: GM 16x 38"""", """"TIPO DE BUJE DE ANCLAJE INFERIOR: GM 16 x 38""""]"",8,""[""""CORVEN: 62388G"""", """"FRIC ROT: 84736MX"""", """"MONROE: 84736MI"""", """"SACHS: 2040""""]"",4,,,45.7592"
"10221HOP,https://icepar.specparts.shop/products/detail?slug=sadar_10221hop-35555,16,,,,,[],0,""[""""LONGITUD TOTAL COMPRIMIDO: 149 mm"""", """"LONGITUD TOTAL EXTENDIDO: 189 mm"""", """"TIPO DE BUJE DE ANCLAJE SUPERIOR: GM 93 x 23"""", """"LADO: AMBOS"""", """"TIPO DE ANCLAJE INFERIOR: BUJE"""", """"POSICION: DELANTERO"""", """"TIPO DE BUJE DE ANCLAJE INFERIOR: GM 9x 23"""", """"TIPO DE ANCLAJE SUPERIOR: BUJE""""]"",8,[],0,,,16.4559"
"10227HRP,https://icepar.specparts.shop/products/detail?slug=sadar_10227hrp-35558,16,,,,,""[""""AUDI A3 16 (2000 AL 2004)"""", """"AUDI A3 18 (1997 AL 2001)"""", """"AUDI A3 LBT (180 CV) (2000 AL 2004)"""", """"AUDI A3 18 T (1997 AL 2005)"""", """"AUDI A3 19 TDI (1997 AL 2005)"""", """"SEAT LEON 16 (2001 AL 2003)"""", """"SEAT LEON 18 20V (2001 AL 2005)"""", """"SEAT LEON 18 20V T (2003 AL 2005)"""", """"SEAT LEON 19 TDI (2001 AL 2005)"""", """"SEAT TOLEDO 1.6 (1997 AL 2002)"""", """"SEAT TOLEDO 1.8 (1994 AL 1996)"""", """"SEAT TOLEDO 1.8 20V (2000 AL 2005)"""", """"SEAT TOLEDO 1.9 TDI (1994 AL 2005)"""", """"SEAT TOLEDO 1.9D (1994 AL 2000)"""", """"SEAT TOLEDO 2.0 (1994 AL 1999)"""", """"SEAT TOLEDO 2.3 V5 (2000 AL 2005)"""", """"VOLKSWAGEN BORA 18T (2003 AL 2016)"""", """"VOLKSWAGEN BORA 19 TDI (2000 AL 2016)"""", """"VOLKSWAGEN BORA 2.0 (2000 AL 2016)"""", """"VOLKSWAGEN GOLF 16 8V (1999 AL 2002)"""", """"VOLKSWAGEN GOLF 14 MI (1996 AL 1998)"""", """"VOLKSWAGEN GOLF L&T (1999 AL 2011)"""", """"VOLKSWAGEN GOLF 19 TD (1996 AL 1999)"""", """"VOLKSWAGEN GOLF 19 TDI (1999 AL 2011)"""", """"VOLKSWAGEN GOLF 2.0 (1995 AL 1999)"""", """"VOLKSWAGEN GOLF 2.0 8V (1999 AL 2012)"""", """"VOLKSWAGEN GOLF 2.8 V6 (2003 AL 2004)"""", """"VOLKSWAGEN GOLF 2.8 VR6 (1996 AL 1999)"""", """"VOLKSWAGEN NEW BEETLE 19 TDI (2003 AL 2008)"""", """"VOLKSWAGEN NEW BEETLE 2.0 8V (1999 AL 2010)"""", """"VOLKSWAGEN NEW BEETLE 2.5 (2006 AL 2016)""""]"",31,""[""""LONGITUD TOTAL EXTENDIDO: 610 mm"""", """"LONGITUD TOTAL COMPRIMIDO: 398 mm"""", """"POSICION: TRASERO"""", """"LADO: AMBOS"""", """"TIPO DE ANCLAJE SUPERIOR: ESPIGA"""", """"TIPO DE BUJE DE ANCLAJE INFERIOR: GM 10 x 45"""", """"TIPO DE ESPIGA DE ANCLAJE SUPERIOR: ESP 11x31"""", """"TIPO DE ANCLAJE INFERIOR: BUJE""""]"",8,""[""""CORVEN: 5C14101""""]"",1,,,59.7704"
"10230HOP,https://icepar.specparts.shop/products/detail?slug=sadar_10230hop-35559,16,,,,,""[""""FORD TRANSIT 2.2 TDCI (2012 AL 2014)"""", """"FORD TRANSIT 2.4 TDCI (2010 AL 2016)"""", """"FORD TRANSIT 2.4 TDI (2000 AL 2002)"""", """"FORD TRANSIT 2.4 TDI 16¥V (2000 AL 2005)""""]"",4,""[""""LADO: AMBOS"""", """"LONGITUD TOTAL EXTENDIDO: 611 mm"""", """"POSICION: TRASERO"""", """"LONGITUD TOTAL COMPRIMIDO: 366 mm"""", """"TIPO DE ANCLAJE INFERIOR: BUJE"""", """"TIPO DE ANCLAJE SUPERIOR: BUJE"""", """"TIPO DE BUJE DE ANCLAJE INFERIOR: GM 12 x 40"""", """"TIPO DE BUJE DE ANCLAJE SUPERIOR: GM 14x 60""""]"",8,""[""""CORVEN: 42122G"""", """"FRIC ROT: &83800MX"""", """"FRIC-ROT: &83800MX"""", """"MONROE: 83800MI"""", """"SACHS: 313505"""", """"SACHS: 3326G""""]"",6,,,34.2898"
"10236HOP,https://icepar.specparts.shop/products/detail?slug=sadar_10236hop-35562,16,,,,,""[""""MITSUBISHI L 300 25 (1992 AL 2001)""""]"",1,""[""""LONGITUD TOTAL COMPRIMIDO: 225 mm"""", """"LONGITUD TOTAL EXTENDIDO: 357 mm"""", """"POSICION: DELANTERO"""", """"LADO: AMBOS"""", """"TIPO DE ANCLAJE SUPERIOR: ESPIGA"""", """"TIPO DE BUJE DE ANCLAJE INFERIOR: GM 12 x 32"""", """"TIPO DE ANCLAJE INFERIOR: BUJE"""", """"TIPO DE ESPIGA DE ANCLAJE SUPERIOR: ESP 10x 64""""]"",8,""[""""CORVEN: 42435"""", """"SACHS: 8053""""]"",2,,,25.1498"
"10319GOP,https://icepar.specparts.shop/products/detail?slug=sadar_10319gop-35567,17,,,,,""[""""CITROEN C3 14 HDI (2003 AL 2011)"""", """"CITROEN C3 141 (2003 AL 2012)"""", """"CITROEN C3 16 16V (2005 AL 2012)""""]"",3,""[""""POSICION: TRASERO"""", """"LONGITUD TOTAL COMPRIMIDCO: 313 mm"""", """"LADO: AMBOS"""", """"LONGITUD TOTAL EXTENDIDO: 467 mm"""", """"TIPO DE BUJE DE ANCLAJE SUPERIOR: GM 10x 45"""", """"TIPO DE ANCLAJE INFERIOR: BUJE"""", """"TIPO DE ANCLAJE SUPERIOR: BUJE"""", """"TIPO DE BUJE DE ANCLAJE INFERIOR: GM 14 x 48""""]"",8,""[""""COFAP: GB27531M"""", """"CORVEN: 42727G"""", """"FRIC ROT: 83822MX"""", """"FRIC-ROT: 83822MX"""", """"MONROE: 83822Ml"""", """"SACHS: 316261"""", """"SACHS: 9020G"""", """"TRW: JGT62285""""]"",8,,,34.9301"
"10319HRP,https://icepar.specparts.shop/products/detail?slug=sadar_10319hrp-35568,17,,,,,""[""""CITROEN C3 14 HDI (2003 AL 2011)"""", """"CITROEN C3 141 (2003 AL 2012)"""", """"CITROEN C3 16 16V (2005 AL 2012)""""]"",3,""[""""LADO: AMBOS"""", """"LONGITUD TOTAL COMPRIMIDO: 280 mm"""", """"POSICION: TRASERO"""", """"LONGITUD TOTAL EXTENDIDO: 430 mm"""", """"TIPO DE BUJE DE ANCLAJE INFERIOR: GM 14 x 48"""", """"TIPO DE ANCLAJE SUPERIOR: BUJE"""", """"TIPO DE ANCLAJE INFERIOR: BUJE"""", """"TIPO DE BUJE DE ANCLAJE SUPERIOR: GM 10x 45""""]"",8,""[""""CORVEN: 5C14727""""]"",1,,,27.5223"
"10323GOP,https://icepar.specparts.shop/products/detail?slug=sadar_10323gop-35571,17,,,,,""[""""VOLKSWAGEN FOX 16 16V MSI (2015 AL 2021)"""", """"VOLKSWAGEN FOX 16 8V (2003 AL 2015)"""", """"VOLKSWAGEN FOX 16 &V MSI (2015 AL 2022)"""", """"VOLKSWAGEN FOX 19 SDI (2008 AL 2010)"""", """"VOLKSWAGEN SURAN 16 16V MSI (2015 AL 2022)"""", """"VOLKSWAGEN SURAN 16 16V MSI IMOTION (2015 AL 2021)"""", """"VOLKSWAGEN SURAN 16 &V (2006 AL 2015)"""", """"VOLKSWAGEN SURAN 16 &V MSI (2015 AL 2021)"""", """"VOLKSWAGEN SURAN 139 SDI (2007 AL 2010)""""]"",9,""[""""POSICION: TRASERO"""", """"LONGITUD TOTAL EXTENDIDO: 645 mm"""", """"LADO: AMBOS"""", """"LONGITUD TOTAL COMPRIMIDCO: 428 mm"""", """"TIPO DE ANCLAJE INFERIOR: BUJE"""", """"TIPO DE ANCLAJE SUPERIOR: ESPIGA"""", """"TIPO DE BUJE DE ANCLAJE INFERIOR: GM 10 x 45"""", """"TIPO DE ESPIGA DE ANCLAJE SUPERIOR: ESP 11x31""""]"",8,""[""""COFAP: GB27320"""", """"CORVEN: 42736G"""", """"FRIC ROT: &83804MX"""", """"FRIC-ROT: &83804MX"""", """"MONROE: 334557IMM"""", """"MONROE: 83804MI"""", """"SACHS: 1086G"""", """"SACHS: 316280"""", """"TRW: JGT54805""""]"",9,,,43.1561"
"10325GOP,https://icepar.specparts.shop/products/detail?slug=sadar_10325gop-35574,17,,,,,""[""""CITROEN BERLINGGO 1.41 (2003 AL 2022)"""", """"CITROEN BERLINGG 1.6 16V (2010 AL 2019)"""", """"CITROEN BERLINGG 1.6 16¥V VTI (2017 AL 2026)"""", """"CITROEN BERLINGG 1.6 HDI (2010 AL 2026)"""", """"CITROEN BERLINGO 1.6 HDI 110CV (2011 AL 2014)"""", """"CITROEN BERLINGG 1.6 HDI 92C¥V (2013 AL 2026)"""", """"CITROEN BERLINGO 1.8 N (2002 AL 2003)"""", """"CITROEN BERLINGO 1.81 (2003 AL 2004)"""", """"CITROEN BERLINGO 1.9D (1998 AL 2010)"""", """"CITROEN BERLINGO 2.0 HDI (2002 AL 2005)"""", """"PEUGEOT PARTNER 141 (2002 AL 2021)"""", """"PEUGEOT PARTNER 16 16¥V (2010 AL 2026)"""", """"PEUGEOT PARTNER 16 HDI (2010 AL 2022)"""", """"PEUGEOT PARTNER 16 HDI 92CV (2011 AL 2026)"""", """"PEUGEOT PARTNER 16 N (2003 AL 2005)"""", """"PEUGEOT PARTNER 18 8V (1998 AL 2003)"""", """"PEUGEOT PARTNER 19D (1998 AL 2011)"""", """"PEUGEOT PARTNER 2.0 HDI (2002 AL 2006)""""]"",18,""[""""LONGITUD TOTAL COMPRIMIDO: 258 mm"""", """"LONGITUD TOTAL EXTENDIDO: 398 mm"""", """"POSICION: TRASERO"""", """"LADO: AMBOS"""", """"TIPO DE BUJE DE ANCLAJE INFERIOR: GM 16 x 45"""", """"TIPO DE ANCLAJE INFERIOR: BUJE"""", """"TIPO DE ANCLAJE SUPERIOR: BUJE"""", """"TIPO DE BUJE DE ANCLAJE SUPERIOR: GM 16x 45""""]"",8,""[""""COFAP: GB47595"""", """"CORVEN: 42407G"""", """"FRIC ROT: 38254MX"""", """"FRIC-ROT: 38254MX"""", """"MONROE: 334554IMM"""", """"MONROE: 38254Ml"""", """"SACHS: 316212"""", """"SACHS: 7040"""", """"TRW: JGT64745""""]"",9,,,54.8544"
"10327GOP,https://icepar.specparts.shop/products/detail?slug=sadar_10327gop-35575,17,,,,,""[""""RENAULT LOGAN 1.5 DCI (2007 AL 2014)"""", """"RENAULT LOGAN 1. 16V (2007 AL 2010, 2013 AL 2021)"""", """"RENAULT LOGAN 14 16V CVT (2019 AL 2022)"""", """"RENAULT LOGAN 1.4 16V MT (2019 AL 2026)"""", """"RENAULT LOGAN 1.6 8V (2008 AL 2022)"""", """"RENAULT SANDERO 1.5 DCI (2008 AL 2011)"""", """"RENAULT SANDERG 1.6 16V (2008 AL 2026)"""", """"RENAULT SANDERGO 1.6 16V CVT (2019 AL 2026)"""", """"RENAULT SANDERO 1.6 16V MT (2019 AL 2026)"""", """"RENAULT SANDERGO 1.6 8V (2009 AL 2020)"""", """"RENAULT SANDERG 2.0 16V (2016 AL 2026)""""]"",11,""[""""LADO: DERECHO"""", """"LONGITUD TOTAL EXTENDIDO: 614 mm"""", """"LONGITUD TOTAL COMPRIMIDO: 392 mm"""", """"POSICION: TRASERO"""", """"TIPO DE BUJE DE ANCLAJE INFERIOR: GM 14.7 x 40"""", """"TIPO DE ANCLAJE INFERIOR: BUJE"""", """"TIPO DE ANCLAJE SUPERIOR: ESPIGA""""]"",7,""[""""COFAP: GB48039"""", """"CORVEN: 42655G"""", """"FRIC ROT: 83824MX"""", """"FRIC-ROT: 83864MX"""", """"MONROE: 83824Ml"""", """"MONROE: 83864MI"""", """"SACHS: 316886"""", """"SACHS: 4010G"""", """"TRW: JGT61765""""]"",9,,,44.2319"
"10327HRP,https://icepar.specparts.shop/products/detail?slug=sadar_10327hrp-35576,17,,,,,""[""""RENAULT LOGAN 1.5 DCI (2007 AL 2014)"""", """"RENAULT LOGAN 1.6 16¥V (2007 AL 2010)"""", """"RENAULT LOGAN 1.6 8V (2008 AL 2014)"""", """"RENAULT SANDERO 1.5 DCI (2008 AL 2011)"""", """"RENAULT SANDERG 1.6 16V (2008 AL 2015)"""", """"RENAULT SANDERGO 1.6 8V (2009 AL 2015)""""]"",6,""[""""LADO: DERECHO"""", """"LONGITUD TOTAL EXTENDIDO: 574 mm"""", """"LONGITUD TOTAL COMPRIMIDCO: 428 mm"""", """"POSICION: TRASERO"""", """"TIPO DE BUJE DE ANCLAJE INFERIOR: GM 14.7 x 40"""", """"TIPO DE ANCLAJE SUPERIOR: ESPIGA"""", """"TIPO DE ANCLAJE INFERIOR: BUJE""""]"",7,""[""""CORVEN: 5C14655""""]"",1,,,29.0528"
"10329HOP,https://icepar.specparts.shop/products/detail?slug=sadar_10329hop-35578,17,,,,,""[""""FIAT STRADA 13 16V MULTUET (2010 AL 2022)"""", """"FIAT STRADA 13 8V FIRE (2004 AL 2005)"""", """"FIAT STRADA 14 8V FIRE (2009 AL 2022)"""", """"FIAT STRADA 16 16V E-TORQ (2010 AL 2022)"""", """"FIAT STRADA 17 TD (1999 AL 2010)"""", """"FIAT STRADA 18 8V (2005 AL 2011)""""]"",6,""[""""LONGITUD TOTAL COMPRIMIDO: 239 mm"""", """"LONGITUD TOTAL EXTENDIDO: 398 mm"""", """"POSICION: TRASERO"""", """"LADO: AMBOS"""", """"TIPO DE ANCLAJE INFERIOR: BUJE"""", """"TIPO DE BUJE DE ANCLAJE SUPERIOR: GM 14x 38"""", """"TIPO DE BUJE DE ANCLAJE INFERIOR: GM 14 x 38"""", """"TIPO DE ANCLAJE SUPERIOR: BUJE""""]"",8,""[""""COFAP: GL13136"""", """"CORVEN: 42439"""", """"FRIC ROT: 38038MX"""", """"FRIC-ROT: 84747MX"""", """"MONROE: 38038MI"""", """"MONROE: 34766MI"""", """"SACHS: 2044G"""", """"SACHS: 315289"""", """"TRW: JGT54785""""]"",9,,,38.8427"
"10330GOP,https://icepar.specparts.shop/products/detail?slug=sadar_10330gop-35579,17,,,,,""[""""FIAT IDEA 1.4 &V FIRE (2007 AL 2018)"""", """"FIAT IDEA 1.8 &V (2005 AL 2010)"""", """"FIAT LINEA 18 16V E-TORQ (2011 AL 2018)"""", """"FIAT LINEA 19 16¥ (2009 AL 2011)"""", """"FIAT PUNTO 1.3 16V MULTUET (2008 AL 2011)"""", """"FIAT PUNTO 1.4 8V FIRE (2007 AL 2020)"""", """"FIAT PUNTO 1.8 &¥V (2007 AL 2011)""""]"",7,""[""""POSICION: TRASERO"""", """"LADO: AMBOS"""", """"LONGITUD TOTAL COMPRIMIDCO: 403 mm"""", """"LONGITUD TOTAL EXTENDIDO: 635 mm"""", """"TIPO DE ANCLAJE SUPERIOR: ESPIGA"""", """"TIPO DE BUJE DE ANCLAJE INFERIOR: GM 12 x52"""", """"TIPO DE ANCLAJE INFERIOR: BUJE""""]"",7,""[""""COFAP: GB47946"""", """"CORVEN: 42446G"""", """"FRIC ROT: 83813MX"""", """"FRIC-ROT: 83830MX"""", """"MONROE: 83813MI"""", """"MONROE: 83830MI"""", """"SACHS: 2014G"""", """"SACHS: 316033"""", """"TRW: JGT62305""""]"",9,,,38.5171"
"10330HRP,https://icepar.specparts.shop/products/detail?slug=sadar_10330hrp-35580,17,,,,,""[""""FIAT LINEA 18 16V E-TORQ (2011 AL 2018)"""", """"FIAT LINEA 19 16¥ (2009 AL 2011)"""", """"FIAT PUNTO 1.3 16V MULTUET (2008 AL 2011)"""", """"FIAT PUNTO 1.8 &¥V (2007 AL 2011)""""]"",4,""[""""POSICION: TRASERO"""", """"LONGITUD TOTAL COMPRIMIDO: 373 mm"""", """"LONGITUD TOTAL EXTENDIDO: 573 mm"""", """"LADO: AMBOS"""", """"TIPO DE ANCLAJE INFERIOR: BUJE"""", """"TIPO DE ANCLAJE SUPERIOR: ESPIGA"""", """"TIPO DE BUJE DE ANCLAJE INFERIOR: GM 12,10 X52""""]"",7,""[""""CORVEN: 5C14446""""]"",1,,,26.7576"
"10332GOP,https://icepar.specparts.shop/products/detail?slug=sadar_10332gop-35582,17,,,,,""[""""FORD FOCUS 16 16¥ (2010 AL 2014)"""", """"FORD FOCUS 16 8V (2004 AL 2010)"""", """"FORD FOCUS 18 TDCI (2004 AL 2014)"""", """"FORD FOCUS 2.0 16¥ (2005 AL 2014)""""]"",4,""[""""LONGITUD TOTAL EXTENDIDO: 705 mm"""", """"LADO: AMBOS"""", """"POSICION: TRASERO"""", """"LONGITUD TOTAL COMPRIMIDC: 477 mm"""", """"TIPO DE ANCLAJE INFERIOR: BUJE"""", """"TIPO DE ANCLAJE SUPERIOR: ESPIGA"""", """"TIPO DE BUJE DE ANCLAJE INFERIOR: GM 12 x 37""""]"",7,""[""""CORVEN: 42873G"""", """"FRIC ROT: 83825MX"""", """"FRIC-ROT: 83825MX"""", """"MONROE: 83825Ml"""", """"SACHS: 315 228"""", """"SACHS: 315228"""", """"TRW: JGT62345""""]"",7,,,33.5200"
"10332HRP,https://icepar.specparts.shop/products/detail?slug=sadar_10332hrp-35583,17,,,,,""[""""FORD FOCUS 16 16¥ (2010 AL 2014)"""", """"FORD FOCUS 16 8V (2004 AL 2010)"""", """"FORD FOCUS 18 16¥V (2003 AL 2005)"""", """"FORD FOCUS 18 TDCI (2004 AL 2014)"""", """"FORD FOCUS 18 TDI (2003 AL 2005)"""", """"FORD FOCUS 2.0 16¥ (2003 AL 2014)""""]"",6,""[""""POSICION: TRASERO"""", """"LADO: AMBOS"""", """"LONGITUD TOTAL EXTENDIDO: 667 mm"""", """"LONGITUD TOTAL COMPRIMIDC: 438 mm"""", """"TIPO DE ANCLAJE INFERIOR: BUJE"""", """"TIPO DE BUJE DE ANCLAJE INFERIOR: GM 12 x 37"""", """"TIPO DE ANCLAJE SUPERIOR: ESPIGA""""]"",7,""[""""CORVEN: 5C14873""""]"",1,,,31.1346"
"10337GOP,https://icepar.specparts.shop/products/detail?slug=sadar_10337gop-35588,17,,,,,""[""""HONDA CIVIC 1.5T (2016 AL 2022)"""", """"HONDA CIVIC 1.7 (2004 AL 2007}"""", """"HONDA CIVIC 18 (2007 AL 2017}"""", """"HONDA CIVIC 2.6 (2007 AL 2011)"""", """"HONDA CIVIC 2.0 16¥V (2016 AL 2026)""""]"",5,""[""""LONGITUD TOTAL COMPRIMIDO: 378 mm"""", """"LADO: AMBOS"""", """"POSICION: TRASERO"""", """"LONGITUD TOTAL EXTENDIDO: 550 mm"""", """"TIPO DE ANCLAJE SUPERIOR: ESPIGA"""", """"TIPO DE ANCLAJE INFERIOR: BUJE"""", """"TIPO DE BUJE DE ANCLAJE INFERIOR: GM 12 x 40""""]"",7,""[""""COFAP: GB29982M"""", """"CORVEN: 42212G"""", """"FRIC ROT: 5609"""", """"FRIC-ROT: 83817MX"""", """"MONROE: 5609"""", """"SACHS: 315 227"""", """"SACHS: 315227""""]"",7,,,33.6949"
"10340GOP,https://icepar.specparts.shop/products/detail?slug=sadar_10340gop-35591,18,,,,,""[""""VOLKSWAGEN SAVEIRO 1.6 8V (2010 AL 2026)"""", """"VOLKSWAGEN SAVEIRO 1.6 MI (2002 AL 2010)"""", """"VOLKSWAGEN SAVEIRO 1.9 D (2003 AL 2010)""""]"",3,""[""""LADO: AMBOS"""", """"POSICION: TRASERO"""", """"LONGITUD TOTAL EXTENDIDO: 661 mm"""", """"LONGITUD TOTAL COMPRIMIDCO: 403 mm"""", """"TIPO DE BUJE DE ANCLAJE INFERIOR: GM 10 x 45"""", """"TIPO DE ANCLAJE SUPERIOR: ESPIGA"""", """"TIPO DE ANCLAJE INFERIOR: BUJE""""]"",7,""[""""COFAP: GB48084"""", """"CORVEN: 42002G"""", """"FRIC ROT: 83842MX"""", """"FRIC-ROT: 83842MX"""", """"MONROE: 83842Ml"""", """"SACHS: 315 379"""", """"SACHS: 315379"""", """"TRW: JGT54905""""]"",8,,,32.8592"
"10340HRP,https://icepar.specparts.shop/products/detail?slug=sadar_10340hrp-35592,18,,,,,""[""""VOLKSWAGEN SAVEIRO 1.6 8V (2010 AL 2015)"""", """"VOLKSWAGEN SAVEIRO 1.6 MI (2002 AL 2010)"""", """"VOLKSWAGEN SAVEIRO 1.9 D (2003 AL 2010)""""]"",3,""[""""POSICION: TRASERO"""", """"LADO: AMBOS"""", """"LONGITUD TOTAL EXTENDIDO: 612 mm"""", """"LONGITUD TOTAL COMPRIMIDCO: 370 mm"""", """"TIPO DE ANCLAJE SUPERIOR: ESPIGA"""", """"TIPO DE ANCLAJE INFERIOR: BUJE"""", """"TIPO DE BUJE DE ANCLAJE INFERIOR: GM 10 x 45""""]"",7,""[""""CORVEN: 5C14002""""]"",1,,,25.9221"
"10342GOP,https://icepar.specparts.shop/products/detail?slug=sadar_10342gop-35594,18,,,,,""[""""AUDI A3 16 (2005 AL 2015)"""", """"AUDI A3 18 TFSI (2008 AL 2015)"""", """"AUDI A3 19 TDI (2000 AL 2005, 2008 AL 2005)"""", """"AUDI A3 2.0 FSI (2005 AL 2010)"""", """"AUDI A3 2.0 TDI (2005 AL 2015)"""", """"AUDI A3 2.0 TFSI (2006 AL 2015)"""", """"AUDI A3 3.2 V6 FSI (2006 AL 2008)"""", """"SEAT LEON 16 (2009 AL 2011)"""", """"SEAT LEON 18 TFSI (2009 AL 2011)"""", """"SEAT LEON 19 TDI (2009 AL 2011)"""", """"SEAT LEON 2.0 FSI (2008 AL 2005)"""", """"SEAT LEON 2.0 TDI (2008 AL 2009)"""", """"VOLKSWAGEN CC 20 TDI (2011 AL 2016)"""", """"VOLKSWAGEN CC 20 TSI (2010 AL 2022)"""", """"VOLKSWAGEN CC 3.6 V6 FSI (2009 AL 2014)"""", """"VOLKSWAGEN PASSAT 1 T (2001 AL 2005)"""", """"VOLKSWAGEN PASSAT 1.8 TSI (2011 AL 2016)"""", """"VOLKSWAGEN PASSAT 1.9 TDI (2001 AL 2005)"""", """"VOLKSWAGEN PASSAT 2.0 FSI (2006 AL 2010)"""", """"VOLKSWAGEN PASSAT 2.0 TDI (2006 AL 2011)"""", """"VOLKSWAGEN PASSAT 2.0 TDI BLUEMOTION (2011 AL 2016)"""", """"VOLKSWAGEN PASSAT 2.0 TSI (2007 AL 2016)"""", """"VOLKSWAGEN PASSAT 2.8 V6 4MOTION (2001 AL 2005)"""", """"VOLKSWAGEN PASSAT 3.2 V6 FSI (2006 AL 2011)"""", """"VOLKSWAGEN PASSAT 4.0 W& (2003 AL 2005)"""", """"VOLKSWAGEN SCIROCCO 14 TSI (2012 AL 2017}"""", """"VOLKSWAGEN SCIROCCO 2.0TSI (2012 AL 2016)"""", """"VOLKSWAGEN SHARAN 14 TSI BLUEMOTION (2010 AL 2016)"""", """"VOLKSWAGEN SHARAN 18 T (2001 AL 2011)"""", """"VOLKSWAGEN SHARAN 19 TDI (2001 AL 2011)"""", """"VOLKSWAGEN SHARAN 2.0 TSI BLUEMOTION (2011 AL 2015)"""", """"VOLKSWAGEN VENTO 139 TDI (2006 AL 2011)"""", """"VOLKSWAGEN VENTO 20 8V (2015 AL 2021)"""", """"VOLKSWAGEN VENTO 20 TDI (2006 AL 2011)"""", """"VOLKSWAGEN VENTO 20 TFSI (2007 AL 2011)"""", """"VOLKSWAGEN VENTO 25 (2015 AL 2022}""""]"",36,""[""""POSICION: TRASERO"""", """"LONGITUD TOTAL EXTENDIDO: 586 mm"""", """"LONGITUD TOTAL COMPRIMIDO: 372 mm"""", """"LADO: AMBOS"""", """"TIPO DE ANCLAJE SUPERIOR: ESPIGA"""", """"TIPO DE ANCLAJE INFERIOR: BUJE"""", """"TIPO DE BUJE DE ANCLAJE INFERIOR: GM 14 x 37""""]"",7,""[""""COFAP: GB27662"""", """"CORVEN: 42552G"""", """"FRIC ROT: G2101"""", """"FRIC-ROT: 3760275P"""", """"FRIC-ROT: 83833MX"""", """"MONROE: G2101"""", """"SACHS: 1008G"""", """"SACHS: 311007"""", """"SACHS: 316002"""", """"SACHS: E1034G""""]"",10,,,71.8264"
"10342HRP,https://icepar.specparts.shop/products/detail?slug=sadar_10342hrp-35595,18,,,,,""[""""AUDI A3 16 (2000 AL 2015)"""", """"AUDI A3 18 (1997 AL 2001)"""", """"AUDI A3 LBT (180 CV) (2000 AL 2004)"""", """"AUDI A3 18 T (1997 AL 2005)"""", """"AUDI A3 18 TFSI (2008 AL 2015)"""", """"AUDI A3 19 TDI (1997 AL 2005)"""", """"AUDI A3 2.0 FSI (2005 AL 2010)"""", """"AUDI A3 2.0 TDI (2005 AL 2008)"""", """"AUDI A3 2.0 TFSI (2006 AL 2015)"""", """"AUDI A3 3.2 V6 FSI (2006 AL 2008)"""", """"VOLKSWAGEN CC 20 TDI (2011 AL 2016)"""", """"VOLKSWAGEN CC 3.6 V6 FSI (2009 AL 2014)"""", """"VOLKSWAGEN PASSAT 1.8 TSI (2011 AL 2016)"""", """"VOLKSWAGEN PASSAT 2.0 FSI (2006 AL 2010)"""", """"VOLKSWAGEN PASSAT 2.0 TDI (2006 AL 2011)"""", """"VOLKSWAGEN PASSAT 2.0 TDI BLUEMOTION (2011 AL 2016)"""", """"VOLKSWAGEN PASSAT 2.0 TSI (2007 AL 2016)"""", """"VOLKSWAGEN PASSAT 3.2 V6 FSI (2006 AL 2011)"""", """"VOLKSWAGEN SCIROCCO 14 TSI (2012 AL 2017}"""", """"VOLKSWAGEN SCIROCCO 2.0TSI (2012 AL 2016)"""", """"VOLKSWAGEN SHARAN 14 TSI BLUEMOTION (2010 AL 2016)"""", """"VOLKSWAGEN SHARAN 2.0 TSI BLUEMOTION (2011 AL 2015)"""", """"VOLKSWAGEN VENTO 139 TDI (2006 AL 2011)"""", """"VOLKSWAGEN VENTO 20 TDI (2006 AL 2011)"""", """"VOLKSWAGEN VENTO 20 TFSI (2007 AL 2011)"""", """"VOLKSWAGEN VENTO 25 150CV (2006 AL 2009)"""", """"VOLKSWAGEN VENTO 25 170CV (2009 AL 2011)""""]"",27,""[""""LADO: AMBOS"""", """"POSICION: TRASERO"""", """"LONGITUD TOTAL COMPRIMIDO: 333 mm"""", """"LONGITUD TOTAL EXTENDIDO: 503 mm"""", """"TIPO DE ANCLAJE INFERIOR: BUJE"""", """"TIPO DE BUJE DE ANCLAJE INFERIOR: GM 14 x 37"""", """"TIPO DE ANCLAJE SUPERIOR: ESPIGA""""]"",7,""[""""CORVEN: 5C14552""""]"",1,,,52.4880"
"10350HOP,https://icepar.specparts.shop/products/detail?slug=sadar_10350hop-35596,18,,,,,""[""""DODGE CORONADO 3.7 (1965 AL 1980)"""", """"DODGE POLARA 3.7 (1965 AL 1980)""""]"",2,""[""""LONGITUD TOTAL EXTENDIDO: 386 mm"""", """"LONGITUD TOTAL COMPRIMIDO: 244 mm"""", """"POSICION: DELANTERO"""", """"LADO: AMBOS"""", """"TIPO DE BUJE DE ANCLAJE INFERIOR: Rosca 3/8 x 2 1/2"""", """"TIPO DE ANCLAJE INFERIOR: BUJE"""", """"TIPO DE BUJE DE ANCLAJE SUPERIOR: G 11,10x 32"""", """"TIPO DE ANCLAJE SUPERIOR: BUJE""""]"",8,""[""""CORVEN: 42199""""]"",1,,,25.6074"
"10351HOP,https://icepar.specparts.shop/products/detail?slug=sadar_10351hop-35597,18,,,,,""[""""DODGE CORONADO 3.7 (1965 AL 1980)"""", """"DODGE POLARA 3.7 (1965 AL 1980)""""]"",2,""[""""LONGITUD TOTAL EXTENDIDO: 545 mm"""", """"LONGITUD TOTAL COMPRIMIDO: 335 mm"""", """"POSICION: DELANTERO"""", """"LADO: AMBOS"""", """"TIPO DE BUJE DE ANCLAJE INFERIOR: G 15 x 40,6"""", """"TIPO DE BUJE DE ANCLAJE SUPERIOR: G 15x 40,6"""", """"TIPO DE ANCLAJE SUPERIOR: BUJE"""", """"TIPO DE ANCLAJE INFERIOR: BUJE""""]"",8,""[""""CORVEN: 42200""""]"",1,,,25.8533"
"10354HOP,https://icepar.specparts.shop/products/detail?slug=sadar_10354hop-35598,18,,,,,""[""""FORD FALCON 2.3 (1983 AL 1991)"""", """"FORD FALCON 3.0 (1983 AL 1991)"""", """"FORD FALCON 3.6 (1983 AL 1991)""""]"",3,""[""""LONGITUD TOTAL COMPRIMIDO: 276 mm"""", """"LONGITUD TOTAL EXTENDIDO: 452 mm"""", """"POSICION: TRASERO"""", """"LADO: AMBOS"""", """"TIPO DE ANCLAJE SUPERIOR: ESPIGA"""", """"TIPO DE ANCLAJE INFERIOR: ESPIGA""""]"",6,""[""""COFAP: GL12083"""", """"CORVEN: 42032"""", """"FRIC ROT: 59021MX"""", """"FRIC-ROT: 59021MX"""", """"MONROE: 59021MI"""", """"SACHS: 3004"""", """"SACHS: 316061""""]"",7,,,31.3612"
"10371GOP,https://icepar.specparts.shop/products/detail?slug=sadar_10371gop-35602,18,,,,,""[""""CHEVROLET AVEO 16 16V (2008 AL 2015)""""]"",1,""[""""LADO: AMBOS"""", """"LONGITUD TOTAL EXTENDIDO: 595 mm"""", """"POSICION: TRASERO"""", """"LONGITUD TOTAL COMPRIMIDO: 364 mm"""", """"TIPO DE ANCLAJE INFERIOR: BUJE"""", """"TIPO DE ANCLAJE SUPERIOR: ESPIGA"""", """"TIPO DE BUJE DE ANCLAJE INFERIOR: GM 10,15 x 50""""]"",7,""[""""CORVEN: 42892G"""", """"FRIC ROT: 5794"""", """"FRIC-ROT: 5794"""", """"MONROE: 332093MM"""", """"MONROE: 5794"""", """"SACHS: 315 525"""", """"SACHS: 315525"""", """"SACHS: 5012G"""", """"TRW: JGT64025""""]"",9,,,30.9889"
"10375HOP,https://icepar.specparts.shop/products/detail?slug=sadar_10375hop-35605,18,,,,,""[""""ASIA MOTORS TOPIC 27D (1995 AL 1999)"""", """"KIA BESTA 2.7 (1996 AL 2000)"""", """"MAZDA PICK UP B2200 2.2D (1990 AL 1998)"""", """"MAZDA PICK UP B2500 2.5D (1997 AL 2005)"""", """"MAZDA PICK UP B2600 2.6D (1992 AL 1997)"""", """"MAZDA PICK UP B2900 2.9D (2001 AL 2005)"""", """"MAZDA PICK UP B3000 3.0 (1995 AL 1996)"""", """"NISSAN PATHFINDER 2.4 (1991 AL 1995)"""", """"NISSAN PATHFINDER 2.7D (1992 AL 1997)"""", """"NISSAN PATHFINDER 3.0 V6 (1987 AL 1997)"""", """"NISSAN PICK UP 25 TD (2001 AL 2002)"""", """"NISSAN PICK UP 25 TDI (2001 AL 2002)"""", """"NISSAN PICK UP 27D (2001 AL 2002)"""", """"TOYOTA HILUX 2.4D (1992 AL 1997}"""", """"TOYOTA HILUX 2.8D (1997 AL 2001)"""", """"TOYOTA HILUX 3.0 TD (2001 AL 2005)"""", """"TOYOTA HILUX 3.0D (2001 AL 2005)""""]"",17,""[""""LONGITUD TOTAL EXTENDIDO: 549 mm"""", """"LONGITUD TOTAL COMPRIMIDO: 334 mm"""", """"POSICION: TRASERO"""", """"LADO: AMBOS"""", """"TIPO DE ANCLAJE SUPERIOR: BUJE"""", """"TIPO DE BUJE DE ANCLAJE SUPERIOR: G 16x 36"""", """"TIPO DE ANCLAJE INFERIOR: BUJE"""", """"TIPO DE BUJE DE ANCLAJE INFERIOR: G 16 x 36""""]"",8,""[""""COFAP: GB47867"""", """"CORVEN: 42329"""", """"CORVEN: 62313"""", """"FRIC ROT: 38242MX"""", """"FRIC ROT: 84748MX"""", """"FRIC-ROT: 38242MX"""", """"MONROE: 38242Ml"""", """"MONROE: 34748MI"""", """"SACHS: 316246"""", """"SACHS: 8090/3G"""", """"SACHS: 8090G"""", """"TRW: JGT67685""""]"",12,,,56.3077"
"10376GOP,https://icepar.specparts.shop/products/detail?slug=sadar_10376gop-35606,18,,,,,""[""""AUDI A4 2.5 TDI (2002 AL 2005)"""", """"AUDI A4 3.0 V6 (2003 AL 2005)""""]"",2,""[""""LONGITUD TOTAL COMPRIMIDCO: 397 mm"""", """"LONGITUD TOTAL EXTENDIDO: 604 mm"""", """"POSICION: TRASERO"""", """"LADO: AMBOS"""", """"TIPO DE BUJE DE ANCLAJE INFERIOR: GM 15 x 55"""", """"TIPO DE ANCLAJE SUPERIOR: ESPIGA"""", """"TIPO DE ANCLAJE INFERIOR: BUJE""""]"",7,[],0,,,19.3342"
"10378GOP,https://icepar.specparts.shop/products/detail?slug=sadar_10378gop-35608,18,,,,,""[""""AUDITT L&T (1999 AL 2005)""""]"",1,""[""""LONGITUD TOTAL EXTENDIDO: 540 mm"""", """"LONGITUD TOTAL COMPRIMIDC: 410 mm"""", """"POSICION: TRASERO"""", """"LADO: AMBOS"""", """"TIPO DE BUJE DE ANCLAJE INFERIOR: GM 10 x 45"""", """"TIPO DE ANCLAJE INFERIOR: BUJE"""", """"TIPO DE ANCLAJE SUPERIOR: ESPIGA""""]"",7,[],0,,,23.8663"
"10379GOP,https://icepar.specparts.shop/products/detail?slug=sadar_10379gop-35609,18,,,,,""[""""AUDITT L&T (1999 AL 2005)""""]"",1,""[""""LONGITUD TOTAL COMPRIMIDCO: 341 mm"""", """"LONGITUD TOTAL EXTENDIDO: 513 mm"""", """"POSICION: TRASERO"""", """"LADO: AMBOS"""", """"TIPO DE BUJE DE ANCLAJE SUPERIOR: GM 10x 40"""", """"TIPO DE ANCLAJE INFERIOR: BUJE"""", """"TIPO DE ANCLAJE SUPERIOR: BUJE"""", """"TIPO DE BUJE DE ANCLAJE INFERIOR: GM 14 x 40""""]"",8,[],0,,,17.8629"
"10381GOP,https://icepar.specparts.shop/products/detail?slug=sadar_10381gop-35611,18,,,,,""[""""CHEVROLET SPARK LO (2008 AL 2010)"""", """"CHEVROLET SPARK 12 16V (2011 AL 2016)"""", """"DAEWOC MATIZ LOl (2002 AL 2005)""""]"",3,""[""""LONGITUD TOTAL COMPRIMIDO: 287 mm"""", """"LONGITUD TOTAL EXTENDIDO: 447 mm"""", """"POSICION: TRASERO"""", """"LADO: AMBOS"""", """"TIPO DE ANCLAJE SUPERIOR: BUJE"""", """"TIPO DE ANCLAJE INFERIOR: BUJE"""", """"TIPO DE BUJE DE ANCLAJE SUPERIOR: GM 12x 32"""", """"TIPO DE BUJE DE ANCLAJE INFERIOR: GM 12 x 32""""]"",8,""[""""CORVEN: 42172G""""]"",1,,,27.4890"
"10383GOP,https://icepar.specparts.shop/products/detail?slug=sadar_10383gop-35613,18,,,,,""[""""CHRYSLER PT CRUISER 2.0 (2004 AL 2006)"""", """"CHRYSLER PT CRUISER 2.2 CRDI (2006 AL 2005)"""", """"CHRYSLER PT CRUISER 2.41 (2006 AL 2011)"""", """"CHRYSLER PT CRUISER 2.4T GT (2006 AL 2009)""""]"",4,""[""""LONGITUD TOTAL COMPRIMIDO: 299 mm"""", """"POSICION: TRASERO"""", """"LONGITUD TOTAL EXTENDIDO: 452 mm"""", """"LADO: AMBOS"""", """"TIPO DE ANCLAJE INFERIOR: BUJE"""", """"TIPO DE BUJE DE ANCLAJE SUPERIOR: GM 12x 60"""", """"TIPO DE ANCLAJE SUPERIOR: BUJE"""", """"TIPO DE BUJE DE ANCLAJE INFERIOR: GM 12 x 40""""]"",8,""[""""CORVEN: 42544G"""", """"FRIC ROT: 5989"""", """"MONROE: 5989"""", """"SACHS: E12012G""""]"",4,,,31.8355"
"10392HOP,https://icepar.specparts.shop/products/detail?slug=sadar_10392hop-35621,18,,,,,""[""""KIA K 2500 2.5 CRDI (2008 AL 2017)"""", """"KIA K 2700 2.7D (1998 AL 2009)"""", """"KIA K 2900 2.9 CRDI (2012 AL 2015)"""", """"KIA K-2400 105 2.4D (2001 AL 2004)"""", """"KIA K-2400 2.4D (2001 AL 2004)"""", """"KIA K-3600 3.6D (2001 AL 2004)""""]"",6,""[""""LONGITUD TOTAL COMPRIMIDO: 346 mm"""", """"LONGITUD TOTAL EXTENDIDO: 559 mm"""", """"POSICION: TRASERO"""", """"LADO: AMBOS"""", """"TIPO DE BUJE DE ANCLAJE SUPERIOR: GM 20 x 46"""", """"TIPO DE ANCLAJE SUPERIOR: BUJE"""", """"TIPO DE BUJE DE ANCLAJE INFERIOR: GM 20 x 46"""", """"TIPO DE ANCLAJE INFERIOR: BUJE""""]"",8,""[""""CORVEN: 42332""""]"",1,,,29.8613"
"10401GOP,https://icepar.specparts.shop/products/detail?slug=sadar_10401gop-35628,18,,,,,""[""""RENAULT LAGUNA 18 16V (1998 AL 2002)"""", """"RENAULT LAGUNA 139 DTI (1998 AL 2002)"""", """"RENAULT LAGUNA 2.0 (1993 AL 2002)"""", """"RENAULT LAGUNA 2.2D (1996 AL 1998)"""", """"RENAULT LAGUNA 2.9 V6 (1998 AL 2002)""""]"",5,""[""""LONGITUD TOTAL COMPRIMIDCO: 371 mm"""", """"LONGITUD TOTAL EXTENDIDO: 466 mm"""", """"LADO: AMBOS"""", """"POSICION: TRASERO"""", """"TIPO DE BUJE DE ANCLAJE INFERIOR: GM 12 x 53"""", """"TIPO DE ANCLAJE INFERIOR: BUJE"""", """"TIPO DE BUJE DE ANCLAJE SUPERIOR: GM 14 x 40"""", """"TIPO DE ANCLAJE SUPERIOR: BUJE""""]"",8,""[""""COFAP: GBA47203"""", """"CORVEN: 42224G"""", """"FRIC ROT: 55309"""", """"FRIC-ROT: G52023"""", """"MONROE: 55309"""", """"SACHS: 316283"""", """"SACHS: 4082G""""]"",7,,,35.5945"
"10403GOP,https://icepar.specparts.shop/products/detail?slug=sadar_10403gop-35630,18,,,,,""[""""FIAT BRAVO 14 16V MULTIAIR (2012 AL 2016)"""", """"FIAT BRAVO 16 16V MULTUET (2013 AL 2014)"""", """"FIAT STILO 1.8 16V (2003 AL 2007)"""", """"FIAT STILO 1.8 8V (2004 AL 2010)"""", """"FIAT STILO 1.9 JTD (2003 AL 2007}""""]"",5,""[""""LONGITUD TOTAL COMPRIMIDCO: 408 mm"""", """"LADO: AMBOS"""", """"POSICION: TRASERO"""", """"LONGITUD TOTAL EXTENDIDO: 645 mm"""", """"TIPO DE ANCLAJE SUPERIOR: ESPIGA"""", """"TIPO DE ANCLAJE INFERIOR: BUJE"""", """"TIPO DE BUJE DE ANCLAJE INFERIOR: GM 12 x52""""]"",7,""[""""COFAP: GB47886"""", """"CORVEN: 42289G"""", """"FRIC ROT: 83823MX"""", """"FRIC-ROT: 83823MX"""", """"MONROE: 83823MI"""", """"MONROE: 5P074"""", """"SACHS: 2004G"""", """"SACHS: 314753""""]"",8,,,36.6702"
"10407GOP,https://icepar.specparts.shop/products/detail?slug=sadar_10407gop-35634,19,,,,,""[""""MERCEDES BENZ CLASE A A160 16 (1999 AL 2006)"""", """"MERCEDES BENZ CLASE A A190 19 (1999 AL 2006)""""]"",2,""[""""LONGITUD TOTAL COMPRIMIDO: 314 mm"""", """"LONGITUD TOTAL EXTENDIDO: 349 mm"""", """"POSICION: TRASERO"""", """"LADO: AMBOS"""", """"TIPO DE ANCLAJE INFERIOR: BUJE"""", """"TIPO DE ANCLAJE SUPERIOR: BUJE"""", """"TIPO DE BUJE DE ANCLAJE SUPERIOR: GM 10x 78"""", """"TIPO DE BUJE DE ANCLAJE INFERIOR: GM 12 x 44""""]"",8,""[""""CORVEN: 42479G"""", """"FRIC-ROT: E5090"""", """"SACHS: 317355"""", """"SACHS: 553 665""""]"",4,,,29.1182"
"10417GOP,https://icepar.specparts.shop/products/detail?slug=sadar_10417gop-35644,19,,,,,""[""""NISSAN TIIDA 1.8 16¥V (2007 AL 2015)""""]"",1,""[""""LONGITUD TOTAL EXTENDIDO: 562 mm"""", """"POSICION: TRASERO"""", """"LADO: AMBOS"""", """"LONGITUD TOTAL COMPRIMIDCO: 375 mm"""", """"TIPO DE BUJE DE ANCLAJE INFERIOR: GM 12 x 40"""", """"TIPO DE ANCLAJE SUPERIOR: ESPIGA"""", """"TIPO DE ANCLAJE INFERIOR: BUJE""""]"",7,""[""""COFAP: GB48233"""", """"CORVEN: 42689G"""", """"FRIC ROT: 83846MX"""", """"FRIC-ROT: &83846MX"""", """"MONROE: 83846MI"""", """"SACHS: 315 533"""", """"SACHS: 315533""""]"",7,,,31.3938"
"10484HRP,https://icepar.specparts.shop/products/detail?slug=sadar_10484hrp-35656,19,,,,,""[""""CHEVROLET CRUZE 18 16V (2010 AL 2017)"""", """"CHEVROLET CRUZE 2.0 VCDI (2010 AL 2017)"""", """"CHEVROLET CRUZE 2.0 VCDI AT (2015 AL 2017)""""]"",3,""[""""LADO: AMBOS"""", """"LONGITUD TOTAL COMPRIMIDO: 386 mm"""", """"LONGITUD TOTAL EXTENDIDO: 625 mm"""", """"POSICION: TRASERO"""", """"TIPO DE ANCLAJE INFERIOR: BUJE"""", """"TIPO DE ANCLAJE SUPERIOR: ESPIGA"""", """"TIPO DE BUJE DE ANCLAJE INFERIOR: GM 14 x 40""""]"",7,""[""""CORVEN: 5C14030""""]"",1,,,27.1580"
"10490GOP,https://icepar.specparts.shop/products/detail?slug=sadar_10490gop-35658,19,,,,,""[""""VOLKSWAGEN VENTO 20 8V (2011 AL 2012)"""", """"VOLKSWAGEN VENTO 20 TDI 110CV (2011 AL 2017}"""", """"VOLKSWAGEN VENTO 20 TDI 140CV (2011 AL 2015)"""", """"VOLKSWAGEN VENTO 25 (2011 AL 2015)""""]"",4,""[""""POSICION: TRASERO"""", """"LONGITUD TOTAL COMPRIMIDO: 392 mm"""", """"LONGITUD TOTAL EXTENDIDO: 598 mm"""", """"LADO: AMBOS"""", """"TIPO DE ANCLAJE INFERIOR: BUJE"""", """"TIPO DE ANCLAJE SUPERIOR: ESPIGA"""", """"TIPO DE BUJE DE ANCLAJE INFERIOR: GM 10 x 45""""]"",7,""[""""CORVEN: 42322G"""", """"SACHS: 316 386"""", """"SACHS: 316386""""]"",3,,,30.0419"
"10491GOP,https://icepar.specparts.shop/products/detail?slug=sadar_10491gop-35659,19,,,,,""[""""CITROEN C4 LOUNGE 14 HDI (2013 AL 2017)"""", """"CITROEN C4 LOUNGE 14 THP 163CV (2013 AL 2017)"""", """"CITROEN C4 LOUNGE 14 THP 165CV (2013 AL 2017)"""", """"CITROEN C4 LOUNGE 2.0 16¥ (2013 AL 2020)"""", """"PEUGEOT 308 1.6 HDI (2011 AL 2026)"""", """"PEUGEOT 308 1.4 THP 156CV (2010 AL 2015)"""", """"PEUGEOT 308 1.4 THP 163CV (2013 AL 2022)"""", """"PEUGEOT 308 1.4 THP 163CV TIPTRONIC (2017 AL 2026)"""", """"PEUGEOT 308 1.46 THP 200CV (2012 AL 2014)"""", """"PEUGEOT 308 14 VTI (2011 AL 2026)"""", """"PEUGEOT 308 2.0 16¥V (2011 AL 2020)"""", """"PEUGEOT 408 14 HDI (2011 AL 2015)"""", """"PEUGEOT 408 1.4 THP 163CV (2011 AL 2017)"""", """"PEUGEOT 405 14 THP 163CV TIPTRONIC (2017 AL 2026)"""", """"PEUGEOT 408 2.0 16¥V (2010 AL 2015)""""]"",15,""[""""LONGITUD TOTAL EXTENDIDO: 652 mm"""", """"LONGITUD TOTAL COMPRIMIDC: 410 mm"""", """"LADO: AMBOS"""", """"POSICION: TRASERO"""", """"TIPO DE ANCLAJE SUPERIOR: ESPIGA"""", """"TIPO DE BUJE DE ANCLAJE INFERIOR: GM 10 x 55"""", """"TIPO DE ANCLAJE INFERIOR: BUJE""""]"",7,""[""""CORVEN: HT42071"""", """"FRIC ROT: E2075"""", """"FRIC-ROT: 84759MX"""", """"MONROE: 3761335P"""", """"MONROE: E2075"""", """"SACHS: 315 233"""", """"SACHS: 315233"""", """"TRW: JGT67485""""]"",8,,,48.5310"
"10491HRP,https://icepar.specparts.shop/products/detail?slug=sadar_10491hrp-35660,19,,,,,""[""""CITROEN C4 LOUNGE 14 HDI (2013 AL 2017)"""", """"CITROEN C4 LOUNGE 14 THP 163CV (2013 AL 2017)"""", """"CITROEN C4 LOUNGE 14 THP 165CV (2013 AL 2017)"""", """"CITROEN C4 LOUNGE 2.0 16¥ (2013 AL 2020)"""", """"PEUGEOT 308 1.6 HDI (2011 AL 2015)"""", """"PEUGEOT 308 1.4 THP 152CV (2009 AL 2011)"""", """"PEUGEOT 308 1.4 THP 156CV (2010 AL 2015)"""", """"PEUGEOT 308 1.46 THP 200CV (2012 AL 2014)"""", """"PEUGEOT 308 1.4 VTI (2011 AL 2015)"""", """"PEUGEOT 308 2.0 16¥V (2011 AL 2015)"""", """"PEUGEOT 408 14 HDI (2011 AL 2015)"""", """"PEUGEOT 408 1.4 THP 163CV (2011 AL 2017)"""", """"PEUGEOT 408 2.0 16¥V (2010 AL 2015)""""]"",13,""[""""POSICION: TRASERO"""", """"LADO: AMBOS"""", """"LONGITUD TOTAL EXTENDIDO: 607 mm"""", """"LONGITUD TOTAL COMPRIMIDCO: 375 mm"""", """"TIPO DE ANCLAJE INFERIOR: BUJE"""", """"TIPO DE BUJE DE ANCLAJE INFERIOR: GM 10 x 55"""", """"TIPO DE ANCLAJE SUPERIOR: ESPIGA""""]"",7,""[""""CORVEN: 5C14071""""]"",1,,,37.6966"
"10492HRP,https://icepar.specparts.shop/products/detail?slug=sadar_10492hrp-35662,19,,,,,""[""""PEUGEOT 208 1.51 (2013 AL 2022)"""", """"PEUGEOT 208 1.4 THP 156CV (2013 AL 2016)"""", """"PEUGEOT 208 1.446 THP 200CV (2013 AL 2022)"""", """"PEUGEOT 208 14 VTI (2013 AL 2022}""""]"",4,""[""""LONGITUD TOTAL EXTENDIDO: 485 mm"""", """"POSICION: TRASERO"""", """"LADO: AMBOS"""", """"LONGITUD TOTAL COMPRIMIDO: 305 mm"""", """"TIPO DE ANCLAJE INFERIOR: BUJE"""", """"TIPO DE BUJE DE ANCLAJE SUPERIOR: GM 10x 55"""", """"TIPO DE BUJE DE ANCLAJE INFERIOR: GM 12 x 48"""", """"TIPO DE ANCLAJE SUPERIOR: BUJE""""]"",8,""[""""CORVEN: 5C14521""""]"",1,,,28.2323"
"10495GOP,https://icepar.specparts.shop/products/detail?slug=sadar_10495gop-35663,19,,,,,""[""""CITROEN C3 16 16V (2008 AL 2013)"""", """"CITROEN C3 16 VTI (2013 AL 2016)"""", """"PEUGEOT 207 1.4 HDI (2011 AL 2017)"""", """"PEUGEOT 207 1.41 (2008 AL 2017)"""", """"PEUGEOT 207 14 (2008 AL 2012)"""", """"PEUGEOT 207 14 16¥ (2008 AL 2013)"""", """"PEUGEOT 207 14 THP 150CV (2008 AL 2012)"""", """"PEUGEOT 207 14 THP 156CV (2010 AL 2015)"""", """"PEUGEOT 207 14 THP 175CV (2009 AL 2012)"""", """"PEUGEOT 207 1.9D (2008 AL 2012)"""", """"PEUGEOT 207 2.0 HDI (2008 AL 2011)""""]"",11,""[""""POSICION: TRASERO"""", """"LONGITUD TOTAL COMPRIMIDO: 322 mm"""", """"LADO: AMBOS"""", """"LONGITUD TOTAL EXTENDIDO: 484 mm"""", """"TIPO DE ANCLAJE SUPERIOR: BUJE"""", """"TIPO DE ANCLAJE INFERIOR: BUJE"""", """"TIPO DE BUJE DE ANCLAJE INFERIOR: GM 12 x 48"""", """"TIPO DE BUJE DE ANCLAJE SUPERIOR: GM 10x 45""""]"",8,""[""""COFAP: GB27504"""", """"CORVEN: HT42019"""", """"FRIC-ROT: 83882MX"""", """"MONROE: 83882Ml"""", """"SACHS: 315 956"""", """"SACHS: 315956"""", """"TRW: JGT62905""""]"",7,,,43.4499"
"10496GOP,https://icepar.specparts.shop/products/detail?slug=sadar_10496gop-35664,19,,,,,""[""""CITROEN C3 151 (2013 AL 2016)"""", """"CITROEN C3 16 16V (2011 AL 2013)"""", """"CITROEN C3 16 VTI (2013 AL 2016)"""", """"PEUGEOT 207 14 (2008 AL 2012)"""", """"PEUGEOT 207 14 THP 150CV (2008 AL 2012)"""", """"PEUGEOT 207 14 THP 156CV (2010 AL 2015)"""", """"PEUGEOT 207 14 THP 175CV (2009 AL 2012)""""]"",7,""[""""LONGITUD TOTAL EXTENDIDO: 499 mm"""", """"LONGITUD TOTAL COMPRIMIDO: 332 mm"""", """"POSICION: TRASERO"""", """"LADO: AMBOS"""", """"TIPO DE BUJE DE ANCLAJE INFERIOR: GM 12 x 48"""", """"TIPO DE ANCLAJE INFERIOR: BUJE"""", """"TIPO DE ANCLAJE SUPERIOR: BUJE"""", """"TIPO DE BUJE DE ANCLAJE SUPERIOR: GM 10x 45""""]"",8,""[""""CORVEN: HT42288"""", """"FRIC ROT: E7806"""", """"FRIC-ROT: E7806"""", """"MONROE: E7806"""", """"SACHS: 313683"""", """"SACHS: 315 956"""", """"SACHS: 315454""""]"",7,,,39.6009"
"10499GOP,https://icepar.specparts.shop/products/detail?slug=sadar_10499gop-35666,19,,,,,""[""""CITROEN C3 151 (2012 AL 2017)"""", """"CITROEN C3 16 VTI (2012 AL 2019)"""", """"CITROEN C3 16 VTIAT (2017 AL 2022)"""", """"CITROEN C3 16 VTI MT (2018 AL 2022}"""", """"CITROEN C3 16 VTI MT URBAN TRIAL (2019 AL 2022)""""]"",5,""[""""LONGITUD TOTAL COMPRIMIDO: 324 mm"""", """"LONGITUD TOTAL EXTENDIDO: 490 mm"""", """"POSICION: TRASERO"""", """"LADO: AMBOS"""", """"TIPO DE BUJE DE ANCLAJE INFERIOR: GM 12 x 48"""", """"TIPO DE ANCLAJE SUPERIOR: BUJE"""", """"TIPO DE BUJE DE ANCLAJE SUPERIOR: GM 10x 45"""", """"TIPO DE ANCLAJE INFERIOR: BUJE""""]"",8,""[""""CORVEN: 42389G"""", """"SACHS: 315 956""""]"",2,,,31.2360"
"10499HRP,https://icepar.specparts.shop/products/detail?slug=sadar_10499hrp-35667,19,,,,,""[""""CITROEN C3 151 (2012 AL 2017)"""", """"CITROEN C3 16 VTI (2012 AL 2019)""""]"",2,""[""""POSICION: TRASERO"""", """"LONGITUD TOTAL COMPRIMIDO: 304 mm"""", """"LADO: AMBOS"""", """"LONGITUD TOTAL EXTENDIDO: 460 mm"""", """"TIPO DE BUJE DE ANCLAJE SUPERIOR: GM 10x 45"""", """"TIPO DE BUJE DE ANCLAJE INFERIOR: GM 12 x 48"""", """"TIPO DE ANCLAJE INFERIOR: BUJE"""", """"TIPO DE ANCLAJE SUPERIOR: BUJE""""]"",8,""[""""CORVEN: 5C14389""""]"",1,,,26.4211"
"10511HRP,https://icepar.specparts.shop/products/detail?slug=sadar_10511hrp-35669,19,,,,,""[""""CHEVROLET COBALT 13 CDTI (2013 AL 2017)"""", """"CHEVROLET COBALT 18 8V (2013 AL 2017)"""", """"CHEVROLET ONIX 1.4 &V AT (2014 AL 2016)"""", """"CHEVROLET ONIX 1.4 &V MT (2013 AL 2016)"""", """"CHEVROLET PRISMA 14 &V AT (2013 AL 2016)"""", """"CHEVROLET PRISMA 14 &8V MT (2013 AL 2016)"""", """"CHEVROLET SONIC 16 16V (2012 AL 2016)""""]"",7,""[""""LONGITUD TOTAL EXTENDIDO: 610 mm"""", """"POSICION: TRASERO"""", """"LADO: AMBOS"""", """"LONGITUD TOTAL COMPRIMIDO: 380 mm"""", """"TIPO DE BUJE DE ANCLAJE INFERIOR: GM 12 x52"""", """"TIPO DE ANCLAJE INFERIOR: BUJE"""", """"TIPO DE ANCLAJE SUPERIOR: ESPIGA""""]"",7,""[""""CORVEN: 5C14740""""]"",1,,,31.2074"
"10513HOP,https://icepar.specparts.shop/products/detail?slug=sadar_10513hop-35671,19,,,,,[],0,""[""""LONGITUD TOTAL COMPRIMIDO: 204 mm"""", """"LONGITUD TOTAL EXTENDIDO: 318 mm"""", """"TIPO DE ESPIGA DE ANCLAJE SUPERIOR: ESP 10 x 64"""", """"TIPO DE MONO DE ANCLAJE INFERIOR: Acople 8x 51"""", """"TIPO DE ANCLAJE INFERIOR: MONO"""", """"TIPO DE ANCLAJE SUPERIOR: ESPIGA"""", """"POSICION: DELANTERO"""", """"LADO: AMBOS""""]"",8,[],0,,,15.5051"
"10514HOP,https://icepar.specparts.shop/products/detail?slug=sadar_10514hop-35672,20,,,,,[],0,""[""""LONGITUD TOTAL EXTENDIDO: 445 mm"""", """"LONGITUD TOTAL COMPRIMIDO: 280 mm"""", """"POSICION: TRASERO"""", """"TIPO DE ANCLAJE SUPERIOR: BUJE"""", """"TIPO DE BUJE DE ANCLAJE INFERIOR: G 16 x 36"""", """"TIPO DE ANCLAJE INFERIOR: BUJE"""", """"TIPO DE BUJE DE ANCLAJE SUPERIOR: G 16x 36"""", """"LADO: AMBOS""""]"",8,[],0,,,14.9822"
"10516GOP,https://icepar.specparts.shop/products/detail?slug=sadar_10516gop-35673,20,,,,,""[""""FORD ECOSPORT 1.5 TDCI (2012 AL 2017)"""", """"FORD ECOSPORT 1.6 16V (2012 AL 2018)"""", """"FORD ECOSPORT 1.6 8V ROCAM (2003 AL 2013)"""", """"FORD ECOSPORT 2.0 16V (2003 AL 2022)"""", """"FORD ECOSPORT KINETIC 15 16V AT (2017 AL 2026)"""", """"FORD ECOSPORT KINETIC 15 16V MT (2017 AL 2026)"""", """"FORD ECOSPORT KINETIC 15 TDCI (2017 AL 2022)"""", """"FORD ECOSPORT KINETIC 2.0 16V GDI AT (2017 AL 2022)"""", """"FORD ECOSPORT KINETIC 2.0 16V GDI MT (2017 AL 2021)""""]"",9,""[""""LONGITUD TOTAL EXTENDIDO: 738 mm"""", """"POSICION: TRASERO"""", """"LADO: AMBOS"""", """"LONGITUD TOTAL COMPRIMIDC: 474 mm"""", """"TIPO DE ANCLAJE INFERIOR: BUJE"""", """"TIPO DE ANCLAJE SUPERIOR: ESPIGA"""", """"TIPO DE BUJE DE ANCLAJE INFERIOR: GM 12 x 40""""]"",7,""[""""COFAP: GB27657"""", """"CORVEN: 42754G"""", """"FRIC ROT: 83851MX"""", """"FRIC-ROT: 83851MX"""", """"MONROE: 332083MM"""", """"MONROE: 83851MI"""", """"SACHS: 315 777"""", """"SACHS: 315881"""", """"TRW: JGT62965""""]"",9,,,42.0759"
"10519GOP,https://icepar.specparts.shop/products/detail?slug=sadar_10519gop-35675,20,,,,,""[""""TOYOTA ETIOS 15 16V (2013 AL 2016)""""]"",1,""[""""LONGITUD TOTAL COMPRIMIDO: 368 mm"""", """"LONGITUD TOTAL EXTENDIDO: 598 mm"""", """"LADO: AMBOS"""", """"POSICION: TRASERO"""", """"TIPO DE ANCLAJE SUPERIOR: ESPIGA"""", """"TIPO DE BUJE DE ANCLAJE INFERIOR: GM 12 x 42"""", """"TIPO DE ANCLAJE INFERIOR: BUJE""""]"",7,""[""""COFAP: GB48304"""", """"CORVEN: 42713G"""", """"FRIC ROT: 83853MX"""", """"FRIC-ROT: 83853MX"""", """"MONROE: 3780765P"""", """"MONROE: 5P004"""", """"SACHS: 316 552"""", """"SACHS: 316552"""", """"TRW: JGT63085""""]"",9,,,32.5640"
"10520GOP,https://icepar.specparts.shop/products/detail?slug=sadar_10520gop-35676,20,,,,,""[""""FORD KUGA 16 GTDI ECOBCOST 150CV (2013 AL 2015)"""", """"FORD KUGA 16 GTDI ECOBOCOST 180CV (2013 AL 2016)"""", """"FORD KUGA 16 GTDI ECOBOOST150CV (2013 AL 2016)"""", """"FORD KUGA 25 (2009 AL 2014)""""]"",4,""[""""LADO: AMBOS"""", """"LONGITUD TOTAL EXTENDIDO: 623 mm"""", """"POSICION: TRASERO"""", """"LONGITUD TOTAL COMPRIMIDC: 422 mm"""", """"TIPO DE ANCLAJE SUPERIOR: ESPIGA"""", """"TIPO DE BUJE DE ANCLAJE INFERIOR: GM 12 x 37"""", """"TIPO DE ANCLAJE INFERIOR: BUJE""""]"",7,""[""""CORVEN: HT42281"""", """"FRIC ROT: 83845MX"""", """"MONROE: 83845MI"""", """"SACHS: 315 247""""]"",4,,,30.9475"
"10525GOP,https://icepar.specparts.shop/products/detail?slug=sadar_10525gop-35681,20,,,,,""[""""NISSAN MARCH 16 16V (2012 AL 2015)""""]"",1,""[""""LONGITUD TOTAL COMPRIMIDCO: 371 mm"""", """"POSICION: TRASERO"""", """"LONGITUD TOTAL EXTENDIDO: 592 mm"""", """"LADO: AMBOS"""", """"TIPO DE BUJE DE ANCLAJE INFERIOR: GM 12 x 40"""", """"TIPO DE ANCLAJE SUPERIOR: ESPIGA"""", """"TIPO DE ANCLAJE INFERIOR: BUJE""""]"",7,""[""""COFAP: GB48244"""", """"CORVEN: 42443G"""", """"FRIC ROT: 83861MX"""", """"FRIC-ROT: 83861MX"""", """"MONROE: 83861MI"""", """"SACHS: 319978"""", """"TRW: JGT63045""""]"",7,,,29.6008"
"10526GOP,https://icepar.specparts.shop/products/detail?slug=sadar_10526gop-35682,20,,,,,""[""""SUZUKI GRAND VITARA 20 (2007 AL 2010)"""", """"SUZUKI GRAND VITARA 27 V6 (2006 AL 2007)""""]"",2,""[""""POSICION: TRASERO"""", """"LONGITUD TOTAL EXTENDIDO: 530 mm"""", """"LONGITUD TOTAL COMPRIMIDO: 330 mm"""", """"LADO: AMBOS"""", """"TIPO DE BUJE DE ANCLAJE INFERIOR: GM 12 x 38"""", """"TIPO DE ANCLAJE SUPERIOR: BUJE"""", """"TIPO DE BUJE DE ANCLAJE SUPERIOR: GM 12x 38"""", """"TIPO DE ANCLAJE INFERIOR: BUJE""""]"",8,""[""""CORVEN: 42688G"""", """"FRIC ROT: D7020"""", """"MONROE: D7020""""]"",3,,,28.5883"
"10528GOP,https://icepar.specparts.shop/products/detail?slug=sadar_10528gop-35684,20,,,,,""[""""CHERY QQ 11 (2010 AL 2015)""""]"",1,""[""""LONGITUD TOTAL COMPRIMIDO: 256 mm"""", """"POSICION: TRASERO"""", """"LONGITUD TOTAL EXTENDIDO: 400 mm"""", """"LADO: AMBOS"""", """"TIPO DE BUJE DE ANCLAJE INFERIOR: GM 12 x 32"""", """"TIPO DE ANCLAJE INFERIOR: BUJE"""", """"TIPO DE BUJE DE ANCLAJE SUPERIOR: GM 12x 32"""", """"TIPO DE ANCLAJE SUPERIOR: BUJE""""]"",8,""[""""COFAP: GB48274"""", """"CORVEN: 42254G"""", """"FRIC ROT: 83740MX"""", """"MONROE: 334553MM"""", """"MONROE: 83740MI"""", """"SACHS: 15304G"""", """"SACHS: 290788""""]"",7,,,31.3879"
"10530GOP,https://icepar.specparts.shop/products/detail?slug=sadar_10530gop-35686,20,,,,,""[""""CHERY TIGGO 2.0 16V (2008 AL 2012)""""]"",1,""[""""LONGITUD TOTAL COMPRIMIDCO: 375 mm"""", """"LONGITUD TOTAL EXTENDIDO: 623 mm"""", """"LADO: AMBOS"""", """"POSICION: TRASERO"""", """"TIPO DE ANCLAJE SUPERIOR: ESPIGA"""", """"TIPO DE ANCLAJE INFERIOR: BUJE"""", """"TIPO DE BUJE DE ANCLAJE INFERIOR: GM 16 x 38""""]"",7,""[""""CORVEN: 42012G"""", """"FRIC ROT: 83828MX"""", """"MONROE: 83828MI""""]"",3,,,25.1866"
"10531GOP,https://icepar.specparts.shop/products/detail?slug=sadar_10531gop-35687,20,,,,,""[""""AUDI A4 18 T (2001 AL 2010)"""", """"AUDI A4 18 TFSI 160CV (2008 AL 2013)"""", """"AUDI A4 2.0 TDI (2006 AL 2014)"""", """"AUDI A4 2.0 TFSI (2006 AL 2014)"""", """"AUDI A4 3.0 TDI (2006 AL 2015)"""", """"AUDI A4 3.0 TFSI (2013 AL 2016)"""", """"AUDI A4 3.2 V6 FSI (2006 AL 2013)"""", """"AUDI AS 18 TFSI (2012 AL 2013)"""", """"AUDI AS 20 TDI (2012 AL 2013)"""", """"AUDI AS 2.0 TFSI (2010 AL 2016)"""", """"AUDI AS 3.0 TFSI (2012 AL 2016)"""", """"AUDI AS 3.2 V6 FSI (2008 AL 2013)"""", """"AUDI Q5 20 TDI (2009 AL 2014)"""", """"AUDI Q5 20 TFSI (2009 AL 2014)"""", """"AUDI Q5 2.0 TDI (2009 AL 2014)"""", """"AUDI Q5 3.2 V6 FSI (2009 AL 2014)""""]"",16,""[""""LONGITUD TOTAL COMPRIMIDC: 439 mm"""", """"POSICION: TRASERO"""", """"LONGITUD TOTAL EXTENDIDO: 665 mm"""", """"LADO: AMBOS"""", """"TIPO DE ANCLAJE SUPERIOR: ESPIGA"""", """"TIPO DE ANCLAJE INFERIOR: BUJE"""", """"TIPO DE BUJE DE ANCLAJE INFERIOR: GM 14 x 30""""]"",7,""[""""CORVEN: 42637G"""", """"FRIC ROT: E7811"""", """"FRIC-ROT: 3762145P"""", """"MONROE: E7811"""", """"SACHS: 313366"""", """"SACHS: 314 213""""]"",6,,,47.7856"
"10532GOP,https://icepar.specparts.shop/products/detail?slug=sadar_10532gop-35688,20,,,,,""[""""FIAT MOBI L0 &V (2016 AL 2026)""""]"",1,""[""""LONGITUD TOTAL COMPRIMIDC: 432 mm"""", """"LONGITUD TOTAL EXTENDIDO: 640 mm"""", """"POSICION: TRASERO"""", """"LADO: AMBOS"""", """"TIPO DE ANCLAJE SUPERIOR: ESPIGA"""", """"TIPO DE BUJE DE ANCLAJE INFERIOR: GM 10 x 40"""", """"TIPO DE ANCLAJE INFERIOR: BUJE""""]"",7,""[""""CORVEN: 42614G"""", """"SACHS: 317 950""""]"",2,,,23.9204"
"10533GOP,https://icepar.specparts.shop/products/detail?slug=sadar_10533gop-35689,20,,,,,""[""""FIAT MOBI L0 &V (2016 AL 2026)""""]"",1,""[""""POSICION: TRASERO"""", """"LONGITUD TOTAL COMPRIMIDCO: 424 mm"""", """"LONGITUD TOTAL EXTENDIDO: 625 mm"""", """"LADO: AMBOS"""", """"TIPO DE ANCLAJE INFERIOR: BUJE"""", """"TIPO DE ANCLAJE SUPERIOR: ESPIGA"""", """"TIPO DE BUJE DE ANCLAJE INFERIOR: GM 10 x 40""""]"",7,""[""""CORVEN: 42616G"""", """"FRIC ROT: 83868"""", """"MONROE: 83868MI"""", """"SACHS: 317 950"""", """"SACHS: 317950""""]"",5,,,27.6367"
"10534GOP,https://icepar.specparts.shop/products/detail?slug=sadar_10534gop-35690,20,,,,,""[""""RENAULT SANDERG 1.6 16V (2008 AL 2026)"""", """"RENAULT SANDERGO 1.6 8V (2009 AL 2020)"""", """"RENAULT SANDERG 2.0 16V (2016 AL 2026)""""]"",3,""[""""LADO: DERECHO"""", """"POSICION: TRASERO"""", """"LONGITUD TOTAL COMPRIMIDO: 378 mm"""", """"LONGITUD TOTAL EXTENDIDO: 562 mm"""", """"TIPO DE BUJE DE ANCLAJE INFERIOR: GM 14 x 39,50"""", """"TIPO DE ANCLAJE SUPERIOR: ESPIGA"""", """"TIPO DE ANCLAJE INFERIOR: BUJE""""]"",7,""[""""CORVEN: 42638G""""]"",1,,,26.0525"
"10535GOP,https://icepar.specparts.shop/products/detail?slug=sadar_10535gop-35691,20,,,,,""[""""RENAULT SANDERG 1.6 16V (2008 AL 2026)"""", """"RENAULT SANDERGO 1.6 16V CVT (2019 AL 2026)"""", """"RENAULT SANDERO 1.6 16V MT (2019 AL 2026)"""", """"RENAULT SANDERGO 1.6 8V (2009 AL 2020)""""]"",4,""[""""LADO: DERECHO"""", """"LONGITUD TOTAL COMPRIMIDCO: 370 mm"""", """"POSICION: TRASERO"""", """"LONGITUD TOTAL EXTENDIDO: 607 mm"""", """"TIPO DE ANCLAJE SUPERIOR: ESPIGA"""", """"TIPO DE ANCLAJE INFERIOR: BUJE"""", """"TIPO DE BUJE DE ANCLAJE INFERIOR: GM 14 x 39,50""""]"",7,""[""""COFAP: GB48323"""", """"CORVEN: 42676G"""", """"FRIC ROT: 83865MX"""", """"FRIC-ROT: 83865MX"""", """"MONROE: 83865Ml"""", """"SACHS: 317 498"""", """"SACHS: 317498""""]"",7,,,34.4575"
"10536GOP,https://icepar.specparts.shop/products/detail?slug=sadar_10536gop-35692,20,,,,,""[""""HONDA HR-V 18 16V CVT (2016 AL 2026)"""", """"HONDA HR-V 18 16V MT (2015 AL 2016)""""]"",2,""[""""LONGITUD TOTAL COMPRIMIDC: 433 mm"""", """"POSICION: TRASERO"""", """"LADO: AMBOS"""", """"LONGITUD TOTAL EXTENDIDO: 680 mm"""", """"TIPO DE ANCLAJE SUPERIOR: ESPIGA"""", """"TIPO DE ANCLAJE INFERIOR: BUJE"""", """"TIPO DE BUJE DE ANCLAJE INFERIOR: GM 10 x 40""""]"",7,""[""""COFAP: GB48301"""", """"CORVEN: 42820G"""", """"MONROE: 3790025P"""", """"SACHS: 317 684"""", """"SACHS: 317684""""]"",5,,,29.2981"
"10539GOP,https://icepar.specparts.shop/products/detail?slug=sadar_10539gop-35695,20,,,,,""[""""MERCEDES BENZ CLASE B 8170/8180 17 (2006 AL 2012)"""", """"MERCEDES BENZ CLASE B B200 2.0 (2006 AL 2013)"""", """"MERCEDES BENZ CLASE B B200 Z.OT (2010 AL 2011)"""", """"MERCEDES BENZ CLASE B B200 CDI 2.0 (2006 AL 20059)"""", """"MERCEDES BENZ CLASE B B200T 2.0 (2006 AL 2009)""""]"",5,""[""""LONGITUD TOTAL COMPRIMIDO: 440 mm"""", """"LADO: AMBOS"""", """"LONGITUD TOTAL EXTENDIDO: 497 mm"""", """"POSICION: TRASERO"""", """"TIPO DE BUJE DE ANCLAJE INFERIOR: GM 10,5 x 39,5"""", """"TIPO DE ANCLAJE SUPERIOR: ESPIGA"""", """"TIPO DE ANCLAJE INFERIOR: BUJE""""]"",7,""[""""CORVEN: 42371G"""", """"FRIC ROT: E5116"""", """"MONROE: E5116"""", """"SACHS: 317 337""""]"",4,,,32.3824"
"10542GOP,https://icepar.specparts.shop/products/detail?slug=sadar_10542gop-35696,20,,,,,""[""""RENAULT CAPTUR 16 16V CVT (2018 AL 2026)"""", """"RENAULT CAPTUR 16 16V MT (2018 AL 2026)"""", """"RENAULT CAPTUR 20 16V (2016 AL 2026)""""]"",3,""[""""LADO: AMBOS"""", """"LONGITUD TOTAL COMPRIMIDCO: 426 mm"""", """"LONGITUD TOTAL EXTENDIDO: 675 mm"""", """"POSICION: TRASERO"""", """"TIPO DE ANCLAJE INFERIOR: BUJE"""", """"TIPO DE BUJE DE ANCLAJE INFERIOR: GM 15 x 40"""", """"TIPO DE ANCLAJE SUPERIOR: ESPIGA""""]"",7,""[""""COFAP: GB48297"""", """"CORVEN: 42641G"""", """"SACHS: 318 369"""", """"SACHS: 318369""""]"",4,,,30.7979"
"10544GOP,https://icepar.specparts.shop/products/detail?slug=sadar_10544gop-35698,21,,,,,""[""""VOLKSWAGEN POLO 16 16V AT (2015 AL 2022)"""", """"VOLKSWAGEN POLO 16 16V MT (2015 AL 2026)""""]"",2,""[""""LONGITUD TOTAL COMPRIMIDC: 452 mm"""", """"LONGITUD TOTAL EXTENDIDO: 679 mm"""", """"LADO: AMBOS"""", """"POSICION: TRASERO"""", """"TIPO DE BUJE DE ANCLAJE INFERIOR: GM 10 x 45"""", """"TIPO DE ANCLAJE INFERIOR: BUJE"""", """"TIPO DE ANCLAJE SUPERIOR: ESPIGA""""]"",7,""[""""CORVEN: 42356G"""", """"FRIC ROT: G1239"""", """"MONROE: G1239""""]"",3,,,28.5137"
"10545GOP,https://icepar.specparts.shop/products/detail?slug=sadar_10545gop-35699,21,,,,,""[""""FORD KUGA 16 GTDI ECOBCOST 150CV (2013 AL 2015)"""", """"FORD KUGA 16 GTDI ECOBOCOST 180CV (2013 AL 2016)"""", """"FORD KUGA 16 GTDI ECOBOOST150CV (2013 AL 2016)"""", """"FORD KUGA 20 GDTI ECOBCOST (2017 AL 2026)"""", """"FORD KUGA 20 GDTI ECOBCOST AT (2015 AL 2022)"""", """"FORD KUGA 25 (2009 AL 2014)""""]"",6,""[""""LONGITUD TOTAL COMPRIMIDCO: 397 mm"""", """"POSICION: TRASERO"""", """"LONGITUD TOTAL EXTENDIDO: 623 mm"""", """"LADO: AMBOS"""", """"TIPO DE ANCLAJE SUPERIOR: ESPIGA"""", """"TIPO DE BUJE DE ANCLAJE INFERIOR: GM 12 x 37"""", """"TIPO DE ANCLAJE INFERIOR: BUJE""""]"",7,""[""""CORVEN: 42849G"""", """"FRIC ROT: G1227"""", """"FRIC-ROT: 83845MX"""", """"MONROE: G1227"""", """"SACHS: 317 723"""", """"SACHS: 317723""""]"",6,,,34.8480"
"10549GOP,https://icepar.specparts.shop/products/detail?slug=sadar_10549gop-35703,21,,,,,""[""""CHEVROLET CRUZE LAT AT (2016 AL 2026)"""", """"CHEVROLET CRUZE LAT MT (2016 AL 2026)"""", """"CHEVROLET CRUZE 18 16V (2010 AL 2017)"""", """"CHEVROLET CRUZE 2.0 VCDI (2012 AL 2017)"""", """"CHEVROLET CRUZE 2.0 VCDI AT (2015 AL 2017)""""]"",5,""[""""LONGITUD TOTAL COMPRIMIDO: 384 mm"""", """"POSICION: TRASERO"""", """"LONGITUD TOTAL EXTENDIDO: 619 mm"""", """"LADO: AMBOS"""", """"TIPO DE ANCLAJE SUPERIOR: ESPIGA"""", """"TIPO DE ANCLAJE INFERIOR: BUJE"""", """"TIPO DE BUJE DE ANCLAJE INFERIOR: GM 12 x 39""""]"",7,""[""""CORVEN: 42372G"""", """"FRIC-ROT: 83875MX"""", """"MONROE: 83875Ml"""", """"SACHS: 317 952"""", """"SACHS: 317952""""]"",5,,,32.6674"
"10551GOP,https://icepar.specparts.shop/products/detail?slug=sadar_10551gop-35704,21,,,,,""[""""FIAT ARGO 13 8V Firefly MT (2017 AL 2026)"""", """"FIAT ARGO 18 16V AT (2017 AL 2026)"""", """"FIAT ARGO 18 16V MT (2017 AL 2026)""""]"",3,""[""""POSICION: TRASERO"""", """"LONGITUD TOTAL EXTENDIDO: 660 mm"""", """"LONGITUD TOTAL COMPRIMIDCO: 437 mm"""", """"LADO: AMBOS"""", """"TIPO DE ANCLAJE SUPERIOR: ESPIGA"""", """"TIPO DE ANCLAJE INFERIOR: BUJE"""", """"TIPO DE BUJE DE ANCLAJE INFERIOR: GM 10 x 40""""]"",7,""[""""COFAP: GB48294"""", """"CORVEN: 42603G"""", """"FRIC-ROT: 83873MX"""", """"SACHS: 318 223"""", """"SACHS: 318223""""]"",5,,,49.6040"
"10552GOP,https://icepar.specparts.shop/products/detail?slug=sadar_10552gop-35705,21,,,,,""[""""FIAT CRONOS 13 8V Firefly CVT (2018 AL 2026)"""", """"FIAT CRONOS 13 8V Firefly MT (2018 AL 2026)"""", """"FIAT CRONOS 18 16V AT (2018 AL 2026)"""", """"FIAT CRONOS 18 16V MT (2018 AL 2026)""""]"",4,""[""""LONGITUD TOTAL COMPRIMIDO: 388 mm"""", """"POSICION: TRASERO"""", """"LADO: AMBOS"""", """"LONGITUD TOTAL EXTENDIDO: 610 mm"""", """"TIPO DE ANCLAJE INFERIOR: BUJE"""", """"TIPO DE BUJE DE ANCLAJE INFERIOR: GM 10 x 40"""", """"TIPO DE ANCLAJE SUPERIOR: ESPIGA""""]"",7,""[""""COFAP: GB48310"""", """"CORVEN: 42678G"""", """"FRIC-ROT: 83872MX"""", """"SACHS: 318909""""]"",4,,,31.3712"
"10556GOP,https://icepar.specparts.shop/products/detail?slug=sadar_10556gop-35707,21,,,,,""[""""CITROEN C-ELYSEE 16 16¥V (2016 AL 2017)"""", """"CITROEN C-ELYSEE 16 16V AT (2017 AL 2022)"""", """"CITROEN C-ELYSEE 16 16V MT (2017 AL 2022)"""", """"CITROEN C-ELYSEE 16 HDI 92CV (2017 AL 2022)"""", """"PEUGEOT 301 14 HDI 92CV (2017 AL 2022)"""", """"PEUGEOT 301 14 VTI (2017 AL 2026)"""", """"PEUGEOT 301 14 VTI TIPTRONIC (2017 AL 2022)""""]"",7,""[""""LONGITUD TOTAL EXTENDIDO: 487 mm"""", """"LONGITUD TOTAL COMPRIMIDCO: 341 mm"""", """"POSICION: TRASERO"""", """"LADO: AMBOS"""", """"TIPO DE ANCLAJE INFERIOR: BUJE"""", """"TIPO DE BUJE DE ANCLAJE INFERIOR: GM 12,2x 48"""", """"TIPO DE ANCLAJE SUPERIOR: BUJE"""", """"TIPO DE BUJE DE ANCLAJE SUPERIOR: GM 10x 55""""]"",8,""[""""CORVEN: 42631G"""", """"MONROE: 83889MI"""", """"SACHS: 318 212"""", """"SACHS: 318212""""]"",4,,,35.4228"
"20001HOP,https://icepar.specparts.shop/products/detail?slug=sadar_20001hop-35708,21,,,,,""[""""VOLKSWAGEN GACEL 16 &V (1983 AL 1993)"""", """"VOLKSWAGEN GACEL 16 D (1992 AL 1993)"""", """"VOLKSWAGEN GACEL 18 GLS5 (1987 AL 1994)"""", """"VOLKSWAGEN GOL 16 CFI (1991 AL 1996)"""", """"VOLKSWAGEN GOL 18 GL (1993 AL 1995)"""", """"VOLKSWAGEN GOL 2.0 (1991 AL 1994)"""", """"VOLKSWAGEN SENDA 16 8V (1989 AL 1997)"""", """"VOLKSWAGEN SENDA 16 D (1990 AL 1997}""""]"",8,""[""""LONGITUD TOTAL EXTENDIDO: 589 mm"""", """"LONGITUD TOTAL COMPRIMIDO: 367 mm"""", """"POSICION: TRASERO"""", """"LADO: AMBOS"""", """"TIPO DE ANCLAJE SUPERIOR: ESPIGA"""", """"TIPO DE ANCLAJE INFERIOR: BUJE"""", """"TIPO DE BUJE DE ANCLAJE INFERIOR: GM 10 x 50""""]"",7,""[""""COFAP: B47554"""", """"CORVEN: 44209"""", """"FRIC ROT: 38817MX"""", """"FRIC-ROT: 38817MX"""", """"MONROE: 38817MI"""", """"SACHS: 1318"""", """"SACHS: 316026""""]"",7,,,41.7476"
"20001HRP,https://icepar.specparts.shop/products/detail?slug=sadar_20001hrp-35709,21,,,,,""[""""VOLKSWAGEN GACEL 16 &V (1983 AL 1993)"""", """"VOLKSWAGEN GACEL 16 D (1992 AL 1993)"""", """"VOLKSWAGEN GACEL 18 GLS5 (1987 AL 1994)"""", """"VOLKSWAGEN GOL 16 CFI (1991 AL 1996)"""", """"VOLKSWAGEN GOL 18 GL (1993 AL 1995)"""", """"VOLKSWAGEN GOL 2.0 (1991 AL 1994)"""", """"VOLKSWAGEN SENDA 16 8V (1989 AL 1997)"""", """"VOLKSWAGEN SENDA 16 D (1990 AL 1997}""""]"",8,""[""""LONGITUD TOTAL EXTENDIDO: 512 mm"""", """"LADO: AMBOS"""", """"POSICION: TRASERO"""", """"LONGITUD TOTAL COMPRIMIDO: 320 mm"""", """"TIPO DE BUJE DE ANCLAJE INFERIOR: GM 10 x 50"""", """"TIPO DE ANCLAJE SUPERIOR: ESPIGA"""", """"TIPO DE ESPIGA DE ANCLAJE SUPERIOR: ESP 12,5x61"""", """"TIPO DE ANCLAJE INFERIOR: BUJE""""]"",8,""[""""CORVEN: 5C14209""""]"",1,,,33.2526"
"20002HOP,https://icepar.specparts.shop/products/detail?slug=sadar_20002hop-35710,21,,,,,""[""""FORD GALAXY 18) (1994 AL 1996)"""", """"FORD GALAXY 2.0 (1991 AL 1996)"""", """"VOLKSWAGEN CARAT 14 (1987 AL 1991)"""", """"VOLKSWAGEN CARAT 2.0 (1989 AL 1992)"""", """"VOLKSWAGEN QUANTUM 18 (1986 AL 1994)"""", """"VOLKSWAGEN QUANTUM 2.0 (1992 AL 1993)""""]"",6,""[""""LONGITUD TOTAL EXTENDIDO: 589 mm"""", """"LONGITUD TOTAL COMPRIMIDCO: 371 mm"""", """"POSICION: TRASERO"""", """"LADO: AMBOS"""", """"TIPO DE BUJE DE ANCLAJE INFERIOR: GM 10 x 50"""", """"TIPO DE ANCLAJE SUPERIOR: ESPIGA"""", """"TIPO DE ANCLAJE INFERIOR: BUJE""""]"",7,""[""""COFAP: B27039"""", """"CORVEN: 44304"""", """"FRIC ROT: 38201MX"""", """"FRIC-ROT: 38201MX"""", """"MONROE: 38201MI"""", """"SACHS: 3060G"""", """"SACHS: 316086""""]"",7,,,36.2540"
"20004GOP,https://icepar.specparts.shop/products/detail?slug=sadar_20004gop-35713,21,,,,,""[""""SEAT CORDOBA 1.4 (1994 AL 1996)"""", """"SEAT CORDOBA 1.6 (1996 AL 2003)"""", """"SEAT CORDOBA 1.8 (1994 AL 1997)"""", """"SEAT CORDOBA 1.9 TD (1994 AL 1998)"""", """"SEAT CORDOBA 1.9 TDI (1997 AL 2003)"""", """"SEAT CORDOBA 1.9D (1994 AL 2003)"""", """"SEAT CORDOBA 2.0 (1997 AL 1999)"""", """"SEAT IBIZA 10 (1997 AL 2000)"""", """"SEAT IBIZA 13 (1992 AL 1994)"""", """"SEAT IBIZA 14 (1996 AL 1997)"""", """"SEAT IBIZA 16 (1996 AL 1997)"""", """"SEAT IBIZA 18 (1994 AL 1997)"""", """"SEAT IBIZA 18 16V (1995 AL 1997)"""", """"SEAT IBIZA L9D (1993 AL 2000)"""", """"SEAT IBIZA 2.0 (1994 AL 2000)"""", """"SEAT IBIZA 2.0 16V (1996 AL 2000)"""", """"VOLKSWAGEN POLO CLASSIC 16 8V (2001 AL 2009)"""", """"VOLKSWAGEN POLO CLASSIC 16 MI (1996 AL 2001)"""", """"VOLKSWAGEN POLO CLASSIC 18 MI (1997 AL 2009)"""", """"VOLKSWAGEN POLO CLASSIC 19 5D (1996 AL 2005)"""", """"VOLKSWAGEN POLO CLASSIC 19 TDI (1998 AL 2009)""""]"",21,""[""""LADO: AMBOS"""", """"LONGITUD TOTAL EXTENDIDO: 557 mm"""", """"POSICION: TRASERO"""", """"LONGITUD TOTAL COMPRIMIDCO: 371 mm"""", """"TIPO DE BUJE DE ANCLAJE INFERIOR: GM 10 x 50"""", """"TIPO DE ANCLAJE SUPERIOR: ESPIGA"""", """"TIPO DE ANCLAJE INFERIOR: BUJE""""]"",7,""[""""COFAP: B47846"""", """"CORVEN: 44379G"""", """"FRIC ROT: 38060MX"""", """"FRIC-ROT: 38060MX"""", """"MONROE: 38060MI"""", """"SACHS: 1052G"""", """"SACHS: 316014""""]"",7,,,53.3435"
"20005HRP,https://icepar.specparts.shop/products/detail?slug=sadar_20005hrp-35716,21,,,,,""[""""FORD ORION 161 (1993 AL 1998)"""", """"FORD ORION 14) (1993 AL 1998)"""", """"FORD ORION 181 (1994 AL 1997)"""", """"FORD ORION 2.01 (1994 AL 1997)"""", """"VOLKSWAGEN POINTER 16 CFI (1994 AL 1997)"""", """"VOLKSWAGEN POINTER 18 (1993 AL 1994)"""", """"VOLKSWAGEN POINTER 2.0 (1994 AL 1997)""""]"",7,""[""""LONGITUD TOTAL COMPRIMIDO: 335 mm"""", """"LONGITUD TOTAL EXTENDIDO: 549 mm"""", """"POSICION: TRASERO"""", """"LADO: AMBOS"""", """"TIPO DE ANCLAJE INFERIOR: BUJE"""", """"TIPO DE ANCLAJE SUPERIOR: ESPIGA"""", """"TIPO DE BUJE DE ANCLAJE INFERIOR: GM 12 x46"""", """"TIPO DE ESPIGA DE ANCLAJE SUPERIOR: ESP 11x82""""]"",8,[],0,,,27.1240"
"20006GOP,https://icepar.specparts.shop/products/detail?slug=sadar_20006gop-35717,21,,,,,""[""""RENAULT TWINGO 11 (1997 AL 2003)"""", """"RENAULT TWINGO 1.2 (1992 AL 2000)""""]"",2,""[""""POSICION: TRASERO"""", """"LONGITUD TOTAL COMPRIMIDC: 420 mm"""", """"LADO: AMBOS"""", """"LONGITUD TOTAL EXTENDIDO: 683 mm"""", """"TIPO DE BUJE DE ANCLAJE INFERIOR: GM 12 x 40"""", """"TIPO DE ANCLAJE INFERIOR: BUJE"""", """"TIPO DE ANCLAJE SUPERIOR: ESPIGA""""]"",7,""[""""COFAP: GB47859"""", """"CORVEN: 44295G"""", """"FRIC ROT: 38203MX"""", """"FRIC-ROT: 38203MX"""", """"MONROE: 38203MI"""", """"SACHS: 316139"""", """"SACHS: 4086G"""", """"TRW: JGS45565""""]"",8,,,33.2865"
"20006HRP,https://icepar.specparts.shop/products/detail?slug=sadar_20006hrp-35718,21,,,,,""[""""RENAULT TWINGO 11 (1997 AL 2003)"""", """"RENAULT TWINGO 1.2 (1992 AL 2000)""""]"",2,""[""""LONGITUD TOTAL EXTENDIDO: 624 mm"""", """"LONGITUD TOTAL COMPRIMIDO: 384 mm"""", """"POSICION: TRASERO"""", """"LADO: AMBOS"""", """"TIPO DE ESPIGA DE ANCLAJE SUPERIOR: ESP 10x 34"""", """"TIPO DE BUJE DE ANCLAJE INFERIOR: GM 12 x 40"""", """"TIPO DE ANCLAJE SUPERIOR: ESPIGA"""", """"TIPO DE ANCLAJE INFERIOR: BUJE""""]"",8,[],0,,,21.2331"
"20007HOP,https://icepar.specparts.shop/products/detail?slug=sadar_20007hop-35719,21,,,,,""[""""FORD FIESTA 1.3 CL (1994 AL 1997)"""", """"FORD FIESTA 1.31 (1994 AL 1999)"""", """"FORD FIESTA 1.8D (1994 AL 1999)""""]"",3,""[""""LONGITUD TOTAL EXTENDIDO: 684 mm"""", """"LONGITUD TOTAL COMPRIMIDC: 570 mm"""", """"POSICION: TRASERO"""", """"LADO: AMBOS"""", """"TIPO DE BUJE DE ANCLAJE INFERIOR: GM 12 x 45.5"""", """"TIPO DE BUJE DE ANCLAJE SUPERIOR: GM 10x 32"""", """"TIPO DE ANCLAJE INFERIOR: BUJE"""", """"TIPO DE ANCLAJE SUPERIOR: BUJE""""]"",8,""[""""COFAP: B47817"""", """"CORVEN: 44272"""", """"FRIC ROT: 38204MX"""", """"FRIC-ROT: 38204MX"""", """"MONROE: 38204MI"""", """"SACHS: 3068"""", """"SACHS: 316092""""]"",7,,,34.0692"
"20008HRP,https://icepar.specparts.shop/products/detail?slug=sadar_20008hrp-35721,21,,,,,""[""""VOLKSWAGEN GOL 10 MI (1999 AL 2003)"""", """"VOLKSWAGEN GOL 16 CFI (1991 AL 1998)"""", """"VOLKSWAGEN GOL 16 D (1995 AL 1998)"""", """"VOLKSWAGEN GOL 18 CFI (1995 AL 1997)"""", """"VOLKSWAGEN GOL 18 GL (1993 AL 1995)"""", """"VOLKSWAGEN GOL 18 MI (1995 AL 2003)"""", """"VOLKSWAGEN GOL 19 5D (1998 AL 2009)"""", """"VOLKSWAGEN GOL 19D (1998 AL 1999)"""", """"VOLKSWAGEN GOL 2.0 (1991 AL 1999)"""", """"VOLKSWAGEN GOL 2.0 16V (1995 AL 2001)"""", """"VOLKSWAGEN GOL TREND 16 8V IMCTION (2008 AL 2017)"""", """"VOLKSWAGEN VOYAGE 16 8V (2008 AL 2015)""""]"",12,""[""""LONGITUD TOTAL EXTENDIDO: 537 mm"""", """"POSICION: TRASERO"""", """"LADO: AMBOS"""", """"LONGITUD TOTAL COMPRIMIDO: 339 mm"""", """"TIPO DE ANCLAJE SUPERIOR: ESPIGA"""", """"TIPO DE ANCLAJE INFERIOR: BUJE"""", """"TIPO DE ESPIGA DE ANCLAJE SUPERIOR: ESP 10,5x79"""", """"TIPO DE BUJE DE ANCLAJE INFERIOR: GM 10 x 50""""]"",8,""[""""CORVEN: 5C14277""""]"",1,,,37.4113"
