codigo,detail_url,page,arts_articulo,arts_articulo_emp,arts_nombre,arts_descripcion,aplicaciones_ocr,aplicaciones_ocr_count,atributos_ocr,atributos_ocr_count,referencias_ocr,referencias_ocr_count,oem_ocr,oem_ocr_count,processing_seconds
600 0084 00,https://icepar.specparts.shop/products/detail?slug=luk_600008400-1319198,835,,,,,[],0,[],0,"[""LUK: 600 0084 000""]",1,,,7.3779
625 3212 33,https://icepar.specparts.shop/products/detail?slug=luk_625321233-1319200,835,,,,,[],0,[],0,[],0,,,2.6076
600 0136 00,https://icepar.specparts.shop/products/detail?slug=luk_600013600-1319227,835,,,,,[],0,[],0,"[""LUK: 600 0136 000""]",1,,,7.1881
3000 950 527,https://icepar.specparts.shop/products/detail?slug=sachs_3000950527-1319246,835,,,,,"[""RENAULT R19 L9D (1991 AL 1996)""]",1,"[""CANTIDAD DE ESTRIAS DE DISCO: 26"", ""DIAMETRO EXTERIOR DE DISCO: 200 mm""]",2,[],0,,,12.5421
600 0239 00,https://icepar.specparts.shop/products/detail?slug=luk_600023900-1319258,835,,,,,[],0,[],0,[],0,,,2.6708
622 3429 34,https://icepar.specparts.shop/products/detail?slug=luk_622342934-1319309,835,,,,,[],0,[],0,[],0,,,34.0842
HDK-195,https://icepar.specparts.shop/products/detail?slug=phcvaleo_hdk195-1319310,835,,,,,[],0,[],0,[],0,,,2.7380
832088,https://icepar.specparts.shop/products/detail?slug=valeo_832088-1319411,835,,,,,[],0,[],0,[],0,,,2.7360
600 0143 00,https://icepar.specparts.shop/products/detail?slug=luk_600014300-1319510,835,,,,,[],0,[],0,[],0,,,2.6872
2290 601 060,https://icepar.specparts.shop/products/detail?slug=sachs_2290601060-18620,835,,,,,"[""AUDI A3 18 TFSI (2008 AL 2015)"", ""AUDI A3 2.0 TFSI (2006 AL 2015)"", ""AUDI TT 2.0 TFSI (2006 AL 2013)"", ""SEAT LEON 2.0 FSI (2008 AL 2005)"", ""VOLKSWAGEN GOLF 2.0 TSI (2011 AL 2014)"", ""VOLKSWAGEN PASSAT 1.8 TSI (2011 AL 2016)"", ""VOLKSWAGEN PASSAT 2.0 FSI (2006 AL 2010)"", ""VOLKSWAGEN PASSAT 2.0 TDI (2006 AL 2011)"", ""VOLKSWAGEN SCIROCCO 2.0TSI (2012 AL 2016)"", ""VOLKSWAGEN VENTO 20 TFSI (2007 AL 2011)""]",10,"[""DIAMETRO DE ESTRIADO DE DISCO: 218 mm"", ""CANTIDAD DE ESTRIAS DE DISCO: 23"", ""DIAMETRO EXTERIOR DE DISCO: 240 mm""]",3,[],0,,,26.8941
2290 601 009,https://icepar.specparts.shop/products/detail?slug=sachs_2290601009-18623,835,,,,,"[""AUDI A3 2.0 TDI (2008 AL 2015)"", ""SEAT ALTEA 2.0 TDI (2008 AL 2009)"", ""SEAT LEON 2.0 TDI (2008 AL 2009)"", ""VOLKSWAGEN PASSAT 2.0 TDI (2006 AL 2011)"", ""VOLKSWAGEN PASSAT 2.0 TDI BLUEMOTION (2011 AL 2016)"", ""VOLKSWAGEN VENTO 20 TDI (2006 AL 2011)""]",6,"[""DIAMETRO EXTERIOR DE DISCO: 240 mm"", ""CANTIDAD DE ESTRIAS DE DISCO: 23""]",2,"[""SACHS: 5X%:2290 601 009""]",1,,,29.0983
2290 601 050,https://icepar.specparts.shop/products/detail?slug=sachs_2290601050-18658,836,,,,,"[""VOLKSWAGEN VENTO 20 TDI 110CV (2011 AL 2016)"", ""VOLKSWAGEN VENTO 20 TDI 140CV (2011 AL 2015)""]",2,"[""CANTIDAD DE ESTRIAS DE DISCO: 28"", ""DIAMETRO DE ESTRIADO DE DISCO: 24.2 mm"", ""DIAMETRO EXTERIOR DE DISCO: 228 mm""]",3,"[""SACHS: 2290 602 004""]",1,,,22.2209
2290 601 051,https://icepar.specparts.shop/products/detail?slug=sachs_2290601051-18659,836,,,,,"[""AUDI A3 2.0 TFSI (2016 AL 2018)"", ""VOLKSWAGEN PASSAT 2.0 TSI (2007 AL 2011)""]",2,"[""CANTIDAD DE ESTRIAS DE DISCO: 23"", ""DIAMETRO EXTERIOR DE DISCO: 240 mm"", ""DIAMETRO DE ESTRIADO DE DISCO: 24.2 mm""]",3,"[""SACHS: 2290 601021""]",1,,,21.3351
2290 601 011,https://icepar.specparts.shop/products/detail?slug=sachs_2290601011-18688,836,,,,,"[""MERCEDES BENZ SPRINTER 2.2 CDI (2002 AL 2014)""]",1,"[""DIAMETRO EXTERIOR DE DISCO: 240 mm"", ""DIAMETRO EXTERIOR DE PLACA: 26 mm""]",2,"[""SACHS: 5%:2290 601011""]",1,,,17.5284
2289 000 041,https://icepar.specparts.shop/products/detail?slug=sachs_2289000041-18704,836,,,,,"[""VOLKSWAGEN BORA 139 TDI (2005 AL 2016)"", ""VOLKSWAGEN GOLF 19 TDI (1999 AL 2011)""]",2,"[""DIAMETRO EXTERIOR DE DISCO: 228 mm"", ""CANTIDAD DE ESTRIAS DE DISCO: 28""]",2,"[""LUK: 417 0019 110"", ""SACHS: 1999""]",2,,,21.5262
2289 601 002,https://icepar.specparts.shop/products/detail?slug=sachs_2289601002-18710,836,,,,,"[""AUDI A3 2.0 TDI (2005 AL 2015)"", ""SEAT ALTEA 2.0 TDI (2008 AL 2009)"", ""SEAT LEON 2.0 TDI (2008 AL 2009)"", ""SEAT TOLEDO 2.0 TDI (2008 AL 2005)"", ""VOLKSWAGEN PASSAT 2.0 TDI (2006 AL 2011)"", ""VOLKSWAGEN PASSAT 2.0 TDI BLUEMOTION (2011 AL 2016)"", ""VOLKSWAGEN VENTO 20 TDI (2006 AL 2011)""]",7,"[""CANTIDAD DE ESTRIAS DE DISCO: 23"", ""DIAMETRO EXTERIOR DE DISCO: 240 mm""]",2,"[""SACHS: 5%:2289 601002""]",1,,,24.7862
2290 601 108,https://icepar.specparts.shop/products/detail?slug=sachs_2290601108-18713,836,,,,,"[""MERCEDES BENZ SPRINTER 2.2 CDI 116CV (2012 AL 2026)"", ""MERCEDES BENZ SPRINTER 2.2 CDI 150CV (2016 AL 2026)""]",2,"[""CANTIDAD DE ESTRIAS DE DISCO: 26"", ""DIAMETRO EXTERIOR DE DISCO: 240 mm""]",2,"[""SACHS: 2290 601 103:009""]",1,,,19.5192
2289 000 298,https://icepar.specparts.shop/products/detail?slug=sachs_2289000298-18714,836,,,,,"[""AUDI A4 2.0 TDI (2006 AL 2014)"", ""AUDI Q5 20 TDI (2009 AL 2014)""]",2,"[""DIAMETRO EXTERIOR DE DISCO: 240 mm"", ""CANTIDAD DE ESTRIAS DE DISCO: 28""]",2,"[""SACHS: 2289 000 1438"", ""SACHS: 2289 000 293:009""]",2,,,20.4896
2290 601 022,https://icepar.specparts.shop/products/detail?slug=sachs_2290601022-35164,836,,,,,"[""AUDI A3 LBT (180 CV) (2000 AL 2004)""]",1,"[""CANTIDAD DE ESTRIAS DE DISCO: 28"", ""DIAMETRO EXTERIOR DE DISCO: 228 mm""]",2,"[""SACHS: 5%:2290 601022""]",1,,,17.7518
2290 601 015,https://icepar.specparts.shop/products/detail?slug=sachs_2290601015-35167,836,,,,,"[""AUDI A4 18 (1997 AL 2000)"", ""AUDI A4 18 T (1998 AL 2008)""]",2,"[""DIAMETRO DE ESTRIADO DE DISCO: 24.2 mm"", ""CANTIDAD DE ESTRIAS DE DISCO: 23"", ""DIAMETRO EXTERIOR DE DISCO: 240 mm""]",3,[],0,,,15.0696
2290 601 047,https://icepar.specparts.shop/products/detail?slug=sachs_2290601047-35257,836,,,,,"[""FORD FOCUS 2.0 16¥ (2005 AL 2010)""]",1,"[""CANTIDAD DE ESTRIAS DE DISCO: 23"", ""DIAMETRO EXTERIOR DE DISCO: 228 mm""]",2,[],0,,,12.0374
2290 601 002,https://icepar.specparts.shop/products/detail?slug=sachs_2290601002-35267,836,,,,,"[""CITROEN BERLINGG 1.6 HDI (2010 AL 2026)"", ""CITROEN BERLINGO 1.6 HDI 110CV (2011 AL 2014)"", ""PEUGEOT PARTNER 16 HDI (2010 AL 2011)""]",3,"[""DIAMETRO EXTERIOR DE PLACA: 228 mm"", ""CANTIDAD DE ESTRIAS DE DISCO: 18""]",2,[],0,,,14.8636
2290 601 101,https://icepar.specparts.shop/products/detail?slug=sachs_2290601101-35293,836,,,,,"[""CITROEN C4 16 HDI (2011 AL 2014)"", ""PEUGEOT 308 1.6 HDI (2011 AL 2026)"", ""PEUGEOT 408 14 HDI (2011 AL 2026)""]",3,"[""DIAMETRO EXTERIOR DE DISCO: 235 mm"", ""CANTIDAD DE ESTRIAS DE DISCO: 26""]",2,"[""SACHS: 2290 601089"", ""SACHS: 2290 601 101:009""]",2,,,21.5793
2289 601 001,https://icepar.specparts.shop/products/detail?slug=sachs_2289601001-62208,836,,,,,"[""AUDI A3 19 TDI (1997 AL 2005, 2008 AL 2005)"", ""SEAT ALHAMBRA 139 TDI (1997 AL 1999)"", ""SEAT CORDOBA 1.9 TDI (1997 AL 2005)"", ""SEAT IBIZA 19 TDI (2003 AL 2005)"", ""VOLKSWAGEN GOLF 19 TDI (1999 AL 2011)"", ""VOLKSWAGEN SHARAN 19 TDI (2001 AL 2011)""]",6,"[""DIAMETRO: 240 mm"", ""NUMERO DE DIENTES: 23""]",2,"[""SACHS: 5%:2289 601001""]",1,,,23.9497
2290 601 003,https://icepar.specparts.shop/products/detail?slug=sachs_2290601003-62209,836,,,,,"[""PEUGEOT 307 2.0 HDI 110CV (2006 AL 2012)""]",1,"[""DIAMETRO EXTERIOR DE DISCO: 228 mm"", ""CANTIDAD DE ESTRIAS DE DISCO: 18""]",2,"[""SACHS: 5X%:2290 601003""]",1,,,17.3356
2289 000 280,https://icepar.specparts.shop/products/detail?slug=sachs_2289000280-106884,836,,,,,"[""AUDI A3 19 TDI (1997 AL 2005, 2008 AL 2005)"", ""SEAT LEON 19 TDI (2009 AL 2011)""]",2,"[""CANTIDAD DE ESTRIAS DE DISCO: 23"", ""DIAMETRO EXTERIOR DE DISCO: 240 mm""]",2,"[""SACHS: 5X%:2289 000 280""]",1,,,19.5158
417 0027 10,https://icepar.specparts.shop/products/detail?slug=luk_417002710-986191,836,,,,,"[""VOLKSWAGEN TRANSPORTER 24 SD (1999 AL 2004)""]",1,"[""DIAMETRO EXTERIOR DE DISCO: 228 mm"", ""CANTIDAD DE ESTRIAS DE DISCO: 28""]",2,"[""LUK: 4170027100""]",1,,,18.0496
417 0019 11,https://icepar.specparts.shop/products/detail?slug=luk_417001911-986209,836,,,,,"[""AUDI A3 LBT (180 CV) (2000 AL 2004)"", ""AUDI A3 18 T (1997 AL 2005)"", ""AUDI A3 18 TFSI (2008 AL 2015)"", ""AUDI A3 19 TDI (1997 AL 2005, 2008 AL 2005)"", ""SEAT LEON 18 20V (2001 AL 2005)"", ""SEAT LEON 18 20V T (2003 AL 2005)"", ""SEAT LEON 19 TDI (2001 AL 2005, 2009 AL 2011)"", ""SEAT TOLEDO 1.8 20V (2000 AL 2005)"", ""SEAT TOLEDO 1.9 TDI (1994 AL 2005)"", ""VOLKSWAGEN BORA 18T (2003 AL 2016)"", ""VOLKSWAGEN BORA 19 TDI (2000 AL 2016)"", ""VOLKSWAGEN GOLF L&T (1999 AL 2011)"", ""VOLKSWAGEN GOLF 19 TDI (1999 AL 2011)""]",13,"[""CANTIDAD DE ESTRIAS DE DISCO: 28"", ""DIAMETRO EXTERIOR DE DISCO: 220 mm""]",2,"[""LUK: 4170019110""]",1,,,33.1274
417 0020 10,https://icepar.specparts.shop/products/detail?slug=luk_417002010-986213,836,,,,,[],0,[],0,"[""LUK: 4170020100""]",1,,,7.4678
600 0048 00,https://icepar.specparts.shop/products/detail?slug=luk_600004800-986376,836,,,,,"[""AGRALE MA MA 10.0 (2017 AL 2026)"", ""AGRALE MA MA 17.0 (2015 AL 2026)"", ""CITROEN C5 16 THP 156CV (2011 AL 2013)"", ""CITROEN C5 2.0 16¥ (2002 AL 2005)"", ""CITROEN C5 2.0 HDI (2002 AL 2013)"", ""CITROEN C5 2.01 16V (2005 AL 2011)"", ""CITROEN C5 3.0 V6 (2002 AL 2011)"", ""PEUGEOT 406 14 (1996 AL 1999)"", ""PEUGEOT 406 1.9 TD (1991 AL 2001)"", ""PEUGEOT 406 2.0 (138CV) (2000 AL 2002)"", ""PEUGEOT 406 2.0 (1996 AL 2003)"", ""PEUGEOT 406 2.0 HDI (2000 AL 2004)"", ""PEUGEOT 406 2.0 ST (1999 AL 2002)"", ""PEUGEOT 406 2.1 TD (1999 AL 2001)"", ""PEUGEOT 406 2.2 (2001 AL 2004)"", ""PEUGEOT 406 3.0 V6 (1998 AL 2004)"", ""PEUGEOT 806 2.0 (1993 AL 1998)"", ""PEUGEOT 806 2.0 HDI (2000 AL 2002)"", ""PEUGEOT 806 2.0 ST (2000 AL 2002)"", ""PEUGEOT 807 2.0 16¥V (2009 AL 2010)"", ""PEUGEOT 807 2.0 HDI (2003 AL 2010)""]",21,"[""DIAMETRO EXTERIOR DE DISCO: 225 mm"", ""CANTIDAD DE ESTRIAS DE DISCO: 21""]",2,"[""LUK: 6000048000""]",1,,,41.8004
600 0299 00,https://icepar.specparts.shop/products/detail?slug=luk_600029900-986405,836,,,,,[],0,[],0,[],0,,,2.7876
600 0148 00,https://icepar.specparts.shop/products/detail?slug=luk_600014800-986460,836,,,,,"[""MERCEDES BENZ 200 2.0 (1984 AL 1985, 1992 AL 1995)"", ""MERCEDES BENZ 200 2.0 TD (1984 AL 1994)"", ""MERCEDES BENZ 200 2.0 TE (1988 AL 1992)"", ""NISSAN 200 2.0 (1991 AL 1997)""]",4,"[""CANTIDAD DE ESTRIAS DE DISCO: 23"", ""DIAMETRO EXTERIOR DE DISCO: 240 mm""]",2,"[""LUK: 6000148000""]",1,,,21.8209
600 0201 00,https://icepar.specparts.shop/products/detail?slug=luk_600020100-986471,836,,,,,"[""VOLKSWAGEN AMAROK 2.0 TDI BIT 180CV (2014 AL 2017)""]",1,"[""DIAMETRO EXTERIOR DE DISCO: 240 mm""]",1,"[""LUK: 6000201000""]",1,,,16.1639
602 0006 00,https://icepar.specparts.shop/products/detail?slug=luk_602000600-986497,836,,,,,"[""AUDI A3 14 TFSI (2010 AL 2015)"", ""AUDI A3 16 (2006 AL 2015)"", ""AUDI A3 18 TFSI (2008 AL 2015)"", ""AUDI Q2 14 TFSI TIPTRONIC (2018 AL 2022)"", ""AUDI TT 18 TFSI (2009 AL 2017)"", ""SEAT IBIZA 16 (2010 AL 2011)"", ""SEAT LEON 16 (2009 AL 2011)"", ""SEAT LEON 18 TFSI (2009 AL 2011)"", ""VOLKSWAGEN GOLF 14 TSI (2015 AL 2026)"", ""VOLKSWAGEN THE BEETLE 14 TSI (2014 AL 2022)""]",10,[],0,"[""LUK: 6020006000"", ""SACHS: 3000 943 003""]",2,,,23.3843
600 0006 00,https://icepar.specparts.shop/products/detail?slug=luk_600000600-986502,836,,,,,"[""AUDI A3 18 T (1997 AL 2001)"", ""AUDI A3 19 TDI (1997 AL 2001)"", ""SEAT LEON 19 TDI (2001 AL 2005)"", ""SEAT TOLEDO 1.9 TDI (2000 AL 2005)"", ""VOLKSWAGEN BORA 18T (2003 AL 2016)"", ""VOLKSWAGEN GOLF L&T (1999 AL 2002)"", ""VOLKSWAGEN NEW BEETLE 19 TDI (2003 AL 2008)"", ""VOLKSWAGEN POLO CLASSIC 19 TDI (1998 AL 2000)""]",8,"[""DIAMETRO EXTERIOR DE DISCO: 228 mm"", ""CANTIDAD DE ESTRIAS DE DISCO: 28""]",2,"[""SACHS: 3000 951790"", ""VALEO: 836608""]",2,,,28.1263
600 0173 00,https://icepar.specparts.shop/products/detail?slug=luk_600017300-986554,837,,,,,[],0,[],0,[],0,,,5.9804
602 0008 00,https://icepar.specparts.shop/products/detail?slug=luk_602000800-986564,837,,,,,"[""FORD FOCUS 16 16¥ (2013 AL 2021)""]",1,[],0,"[""LUK: 6020008000"", ""SACHS: 3000 943 007""]",2,,,12.0341
602 0001 00,https://icepar.specparts.shop/products/detail?slug=luk_602000100-986643,837,,,,,"[""AUDI A3 14 TFSI (2010 AL 2015)"", ""AUDI A3 14 TFSI 122CV (2013 AL 2015)"", ""AUDI A3 14 TSI 122CV (2015 AL 2018)"", ""AUDI A3 16 (2006 AL 2015)"", ""AUDI A3 18 TFSI (2008 AL 2015)"", ""AUDI A3 18 TFSI 180CV (2013 AL 2018)"", ""SEAT IBIZA 16 (2010 AL 2011)"", ""SEAT LEON 16 (2009 AL 2011)"", ""VOLKSWAGEN PASSAT 1.8 TSI (2011 AL 2016)"", ""VOLKSWAGEN SCIROCCO 14 TSI (2012 AL 2017}""]",10,[],0,"[""LUK: 6020001000"", ""SACHS: 3000 943001""]",2,,,23.2894
600 0056 00,https://icepar.specparts.shop/products/detail?slug=luk_600005600-986653,837,,,,,"[""AGRALE MA MA 10.0 (2017 AL 2026)"", ""AGRALE MA MA 17.0 (2015 AL 2026)"", ""MERCEDES BENZ 200 2.0 (1984 AL 1985, 1992 AL 1995)"", ""MERCEDES BENZ 200 2.0 TD (1984 AL 1994)"", ""MERCEDES BENZ 200 2.0 TE (1988 AL 1992)"", ""MERCEDES BENZ SPRINTER 2.2 CDI (2002 AL 2014)"", ""MERCEDES BENZ SPRINTER 2.5D (1996 AL 2002)"", ""NISSAN 200 2.0 (1991 AL 1997)""]",8,"[""CANTIDAD DE ESTRIAS DE DISCO: 26"", ""DIAMETRO EXTERIOR DE DISCO: 240 mm""]",2,"[""LUK: 6000056000"", ""SACHS: 2290 601011""]",2,,,27.6057
600 0199 00,https://icepar.specparts.shop/products/detail?slug=luk_600019900-986754,837,,,,,"[""VOLKSWAGEN VENTO 20 TDI 140CV (2011 AL 2015)""]",1,"[""DIAMETRO EXTERIOR DE DISCO: 230 mm"", ""CANTIDAD DE ESTRIAS DE DISCO: 28""]",2,"[""SACHS: 2290 601050"", ""SACHS: 2294 601017""]",2,,,18.4585
3090 600 010,https://icepar.specparts.shop/products/detail?slug=sachs_3090600010-18663,837,,,,,"[""CHRYSLER NEON 2.0 (1994 AL 1999)""]",1,"[""CANTIDAD DE ESTRIAS DE DISCO: 17"", ""DIAMETRO EXTERIOR DE DISCO: 228 mm""]",2,[],0,,,11.8475
3090 600 005,https://icepar.specparts.shop/products/detail?slug=sachs_3090600005-35186,837,,,,,"[""CHRYSLER PT CRUISER 2.41 (2006 AL 2011)""]",1,"[""DIAMETRO DE ESTRIADO DE DISCO: 23.8 mm"", ""CANTIDAD DE ESTRIAS DE DISCO: 17"", ""DIAMETRO EXTERIOR DE DISCO: 240 mm""]",3,[],0,,,12.7396
3089 600 110,https://icepar.specparts.shop/products/detail?slug=sachs_3089600110-56592,837,,,,,"[""DODGE JOURNEY 2.4 16¥V (2008 AL 2020)""]",1,"[""DIAMETRO EXTERIOR DE DISCO: 240 mm"", ""CANTIDAD DE ESTRIAS DE DISCO: 17""]",2,"[""SACHS: 3089 600 110:009""]",1,,,17.1975
3089 000 024,https://icepar.specparts.shop/products/detail?slug=sachs_3089000024-62321,837,,,,,[],0,"[""DIAMETRO EXTERIOR DE DISCO: 240 mm""]",1,"[""SACHS: 5X%:3089 000 024""]",1,,,12.7499
3089 001 131,https://icepar.specparts.shop/products/detail?slug=sachs_3089001131-62322,837,,,,,[],0,"[""DIAMETRO: 240 mm""]",1,"[""SACHS: 5X%:3089 001 131""]",1,,,12.5340
3089 600 101,https://icepar.specparts.shop/products/detail?slug=sachs_3089600101-62323,837,,,,,"[""CHRYSLER PT CRUISER 2.0 (2004 AL 2006)"", ""CHRYSLER PT CRUISER 2.41 (2006 AL 2011)""]",2,"[""DIAMETRO EXTERIOR DE DISCO: 240 mm""]",1,"[""SACHS: 3089 600 111""]",1,,,18.2620
3090 600 004,https://icepar.specparts.shop/products/detail?slug=sachs_3090600004-62325,837,,,,,[],0,"[""DIAMETRO EXTERIOR DE DISCO: 240 mm""]",1,"[""SACHS: 5X%:3090 600 004""]",1,,,12.5384
KF-773,https://icepar.specparts.shop/products/detail?slug=mahle_kf773-158431,837,,,,,[],0,[],0,[],0,,,2.5804
KF-523,https://icepar.specparts.shop/products/detail?slug=mahle_kf523-158432,837,,,,,[],0,[],0,[],0,,,2.6668
KF-1835,https://icepar.specparts.shop/products/detail?slug=mahle_kf1835-158433,837,,,,,[],0,[],0,[],0,,,2.5342
KF-735,https://icepar.specparts.shop/products/detail?slug=mahle_kf735-158434,837,,,,,[],0,[],0,[],0,,,2.5599
KF-513,https://icepar.specparts.shop/products/detail?slug=mahle_kf513-158435,837,,,,,[],0,[],0,[],0,,,2.5154
KF-909,https://icepar.specparts.shop/products/detail?slug=mahle_kf909-158437,837,,,,,[],0,[],0,[],0,,,2.6152
KF-3542,https://icepar.specparts.shop/products/detail?slug=mahle_kf3542-158438,837,,,,,[],0,[],0,[],0,,,2.6319
KF-3354,https://icepar.specparts.shop/products/detail?slug=mahle_kf3354-158439,837,,,,,[],0,[],0,[],0,,,2.5801
KF-3234,https://icepar.specparts.shop/products/detail?slug=mahle_kf3234-158440,837,,,,,[],0,[],0,[],0,,,2.6171
KF-3680,https://icepar.specparts.shop/products/detail?slug=mahle_kf3680-158441,837,,,,,[],0,[],0,[],0,,,2.4948
KF-2125,https://icepar.specparts.shop/products/detail?slug=mahle_kf2125-158442,837,,,,,[],0,[],0,[],0,,,2.5701
KF-3679,https://icepar.specparts.shop/products/detail?slug=mahle_kf3679-158443,838,,,,,[],0,[],0,[],0,,,2.5383
KF-4365,https://icepar.specparts.shop/products/detail?slug=mahle_kf4365-158444,838,,,,,[],0,[],0,[],0,,,2.5144
KF-4368,https://icepar.specparts.shop/products/detail?slug=mahle_kf4368-158445,838,,,,,[],0,[],0,[],0,,,2.9759
JS77873,https://icepar.specparts.shop/products/detail?slug=sabo_js77873-195775,838,,,,,[],0,[],0,[],0,,,2.6123
JS77097,https://icepar.specparts.shop/products/detail?slug=sabo_js77097-287047,838,,,,,[],0,[],0,[],0,,,2.5584
JS77099,https://icepar.specparts.shop/products/detail?slug=sabo_js77099-287051,838,,,,,[],0,[],0,[],0,,,2.6128
JS77104,https://icepar.specparts.shop/products/detail?slug=sabo_js77104-287053,838,,,,,[],0,[],0,[],0,,,2.5969
JS77106,https://icepar.specparts.shop/products/detail?slug=sabo_js77106-287054,838,,,,,[],0,[],0,[],0,,,2.5421
JS77116,https://icepar.specparts.shop/products/detail?slug=sabo_js77116-287055,838,,,,,[],0,[],0,[],0,,,2.6416
JS77117,https://icepar.specparts.shop/products/detail?slug=sabo_js77117-287056,838,,,,,[],0,[],0,[],0,,,2.5633
JS77118,https://icepar.specparts.shop/products/detail?slug=sabo_js77118-287057,838,,,,,[],0,[],0,[],0,,,2.4739
JS77119,https://icepar.specparts.shop/products/detail?slug=sabo_js77119-287058,838,,,,,[],0,[],0,[],0,,,2.5618
JS77012,https://icepar.specparts.shop/products/detail?slug=sabo_js77012-287059,838,,,,,[],0,[],0,[],0,,,2.6368
JS77120,https://icepar.specparts.shop/products/detail?slug=sabo_js77120-287061,838,,,,,[],0,[],0,[],0,,,2.5280
JS96044,https://icepar.specparts.shop/products/detail?slug=sabo_js96044-287062,838,,,,,[],0,[],0,[],0,,,2.6611
JS77123,https://icepar.specparts.shop/products/detail?slug=sabo_js77123-287063,838,,,,,[],0,[],0,[],0,,,2.1293
JS85311,https://icepar.specparts.shop/products/detail?slug=sabo_js85311-287064,838,,,,,[],0,[],0,[],0,,,2.1025
JS96045,https://icepar.specparts.shop/products/detail?slug=sabo_js96045-287065,838,,,,,[],0,[],0,[],0,,,2.1265
JS96046,https://icepar.specparts.shop/products/detail?slug=sabo_js96046-287066,838,,,,,[],0,[],0,[],0,,,2.4744
JS77128,https://icepar.specparts.shop/products/detail?slug=sabo_js77128-1319060,839,,,,,[],0,[],0,[],0,,,2.6165
JS79100,https://icepar.specparts.shop/products/detail?slug=sabo_js79100-158447,839,,,,,[],0,[],0,[],0,,,2.5325
JS79109,https://icepar.specparts.shop/products/detail?slug=sabo_js79109-158452,839,,,,,[],0,[],0,[],0,,,2.5610
JS79293,https://icepar.specparts.shop/products/detail?slug=sabo_js79293-158453,839,,,,,[],0,[],0,[],0,,,2.8596
JS79311,https://icepar.specparts.shop/products/detail?slug=sabo_js79311-158455,839,,,,,[],0,[],0,[],0,,,2.8325
JS79321,https://icepar.specparts.shop/products/detail?slug=sabo_js79321-158456,839,,,,,[],0,[],0,[],0,,,2.5224
JS80226,https://icepar.specparts.shop/products/detail?slug=sabo_js80226-158457,839,,,,,[],0,[],0,[],0,,,2.6372
JS80326,https://icepar.specparts.shop/products/detail?slug=sabo_js80326-158458,839,,,,,[],0,[],0,[],0,,,2.6535
JS79645,https://icepar.specparts.shop/products/detail?slug=sabo_js79645-158459,839,,,,,[],0,[],0,[],0,,,2.5552
JS79961,https://icepar.specparts.shop/products/detail?slug=sabo_js79961-158460,839,,,,,[],0,[],0,[],0,,,2.6993
JS80700,https://icepar.specparts.shop/products/detail?slug=sabo_js80700-158461,839,,,,,[],0,[],0,[],0,,,2.5874
JS80179,https://icepar.specparts.shop/products/detail?slug=sabo_js80179-485827,839,,,,,[],0,[],0,[],0,,,2.6119
JS80333,https://icepar.specparts.shop/products/detail?slug=sabo_js80333-485833,840,,,,,[],0,[],0,[],0,,,2.6031
JS80233,https://icepar.specparts.shop/products/detail?slug=sabo_js80233-485840,840,,,,,[],0,[],0,[],0,,,2.5997
JS80346,https://icepar.specparts.shop/products/detail?slug=sabo_js80346-485846,840,,,,,[],0,[],0,[],0,,,2.6972
JS80020,https://icepar.specparts.shop/products/detail?slug=sabo_js80020-485850,840,,,,,[],0,[],0,[],0,,,2.6448
JS80024,https://icepar.specparts.shop/products/detail?slug=sabo_js80024-485851,840,,,,,[],0,[],0,[],0,,,2.5626
JS80033,https://icepar.specparts.shop/products/detail?slug=sabo_js80033-485852,840,,,,,[],0,[],0,[],0,,,2.6905
JS80084,https://icepar.specparts.shop/products/detail?slug=sabo_js80084-485853,840,,,,,[],0,[],0,[],0,,,2.5651
JS80085,https://icepar.specparts.shop/products/detail?slug=sabo_js80085-485854,840,,,,,[],0,[],0,[],0,,,2.5826
JS80088,https://icepar.specparts.shop/products/detail?slug=sabo_js80088-485855,840,,,,,[],0,[],0,[],0,,,2.5421
JS80100,https://icepar.specparts.shop/products/detail?slug=sabo_js80100-485856,840,,,,,[],0,[],0,[],0,,,2.6833
JS80109,https://icepar.specparts.shop/products/detail?slug=sabo_js80109-485859,841,,,,,[],0,[],0,[],0,,,2.7868
JS80189,https://icepar.specparts.shop/products/detail?slug=sabo_js80189-485862,841,,,,,[],0,[],0,[],0,,,2.5793
JS80218,https://icepar.specparts.shop/products/detail?slug=sabo_js80218-485863,841,,,,,[],0,[],0,[],0,,,2.5841
JS80242,https://icepar.specparts.shop/products/detail?slug=sabo_js80242-485864,841,,,,,[],0,[],0,[],0,,,2.7956
JS80251,https://icepar.specparts.shop/products/detail?slug=sabo_js80251-485867,841,,,,,[],0,[],0,[],0,,,2.7426
JS80254,https://icepar.specparts.shop/products/detail?slug=sabo_js80254-485868,841,,,,,[],0,[],0,[],0,,,2.7249
JS80259,https://icepar.specparts.shop/products/detail?slug=sabo_js80259-485870,841,,,,,[],0,[],0,[],0,,,2.8679
JS80263,https://icepar.specparts.shop/products/detail?slug=sabo_js80263-485871,841,,,,,[],0,[],0,[],0,,,2.6920
JS80308,https://icepar.specparts.shop/products/detail?slug=sabo_js80308-485880,841,,,,,[],0,[],0,[],0,,,2.7160
JS80317,https://icepar.specparts.shop/products/detail?slug=sabo_js80317-485882,842,,,,,[],0,[],0,[],0,,,2.6208
JS80321,https://icepar.specparts.shop/products/detail?slug=sabo_js80321-485884,842,,,,,[],0,[],0,[],0,,,2.5649
JS80322,https://icepar.specparts.shop/products/detail?slug=sabo_js80322-485885,842,,,,,[],0,[],0,[],0,,,2.5107
JS80349,https://icepar.specparts.shop/products/detail?slug=sabo_js80349-485888,842,,,,,[],0,[],0,[],0,,,2.6457
JS80361,https://icepar.specparts.shop/products/detail?slug=sabo_js80361-485890,842,,,,,[],0,[],0,[],0,,,2.5196
JS80371,https://icepar.specparts.shop/products/detail?slug=sabo_js80371-485892,842,,,,,[],0,[],0,[],0,,,2.6814
JS80379,https://icepar.specparts.shop/products/detail?slug=sabo_js80379-485896,842,,,,,[],0,[],0,[],0,,,2.4928
JS80413,https://icepar.specparts.shop/products/detail?slug=sabo_js80413-485900,842,,,,,[],0,[],0,[],0,,,2.5829
JS80550,https://icepar.specparts.shop/products/detail?slug=sabo_js80550-485906,843,,,,,[],0,[],0,[],0,,,2.5882
JS80705,https://icepar.specparts.shop/products/detail?slug=sabo_js80705-485909,843,,,,,[],0,[],0,[],0,,,2.5405
JS80706,https://icepar.specparts.shop/products/detail?slug=sabo_js80706-485910,843,,,,,[],0,[],0,[],0,,,2.5803
JS80958,https://icepar.specparts.shop/products/detail?slug=sabo_js80958-485915,843,,,,,[],0,[],0,[],0,,,2.6020
JS80224,https://icepar.specparts.shop/products/detail?slug=sabo_js80224-485918,843,,,,,[],0,[],0,[],0,,,2.5525
JS80354,https://icepar.specparts.shop/products/detail?slug=sabo_js80354-485919,843,,,,,[],0,[],0,[],0,,,2.5133
JS80382,https://icepar.specparts.shop/products/detail?slug=sabo_js80382-485924,843,,,,,[],0,[],0,[],0,,,2.5389
JS80384,https://icepar.specparts.shop/products/detail?slug=sabo_js80384-485925,843,,,,,[],0,[],0,[],0,,,2.6074
JS80415,https://icepar.specparts.shop/products/detail?slug=sabo_js80415-485930,844,,,,,[],0,[],0,[],0,,,2.5963
JS80425,https://icepar.specparts.shop/products/detail?slug=sabo_js80425-485932,844,,,,,[],0,[],0,[],0,,,2.9376
JS80426,https://icepar.specparts.shop/products/detail?slug=sabo_js80426-485933,844,,,,,[],0,[],0,[],0,,,2.5309
JS80429,https://icepar.specparts.shop/products/detail?slug=sabo_js80429-485935,844,,,,,[],0,[],0,[],0,,,2.5492
JS80438,https://icepar.specparts.shop/products/detail?slug=sabo_js80438-485939,844,,,,,[],0,[],0,[],0,,,2.7343
JS80535,https://icepar.specparts.shop/products/detail?slug=sabo_js80535-485941,844,,,,,[],0,[],0,[],0,,,2.6394
JS80555,https://icepar.specparts.shop/products/detail?slug=sabo_js80555-485942,844,,,,,[],0,[],0,[],0,,,2.6090
JS80612,https://icepar.specparts.shop/products/detail?slug=sabo_js80612-485943,844,,,,,[],0,[],0,[],0,,,2.6687
JS80613,https://icepar.specparts.shop/products/detail?slug=sabo_js80613-485944,844,,,,,[],0,[],0,[],0,,,2.6670
JS80691,https://icepar.specparts.shop/products/detail?slug=sabo_js80691-485947,844,,,,,[],0,[],0,[],0,,,2.7765
JS80693,https://icepar.specparts.shop/products/detail?slug=sabo_js80693-485948,844,,,,,[],0,[],0,[],0,,,2.6673
JS80030,https://icepar.specparts.shop/products/detail?slug=sabo_js80030-485954,845,,,,,[],0,[],0,[],0,,,2.6263
JS80055,https://icepar.specparts.shop/products/detail?slug=sabo_js80055-485957,845,,,,,[],0,[],0,[],0,,,2.6037
JS80077,https://icepar.specparts.shop/products/detail?slug=sabo_js80077-485959,845,,,,,[],0,[],0,[],0,,,2.6695
JS80281,https://icepar.specparts.shop/products/detail?slug=sabo_js80281-485961,845,,,,,[],0,[],0,[],0,,,2.5786
JS80282,https://icepar.specparts.shop/products/detail?slug=sabo_js80282-485962,845,,,,,[],0,[],0,[],0,,,2.5023
JS80296,https://icepar.specparts.shop/products/detail?slug=sabo_js80296-485964,845,,,,,[],0,[],0,[],0,,,2.5429
JS80297,https://icepar.specparts.shop/products/detail?slug=sabo_js80297-485965,845,,,,,[],0,[],0,[],0,,,2.6287
JS80392,https://icepar.specparts.shop/products/detail?slug=sabo_js80392-485976,845,,,,,[],0,[],0,[],0,,,2.6155
JS80492,https://icepar.specparts.shop/products/detail?slug=sabo_js80492-485977,845,,,,,[],0,[],0,[],0,,,2.5941
JS80697,https://icepar.specparts.shop/products/detail?slug=sabo_js80697-485978,845,,,,,[],0,[],0,[],0,,,2.6029
JS80698,https://icepar.specparts.shop/products/detail?slug=sabo_js80698-485979,845,,,,,[],0,[],0,[],0,,,2.5573
JS80714,https://icepar.specparts.shop/products/detail?slug=sabo_js80714-485980,846,,,,,[],0,[],0,[],0,,,2.6439
JS80814,https://icepar.specparts.shop/products/detail?slug=sabo_js80814-485981,846,,,,,[],0,[],0,[],0,,,2.6742
JS80690,https://icepar.specparts.shop/products/detail?slug=sabo_js80690-485982,846,,,,,[],0,[],0,[],0,,,2.5553
JS80433,https://icepar.specparts.shop/products/detail?slug=sabo_js80433-485983,846,,,,,[],0,[],0,[],0,,,2.5206
JS80712,https://icepar.specparts.shop/products/detail?slug=sabo_js80712-485984,846,,,,,[],0,[],0,[],0,,,2.5473
JS80448,https://icepar.specparts.shop/products/detail?slug=sabo_js80448-485985,846,,,,,[],0,[],0,[],0,,,2.7713
JS80531,https://icepar.specparts.shop/products/detail?slug=sabo_js80531-485988,846,,,,,[],0,[],0,[],0,,,2.5517
JS80532,https://icepar.specparts.shop/products/detail?slug=sabo_js80532-485989,846,,,,,[],0,[],0,[],0,,,2.6060
JS80497,https://icepar.specparts.shop/products/detail?slug=sabo_js80497-485990,846,,,,,[],0,[],0,[],0,,,2.5494
JS80692,https://icepar.specparts.shop/products/detail?slug=sabo_js80692-485992,846,,,,,[],0,[],0,[],0,,,2.5444
JS80424,https://icepar.specparts.shop/products/detail?slug=sabo_js80424-485993,846,,,,,[],0,[],0,[],0,,,2.5704
JS80591,https://icepar.specparts.shop/products/detail?slug=sabo_js80591-485994,846,,,,,[],0,[],0,[],0,,,2.5490
JS80590,https://icepar.specparts.shop/products/detail?slug=sabo_js80590-485995,846,,,,,[],0,[],0,[],0,,,2.5618
JS80819,https://icepar.specparts.shop/products/detail?slug=sabo_js80819-485996,846,,,,,[],0,[],0,[],0,,,2.5355
JS80820,https://icepar.specparts.shop/products/detail?slug=sabo_js80820-485997,846,,,,,[],0,[],0,[],0,,,2.6242
JS80395,https://icepar.specparts.shop/products/detail?slug=sabo_js80395-485998,846,,,,,[],0,[],0,[],0,,,2.6595
JS80795,https://icepar.specparts.shop/products/detail?slug=sabo_js80795-486000,846,,,,,"[""RENAULT MASTER 2.3 DCI (2013 AL 2026)""]",1,[],0,[],0,,,6.1730
JS80699,https://icepar.specparts.shop/products/detail?slug=sabo_js80699-486003,846,,,,,[],0,[],0,[],0,,,2.5645
JS80711,https://icepar.specparts.shop/products/detail?slug=sabo_js80711-486005,847,,,,,[],0,[],0,[],0,,,2.6255
JS80807,https://icepar.specparts.shop/products/detail?slug=sabo_js80807-486006,847,,,,,[],0,[],0,[],0,,,2.5677
JS80817,https://icepar.specparts.shop/products/detail?slug=sabo_js80817-486009,847,,,,,[],0,[],0,[],0,,,2.7721
JS80824,https://icepar.specparts.shop/products/detail?slug=sabo_js80824-486010,847,,,,,[],0,[],0,[],0,,,2.5925
JS80484,https://icepar.specparts.shop/products/detail?slug=sabo_js80484-486012,847,,,,,[],0,[],0,[],0,,,2.5962
JS80485,https://icepar.specparts.shop/products/detail?slug=sabo_js80485-486013,847,,,,,[],0,[],0,[],0,,,2.5282
JS77121,https://icepar.specparts.shop/products/detail?slug=sabo_js77121-486014,847,,,,,[],0,[],0,[],0,,,2.3149
JS77124,https://icepar.specparts.shop/products/detail?slug=sabo_js77124-486015,847,,,,,[],0,[],0,[],0,,,2.0738
JS77122,https://icepar.specparts.shop/products/detail?slug=sabo_js77122-486016,847,,,,,[],0,[],0,[],0,,,2.1060
JS80823,https://icepar.specparts.shop/products/detail?slug=sabo_js80823-486018,847,,,,,[],0,[],0,[],0,,,2.5273
JS77039,https://icepar.specparts.shop/products/detail?slug=sabo_js77039-486019,847,,,,,[],0,[],0,[],0,,,2.0765
JS77115,https://icepar.specparts.shop/products/detail?slug=sabo_js77115-486020,847,,,,,[],0,[],0,[],0,,,2.6214
JS77114,https://icepar.specparts.shop/products/detail?slug=sabo_js77114-486021,847,,,,,[],0,[],0,[],0,,,2.5846
JS77109,https://icepar.specparts.shop/products/detail?slug=sabo_js77109-486022,847,,,,,[],0,[],0,[],0,,,2.1355
JS77111,https://icepar.specparts.shop/products/detail?slug=sabo_js77111-486023,847,,,,,[],0,[],0,[],0,,,2.7092
JS77112,https://icepar.specparts.shop/products/detail?slug=sabo_js77112-486025,847,,,,,[],0,[],0,[],0,,,2.5709
JS80396,https://icepar.specparts.shop/products/detail?slug=sabo_js80396-486027,847,,,,,[],0,[],0,[],0,,,2.5749
JS80963,https://icepar.specparts.shop/products/detail?slug=sabo_js80963-486028,847,,,,,[],0,[],0,[],0,,,2.5697
JS80825,https://icepar.specparts.shop/products/detail?slug=sabo_js80825-486029,847,,,,,[],0,[],0,[],0,,,2.5087
JS81937,https://icepar.specparts.shop/products/detail?slug=sabo_js81937-158446,848,,,,,[],0,[],0,[],0,,,2.7601
JS79297,https://icepar.specparts.shop/products/detail?slug=sabo_js79297-195764,848,,,,,[],0,[],0,[],0,,,2.6262
JS79430,https://icepar.specparts.shop/products/detail?slug=sabo_js79430-500017,848,,,,,[],0,[],0,[],0,,,2.6268
JS79511,https://icepar.specparts.shop/products/detail?slug=sabo_js79511-500021,848,,,,,[],0,[],0,[],0,,,2.7094
JS79371,https://icepar.specparts.shop/products/detail?slug=sabo_js79371-500027,849,,,,,[],0,[],0,[],0,,,2.6039
JS79491,https://icepar.specparts.shop/products/detail?slug=sabo_js79491-500037,849,,,,,[],0,[],0,[],0,,,3.1458
JS79500,https://icepar.specparts.shop/products/detail?slug=sabo_js79500-500039,849,,,,,[],0,[],0,[],0,,,2.5954
JS79502,https://icepar.specparts.shop/products/detail?slug=sabo_js79502-500040,849,,,,,[],0,[],0,[],0,,,2.5928
JS79589,https://icepar.specparts.shop/products/detail?slug=sabo_js79589-500048,850,,,,,[],0,[],0,[],0,,,2.6278
JS79924,https://icepar.specparts.shop/products/detail?slug=sabo_js79924-500055,850,,,,,[],0,[],0,[],0,,,2.6116
JS79926,https://icepar.specparts.shop/products/detail?slug=sabo_js79926-500056,850,,,,,[],0,[],0,[],0,,,2.6570
JS79954,https://icepar.specparts.shop/products/detail?slug=sabo_js79954-500058,850,,,,,[],0,[],0,[],0,,,2.6059
JS79398,https://icepar.specparts.shop/products/detail?slug=sabo_js79398-500064,850,,,,,[],0,[],0,[],0,,,2.6739
JS79426,https://icepar.specparts.shop/products/detail?slug=sabo_js79426-500068,850,,,,,[],0,[],0,[],0,,,2.6030
JS79690,https://icepar.specparts.shop/products/detail?slug=sabo_js79690-500072,851,,,,,[],0,[],0,[],0,,,2.7334
JS79912,https://icepar.specparts.shop/products/detail?slug=sabo_js79912-500075,851,,,,,[],0,[],0,[],0,,,2.6090
JS79712,https://icepar.specparts.shop/products/detail?slug=sabo_js79712-500080,851,,,,,[],0,[],0,[],0,,,2.6126
JS79692,https://icepar.specparts.shop/products/detail?slug=sabo_js79692-500081,851,,,,,[],0,[],0,[],0,,,2.5222
JS79424,https://icepar.specparts.shop/products/detail?slug=sabo_js79424-500082,851,,,,,[],0,[],0,[],0,,,2.5560
JS79691,https://icepar.specparts.shop/products/detail?slug=sabo_js79691-500083,851,,,,,[],0,[],0,[],0,,,2.5625
JS79590,https://icepar.specparts.shop/products/detail?slug=sabo_js79590-500084,851,,,,,[],0,[],0,[],0,,,2.5248
JS79820,https://icepar.specparts.shop/products/detail?slug=sabo_js79820-500086,851,,,,,[],0,[],0,[],0,,,2.6141
JS79193,https://icepar.specparts.shop/products/detail?slug=sabo_js79193-500088,851,,,,,[],0,[],0,[],0,,,2.5608
JS79797,https://icepar.specparts.shop/products/detail?slug=sabo_js79797-500090,851,,,,,[],0,[],0,[],0,,,2.6125
JS79798,https://icepar.specparts.shop/products/detail?slug=sabo_js79798-500091,851,,,,,[],0,[],0,[],0,,,2.7480
JS79814,https://icepar.specparts.shop/products/detail?slug=sabo_js79814-500094,851,,,,,[],0,[],0,[],0,,,2.5596
JS79957,https://icepar.specparts.shop/products/detail?slug=sabo_js79957-500095,851,,,,,[],0,[],0,[],0,,,2.5563
JS79806,https://icepar.specparts.shop/products/detail?slug=sabo_js79806-500100,852,,,,,[],0,[],0,[],0,,,2.5180
JS79694,https://icepar.specparts.shop/products/detail?slug=sabo_js79694-500101,852,,,,,[],0,[],0,[],0,,,2.5605
JS79711,https://icepar.specparts.shop/products/detail?slug=sabo_js79711-500102,852,,,,,[],0,[],0,[],0,,,2.5762
JS79807,https://icepar.specparts.shop/products/detail?slug=sabo_js79807-500103,852,,,,,[],0,[],0,[],0,,,2.6079
JS79824,https://icepar.specparts.shop/products/detail?slug=sabo_js79824-500106,852,,,,,[],0,[],0,[],0,,,2.5380
JS80821,https://icepar.specparts.shop/products/detail?slug=sabo_js80821-500108,852,,,,,[],0,[],0,[],0,,,2.6077
JS79825,https://icepar.specparts.shop/products/detail?slug=sabo_js79825-500110,852,,,,,[],0,[],0,[],0,,,2.6325
JS79823,https://icepar.specparts.shop/products/detail?slug=sabo_js79823-500111,852,,,,,[],0,[],0,[],0,,,2.5095
JS79145,https://icepar.specparts.shop/products/detail?slug=sabo_js79145-500112,852,,,,,[],0,[],0,[],0,,,2.2425
JS79833,https://icepar.specparts.shop/products/detail?slug=sabo_js79833-500113,852,,,,,[],0,[],0,[],0,,,2.5926
JS79818,https://icepar.specparts.shop/products/detail?slug=sabo_js79818-500114,852,,,,,[],0,[],0,[],0,,,2.5958
JS79832,https://icepar.specparts.shop/products/detail?slug=sabo_js79832-500115,852,,,,,[],0,[],0,[],0,,,2.5134
JS79828,https://icepar.specparts.shop/products/detail?slug=sabo_js79828-500116,852,,,,,[],0,[],0,[],0,,,2.5039
FI-11000,https://icepar.specparts.shop/products/detail?slug=fispa_fi11000-617266,853,,,,,[],0,[],0,[],0,,,2.6900
FI-11001,https://icepar.specparts.shop/products/detail?slug=fispa_fi11001-617267,853,,,,,[],0,[],0,[],0,,,2.5644
FI-11002,https://icepar.specparts.shop/products/detail?slug=fispa_fi11002-617268,853,,,,,[],0,[],0,[],0,,,2.5475
FI-11003,https://icepar.specparts.shop/products/detail?slug=fispa_fi11003-617269,853,,,,,[],0,[],0,[],0,,,2.5463
FI-11004,https://icepar.specparts.shop/products/detail?slug=fispa_fi11004-617270,853,,,,,[],0,[],0,[],0,,,2.5697
FI-11005,https://icepar.specparts.shop/products/detail?slug=fispa_fi11005-617271,853,,,,,[],0,[],0,[],0,,,2.5396
FI-11007,https://icepar.specparts.shop/products/detail?slug=fispa_fi11007-617273,853,,,,,[],0,[],0,[],0,,,3.3198
FI-11008,https://icepar.specparts.shop/products/detail?slug=fispa_fi11008-617274,853,,,,,[],0,[],0,[],0,,,2.6666
FI-11009,https://icepar.specparts.shop/products/detail?slug=fispa_fi11009-617275,853,,,,,[],0,[],0,[],0,,,2.6299
FI-11010,https://icepar.specparts.shop/products/detail?slug=fispa_fi11010-617276,853,,,,,[],0,[],0,[],0,,,2.5619
FI-11011,https://icepar.specparts.shop/products/detail?slug=fispa_fi11011-617277,853,,,,,[],0,[],0,[],0,,,2.5312
FI-11012,https://icepar.specparts.shop/products/detail?slug=fispa_fi11012-617278,853,,,,,[],0,[],0,[],0,,,2.5800
FI-11013,https://icepar.specparts.shop/products/detail?slug=fispa_fi11013-617279,853,,,,,[],0,[],0,[],0,,,2.6314
FI-11014,https://icepar.specparts.shop/products/detail?slug=fispa_fi11014-617280,853,,,,,[],0,[],0,[],0,,,2.5778
FI-11015,https://icepar.specparts.shop/products/detail?slug=fispa_fi11015-617281,853,,,,,[],0,[],0,[],0,,,2.5474
FI-11016,https://icepar.specparts.shop/products/detail?slug=fispa_fi11016-617282,853,,,,,[],0,[],0,[],0,,,2.7237
FI-11017,https://icepar.specparts.shop/products/detail?slug=fispa_fi11017-617283,853,,,,,[],0,[],0,[],0,,,2.8949
FI-11018,https://icepar.specparts.shop/products/detail?slug=fispa_fi11018-617284,853,,,,,[],0,[],0,[],0,,,2.5450
FI-11019,https://icepar.specparts.shop/products/detail?slug=fispa_fi11019-617285,853,,,,,[],0,[],0,[],0,,,2.6666
FI-11020,https://icepar.specparts.shop/products/detail?slug=fispa_fi11020-617286,853,,,,,[],0,[],0,[],0,,,2.6432
FI-11021,https://icepar.specparts.shop/products/detail?slug=fispa_fi11021-617287,853,,,,,[],0,[],0,[],0,,,2.5922
FI-11022,https://icepar.specparts.shop/products/detail?slug=fispa_fi11022-617288,854,,,,,[],0,[],0,[],0,,,2.5851
FI-11023,https://icepar.specparts.shop/products/detail?slug=fispa_fi11023-617289,854,,,,,[],0,[],0,[],0,,,2.5679
FI-11028,https://icepar.specparts.shop/products/detail?slug=fispa_fi11028-617293,854,,,,,[],0,[],0,[],0,,,2.4997
FI-11029,https://icepar.specparts.shop/products/detail?slug=fispa_fi11029-617294,854,,,,,[],0,[],0,[],0,,,2.5330
FI-11030,https://icepar.specparts.shop/products/detail?slug=fispa_fi11030-617295,854,,,,,[],0,[],0,[],0,,,2.6395
FI-11031,https://icepar.specparts.shop/products/detail?slug=fispa_fi11031-617296,854,,,,,[],0,[],0,[],0,,,3.4335
FI-11032,https://icepar.specparts.shop/products/detail?slug=fispa_fi11032-617297,854,,,,,[],0,[],0,[],0,,,2.5951
FI-11033,https://icepar.specparts.shop/products/detail?slug=fispa_fi11033-617298,854,,,,,[],0,[],0,[],0,,,2.6882
FI-11037,https://icepar.specparts.shop/products/detail?slug=fispa_fi11037-617300,854,,,,,[],0,[],0,[],0,,,2.5292
FI-11039,https://icepar.specparts.shop/products/detail?slug=fispa_fi11039-617301,854,,,,,[],0,[],0,[],0,,,2.7330
FI-11040,https://icepar.specparts.shop/products/detail?slug=fispa_fi11040-617302,854,,,,,[],0,[],0,[],0,,,2.5478
FI-11041,https://icepar.specparts.shop/products/detail?slug=fispa_fi11041-617303,854,,,,,[],0,[],0,[],0,,,2.6060
FI-11042,https://icepar.specparts.shop/products/detail?slug=fispa_fi11042-617304,854,,,,,[],0,[],0,[],0,,,2.5998
FI-11044,https://icepar.specparts.shop/products/detail?slug=fispa_fi11044-617305,854,,,,,[],0,[],0,[],0,,,2.5344
FI-11046,https://icepar.specparts.shop/products/detail?slug=fispa_fi11046-617307,854,,,,,[],0,[],0,[],0,,,2.5747
FI-11047,https://icepar.specparts.shop/products/detail?slug=fispa_fi11047-617308,854,,,,,[],0,[],0,[],0,,,2.5737
FI-11048,https://icepar.specparts.shop/products/detail?slug=fispa_fi11048-617309,854,,,,,[],0,[],0,[],0,,,2.6004
1250198400,https://icepar.specparts.shop/products/detail?slug=zf_1250198400-491852,855,,,,,[],0,[],0,"[""DAF: 0326962 53"", ""DAF: 0326963 53"", ""DAF: 0326964 53"", ""DAF: 326962 53"", ""DAF: 326963 53"", ""DAF: 326964 53"", ""NECO: 0883 2940 53"", ""NECO: 0993 178553"", ""NECO: 883 2940 53"", ""NECO: 993 1785 53"", ""MAN: 81325 10.0005 53"", ""MAN: 81976010757 53"", ""MAN: 81976010758 53"", ""MERCEDES-BENZ: 336 2640239 53"", ""MERCEDES-BENZ: 336 264 0693 53"", ""MERCEDES-BENZ: 336 2640793 53"", ""MERCEDES-BENZ: A336 264 0239 53"", ""MERCEDES-BENZ: A336 264 0693 53"", ""MERCEDES-BENZ: A336 264 0793 53"", ""NEOPLAN: 0521.009.20 53"", ""OEM: 1250198400"", ""RENAULT: 50 00 255 276 53"", ""RENAULT: 50 00 255 277 53"", ""RENAULT: 77 01 007 805 53"", ""SETRA: &£321999.386 53"", ""SETRA: £321999.387 53"", ""VOLVO: 1526866 53"", ""VOLVO: 6635322 53"", ""VOLVO: 6635323 53"", ""VOLVO: 6635324 53""]",30,,,38.8117
1268298847,https://icepar.specparts.shop/products/detail?slug=zf_1268298847-491861,855,,,,,[],0,[],0,"[""OEM: A0002607800""]",1,,,7.0885
1295198402,https://icepar.specparts.shop/products/detail?slug=zf_1295198402-491936,855,,,,,[],0,[],0,"[""DAF: 0326962 53"", ""DAF: 0326963 53"", ""DAF: 0326964 53"", ""DAF: 326962 53"", ""DAF: 326963 53"", ""DAF: 326964 53"", ""NECO: 0883 2940 53"", ""NECO: 0993 178553"", ""NECO: 883 2940 53"", ""NECO: 993 1785 53"", ""MAN: 81325 10.0005 53"", ""MAN: 81976010757 53"", ""MAN: 81976010758 53"", ""MERCEDES-BENZ: 336 2640239 53"", ""MERCEDES-BENZ: 336 264 0693 53"", ""MERCEDES-BENZ: 336 2640793 53"", ""MERCEDES-BENZ: A336 264 0239 53"", ""MERCEDES-BENZ: A336 264 0693 53"", ""MERCEDES-BENZ: A336 264 0793 53"", ""NEOPLAN: 0521.009.20 53"", ""OEM: 3362640239"", ""RENAULT: 50 00 255 276 53"", ""RENAULT: 50 00 255 277 53"", ""RENAULT: 77 01 007 805 53"", ""SETRA: &£321999.386 53"", ""SETRA: £321999.387 53"", ""VOLVO: 1526866 53"", ""VOLVO: 6635322 53"", ""VOLVO: 6635323 53"", ""VOLVO: 6635324 53""]",30,,,38.2636
1295298801,https://icepar.specparts.shop/products/detail?slug=zf_1295298801-491938,855,,,,,[],0,[],0,"[""CORTECO: 53019K"", ""OEM: 1295298932""]",2,,,8.2172
1297198400,https://icepar.specparts.shop/products/detail?slug=zf_1297198400-491976,855,,,,,[],0,[],0,"[""OEM: 2T0311580""]",1,,,7.1634
1297232023,https://icepar.specparts.shop/products/detail?slug=zf_1297232023-491978,855,,,,,[],0,[],0,"[""OEM: 1662555""]",1,,,6.9964
1311198401,https://icepar.specparts.shop/products/detail?slug=zf_1311198401-492063,855,,,,,[],0,[],0,"[""OEM: 1311198401""]",1,,,7.0933
1315298002,https://icepar.specparts.shop/products/detail?slug=zf_1315298002-492074,855,,,,,[],0,[],0,"[""DAF: 1329624"", ""NECO: 9316 1692"", ""MAN: 8196502.6086"", ""OEM: 1315298002"", ""RENAULT: 50 01 843 156"", ""ZG: ZG.305 94-0008""]",6,,,12.6182
462 0055 10,https://icepar.specparts.shop/products/detail?slug=luk_462005510-987584,855,,,,,[],0,[],0,[],0,,,33.9454
462 0057 10,https://icepar.specparts.shop/products/detail?slug=luk_462005710-987586,855,,,,,[],0,[],0,[],0,,,2.5422
356-509,https://icepar.specparts.shop/products/detail?slug=spicer_356509-492896,855,,,,,"[""CHEVROLET AGILE 1.4 &V (2009 AL 2021)"", ""CHEVROLET CELTA 1.4 8V (2011 AL 2017)"", ""CHEVROLET CORSA 10 (2000 AL 2003)"", ""CHEVROLET CORSA 14 (1994 AL 1996)"", ""CHEVROLET CORSA 14 &v (2009)"", ""CHEVROLET CORSA 16 &V (1995 AL 2010)"", ""CHEVROLET PRISMA 14 &V (2011 AL 2013)"", ""SUZUKI FUN LOBV (2003 AL 2007)"", ""SUZUKI FUN 14 8V (2004 AL 2012)""]",9,"[""LADO: CAJA""]",1,"[""OEM: 356-509""]",1,,,26.3922
AP7536,https://icepar.specparts.shop/products/detail?slug=paulucci_ap7536-342113,855,,,,,[],0,[],0,[],0,,,2.7121
546467,https://icepar.specparts.shop/products/detail?slug=fag_546467-571975,855,,,,,[],0,[],0,[],0,,,2.8957
579794DA,https://icepar.specparts.shop/products/detail?slug=fag_579794da-571976,855,,,,,[],0,"[""POSICION: DELANTERO""]",1,"[""FAG: F-110487.1"", ""INA: F-113175"", ""NTN: GB12807506"", ""OE: 40210-00QAA"", ""SKF: BAH-0012 AD"", ""SKF: BAH-0012AD"", ""SNR: GB12807506"", ""TIMKEN: TKR-3066""]",8,,,22.4677
713 6307 60,https://icepar.specparts.shop/products/detail?slug=ina_713630760-1001868,855,,,,,[],0,[],0,[],0,,,2.7465
713 6108 60,https://icepar.specparts.shop/products/detail?slug=ina_713610860-1001923,855,,,,,[],0,[],0,[],0,,,2.9798
713 6212 40,https://icepar.specparts.shop/products/detail?slug=ina_713621240-1001946,855,,,,,[],0,[],0,[],0,,,2.6875
713 6789 80,https://icepar.specparts.shop/products/detail?slug=ina_713678980-1001969,855,,,,,[],0,[],0,[],0,,,3.1872
713 6184 40,https://icepar.specparts.shop/products/detail?slug=ina_713618440-1001979,855,,,,,[],0,[],0,[],0,,,2.8346
713 6448 00,https://icepar.specparts.shop/products/detail?slug=ina_713644800-1002006,855,,,,,[],0,[],0,[],0,,,2.8989
713 6109 30,https://icepar.specparts.shop/products/detail?slug=ina_713610930-1002041,856,,,,,[],0,[],0,[],0,,,2.8451
713 6109 60,https://icepar.specparts.shop/products/detail?slug=ina_713610960-1002043,856,,,,,[],0,[],0,[],0,,,2.7838
713 6106 10,https://icepar.specparts.shop/products/detail?slug=ina_713610610-1002056,856,,,,,[],0,[],0,[],0,,,3.1640
713 6102 30,https://icepar.specparts.shop/products/detail?slug=ina_713610230-1002066,856,,,,,[],0,[],0,[],0,,,2.7872
713 6109 40,https://icepar.specparts.shop/products/detail?slug=ina_713610940-1002089,856,,,,,[],0,[],0,[],0,,,34.0557
713 6187 70,https://icepar.specparts.shop/products/detail?slug=ina_713618770-1002091,856,,,,,[],0,[],0,[],0,,,3.2808
713 6104 50,https://icepar.specparts.shop/products/detail?slug=ina_713610450-1002098,856,,,,,[],0,[],0,[],0,,,2.6045
713 6679 80,https://icepar.specparts.shop/products/detail?slug=ina_713667980-1002144,856,,,,,[],0,[],0,[],0,,,2.5503
713 6311 10,https://icepar.specparts.shop/products/detail?slug=ina_713631110-1002190,856,,,,,[],0,[],0,[],0,,,2.6018
713 6446 60,https://icepar.specparts.shop/products/detail?slug=ina_713644660-1002195,856,,,,,[],0,[],0,[],0,,,2.5744
713 6300 30,https://icepar.specparts.shop/products/detail?slug=ina_713630030-1002199,856,,,,,[],0,[],0,[],0,,,2.5666
713 6185 70,https://icepar.specparts.shop/products/detail?slug=ina_713618570-1002201,856,,,,,[],0,[],0,[],0,,,2.5382
713 6109 50,https://icepar.specparts.shop/products/detail?slug=ina_713610950-1002214,856,,,,,[],0,[],0,[],0,,,2.6967
713 6311 30,https://icepar.specparts.shop/products/detail?slug=ina_713631130-1002224,856,,,,,[],0,[],0,[],0,,,2.7288
713 6908 60,https://icepar.specparts.shop/products/detail?slug=ina_713690860-1002235,856,,,,,[],0,[],0,[],0,,,2.6794
713 6308 20,https://icepar.specparts.shop/products/detail?slug=ina_713630820-1002239,856,,,,,[],0,[],0,[],0,,,2.5697
713 6188 20,https://icepar.specparts.shop/products/detail?slug=ina_713618820-1002243,856,,,,,[],0,[],0,[],0,,,2.6387
713 6110 00,https://icepar.specparts.shop/products/detail?slug=ina_713611000-1002257,856,,,,,[],0,[],0,[],0,,,2.5836
713 6449 70,https://icepar.specparts.shop/products/detail?slug=ina_713644970-1002259,856,,,,,[],0,[],0,[],0,,,2.5807
713 6445 10,https://icepar.specparts.shop/products/detail?slug=ina_713644510-1002262,856,,,,,[],0,[],0,[],0,,,2.6068
713 6302 70,https://icepar.specparts.shop/products/detail?slug=ina_713630270-1002267,856,,,,,[],0,[],0,[],0,,,2.5705
713 6440 80,https://icepar.specparts.shop/products/detail?slug=ina_713644080-1002279,856,,,,,[],0,[],0,[],0,,,2.5441
713 6790 80,https://icepar.specparts.shop/products/detail?slug=ina_713679080-1002298,856,,,,,[],0,[],0,[],0,,,2.5627
713 6449 10,https://icepar.specparts.shop/products/detail?slug=ina_713644910-1002356,856,,,,,[],0,[],0,[],0,,,2.5511
713 6789 50,https://icepar.specparts.shop/products/detail?slug=ina_713678950-1002362,857,,,,,[],0,[],0,[],0,,,2.5895
713 6100 20,https://icepar.specparts.shop/products/detail?slug=ina_713610020-1002383,857,,,,,[],0,[],0,[],0,,,2.6156
713 6307 90,https://icepar.specparts.shop/products/detail?slug=ina_713630790-1002398,857,,,,,[],0,[],0,[],0,,,2.6507
713 6781 00,https://icepar.specparts.shop/products/detail?slug=ina_713678100-1002421,857,,,,,[],0,[],0,[],0,,,2.5999
713 6907 10,https://icepar.specparts.shop/products/detail?slug=ina_713690710-1002430,857,,,,,[],0,[],0,[],0,,,2.5591
713 6449 20,https://icepar.specparts.shop/products/detail?slug=ina_713644920-1001937,857,,,,,[],0,[],0,[],0,,,2.6576
713 6450 20,https://icepar.specparts.shop/products/detail?slug=ina_713645020-1001980,857,,,,,[],0,[],0,[],0,,,2.6771
713 6107 70,https://icepar.specparts.shop/products/detail?slug=ina_713610770-1002213,857,,,,,[],0,[],0,[],0,,,2.7889
713 6787 90,https://icepar.specparts.shop/products/detail?slug=ina_713678790-1002288,857,,,,,[],0,[],0,[],0,,,2.5089
40510,https://icepar.specparts.shop/products/detail?slug=presion_40510-194584,857,,,,,[],0,[],0,[],0,,,2.6480
60709,https://icepar.specparts.shop/products/detail?slug=presion_60709-194585,857,,,,,[],0,[],0,[],0,,,2.5495
70216,https://icepar.specparts.shop/products/detail?slug=presion_70216-194586,857,,,,,[],0,[],0,[],0,,,2.5554
70217,https://icepar.specparts.shop/products/detail?slug=presion_70217-194587,857,,,,,[],0,[],0,[],0,,,2.5876
70218,https://icepar.specparts.shop/products/detail?slug=presion_70218-194588,857,,,,,[],0,[],0,[],0,,,2.5729
190105,https://icepar.specparts.shop/products/detail?slug=presion_190105-194589,857,,,,,[],0,[],0,[],0,,,2.5715
190280,https://icepar.specparts.shop/products/detail?slug=presion_190280-194591,857,,,,,[],0,[],0,[],0,,,2.6247
190303,https://icepar.specparts.shop/products/detail?slug=presion_190303-194593,857,,,,,[],0,[],0,[],0,,,2.5524
190778,https://icepar.specparts.shop/products/detail?slug=presion_190778-194594,857,,,,,[],0,[],0,[],0,,,2.5731
190785,https://icepar.specparts.shop/products/detail?slug=presion_190785-194595,857,,,,,[],0,[],0,[],0,,,2.6384
190839,https://icepar.specparts.shop/products/detail?slug=presion_190839-194598,857,,,,,[],0,[],0,[],0,,,2.5141
190914,https://icepar.specparts.shop/products/detail?slug=presion_190914-194599,857,,,,,[],0,[],0,[],0,,,2.5713
191263,https://icepar.specparts.shop/products/detail?slug=presion_191263-194600,857,,,,,[],0,[],0,[],0,,,2.9344
60710,https://icepar.specparts.shop/products/detail?slug=presion_60710-194601,857,,,,,[],0,[],0,[],0,,,2.6757
193838,https://icepar.specparts.shop/products/detail?slug=presion_193838-194603,857,,,,,[],0,[],0,[],0,,,2.5747
60800,https://icepar.specparts.shop/products/detail?slug=presion_60800-194605,858,,,,,[],0,[],0,[],0,,,2.5553
178555141,https://icepar.specparts.shop/products/detail?slug=hella_178555141-104470,858,,,,,"[""UNIVERSAL UNIVERSAL (0 AL 2026)""]",1,"[""TIPO: HALOGENO"", ""UMY¥: 10"", ""TIPO DE CONECTOR: H1"", ""TENSION: 24v"", ""POTENCIA: 70 w""]",5,[],0,,,34.0275
178555251,https://icepar.specparts.shop/products/detail?slug=hella_178555251-104476,858,,,,,"[""UNIVERSAL UNIVERSAL (0 AL 2026)""]",1,"[""TIPO: HALOGENO"", ""UMY¥: 10"", ""TIPO DE CONECTOR: H7"", ""TENSION: 24v"", ""POTENCIA: 70 w""]",5,[],0,,,15.2789
GE-50310XNU,https://icepar.specparts.shop/products/detail?slug=generalelectric_ge50310xnu-608206,858,,,,,[],0,[],0,[],0,,,2.6272
GE-53060U,https://icepar.specparts.shop/products/detail?slug=generalelectric_ge53060u-608215,858,,,,,[],0,[],0,[],0,,,2.6860
GE-53070SNU,https://icepar.specparts.shop/products/detail?slug=generalelectric_ge53070snu-608216,858,,,,,[],0,[],0,[],0,,,2.5747
GE-53080U,https://icepar.specparts.shop/products/detail?slug=generalelectric_ge53080u-608218,858,,,,,[],0,[],0,[],0,,,2.7492
GE-53100HU,https://icepar.specparts.shop/products/detail?slug=generalelectric_ge53100hu-608220,858,,,,,[],0,[],0,[],0,,,2.5950
GE-53110XNU,https://icepar.specparts.shop/products/detail?slug=generalelectric_ge53110xnu-608222,858,,,,,[],0,[],0,[],0,,,2.6213
GE-53810NU,https://icepar.specparts.shop/products/detail?slug=generalelectric_ge53810nu-608224,858,,,,,[],0,[],0,[],0,,,2.5867
GE-54480U,https://icepar.specparts.shop/products/detail?slug=generalelectric_ge54480u-608226,858,,,,,[],0,[],0,[],0,,,2.7403
GE-58520SBU,https://icepar.specparts.shop/products/detail?slug=generalelectric_ge58520sbu-608228,858,,,,,[],0,[],0,[],0,,,2.5644
GE-58520XNU,https://icepar.specparts.shop/products/detail?slug=generalelectric_ge58520xnu-608230,858,,,,,[],0,[],0,[],0,,,2.6653
GE-58521U,https://icepar.specparts.shop/products/detail?slug=generalelectric_ge58521u-608231,858,,,,,[],0,[],0,[],0,,,2.5306
GE-50440SBU,https://icepar.specparts.shop/products/detail?slug=lucas_ge50440sbu-1318999,859,,,,,[],0,[],0,[],0,,,2.5555
GE-50440U,https://icepar.specparts.shop/products/detail?slug=lucas_ge50440u-1319260,859,,,,,[],0,[],0,[],0,,,2.5768
GE-58520U,https://icepar.specparts.shop/products/detail?slug=lucas_ge58520u-1319286,860,,,,,[],0,[],0,[],0,,,2.6068
211730803,https://icepar.specparts.shop/products/detail?slug=hella_211730803-104461,860,,,,,"[""UNIVERSAL UNIVERSAL (0 AL 2026)""]",1,"[""TIPO: SENALIZACION"", ""UMY¥: 10"", ""VOLTAJE: 24v""]",3,[],0,,,13.5053
GE-1056,https://icepar.specparts.shop/products/detail?slug=generalelectric_ge1056-153992,860,,,,,[],0,[],0,[],0,,,2.7183
GE-1060,https://icepar.specparts.shop/products/detail?slug=generalelectric_ge1060-153994,860,,,,,[],0,[],0,[],0,,,2.6787
GE-1073,https://icepar.specparts.shop/products/detail?slug=generalelectric_ge1073-153995,860,,,,,[],0,[],0,[],0,,,2.5944
GE-1077,https://icepar.specparts.shop/products/detail?slug=generalelectric_ge1077-153996,860,,,,,[],0,[],0,[],0,,,2.5760
GE-2619,https://icepar.specparts.shop/products/detail?slug=generalelectric_ge2619-153999,860,,,,,[],0,[],0,[],0,,,2.5972
GE-2643,https://icepar.specparts.shop/products/detail?slug=generalelectric_ge2643-154002,860,,,,,[],0,[],0,[],0,,,2.6035
GE-501,https://icepar.specparts.shop/products/detail?slug=generalelectric_ge501-154005,860,,,,,[],0,[],0,[],0,,,2.6112
GE-501A,https://icepar.specparts.shop/products/detail?slug=generalelectric_ge501a-154006,860,,,,,[],0,[],0,[],0,,,2.6236
GE-504,https://icepar.specparts.shop/products/detail?slug=generalelectric_ge504-154007,860,,,,,[],0,[],0,[],0,,,2.6758
GE-5301,https://icepar.specparts.shop/products/detail?slug=generalelectric_ge5301-154009,860,,,,,[],0,[],0,[],0,,,2.6542
GE-7546,https://icepar.specparts.shop/products/detail?slug=generalelectric_ge7546-154010,860,,,,,[],0,[],0,[],0,,,2.7930
GE-7552,https://icepar.specparts.shop/products/detail?slug=generalelectric_ge7552-154011,861,,,,,[],0,[],0,[],0,,,2.5708
006841141,https://icepar.specparts.shop/products/detail?slug=hella_006841141-180845,861,,,,,[],0,"[""TIPO: SENALIZACION"", ""UMY¥: 10""]",2,[],0,,,8.2102
GE-1057,https://icepar.specparts.shop/products/detail?slug=lucas_ge1057-1319008,861,,,,,[],0,[],0,[],0,,,2.6688
GE-53500U,https://icepar.specparts.shop/products/detail?slug=generalelectric_ge53500u-171435,862,,,,,[],0,[],0,[],0,,,2.6021
GE-53510U,https://icepar.specparts.shop/products/detail?slug=generalelectric_ge53510u-171436,862,,,,,[],0,[],0,[],0,,,2.5509
GE-53620H,https://icepar.specparts.shop/products/detail?slug=generalelectric_ge53620h-171437,862,,,,,[],0,[],0,[],0,,,2.5515
TK327175,https://icepar.specparts.shop/products/detail?slug=tekbond_tk327175-185946,862,,,,,"[""UNIVERSAL UNIVERSAL (0 AL 2026)""]",1,[],0,[],0,,,6.2656
TK327176,https://icepar.specparts.shop/products/detail?slug=tekbond_tk327176-185947,862,,,,,"[""UNIVERSAL UNIVERSAL (0 AL 2026)""]",1,[],0,[],0,,,6.6460
TK327178,https://icepar.specparts.shop/products/detail?slug=tekbond_tk327178-185948,862,,,,,"[""UNIVERSAL UNIVERSAL (0 AL 2026)""]",1,[],0,[],0,,,6.2685
TK327182,https://icepar.specparts.shop/products/detail?slug=tekbond_tk327182-185949,862,,,,,"[""UNIVERSAL UNIVERSAL (0 AL 2026)""]",1,[],0,[],0,,,6.1045
TK327185,https://icepar.specparts.shop/products/detail?slug=tekbond_tk327185-185950,862,,,,,"[""UNIVERSAL UNIVERSAL (0 AL 2026)""]",1,[],0,[],0,,,6.1506
TK327186,https://icepar.specparts.shop/products/detail?slug=tekbond_tk327186-185951,862,,,,,"[""UNIVERSAL UNIVERSAL (0 AL 2026)""]",1,[],0,[],0,,,6.1003
TK327187,https://icepar.specparts.shop/products/detail?slug=tekbond_tk327187-185952,862,,,,,"[""UNIVERSAL UNIVERSAL (0 AL 2026)""]",1,[],0,[],0,,,6.1783
TK327188,https://icepar.specparts.shop/products/detail?slug=tekbond_tk327188-185953,862,,,,,"[""UNIVERSAL UNIVERSAL (0 AL 2026)""]",1,[],0,[],0,,,6.1591
TK327190,https://icepar.specparts.shop/products/detail?slug=tekbond_tk327190-185954,862,,,,,"[""UNIVERSAL UNIVERSAL (0 AL 2026)""]",1,[],0,[],0,,,6.1389
TK367245,https://icepar.specparts.shop/products/detail?slug=tekbond_tk367245-185955,862,,,,,"[""UNIVERSAL UNIVERSAL (0 AL 2026)""]",1,[],0,[],0,,,6.6658
TK367246,https://icepar.specparts.shop/products/detail?slug=tekbond_tk367246-185956,862,,,,,"[""UNIVERSAL UNIVERSAL (0 AL 2026)""]",1,[],0,[],0,,,6.1412
TK367247,https://icepar.specparts.shop/products/detail?slug=tekbond_tk367247-185957,862,,,,,"[""UNIVERSAL UNIVERSAL (0 AL 2026)""]",1,[],0,[],0,,,6.0870
TK367248,https://icepar.specparts.shop/products/detail?slug=tekbond_tk367248-185958,862,,,,,"[""UNIVERSAL UNIVERSAL (0 AL 2026)""]",1,[],0,[],0,,,6.2649
TK367265,https://icepar.specparts.shop/products/detail?slug=tekbond_tk367265-185959,862,,,,,"[""UNIVERSAL UNIVERSAL (0 AL 2026)""]",1,[],0,[],0,,,6.1132
TK367266,https://icepar.specparts.shop/products/detail?slug=tekbond_tk367266-185960,862,,,,,"[""UNIVERSAL UNIVERSAL (0 AL 2026)""]",1,[],0,[],0,,,6.3206
TK367267,https://icepar.specparts.shop/products/detail?slug=tekbond_tk367267-185961,862,,,,,"[""UNIVERSAL UNIVERSAL (0 AL 2026)""]",1,[],0,[],0,,,6.1648
TK367268,https://icepar.specparts.shop/products/detail?slug=tekbond_tk367268-185962,862,,,,,"[""UNIVERSAL UNIVERSAL (0 AL 2026)""]",1,[],0,[],0,,,6.1675
TK367269,https://icepar.specparts.shop/products/detail?slug=tekbond_tk367269-185963,862,,,,,"[""UNIVERSAL UNIVERSAL (0 AL 2026)""]",1,[],0,[],0,,,6.1020
TK367270,https://icepar.specparts.shop/products/detail?slug=tekbond_tk367270-185964,863,,,,,"[""UNIVERSAL UNIVERSAL (0 AL 2026)""]",1,[],0,[],0,,,6.1652
TK367271,https://icepar.specparts.shop/products/detail?slug=tekbond_tk367271-185965,863,,,,,"[""UNIVERSAL UNIVERSAL (0 AL 2026)""]",1,[],0,[],0,,,6.2582
TK367273,https://icepar.specparts.shop/products/detail?slug=tekbond_tk367273-185966,863,,,,,"[""UNIVERSAL UNIVERSAL (0 AL 2026)""]",1,[],0,[],0,,,6.1204
TK327196,https://icepar.specparts.shop/products/detail?slug=tekbond_tk327196-250543,863,,,,,"[""UNIVERSAL UNIVERSAL (0 AL 2026)""]",1,[],0,[],0,,,6.1200
TK327198,https://icepar.specparts.shop/products/detail?slug=tekbond_tk327198-250544,863,,,,,"[""UNIVERSAL UNIVERSAL (0 AL 2026)""]",1,[],0,[],0,,,6.2399
TK367264,https://icepar.specparts.shop/products/detail?slug=tekbond_tk367264-250545,863,,,,,"[""UNIVERSAL UNIVERSAL (0 AL 2026)""]",1,[],0,[],0,,,6.2398
RCLF00460,https://icepar.specparts.shop/products/detail?slug=trw_rclf00460-106920,863,,,,,[],0,[],0,[],0,,,2.6748
RCLF00470,https://icepar.specparts.shop/products/detail?slug=trw_rclf00470-106921,863,,,,,[],0,[],0,[],0,,,3.8028
TK367262,https://icepar.specparts.shop/products/detail?slug=tekbond_tk367262-225866,864,,,,,"[""UNIVERSAL UNIVERSAL (0 AL 2026)""]",1,[],0,[],0,,,6.1714
TK713043,https://icepar.specparts.shop/products/detail?slug=tekbond_tk713043-225867,864,,,,,"[""UNIVERSAL UNIVERSAL (0 AL 2026)""]",1,[],0,[],0,,,6.1904
HF10035,https://icepar.specparts.shop/products/detail?slug=gates_hf10035-326411,864,,,,,[],0,[],0,[],0,,,3.1578
AP6146,https://icepar.specparts.shop/products/detail?slug=paulucci_ap6146-1290307,865,,,,,"[""FORD TRANSIT 2.2 TDCI (2015 AL 2026)""]",1,[],0,[],0,,,6.2625
1296333023,https://icepar.specparts.shop/products/detail?slug=zf_1296333023-491970,865,,,,,[],0,[],0,"[""OEM: 1527459""]",1,,,7.5409
1310304225,https://icepar.specparts.shop/products/detail?slug=zf_1310304225-492062,865,,,,,[],0,[],0,"[""OEM: 1662954""]",1,,,7.3674
1316304167,https://icepar.specparts.shop/products/detail?slug=zf_1316304167-492110,865,,,,,[],0,[],0,"[""OEM: 1316304167""]",1,,,7.2454
1316304169,https://icepar.specparts.shop/products/detail?slug=zf_1316304169-492112,865,,,,,[],0,[],0,"[""ASTRA: 130435"", ""DAF: 1621141"", ""DAF: 1677594"", ""NECO: 4254 0016"", ""NECO: 4254 9965"", ""NECO: 50348 4975"", ""MAN: 8132402.0211"", ""MAN: 82.32402.0014"", ""MERCEDES-BENZ: 001 262 1134"", ""MERCEDES-BENZ: 001 262 2423"", ""MERCEDES-BENZ: 001 262 2623"", ""MERCEDES-BENZ: A001 262 1134"", ""MERCEDES-BENZ: A001 262 2423"", ""MERCEDES-BENZ: A001 262 2623"", ""OEM: 85108756"", ""RENAULT: 50 01 864 353"", ""RENAULT: 50 01 866 370"", ""VOLVO: 85105112"", ""VOLVO: 85108756""]",19,,,27.3137
801191/22,https://icepar.specparts.shop/products/detail?slug=fag_80119122-244987,866,,,,,[],0,[],0,[],0,,,2.7855
FI-23003,https://icepar.specparts.shop/products/detail?slug=fispa_fi23003-160108,866,,,,,[],0,[],0,[],0,,,2.7153
FI-25000,https://icepar.specparts.shop/products/detail?slug=fispa_fi25000-160109,866,,,,,[],0,[],0,[],0,,,2.6216
FI-25001,https://icepar.specparts.shop/products/detail?slug=fispa_fi25001-160110,866,,,,,[],0,[],0,[],0,,,2.6956
FI-25002,https://icepar.specparts.shop/products/detail?slug=fispa_fi25002-160111,866,,,,,[],0,[],0,[],0,,,2.5623
FI-25003,https://icepar.specparts.shop/products/detail?slug=fispa_fi25003-160112,866,,,,,[],0,[],0,[],0,,,2.5999
FI-25004,https://icepar.specparts.shop/products/detail?slug=fispa_fi25004-160113,866,,,,,[],0,[],0,[],0,,,2.6592
FI-25005,https://icepar.specparts.shop/products/detail?slug=fispa_fi25005-160114,866,,,,,[],0,[],0,[],0,,,2.6482
FI-25006,https://icepar.specparts.shop/products/detail?slug=fispa_fi25006-160115,866,,,,,[],0,[],0,[],0,,,2.5921
FI-25007,https://icepar.specparts.shop/products/detail?slug=fispa_fi25007-160116,866,,,,,[],0,[],0,[],0,,,2.5617
FI-25010,https://icepar.specparts.shop/products/detail?slug=fispa_fi25010-160119,866,,,,,[],0,[],0,[],0,,,2.6302
FI-25011,https://icepar.specparts.shop/products/detail?slug=fispa_fi25011-160120,866,,,,,[],0,[],0,[],0,,,2.9208
FI-25012,https://icepar.specparts.shop/products/detail?slug=fispa_fi25012-160121,866,,,,,[],0,[],0,[],0,,,2.6215
FI-25013,https://icepar.specparts.shop/products/detail?slug=fispa_fi25013-160122,866,,,,,[],0,[],0,[],0,,,2.7273
FI-25014,https://icepar.specparts.shop/products/detail?slug=fispa_fi25014-160123,866,,,,,[],0,[],0,[],0,,,2.6572
FI-25015,https://icepar.specparts.shop/products/detail?slug=fispa_fi25015-160124,866,,,,,[],0,[],0,[],0,,,2.5911
FI-25017,https://icepar.specparts.shop/products/detail?slug=fispa_fi25017-160126,866,,,,,[],0,[],0,[],0,,,2.7049
FI-25018,https://icepar.specparts.shop/products/detail?slug=fispa_fi25018-160127,866,,,,,[],0,[],0,[],0,,,2.6675
FI-25019,https://icepar.specparts.shop/products/detail?slug=fispa_fi25019-160128,866,,,,,[],0,[],0,[],0,,,2.6007
FI-25020,https://icepar.specparts.shop/products/detail?slug=fispa_fi25020-160129,866,,,,,[],0,[],0,[],0,,,2.5708
FI-25022,https://icepar.specparts.shop/products/detail?slug=fispa_fi25022-160131,866,,,,,[],0,[],0,[],0,,,2.5773
FI-25023,https://icepar.specparts.shop/products/detail?slug=fispa_fi25023-160132,867,,,,,[],0,[],0,[],0,,,2.6497
FI-25024,https://icepar.specparts.shop/products/detail?slug=fispa_fi25024-160133,867,,,,,[],0,[],0,[],0,,,2.6799
FI-25025,https://icepar.specparts.shop/products/detail?slug=fispa_fi25025-160134,867,,,,,[],0,[],0,[],0,,,2.6135
FI-25063,https://icepar.specparts.shop/products/detail?slug=fispa_fi25063-160135,867,,,,,[],0,[],0,[],0,,,2.6096
FI-25064,https://icepar.specparts.shop/products/detail?slug=fispa_fi25064-160136,867,,,,,[],0,[],0,[],0,,,2.5745
FI-25065,https://icepar.specparts.shop/products/detail?slug=fispa_fi25065-160137,867,,,,,[],0,[],0,[],0,,,2.7027
FI-25066,https://icepar.specparts.shop/products/detail?slug=fispa_fi25066-160138,867,,,,,[],0,[],0,[],0,,,2.5914
FI-19010,https://icepar.specparts.shop/products/detail?slug=fispa_fi19010-169586,867,,,,,[],0,[],0,[],0,,,2.6662
FI-19024,https://icepar.specparts.shop/products/detail?slug=fispa_fi19024-169587,867,,,,,[],0,[],0,[],0,,,2.7875
FI-19025,https://icepar.specparts.shop/products/detail?slug=fispa_fi19025-169588,867,,,,,[],0,[],0,[],0,,,2.5943
FI-19028,https://icepar.specparts.shop/products/detail?slug=fispa_fi19028-169589,867,,,,,[],0,[],0,[],0,,,2.6640
FI-19000,https://icepar.specparts.shop/products/detail?slug=fispa_fi19000-169590,867,,,,,[],0,[],0,[],0,,,2.5212
FI-19004,https://icepar.specparts.shop/products/detail?slug=fispa_fi19004-169593,867,,,,,[],0,[],0,[],0,,,2.6090
FI-19005,https://icepar.specparts.shop/products/detail?slug=fispa_fi19005-169594,867,,,,,[],0,[],0,[],0,,,2.5758
FI-19007,https://icepar.specparts.shop/products/detail?slug=fispa_fi19007-169595,867,,,,,[],0,[],0,[],0,,,2.5760
FI-19008,https://icepar.specparts.shop/products/detail?slug=fispa_fi19008-169596,867,,,,,[],0,[],0,[],0,,,2.5786
FI-19009,https://icepar.specparts.shop/products/detail?slug=fispa_fi19009-169597,867,,,,,[],0,[],0,[],0,,,2.6113
FI-19011,https://icepar.specparts.shop/products/detail?slug=fispa_fi19011-169598,867,,,,,[],0,[],0,[],0,,,2.5948
FI-19012,https://icepar.specparts.shop/products/detail?slug=fispa_fi19012-169599,867,,,,,[],0,[],0,[],0,,,2.5494
FI-19013,https://icepar.specparts.shop/products/detail?slug=fispa_fi19013-169600,867,,,,,[],0,[],0,[],0,,,2.6738
FI-19014,https://icepar.specparts.shop/products/detail?slug=fispa_fi19014-169601,868,,,,,[],0,[],0,[],0,,,2.6192
FI-19016,https://icepar.specparts.shop/products/detail?slug=fispa_fi19016-169603,868,,,,,[],0,[],0,[],0,,,2.6596
FI-19017,https://icepar.specparts.shop/products/detail?slug=fispa_fi19017-169604,868,,,,,[],0,[],0,[],0,,,2.6213
FI-19019,https://icepar.specparts.shop/products/detail?slug=fispa_fi19019-169606,868,,,,,[],0,[],0,[],0,,,2.7435
FI-19020,https://icepar.specparts.shop/products/detail?slug=fispa_fi19020-169607,868,,,,,[],0,[],0,[],0,,,2.6700
FI-19021,https://icepar.specparts.shop/products/detail?slug=fispa_fi19021-169608,868,,,,,[],0,[],0,[],0,,,2.5673
FI-19023,https://icepar.specparts.shop/products/detail?slug=fispa_fi19023-169610,868,,,,,[],0,[],0,[],0,,,2.6361
FI-19026,https://icepar.specparts.shop/products/detail?slug=fispa_fi19026-169611,868,,,,,[],0,[],0,[],0,,,2.6167
FI-13000,https://icepar.specparts.shop/products/detail?slug=fispa_fi13000-546569,868,,,,,[],0,[],0,[],0,,,2.6028
FI-13002,https://icepar.specparts.shop/products/detail?slug=fispa_fi13002-546570,868,,,,,[],0,[],0,[],0,,,2.5490
FI-13004,https://icepar.specparts.shop/products/detail?slug=fispa_fi13004-546572,868,,,,,[],0,[],0,[],0,,,2.6214
FI-13005,https://icepar.specparts.shop/products/detail?slug=fispa_fi13005-546573,868,,,,,[],0,[],0,[],0,,,2.6283
FI-13006,https://icepar.specparts.shop/products/detail?slug=fispa_fi13006-546574,868,,,,,[],0,[],0,[],0,,,3.1906
FI-13007,https://icepar.specparts.shop/products/detail?slug=fispa_fi13007-546575,868,,,,,[],0,[],0,[],0,,,2.6084
FI-13011,https://icepar.specparts.shop/products/detail?slug=fispa_fi13011-546578,868,,,,,[],0,[],0,[],0,,,2.5908
FI-13012,https://icepar.specparts.shop/products/detail?slug=fispa_fi13012-546579,868,,,,,[],0,[],0,[],0,,,2.5226
FI-65000,https://icepar.specparts.shop/products/detail?slug=fispa_fi65000-625231,868,,,,,[],0,[],0,[],0,,,2.6179
FI-65001,https://icepar.specparts.shop/products/detail?slug=fispa_fi65001-625232,869,,,,,[],0,[],0,[],0,,,2.6284
FI-50001,https://icepar.specparts.shop/products/detail?slug=fispa_fi50001-568823,869,,,,,[],0,[],0,[],0,,,2.6909
FI-50002,https://icepar.specparts.shop/products/detail?slug=fispa_fi50002-568824,869,,,,,[],0,[],0,[],0,,,2.5890
FI-50004,https://icepar.specparts.shop/products/detail?slug=fispa_fi50004-568826,869,,,,,[],0,[],0,[],0,,,2.5628
FI-50006,https://icepar.specparts.shop/products/detail?slug=fispa_fi50006-568828,869,,,,,[],0,[],0,[],0,,,2.5861
FI-50007,https://icepar.specparts.shop/products/detail?slug=fispa_fi50007-568829,869,,,,,[],0,[],0,[],0,,,2.6515
FI-50008,https://icepar.specparts.shop/products/detail?slug=fispa_fi50008-568830,869,,,,,[],0,[],0,[],0,,,2.5758
FI-50009,https://icepar.specparts.shop/products/detail?slug=fispa_fi50009-568831,869,,,,,[],0,[],0,[],0,,,2.6195
FI-50010,https://icepar.specparts.shop/products/detail?slug=fispa_fi50010-568832,869,,,,,[],0,[],0,[],0,,,2.6069
FI-50011,https://icepar.specparts.shop/products/detail?slug=fispa_fi50011-568833,869,,,,,[],0,[],0,[],0,,,2.5698
FI-50013,https://icepar.specparts.shop/products/detail?slug=fispa_fi50013-568834,869,,,,,[],0,[],0,[],0,,,2.5622
FI-50014,https://icepar.specparts.shop/products/detail?slug=fispa_fi50014-568835,869,,,,,[],0,[],0,[],0,,,2.7004
FI-50015,https://icepar.specparts.shop/products/detail?slug=fispa_fi50015-568836,869,,,,,[],0,[],0,[],0,,,2.5786
FI-50016,https://icepar.specparts.shop/products/detail?slug=fispa_fi50016-568837,869,,,,,[],0,[],0,[],0,,,2.6126
FI-50017,https://icepar.specparts.shop/products/detail?slug=fispa_fi50017-568838,869,,,,,[],0,[],0,[],0,,,2.6806
FI-50018,https://icepar.specparts.shop/products/detail?slug=fispa_fi50018-568839,869,,,,,[],0,[],0,[],0,,,2.6369
FI-50019,https://icepar.specparts.shop/products/detail?slug=fispa_fi50019-568840,869,,,,,[],0,[],0,[],0,,,2.6214
FI-50020,https://icepar.specparts.shop/products/detail?slug=fispa_fi50020-568841,869,,,,,[],0,[],0,[],0,,,2.5776
FI-50021,https://icepar.specparts.shop/products/detail?slug=fispa_fi50021-568842,869,,,,,[],0,[],0,[],0,,,2.6799
FI-50022,https://icepar.specparts.shop/products/detail?slug=fispa_fi50022-568843,869,,,,,[],0,[],0,[],0,,,2.5786
FI-50023,https://icepar.specparts.shop/products/detail?slug=fispa_fi50023-568844,869,,,,,[],0,[],0,[],0,,,2.7157
FI-50024,https://icepar.specparts.shop/products/detail?slug=fispa_fi50024-568845,869,,,,,[],0,[],0,[],0,,,2.6782
FI-50025,https://icepar.specparts.shop/products/detail?slug=fispa_fi50025-568846,870,,,,,[],0,[],0,[],0,,,2.6212
FI-50026,https://icepar.specparts.shop/products/detail?slug=fispa_fi50026-568847,870,,,,,[],0,[],0,[],0,,,2.7012
FI-50027,https://icepar.specparts.shop/products/detail?slug=fispa_fi50027-568848,870,,,,,[],0,[],0,[],0,,,2.5949
FI-50028,https://icepar.specparts.shop/products/detail?slug=fispa_fi50028-568849,870,,,,,[],0,[],0,[],0,,,2.6637
FI-50030,https://icepar.specparts.shop/products/detail?slug=fispa_fi50030-568850,870,,,,,[],0,[],0,[],0,,,2.5840
FI-50031,https://icepar.specparts.shop/products/detail?slug=fispa_fi50031-568851,870,,,,,[],0,[],0,[],0,,,2.6819
FI-50032,https://icepar.specparts.shop/products/detail?slug=fispa_fi50032-568852,870,,,,,[],0,[],0,[],0,,,2.6447
FI-50033,https://icepar.specparts.shop/products/detail?slug=fispa_fi50033-568853,870,,,,,[],0,[],0,[],0,,,2.6133
FI-50034,https://icepar.specparts.shop/products/detail?slug=fispa_fi50034-568854,870,,,,,[],0,[],0,[],0,,,2.5592
FI-50035,https://icepar.specparts.shop/products/detail?slug=fispa_fi50035-568855,870,,,,,[],0,[],0,[],0,,,2.6141
FI-50037,https://icepar.specparts.shop/products/detail?slug=fispa_fi50037-568856,870,,,,,[],0,[],0,[],0,,,2.5922
FI-50038,https://icepar.specparts.shop/products/detail?slug=fispa_fi50038-568857,870,,,,,[],0,[],0,[],0,,,3.0717
FI-50039,https://icepar.specparts.shop/products/detail?slug=fispa_fi50039-568858,870,,,,,[],0,[],0,[],0,,,2.5203
FI-50040,https://icepar.specparts.shop/products/detail?slug=fispa_fi50040-568859,870,,,,,[],0,[],0,[],0,,,2.7010
FI-50041,https://icepar.specparts.shop/products/detail?slug=fispa_fi50041-568860,870,,,,,[],0,[],0,[],0,,,2.9638
FI-50042,https://icepar.specparts.shop/products/detail?slug=fispa_fi50042-568861,870,,,,,[],0,[],0,[],0,,,2.6331
FI-50043,https://icepar.specparts.shop/products/detail?slug=fispa_fi50043-568862,870,,,,,[],0,[],0,[],0,,,2.7046
FI-50047,https://icepar.specparts.shop/products/detail?slug=fispa_fi50047-568863,870,,,,,[],0,[],0,[],0,,,2.5876
FI-80075,https://icepar.specparts.shop/products/detail?slug=fispa_fi80075-568864,870,,,,,"[""CHEVROLET SONIC 16 16V (2012 AL 2016)"", ""CHEVROLET SONIC 16 16V AT (2015 AL 2016)""]",2,[],0,[],0,,,7.5393
FI-243000,https://icepar.specparts.shop/products/detail?slug=fispa_fi243000-314912,870,,,,,[],0,[],0,[],0,,,2.5964
FI-244021,https://icepar.specparts.shop/products/detail?slug=fispa_fi244021-314913,870,,,,,[],0,[],0,[],0,,,2.7108
FI-244046,https://icepar.specparts.shop/products/detail?slug=fispa_fi244046-314914,870,,,,,[],0,[],0,[],0,,,2.7493
FI-244070,https://icepar.specparts.shop/products/detail?slug=fispa_fi244070-314915,870,,,,,[],0,[],0,[],0,,,2.5107
FI-285580,https://icepar.specparts.shop/products/detail?slug=fispa_fi285580-314918,870,,,,,[],0,[],0,[],0,,,2.7596
FI-285590,https://icepar.specparts.shop/products/detail?slug=fispa_fi285590-314919,871,,,,,[],0,[],0,[],0,,,2.5942
FI-285600,https://icepar.specparts.shop/products/detail?slug=fispa_fi285600-314920,871,,,,,[],0,[],0,[],0,,,2.6333
FI-285610,https://icepar.specparts.shop/products/detail?slug=fispa_fi285610-314921,871,,,,,[],0,[],0,[],0,,,2.5236
FI-285670,https://icepar.specparts.shop/products/detail?slug=fispa_fi285670-314922,871,,,,,[],0,[],0,[],0,,,2.6671
FI-285680,https://icepar.specparts.shop/products/detail?slug=fispa_fi285680-314923,871,,,,,[],0,[],0,[],0,,,2.8003
FI-285690,https://icepar.specparts.shop/products/detail?slug=fispa_fi285690-314924,871,,,,,[],0,[],0,[],0,,,2.6045
FI-285700,https://icepar.specparts.shop/products/detail?slug=fispa_fi285700-314925,871,,,,,[],0,[],0,[],0,,,2.5995
FI-285720,https://icepar.specparts.shop/products/detail?slug=fispa_fi285720-314926,871,,,,,[],0,[],0,[],0,,,2.6142
FI-285730,https://icepar.specparts.shop/products/detail?slug=fispa_fi285730-314927,871,,,,,[],0,[],0,[],0,,,2.5425
FI-285750,https://icepar.specparts.shop/products/detail?slug=fispa_fi285750-314928,871,,,,,[],0,[],0,[],0,,,2.5599
FI-285760,https://icepar.specparts.shop/products/detail?slug=fispa_fi285760-314929,871,,,,,[],0,[],0,[],0,,,2.6732
FI-285770,https://icepar.specparts.shop/products/detail?slug=fispa_fi285770-314930,871,,,,,[],0,[],0,[],0,,,2.6307
FI-285780,https://icepar.specparts.shop/products/detail?slug=fispa_fi285780-314931,871,,,,,[],0,[],0,[],0,,,2.7241
FI-285790,https://icepar.specparts.shop/products/detail?slug=fispa_fi285790-314932,871,,,,,[],0,[],0,[],0,,,2.8181
FI-285800,https://icepar.specparts.shop/products/detail?slug=fispa_fi285800-314933,871,,,,,[],0,[],0,[],0,,,3.0612
FI-285810,https://icepar.specparts.shop/products/detail?slug=fispa_fi285810-314934,871,,,,,[],0,[],0,[],0,,,2.5955
FI-285830,https://icepar.specparts.shop/products/detail?slug=fispa_fi285830-314935,871,,,,,[],0,[],0,[],0,,,3.6078
FI-285835,https://icepar.specparts.shop/products/detail?slug=fispa_fi285835-314936,871,,,,,[],0,[],0,[],0,,,2.7854
FI-285840,https://icepar.specparts.shop/products/detail?slug=fispa_fi285840-314937,871,,,,,[],0,[],0,[],0,,,3.2127
FI-285845,https://icepar.specparts.shop/products/detail?slug=fispa_fi285845-314938,871,,,,,[],0,[],0,[],0,,,2.6654
FI-285870,https://icepar.specparts.shop/products/detail?slug=fispa_fi285870-314939,871,,,,,[],0,[],0,[],0,,,2.6353
FI-285885,https://icepar.specparts.shop/products/detail?slug=fispa_fi285885-314940,871,,,,,[],0,[],0,[],0,,,2.8300
FI-285890,https://icepar.specparts.shop/products/detail?slug=fispa_fi285890-314941,871,,,,,[],0,[],0,[],0,,,2.6069
FI-285900,https://icepar.specparts.shop/products/detail?slug=fispa_fi285900-314942,871,,,,,[],0,[],0,[],0,,,2.7283
FI-285905,https://icepar.specparts.shop/products/detail?slug=fispa_fi285905-314943,872,,,,,[],0,[],0,[],0,,,2.6526
FI-285915,https://icepar.specparts.shop/products/detail?slug=fispa_fi285915-314944,872,,,,,[],0,[],0,[],0,,,3.2918
FI-10001,https://icepar.specparts.shop/products/detail?slug=fispa_fi10001-307666,872,,,,,[],0,[],0,[],0,,,2.6104
FI-10003,https://icepar.specparts.shop/products/detail?slug=fispa_fi10003-307668,872,,,,,[],0,[],0,[],0,,,2.5502
FI-10005,https://icepar.specparts.shop/products/detail?slug=fispa_fi10005-307670,872,,,,,[],0,[],0,[],0,,,2.5378
FI-10006,https://icepar.specparts.shop/products/detail?slug=fispa_fi10006-307671,872,,,,,[],0,[],0,[],0,,,2.5628
FI-10008,https://icepar.specparts.shop/products/detail?slug=fispa_fi10008-307673,872,,,,,[],0,[],0,[],0,,,2.6660
FI-10009,https://icepar.specparts.shop/products/detail?slug=fispa_fi10009-307674,872,,,,,[],0,[],0,[],0,,,2.6539
FI-10011,https://icepar.specparts.shop/products/detail?slug=fispa_fi10011-307676,872,,,,,[],0,[],0,[],0,,,2.7831
FI-10013,https://icepar.specparts.shop/products/detail?slug=fispa_fi10013-307678,872,,,,,[],0,[],0,[],0,,,2.6139
FI-10014,https://icepar.specparts.shop/products/detail?slug=fispa_fi10014-307679,872,,,,,[],0,[],0,[],0,,,2.6244
FI-10015,https://icepar.specparts.shop/products/detail?slug=fispa_fi10015-307680,872,,,,,[],0,[],0,[],0,,,2.8287
FI-10023,https://icepar.specparts.shop/products/detail?slug=fispa_fi10023-307686,872,,,,,[],0,[],0,[],0,,,2.7164
FI-10024,https://icepar.specparts.shop/products/detail?slug=fispa_fi10024-307687,872,,,,,[],0,[],0,[],0,,,2.8572
FI-10025,https://icepar.specparts.shop/products/detail?slug=fispa_fi10025-307688,873,,,,,[],0,[],0,[],0,,,2.9463
FI-10026,https://icepar.specparts.shop/products/detail?slug=fispa_fi10026-307689,873,,,,,[],0,[],0,[],0,,,2.5792
FI-10027,https://icepar.specparts.shop/products/detail?slug=fispa_fi10027-307690,873,,,,,[],0,[],0,[],0,,,2.7613
FI-10030,https://icepar.specparts.shop/products/detail?slug=fispa_fi10030-307692,873,,,,,[],0,[],0,[],0,,,2.6307
FI-10031,https://icepar.specparts.shop/products/detail?slug=fispa_fi10031-307693,873,,,,,[],0,[],0,[],0,,,2.9336
FI-10032,https://icepar.specparts.shop/products/detail?slug=fispa_fi10032-307694,873,,,,,[],0,[],0,[],0,,,2.5681
FI-10033,https://icepar.specparts.shop/products/detail?slug=fispa_fi10033-307695,873,,,,,[],0,[],0,[],0,,,2.7296
FI-10040,https://icepar.specparts.shop/products/detail?slug=fispa_fi10040-307696,873,,,,,[],0,[],0,[],0,,,2.6064
FI-10045,https://icepar.specparts.shop/products/detail?slug=fispa_fi10045-307697,873,,,,,[],0,[],0,[],0,,,2.6667
FI-10047,https://icepar.specparts.shop/products/detail?slug=fispa_fi10047-307698,873,,,,,[],0,[],0,[],0,,,2.6451
FI-10058,https://icepar.specparts.shop/products/detail?slug=fispa_fi10058-307699,873,,,,,[],0,[],0,[],0,,,3.1888
FI-10059,https://icepar.specparts.shop/products/detail?slug=fispa_fi10059-307700,873,,,,,[],0,[],0,[],0,,,2.5994
FI-10064,https://icepar.specparts.shop/products/detail?slug=fispa_fi10064-307701,873,,,,,[],0,[],0,[],0,,,2.5574
FI-10079,https://icepar.specparts.shop/products/detail?slug=fispa_fi10079-307702,873,,,,,[],0,[],0,[],0,,,2.5302
FI-10080,https://icepar.specparts.shop/products/detail?slug=fispa_fi10080-307703,873,,,,,[],0,[],0,[],0,,,2.7119
FI-10101,https://icepar.specparts.shop/products/detail?slug=fispa_fi10101-307705,873,,,,,[],0,[],0,[],0,,,2.6279
FI-10144,https://icepar.specparts.shop/products/detail?slug=fispa_fi10144-307706,873,,,,,[],0,[],0,[],0,,,2.5481
FI-10028,https://icepar.specparts.shop/products/detail?slug=fispa_fi10028-526739,873,,,,,[],0,[],0,[],0,,,2.5461
FI-10034,https://icepar.specparts.shop/products/detail?slug=fispa_fi10034-526740,873,,,,,[],0,[],0,[],0,,,2.6568
FI-10041,https://icepar.specparts.shop/products/detail?slug=fispa_fi10041-526741,873,,,,,[],0,[],0,[],0,,,2.7444
FI-10042,https://icepar.specparts.shop/products/detail?slug=fispa_fi10042-526742,873,,,,,[],0,[],0,[],0,,,3.3367
FI-10043,https://icepar.specparts.shop/products/detail?slug=fispa_fi10043-526743,874,,,,,[],0,[],0,[],0,,,2.6358
FI-10048,https://icepar.specparts.shop/products/detail?slug=fispa_fi10048-526744,874,,,,,[],0,[],0,[],0,,,2.7970
FI-10052,https://icepar.specparts.shop/products/detail?slug=fispa_fi10052-526745,874,,,,,[],0,[],0,[],0,,,2.6466
FI-10053,https://icepar.specparts.shop/products/detail?slug=fispa_fi10053-526746,874,,,,,[],0,[],0,[],0,,,2.6619
FI-10060,https://icepar.specparts.shop/products/detail?slug=fispa_fi10060-526749,874,,,,,[],0,[],0,[],0,,,2.7153
FI-10081,https://icepar.specparts.shop/products/detail?slug=fispa_fi10081-526750,874,,,,,[],0,[],0,[],0,,,2.6513
FI-10100,https://icepar.specparts.shop/products/detail?slug=fispa_fi10100-526751,874,,,,,[],0,[],0,[],0,,,2.7881
FI-10143,https://icepar.specparts.shop/products/detail?slug=fispa_fi10143-526752,874,,,,,[],0,[],0,[],0,,,2.9872
FI-10050,https://icepar.specparts.shop/products/detail?slug=fispa_fi10050-526753,874,,,,,[],0,[],0,[],0,,,2.7040
FI-10061,https://icepar.specparts.shop/products/detail?slug=fispa_fi10061-526754,874,,,,,[],0,[],0,[],0,,,2.6362
FI-10153,https://icepar.specparts.shop/products/detail?slug=fispa_fi10153-526755,874,,,,,[],0,[],0,[],0,,,2.6806
FI-10154,https://icepar.specparts.shop/products/detail?slug=fispa_fi10154-526756,874,,,,,[],0,[],0,[],0,,,2.6031
FI-10155,https://icepar.specparts.shop/products/detail?slug=fispa_fi10155-526757,874,,,,,[],0,[],0,[],0,,,2.6642
FI-10035,https://icepar.specparts.shop/products/detail?slug=fispa_fi10035-526759,874,,,,,[],0,[],0,[],0,,,3.1218
FI-10051,https://icepar.specparts.shop/products/detail?slug=fispa_fi10051-526761,874,,,,,[],0,[],0,[],0,,,2.6924
JS75110,https://icepar.specparts.shop/products/detail?slug=sabo_js75110-518538,874,,,,,[],0,[],0,[],0,,,2.5785
JS78588,https://icepar.specparts.shop/products/detail?slug=sabo_js78588-518541,874,,,,,[],0,[],0,[],0,,,2.5555
JS76106,https://icepar.specparts.shop/products/detail?slug=sabo_js76106-518542,874,,,,,[],0,[],0,[],0,,,2.7454
JS79463,https://icepar.specparts.shop/products/detail?slug=sabo_js79463-518543,875,,,,,[],0,[],0,[],0,,,3.1034
JS76285,https://icepar.specparts.shop/products/detail?slug=sabo_js76285-518547,875,,,,,[],0,[],0,[],0,,,3.3805
FI-29000,https://icepar.specparts.shop/products/detail?slug=fispa_fi29000-555643,875,,,,,[],0,[],0,[],0,,,2.8247
FI-29001,https://icepar.specparts.shop/products/detail?slug=fispa_fi29001-555644,875,,,,,[],0,[],0,[],0,,,2.7727
FI-29003,https://icepar.specparts.shop/products/detail?slug=fispa_fi29003-555646,875,,,,,[],0,[],0,[],0,,,2.9712
FI-29004,https://icepar.specparts.shop/products/detail?slug=fispa_fi29004-555647,875,,,,,[],0,[],0,[],0,,,2.6815
FI-29005,https://icepar.specparts.shop/products/detail?slug=fispa_fi29005-555648,875,,,,,[],0,[],0,[],0,,,2.7958
FI-29007,https://icepar.specparts.shop/products/detail?slug=fispa_fi29007-555650,875,,,,,[],0,[],0,[],0,,,2.6811
FI-29008,https://icepar.specparts.shop/products/detail?slug=fispa_fi29008-555651,875,,,,,[],0,[],0,[],0,,,2.6490
FI-29009,https://icepar.specparts.shop/products/detail?slug=fispa_fi29009-555652,875,,,,,[],0,[],0,[],0,,,2.7906
FI-29010,https://icepar.specparts.shop/products/detail?slug=fispa_fi29010-555653,875,,,,,[],0,[],0,[],0,,,4.5355
FI-29011,https://icepar.specparts.shop/products/detail?slug=fispa_fi29011-555654,875,,,,,[],0,[],0,[],0,,,2.7414
FI-29013,https://icepar.specparts.shop/products/detail?slug=fispa_fi29013-555656,875,,,,,[],0,[],0,[],0,,,2.7817
FI-29014,https://icepar.specparts.shop/products/detail?slug=fispa_fi29014-555657,875,,,,,[],0,[],0,[],0,,,2.6810
FI-29015,https://icepar.specparts.shop/products/detail?slug=fispa_fi29015-555658,875,,,,,[],0,[],0,[],0,,,2.5542
PH11,https://icepar.specparts.shop/products/detail?slug=phales_ph11-644447,876,,,,,[],0,[],0,[],0,,,2.7375
14082AP,https://icepar.specparts.shop/products/detail?slug=aplus_14082ap-155240,876,,,,,"[""AUDI Q7 32.0 TFSI (2011 AL 2026)"", ""AUDI Q7 2.0 V6 TDI (2016 AL 2022)"", ""AUDI Q7 4.2 TDI (2008 AL 2018)"", ""PORSCHE CAYENNE 3.0 V6 (2017 AL 2022)"", ""PORSCHE CAYENNE 3.6 V6 (2003 AL 2017)"", ""VOLKSWAGEN TOUAREG 2.5 R5 TDI (2003 AL 2010)""]",6,"[""INCLUYE ROTULA: SI"", ""LADO: AMBOS"", ""POSICION: DELANTERO"", ""UBICACION: SUPERIOR""]",4,[],0,,,23.2281
20021AP,https://icepar.specparts.shop/products/detail?slug=aplus_20021ap-186630,876,,,,,"[""RENAULT FLUENCE 2.0 16V (2010 AL 2014)"", ""RENAULT MEGANE 2.0 16V (2011 AL 2020)"", ""RENAULT MEGANE 2.0 16V 250CV (2011 AL 2014)""]",3,"[""LADO: DERECHO"", ""INCLUYE ROTULA: SI"", ""UBICACION: INFERIOR"", ""POSICION: DELANTERO""]",4,"[""CORVEN: 6PR8416"", ""MONROE: P599280"", ""NAKATA: N28045"", ""OE: 545009207R"", ""THOMPSON: PT-6528""]",5,,,27.4473
12070AP,https://icepar.specparts.shop/products/detail?slug=aplus_12070ap-186634,876,,,,,"[""BMW SERIE 3 318 17 TDS (1998 AL 1999)"", ""BMW SERIE 3 320 20D (1998 AL 2007)"", ""BMW SERIE 3 323 2.5 TI (1998 AL 2002)"", ""BMW SERIE 3 323 2.5 TIA (1998 AL 2001)"", ""BMW SERIE 3 328 2.8 1A (1998 AL 2001)"", ""BMW SERIE 3 328 2.81 (1998 AL 2001)"", ""BMW Z4 2.51 (2003 AL 2008)""]",7,"[""INCLUYE ROTULA: SI"", ""LADO: IZQUIERDO"", ""POSICION: DELANTERO"", ""UBICACION: INFERIOR""]",4,"[""CORVEN: 6PR8003"", ""MONROE: P5710101"", ""MOOG: BMWP4739"", ""NAKATA: N29283"", ""NAKATA: N29284"", ""OE: 31121094465/31126751317"", ""SKF: VKD5 6820 A"", ""THOMPSON: PT-6602""]",8,,,35.1731
14037AP,https://icepar.specparts.shop/products/detail?slug=aplus_14037ap-186635,876,,,,,"[""SUZUKI SWIFT 10 (1996 AL 1997}"", ""SUZUKI SWIFT 12 16V CVT (2019 AL 2022)"", ""SUZUKI SWIFT 13 (1992 AL 1997}"", ""SUZUKI SWIFT 14 (2015 AL 2015)"", ""SUZUKI SWIFT 15 (2007 AL 2011)""]",5,"[""INCLUYE ROTULA: SI"", ""LADO: DERECHO"", ""UBICACION: INFERIOR"", ""POSICION: DELANTERO""]",4,"[""OE: 4520150G10"", ""OE: 4520160E01""]",2,,,26.0336
14488AP,https://icepar.specparts.shop/products/detail?slug=aplus_14488ap-186636,876,,,,,[],0,"[""INCLUYE ROTULA: SI"", ""UBICACION: INFERIOR"", ""LADO: DERECHO"", ""POSICION: DELANTERO""]",4,"[""CORVEN: 6PR&428"", ""NAKATA: N21004"", ""OE: X122""]",3,,,18.2074
11885AP,https://icepar.specparts.shop/products/detail?slug=aplus_11885ap-186637,876,,,,,"[""FORD FIESTA 1.6 (1999 AL 2002)"", ""FORD FIESTA 1.8D (1998 AL 2003)""]",2,"[""POSICION: DELANTERO"", ""UBICACION: INFERIOR"", ""LADO: DERECHO"", ""INCLUYE ROTULA: SI""]",4,"[""CORVEN: 6PR8059"", ""MONROE: P5122101"", ""NAKATA: N22006"", ""OE: 1063236/1071694"", ""THOMPSON: PT-6310""]",5,,,26.3659
11888AP,https://icepar.specparts.shop/products/detail?slug=aplus_11888ap-186638,876,,,,,"[""FORD FOCUS 18 16¥ (2000 AL 2003)"", ""FORD FOCUS 18 TDI (2002 AL 2003)"", ""FORD FOCUS 2.0 16¥ (2000 AL 2003)""]",3,"[""INCLUYE ROTULA: SI"", ""LADO: IZQUIERDO"", ""POSICION: DELANTERO"", ""UBICACION: INFERIOR""]",4,"[""CORVEN: 6PR8065"", ""MONROE: P512620C"", ""NAKATA: N22013"", ""OE: 1073215/1090738"", ""THOMPSON: PT-6319""]",5,,,27.5975
14038AP,https://icepar.specparts.shop/products/detail?slug=aplus_14038ap-186639,876,,,,,[],0,"[""LADO: IZQUIERDO"", ""POSICION: DELANTERO"", ""INCLUYE ROTULA: SI"", ""UBICACION: INFERIOR""]",4,"[""OE: 4520250G10"", ""OE: 4520260801""]",2,,,17.2762
11887AP,https://icepar.specparts.shop/products/detail?slug=aplus_11887ap-186643,876,,,,,"[""FORD FOCUS 18 16¥ (2000 AL 2003)"", ""FORD FOCUS 18 TDI (2002 AL 2003)"", ""FORD FOCUS 2.0 16¥ (2000 AL 2003)""]",3,"[""LADO: DERECHO"", ""UBICACION: INFERIOR"", ""INCLUYE ROTULA: SI"", ""POSICION: DELANTERO""]",4,"[""CORVEN: 6PR8064"", ""MONROE: P512610C"", ""NAKATA: N22014"", ""OE: 1073214/1090730"", ""THOMPSON: PT-6318""]",5,,,27.0436
13434AP,https://icepar.specparts.shop/products/detail?slug=aplus_13434ap-186644,876,,,,,"[""RENAULT MEGANE 1.6 8V (1998 AL 1999)"", ""RENAULT MEGANE 1.9 TD (1998 AL 1999)"", ""RENAULT MEGANE 2.0 (1997 AL 1999)"", ""RENAULT MEGANE 2.0 150CV (1997 AL 2000)"", ""RENAULT R19 18 16V (1989 AL 1997)""]",5,"[""INCLUYE ROTULA: SI"", ""LADO: IZQUIERDO"", ""POSICION: DELANTERO"", ""UBICACION: INFERIOR""]",4,"[""CORVEN: 6PR8156"", ""MONROE: P543020C"", ""MOOG: REWP7033"", ""NAKATA: N28005"", ""OE: 7700436302/770078 1034"", ""RENAULT: 7700436302"", ""THOMPSON: PT-6504""]",7,,,31.7132
13438AP,https://icepar.specparts.shop/products/detail?slug=aplus_13438ap-186645,876,,,,,"[""RENAULT CLIO 12 16V (1999 AL 2008)"", ""RENAULT CLIO 19D (1993 AL 1997, 1999 AL 2002)"", ""RENAULT KANGOO 14 (1998 AL 2001)"", ""RENAULT KANGOO 16 8¥V (1999 AL 2007)"", ""RENAULT KANGOO 19D (1999 AL 2009)"", ""RENAULT MEGANE 1.6 8V (1998 AL 1999)"", ""RENAULT MEGANE 1.9 TD (1998 AL 1999)"", ""RENAULT MEGANE 2.0 (1997 AL 1999)"", ""RENAULT MEGANE 2.0 150CV (1997 AL 2000)"", ""RENAULT SCENIC 16 16¥V (1998 AL 2001)"", ""RENAULT SCENIC 19 DTI (1998 AL 2001)"", ""RENAULT SCENIC 2.0 115CV (1998 AL 2001)"", ""RENAULT SCENIC 2.0 16¥V (1999 AL 2003)""]",13,"[""INCLUYE ROTULA: SI"", ""POSICION: DELANTERO"", ""LADO: DERECHO"", ""UBICACION: INFERIOR""]",4,"[""CORVEN: 6PR8135"", ""MONROE: P542810C"", ""MOOG: REWPO338"", ""NAKATA: N28004"", ""OE: 7700425228/8200197187"", ""RENAULT: 7700425228"", ""RENAULT: 8200197187"", ""SKF: VKD5 6626A"", ""THOMPSON: PT-6502"", ""THOMPSON: PT-6523""]",10,,,43.7035
13825AP,https://icepar.specparts.shop/products/detail?slug=aplus_13825ap-186646,876,,,,,[],0,"[""INCLUYE ROTULA: SI"", ""LADO: DERECHO"", ""UBICACION: INFERIOR"", ""POSICION: DELANTERO""]",4,"[""CORVEN: 6PR8155"", ""MONROE: P543010C"", ""MOOG: REWP7032"", ""NAKATA: N28006"", ""OE: 7700436303/770078 1035"", ""RENAULT: 7700436303"", ""THOMPSON: PT-6505"", ""THOMPSON: PT-6506""]",8,,,23.4211
26951AP,https://icepar.specparts.shop/products/detail?slug=aplus_26951ap-186656,877,,,,,"[""TOYOTA HILUX 2.4 TDI (2015 AL 2026)"", ""TOYOTA HILUX 2.8 TDI AT (2015 AL 2026)"", ""TOYOTA HILUX 2.8 TDI GR MT (2018 AL 2022)"", ""TOYOTA HILUX 2.8 TDI MT (2015 AL 2026)"", ""TOYOTA HILUX 3.0 TDI 177CV (2015 AL 2016)""]",5,"[""INCLUYE ROTULA: SI"", ""LADO: IZQUIERDO"", ""UBICACION: INFERIOR"", ""POSICION: DELANTERO""]",4,"[""OE: 480690K090""]",1,,,25.4542
13873AP,https://icepar.specparts.shop/products/detail?slug=aplus_13873ap-186659,877,,,,,"[""RENAULT CLIO 2.0 150CV (1994 AL 1996)"", ""RENAULT KANGOO 16 8¥V (1999 AL 2007)"", ""RENAULT MEGANE 1.6 8V (1998 AL 1999)"", ""RENAULT MEGANE 1.9 TD (1998 AL 1999)"", ""RENAULT MEGANE 2.0 (1997 AL 1999)"", ""RENAULT MEGANE 2.0 150CV (1997 AL 2000)"", ""RENAULT SCENIC 2.0 16¥V (1999 AL 2003)""]",7,"[""INCLUYE ROTULA: SI"", ""LADO: IZQUIERDO"", ""UBICACION: INFERIOR"", ""POSICION: DELANTERO""]",4,"[""CORVEN: 6PR8134"", ""MONROE: P542820C"", ""MOOG: REWPO339"", ""NAKATA: N28003"", ""OE: 7700425227 /8200197179"", ""THOMPSON: PT-6503"", ""THOMPSON: PT-6524""]",7,,,34.8282
12020AP,https://icepar.specparts.shop/products/detail?slug=aplus_12020ap-186664,877,,,,,"[""CHEVROLET ASTRA 20 8V (1998 AL 2001)"", ""CHEVROLET ASTRA 20 TD (1999 AL 2003)"", ""CHEVROLET ASTRA 20 TD 16V (1998 AL 2003)"", ""CHEVROLET VECTRA 2.0 16V TDI (1998 AL 2003)""]",4,"[""INCLUYE ROTULA: SI"", ""POSICION: DELANTERO"", ""UBICACION: INFERIOR"", ""LADO: IZQUIERDO""]",4,"[""CORVEN: 6PR8014"", ""CORVEN: 6PR8015"", ""MONROE: P5218201"", ""MOOG: OPWPO670"", ""NAKATA: N23317"", ""NAKATA: N23318"", ""OE: 5352005/90496039"", ""SKF: VKD5 6529 A"", ""THOMPSON: PT-6411""]",9,,,33.3178
26952AP,https://icepar.specparts.shop/products/detail?slug=aplus_26952ap-186665,877,,,,,"[""TOYOTA HILUX 2.4 TDI (2015 AL 2026)"", ""TOYOTA HILUX 2.8 TDI AT (2015 AL 2026)"", ""TOYOTA HILUX 2.8 TDI GR MT (2018 AL 2022)"", ""TOYOTA HILUX 2.8 TDI MT (2015 AL 2026)"", ""TOYOTA HILUX 3.0 TDI 177CV (2015 AL 2016)""]",5,"[""LADO: DERECHO"", ""INCLUYE ROTULA: SI"", ""POSICION: DELANTERO"", ""UBICACION: INFERIOR""]",4,"[""OE: 480680K090""]",1,,,25.1572
12035AP,https://icepar.specparts.shop/products/detail?slug=aplus_12035ap-186667,877,,,,,"[""FORD FIESTA 1.6 (1999 AL 2002)""]",1,"[""LADO: IZQUIERDO"", ""INCLUYE ROTULA: SI"", ""POSICION: DELANTERO"", ""UBICACION: INFERIOR""]",4,"[""MONROE: P5122201"", ""NAKATA: N22003"", ""OE: 1071701/98FB3051AD"", ""THOMPSON: PT-6309""]",4,,,22.7970
11884AP,https://icepar.specparts.shop/products/detail?slug=aplus_11884ap-186668,877,,,,,[],0,"[""LADO: IZQUIERDO"", ""POSICION: DELANTERO"", ""INCLUYE ROTULA: SI"", ""UBICACION: INFERIOR""]",4,"[""CORVEN: 6PR8053"", ""MONROE: P5122201"", ""NAKATA: N22005"", ""OE: 1330239/98FB3051CC"", ""THOMPSON: PT-6311""]",5,,,20.2435
13404AP,https://icepar.specparts.shop/products/detail?slug=aplus_13404ap-186669,877,,,,,"[""CITROEN C3 14 HDI (2003 AL 2011)"", ""CITROEN C3 141 (2003 AL 2012)""]",2,"[""INCLUYE ROTULA: SI"", ""LADO: DERECHO"", ""POSICION: DELANTERO"", ""UBICACION: INFERIOR""]",4,"[""CORVEN: 6PR8020"", ""MONROE: P5382101"", ""MOOG: CITCO932"", ""NAKATA: N24320"", ""OE: 3521H6"", ""PEUGEOT: 3521H6"", ""THOMPSON: PT-6228""]",7,,,29.5085
14075AP,https://icepar.specparts.shop/products/detail?slug=aplus_14075ap-186670,877,,,,,"[""HYUNDAI H-1 2.5 CRDI (2008 AL 2014)"", ""HYUNDAI H-1 2.5 TD (1998 AL 2008)"", ""HYUNDAI H100 2.5 TD (1994 AL 2010)""]",3,"[""LADO: DERECHO"", ""INCLUYE ROTULA: SI"", ""UBICACION: SUPERIOR"", ""POSICION: DELANTERO""]",4,"[""OE: 5443043005""]",1,,,22.8746
21976AP,https://icepar.specparts.shop/products/detail?slug=aplus_21976ap-186671,877,,,,,[],0,"[""INCLUYE ROTULA: SI"", ""LADO: IZQUIERDO"", ""POSICION: DELANTERO"", ""UBICACION: INFERIOR""]",4,"[""NAKATA: N23329"", ""OE: 95017035"", ""THOMPSON: PT-6423""]",3,,,18.4986
22036AP,https://icepar.specparts.shop/products/detail?slug=aplus_22036ap-186672,877,,,,,[],0,"[""INCLUYE ROTULA: SI"", ""POSICION: DELANTERO"", ""LADO: IZQUIERDO"", ""UBICACION: SUPERIOR""]",4,"[""NAKATA: NBJ7003EP"", ""THOMPSON: PT-6705""]",2,,,16.9839
11693AP,https://icepar.specparts.shop/products/detail?slug=aplus_11693ap-186675,877,,,,,"[""RENAULT TWINGO 11 (1997 AL 2003)"", ""RENAULT TWINGO 1.2 (1992 AL 2000)""]",2,"[""INCLUYE ROTULA: SI"", ""POSICION: DELANTERO"", ""UBICACION: INFERIOR"", ""LADO: IZQUIERDO""]",4,"[""MONROE: P544620C"", ""NAKATA: N28047"", ""OE: 7700820028/8200737125"", ""THOMPSON: PT-6531""]",4,,,24.9285
11692AP,https://icepar.specparts.shop/products/detail?slug=aplus_11692ap-186676,877,,,,,"[""RENAULT TWINGO 11 (1997 AL 2003)"", ""RENAULT TWINGO 1.2 (1992 AL 2000)""]",2,"[""INCLUYE ROTULA: SI"", ""LADO: DERECHO"", ""POSICION: DELANTERO"", ""UBICACION: INFERIOR""]",4,"[""MONROE: P544610C"", ""NAKATA: N28048"", ""OE: 7700820029/8200737126"", ""THOMPSON: PT-6530""]",4,,,24.7552
12036AP,https://icepar.specparts.shop/products/detail?slug=aplus_12036ap-186677,877,,,,,"[""FORD FIESTA 1.6 (1999 AL 2002)""]",1,"[""LADO: DERECHO"", ""POSICION: DELANTERO"", ""INCLUYE ROTULA: SI"", ""UBICACION: INFERIOR""]",4,"[""MONROE: P5122101"", ""NAKATA: N22004"", ""OE: 1071683/98FB3042AD"", ""THOMPSON: PT-6308""]",4,,,22.4935
12069AP,https://icepar.specparts.shop/products/detail?slug=aplus_12069ap-186678,877,,,,,[],0,"[""INCLUYE ROTULA: SI"", ""LADO: DERECHO"", ""POSICION: DELANTERO"", ""UBICACION: INFERIOR""]",4,"[""CORVEN: 5RT20005"", ""MONROE: P57 10201"", ""MOOG: MO0057/LT60005"", ""NAKATA: N29283"", ""NAKATA: N29284"", ""OE: 31121094466/31126751318"", ""THOMPSON: PT-6601"", ""TIPER: 46061""]",8,,,23.3535
13403AP,https://icepar.specparts.shop/products/detail?slug=aplus_13403ap-186679,877,,,,,"[""CITROEN C3 141 (2003 AL 2012)""]",1,"[""INCLUYE ROTULA: SI"", ""LADO: IZQUIERDO"", ""UBICACION: INFERIOR"", ""POSICION: DELANTERO""]",4,"[""CITROEN: 3520L4"", ""CORVEN: 6PR8020"", ""MONROE: P5382101"", ""MOOG: CITCO932"", ""NAKATA: N24321"", ""OE: 3520L4"", ""THOMPSON: PT-6229""]",7,,,26.2709
14074AP,https://icepar.specparts.shop/products/detail?slug=aplus_14074ap-186680,877,,,,,[],0,"[""INCLUYE ROTULA: SI"", ""POSICION: DELANTERO"", ""UBICACION: SUPERIOR"", ""LADO: IZQUIERDO""]",4,"[""OE: 5441043005""]",1,,,15.7142
14083AP,https://icepar.specparts.shop/products/detail?slug=aplus_14083ap-186681,877,,,,,"[""PORSCHE CAYENNE 3.0 V6 (2017 AL 2022)"", ""PORSCHE CAYENNE 3.6 V6 (2003 AL 2017)"", ""VOLKSWAGEN TOUAREG 3.6 VR6 FSI (2008 AL 2011)"", ""VOLKSWAGEN TOUAREG 4.2 V& FSI (2008 AL 2012)""]",4,"[""INCLUYE ROTULA: SI"", ""LADO: IZQUIERDO"", ""UBICACION: INFERIOR"", ""POSICION: DELANTERO""]",4,"[""OE: 7L0407151C/7L0407151D""]",1,,,23.9507
14487AP,https://icepar.specparts.shop/products/detail?slug=aplus_14487ap-186682,877,,,,,"[""SEAT INCA 16 (2000 AL 2002)"", ""SEAT INCA 19D (1997 AL 2001)"", ""VOLKSWAGEN GOLF 16 8V (1999 AL 2012)"", ""VOLKSWAGEN GOLF 14 MI (1996 AL 1998)"", ""VOLKSWAGEN GOLF L&T (1999 AL 2011)"", ""VOLKSWAGEN GOLF 19 TD (1996 AL 1999)"", ""VOLKSWAGEN GOLF 19 TDI (1999 AL 2011)"", ""VOLKSWAGEN GOLF 2.0 (1995 AL 1999)"", ""VOLKSWAGEN GOLF 2.0 8V (1999 AL 2012)"", ""VOLKSWAGEN GOLF 2.8 V6 (2003 AL 2004)"", ""VOLKSWAGEN GOLF 2.8 VR6 (1996 AL 1999)"", ""VOLKSWAGEN POLO 16 16V AT (2015 AL 2022)"", ""VOLKSWAGEN POLO 16 16V MT (2015 AL 2026)"", ""VOLKSWAGEN POLO 16 MSI AT (2018 AL 2026)"", ""VOLKSWAGEN POLO 16 MSI MT (2018 AL 2026)"", ""VOLKSWAGEN POLO CLASSIC 16 8V (2001 AL 2009)"", ""VOLKSWAGEN POLO CLASSIC 16 MI (1996 AL 2001)"", ""VOLKSWAGEN POLO CLASSIC 18 MI (1997 AL 2009)"", ""VOLKSWAGEN POLO CLASSIC 19 5D (1996 AL 2005)"", ""VOLKSWAGEN POLO CLASSIC 19 TDI (1998 AL 2009)""]",20,"[""LADO: IZQUIERDO"", ""POSICION: DELANTERO"", ""INCLUYE ROTULA: SI"", ""UBICACION: INFERIOR""]",4,"[""CORVEN: 6PR8427"", ""NAKATA: N21003"", ""OE: 191407151BPART""]",3,,,44.3670
22037AP,https://icepar.specparts.shop/products/detail?slug=aplus_22037ap-186683,877,,,,,"[""TOYOTA HILUX 2.5 TD (2005 AL 2016)"", ""TOYOTA HILUX 3.0 TDI (2005 AL 2015)""]",2,"[""LADO: DERECHO"", ""UBICACION: SUPERIOR"", ""POSICION: DELANTERO"", ""INCLUYE ROTULA: SI""]",4,"[""MONROE: P599290"", ""NAKATA: N27008"", ""NAKATA: NBJ7003DP"", ""OE: 486100K040"", ""THOMPSON: PT-6706""]",5,,,25.7853
20020AP,https://icepar.specparts.shop/products/detail?slug=aplus_20020ap-186685,877,,,,,"[""RENAULT FLUENCE 16 16¥V (2010 AL 2014)"", ""RENAULT FLUENCE 2.0 16V (2010 AL 2014)"", ""RENAULT MEGANE 2.0 16V (2011 AL 2020)"", ""RENAULT MEGANE 2.0 16V 250CV (2011 AL 2014)""]",4,"[""INCLUYE ROTULA: SI"", ""LADO: IZQUIERDO"", ""UBICACION: INFERIOR"", ""POSICION: DELANTERO""]",4,"[""CORVEN: 6PR8415"", ""MONROE: P599279"", ""NAKATA: N28046"", ""OE: 545014055R"", ""THOMPSON: PT-6529""]",5,,,28.2285
12841AP,https://icepar.specparts.shop/products/detail?slug=aplus_12841ap-372665,877,,,,,"[""AUDI A3 18 (1997 AL 2001)"", ""AUDI A3 18 T (1997 AL 2001)"", ""AUDI A3 19 TDI (1997 AL 2001)"", ""SEAT LEON 16 (2001 AL 2003)"", ""SEAT LEON 18 20V (2001 AL 2005)"", ""SEAT LEON 18 20V T (2003 AL 2005)"", ""SEAT LEON 19 TDI (2001 AL 2005)"", ""VOLKSWAGEN GOLF 16 16V MSI (2018 AL 2022)"", ""VOLKSWAGEN GOLF 18 (1983 AL 1989)"", ""VOLKSWAGEN GOLF 2.0 (1996 AL 1999)"", ""VOLKSWAGEN GOLF 2.01(1990 AL 1995)""]",11,"[""INCLUYE ROTULA: SI"", ""LADO: DERECHO"", ""POSICION: DELANTERO"", ""UBICACION: INFERIOR""]",4,"[""CORVEN: 6PR8169"", ""NAKATA: N21002"", ""GE: 1J0407151A+1J0407366A"", ""SKF: VKD5 6122A"", ""THOMPSON: PT-6002""]",5,,,36.6358
11903AP,https://icepar.specparts.shop/products/detail?slug=aplus_11903ap-554477,877,,,,,"[""FORD FIESTA 1.3 CL (1994 AL 1997)"", ""FORD KA 10 (1999 AL 2008)"", ""FORD KA 13 (1997 AL 1999)"", ""FORD KA 16 (2001 AL 2008)""]",4,"[""INCLUYE ROTULA: SI"", ""LADO: IZQUIERDO"", ""POSICION: DELANTERO"", ""UBICACION: INFERIOR""]",4,"[""CORVEN: 6PR8056"", ""MONROE: P513220C"", ""MOOG: FDOWPO721"", ""NAKATA: N22012"", ""OE: 1028443/1032101"", ""SKF: VKD5 6428 A"", ""THOMPSON: PT-6317""]",7,,,31.1356
12717AP,https://icepar.specparts.shop/products/detail?slug=aplus_12717ap-554478,877,,,,,"[""FIAT PALIO 17 TD (1997 AL 2001)""]",1,"[""INCLUYE ROTULA: SI"", ""LADO: IZQUIERDO"", ""POSICION: DELANTERO"", ""UBICACION: INFERIOR""]",4,"[""NAKATA: N26324"", ""OE: 464545 95/46554595"", ""THOMPSON: PT-6107""]",3,,,22.3213
12776AP,https://icepar.specparts.shop/products/detail?slug=aplus_12776ap-554479,877,,,,,"[""RENAULT LAGUNA 2.0 (1993 AL 1999)"", ""RENAULT LAGUNA 2.2D (1996 AL 1998)""]",2,"[""INCLUYE ROTULA: SI"", ""LADO: IZQUIERDO"", ""POSICION: DELANTERO"", ""UBICACION: INFERIOR""]",4,"[""CORVEN: 6PR8150"", ""MONROE: P546020C"", ""NAKATA: N28011"", ""OE: 7700823097 /7700413493"", ""THOMPSON: PT-6509""]",5,,,26.0519
12856AP,https://icepar.specparts.shop/products/detail?slug=aplus_12856ap-554480,878,,,,,"[""CHEVROLET CORSA 14 &v (2009)"", ""CHEVROLET CORSA 16 &V (2002 AL 2010)"", ""CHEVROLET CORSA 17 TDI (2002 AL 2009)"", ""CHEVROLET CORSA 17D (1998 AL 2005)"", ""CHEVROLET TIGRA 16 MPFI (1998 AL 2001)"", ""SUZUKI FUN LOBV (2003 AL 2007)""]",6,"[""INCLUYE ROTULA: SI"", ""LADO: IZQUIERDO"", ""POSICION: DELANTERO"", ""UBICACION: INFERIOR""]",4,"[""CORVEN: 6PR8008"", ""NAKATA: N23001"", ""OE: 352011KIT/90542572KIT""]",3,,,28.1976
13930AP,https://icepar.specparts.shop/products/detail?slug=aplus_13930ap-554481,878,,,,,"[""HONDA CIVIC 14 (1996 AL 2001)""]",1,"[""LADO: DERECHO"", ""INCLUYE ROTULA: SI"", ""UBICACION: SUPERIOR"", ""POSICION: DELANTERO""]",4,"[""CORVEN: 6PR8084"", ""NAKATA: N29156"", ""OE: 51450504023"", ""THOMPSON: PT-6350""]",4,,,22.8623
14458AP,https://icepar.specparts.shop/products/detail?slug=aplus_14458ap-554482,878,,,,,"[""RENAULT CAPTUR 16 16V CVT (2018 AL 2026)"", ""RENAULT CAPTUR 16 16V MT (2018 AL 2026)"", ""RENAULT CAPTUR 20 16V (2016 AL 2026)"", ""RENAULT MEGANE 1.5 DCI (2006 AL 2010)"", ""RENAULT MEGANE 1.6 110C¥ (2000 AL 2002)"", ""RENAULT MEGANE 1.6 16V (1999 AL 2011)"", ""RENAULT MEGANE 1.9 DCI (2005 AL 2008)"", ""RENAULT MEGANE 1.9 DTI (1999 AL 2009)"", ""RENAULT MEGANE 2.0 115C¥ (1997 AL 2003)"", ""RENAULT MEGANE 2.0 16V (2002 AL 2011)""]",10,"[""INCLUYE ROTULA: SI"", ""LADO: IZQUIERDO"", ""POSICION: DELANTERO"", ""UBICACION: INFERIOR""]",4,"[""CORVEN: 6PR8424"", ""MONROE: P545020C"", ""MOOG: REWP2090"", ""NAKATA: N28007"", ""OE: 545052737R/545053170R"", ""THOMPSON: PT-6507""]",6,,,36.6850
14459AP,https://icepar.specparts.shop/products/detail?slug=aplus_14459ap-554483,878,,,,,"[""RENAULT MEGANE 1.5 DCI (2006 AL 2010)"", ""RENAULT MEGANE 1.6 110C¥ (2000 AL 2002)"", ""RENAULT MEGANE 1.6 16V (1999 AL 2011)"", ""RENAULT MEGANE 1.9 DCI (2005 AL 2008)"", ""RENAULT MEGANE 1.9 DTI (1999 AL 2009)"", ""RENAULT MEGANE 2.0 115C¥ (1997 AL 2003)"", ""RENAULT MEGANE 2.0 16V (2002 AL 2011)""]",7,"[""INCLUYE ROTULA: SI"", ""LADO: DERECHO"", ""UBICACION: INFERIOR"", ""POSICION: DELANTERO""]",4,"[""CORVEN: 6PR8424"", ""MONROE: P545010C"", ""MOOG: REWP2090"", ""NAKATA: N28008"", ""OE: 545040131R/545041327R"", ""THOMPSON: PT-6506""]",6,,,33.3222
16807AP,https://icepar.specparts.shop/products/detail?slug=aplus_16807ap-554484,878,,,,,"[""CITROEN C3 151 (2013 AL 2022)"", ""CITROEN C3 16 16V (2011 AL 2013)"", ""CITROEN C3 16 VTI (2013 AL 2020)"", ""PEUGEOT 207 1.41 (2008 AL 2017)"", ""PEUGEOT 207 14 (2008 AL 2012)"", ""PEUGEOT 207 14 16¥ (2008 AL 2013)"", ""PEUGEOT 207 14 THP 150CV (2008 AL 2012)"", ""PEUGEOT 207 14 THP 156CV (2010 AL 2015)"", ""PEUGEOT 207 1.9D (2008 AL 2012)"", ""PEUGEOT 207 2.0 HDI (2008 AL 2011)""]",10,"[""INCLUYE ROTULA: SI"", ""POSICION: DELANTERO"", ""UBICACION: INFERIOR"", ""LADO: DERECHO""]",4,"[""NAKATA: N24350"", ""OE: 3521N8"", ""THOMPSON: PT-6244""]",3,,,33.3821
20190AP,https://icepar.specparts.shop/products/detail?slug=aplus_20190ap-554485,878,,,,,"[""CITROEN C3 16 16V (2011 AL 2013)"", ""CITROEN C3 16 VTI (2012 AL 2019)"", ""CITROEN C4 CACTUS 16 16V VTI AT (2018 AL 2026)"", ""CITROEN C4 CACTUS 16 16V VTI MT (2018 AL 2026)"", ""CITROEN C4 CACTUS 16 THP 165CV AT (2018 AL 2026)"", ""CITROEN DS53 16 VTI 120CV (2013 AL 2016)"", ""PEUGEOT 208 1.51 (2013 AL 2022)"", ""PEUGEOT 208 1.4 THP 156CV (2013 AL 2016)"", ""PEUGEOT 208 1.446 THP 200CV (2013 AL 2022)"", ""PEUGEOT 208 14 VTI (2013 AL 2022}""]",10,"[""INCLUYE ROTULA: SI"", ""LADO: IZQUIERDO"", ""POSICION: DELANTERO"", ""UBICACION: INFERIOR""]",4,"[""NAKATA: N24343"", ""OE: 3520W7"", ""THOMPSON: PT-6239""]",3,,,32.8244
11881AP,https://icepar.specparts.shop/products/detail?slug=aplus_11881ap-554505,878,,,,,"[""CHEVROLET ASTRA 20 8V (1998 AL 2001)"", ""CHEVROLET ASTRA 20 TD (1999 AL 2003)"", ""CHEVROLET ASTRA 20 TD 16V (1998 AL 2003)"", ""CHEVROLET VECTRA 2.0 16V TDI (1998 AL 2003)"", ""CHEVROLET VECTRA 2.2 16V (1996 AL 2006)""]",5,"[""INCLUYE ROTULA: SI"", ""LADO: DERECHO"", ""POSICION: DELANTERO"", ""UBICACION: INFERIOR""]",4,"[""CORVEN: 6PR8015"", ""MONROE: P5218101"", ""MOOG: OPWPO671"", ""NAKATA: N23317"", ""NAKATA: N23318"", ""OE: 5352004/90496040"", ""THOMPSON: PT-6412""]",7,,,31.8415
13436AP,https://icepar.specparts.shop/products/detail?slug=aplus_13436ap-554506,878,,,,,"[""RENAULT EXPRESS 1.9D (1995 AL 2002)"", ""RENAULT R9 16 (1994 AL 2003)""]",2,"[""POSICION: DELANTERO"", ""LADO: IZQUIERDO"", ""INCLUYE ROTULA: SI"", ""UBICACION: INFERIOR""]",4,"[""CORVEN: 6PR8143"", ""MONROE: P544020B"", ""NAKATA: N28019"", ""OE: 7700783453/7700783455"", ""RENAULT: 7700783453"", ""SKF: VKDS5 6635 A"", ""THOMPSON: PT-6515""]",7,,,28.7969
21570AP,https://icepar.specparts.shop/products/detail?slug=aplus_21570ap-554507,878,,,,,"[""FORD FOCUS 16 16¥ (2013 AL 2021)"", ""FORD FOCUS 2.0 16¥ (2013 AL 2022)""]",2,"[""INCLUYE ROTULA: SI"", ""LADO: DERECHO"", ""UBICACION: INFERIOR"", ""POSICION: DELANTERO""]",4,"[""NAKATA: N22035"", ""OE: 1702970/1866068"", ""THOMPSON: PT-6340""]",3,,,24.0128
23152AP,https://icepar.specparts.shop/products/detail?slug=aplus_23152ap-554508,878,,,,,"[""NISSAN TIIDA 1.8 16¥V (2007 AL 2015)""]",1,"[""INCLUYE ROTULA: SI"", ""LADO: DERECHO"", ""POSICION: DELANTERO"", ""UBICACION: INFERIOR""]",4,"[""NAKATA: N29350"", ""OE: 545001 FUOA/545001FUOB"", ""THOMPSON: PT-6552""]",3,,,21.6412
16171AP,https://icepar.specparts.shop/products/detail?slug=aplus_16171ap-554509,878,,,,,"[""RENAULT LOGAN 1.5 DCI (2007 AL 2011)"", ""RENAULT LOGAN 1.6 16¥V (2007 AL 2010)"", ""RENAULT SANDERO 1.5 DCI (2008 AL 2011)"", ""RENAULT SANDERG 1.6 16V (2008 AL 2015)"", ""RENAULT SANDERGO 1.6 8V (2009 AL 2015)""]",5,"[""INCLUYE ROTULA: SI"", ""LADO: IZQUIERDO"", ""POSICION: DELANTERO"", ""UBICACION: INFERIOR""]",4,"[""CORVEN: 6PR8138"", ""MONROE: P5464201"", ""MOOG: REWP3745"", ""NAKATA: N28035"", ""NAKATA: NBJ6010EP"", ""OE: 6001547520/600 1550446"", ""THOMPSON: PT-6521""]",7,,,32.1247
22269AP,https://icepar.specparts.shop/products/detail?slug=aplus_22269ap-554510,878,,,,,"[""PEUGEOT 301 14 HDI 92CV (2017 AL 2022)"", ""PEUGEOT 301 14 VTI (2017 AL 2026)""]",2,"[""INCLUYE ROTULA: SI"", ""POSICION: DELANTERO"", ""UBICACION: INFERIOR"", ""LADO: IZQUIERDO""]",4,"[""NAKATA: N24347"", ""OE: 9675031880"", ""THOMPSON: PT-6243""]",3,,,23.7539
12803AP,https://icepar.specparts.shop/products/detail?slug=aplus_12803ap-554522,878,,,,,"[""ALFA ROMEC 145 14 16V (1996 AL 1998)"", ""ALFA ROMEC 145 19 TD (1996 AL 1999)"", ""ALFA ROMEO 146 19 TD (1996 AL 1999)"", ""ALFA ROMEC 146 2.0TI (1996 AL 2000)"", ""ALFA ROMEC 155 16TS5 (1995 AL 1996)"", ""ALFA ROMEC 155 2.0 SUPER (1996 AL 1998)"", ""FIAT MAREA 16 16V (1998 AL 2001)"", ""FIAT MAREA 139 TDI (1998 AL 2000)"", ""FIAT MAREA 2.0 20V (1998 AL 2001)""]",9,"[""INCLUYE ROTULA: SI"", ""LADO: IZQUIERDO"", ""POSICION: DELANTERO"", ""UBICACION: INFERIOR""]",4,"[""CORVEN: 6PR&000"", ""NAKATA: N26286"", ""OE: 46744556 / 60564478 / 60586771 / 60593623 / 60809813 / 60812796 / 60813013 / 93501144"", ""SKF: VKD5 6253 A"", ""THOMPSON: PT-6103""]",5,,,33.3794
13824AP,https://icepar.specparts.shop/products/detail?slug=aplus_13824ap-554523,878,,,,,"[""RENAULT EXPRESS 1.9D (1995 AL 2002)"", ""RENAULT R9 16 (1994 AL 2003)""]",2,"[""INCLUYE ROTULA: SI"", ""LADO: DERECHO"", ""UBICACION: INFERIOR"", ""POSICION: DELANTERO""]",4,"[""CORVEN: 6PR8144"", ""MONROE: P544010B"", ""NAKATA: N28020"", ""OE: 7700783454/7700783456"", ""SKF: VKDS5 6636 A"", ""THOMPSON: PT-6514""]",6,,,26.5726
23151AP,https://icepar.specparts.shop/products/detail?slug=aplus_23151ap-554524,878,,,,,"[""NISSAN TIIDA 1.8 16¥V (2007 AL 2015)""]",1,"[""LADO: IZQUIERDO"", ""POSICION: DELANTERO"", ""INCLUYE ROTULA: SI"", ""UBICACION: INFERIOR""]",4,"[""NAKATA: N29349"", ""NAKATA: NBJ6012EP"", ""OE: 545011 FUOA/545011FUOB"", ""THOMPSON: PT-6553""]",4,,,22.7213
23895AP,https://icepar.specparts.shop/products/detail?slug=aplus_23895ap-554525,878,,,,,"[""NISSAN MARCH 16 16V (2012 AL 2015)"", ""NISSAN MARCH 16 16V AT (2016 AL 2022)"", ""NISSAN MARCH 16 16V MT (2016 AL 2026)"", ""NISSAN NOTE 16 16V (2015 AL 2022}"", ""NISSAN NOTE 16 16V CVT (2016 AL 2022)"", ""NISSAN VERSA 16 16V AT (2013 AL 2016)"", ""NISSAN VERSA 16 16V MT (2016 AL 2026)""]",7,"[""INCLUYE ROTULA: SI"", ""LADO: DERECHO"", ""UBICACION: INFERIOR"", ""POSICION: DELANTERO""]",4,"[""NAKATA: N29348"", ""OE: 545001HAOC"", ""OE: S45001HAGA"", ""THOMPSON: PT-6550""]",4,,,30.0745
12119AP,https://icepar.specparts.shop/products/detail?slug=aplus_12119ap-554526,878,,,,,"[""FORD COURIER 14 16V 51 DA (1997 AL 2000)"", ""FORD COURIER 18D (1997 AL 2006)""]",2,"[""INCLUYE ROTULA: SI"", ""LADO: IZQUIERDO"", ""POSICION: DELANTERO"", ""UBICACION: INFERIOR""]",4,"[""MONROE: P599247"", ""NAKATA: N22001"", ""OE: 1063246/1071702"", ""THOMPSON: PT-6307""]",4,,,24.7705
12836AP,https://icepar.specparts.shop/products/detail?slug=aplus_12836ap-554527,878,,,,,"[""HYUNDAI H100 2.5 TD (1994 AL 2010)""]",1,"[""INCLUYE ROTULA: SI"", ""LADO: DERECHO"", ""POSICION: DELANTERO"", ""UBICACION: INFERIOR""]",4,"[""NAKATA: N29340"", ""OE: 5454048001"", ""THOMPSON: PT-6920""]",3,,,21.7529
12948AP,https://icepar.specparts.shop/products/detail?slug=aplus_12948ap-554528,878,,,,,"[""PEUGEOT 206 1.4 &V (1999 AL 2003)"", ""PEUGEOT 206 1.9D (1999 AL 2009)""]",2,"[""LADO: IZQUIERDO"", ""INCLUYE ROTULA: SI"", ""UBICACION: INFERIOR"", ""POSICION: DELANTERO""]",4,"[""CITROEN: 3520G8"", ""CORVEN: 6PR8119"", ""MONROE: P532240C"", ""MOOG: PETC1572"", ""NAKATA: N24133"", ""NAKATA: NBJSSO02EP"", ""OE: 3520G8"", ""PEUGEOT: 3520G8"", ""SKF: VKD5 6321A"", ""THOMPSON: PT-6221""]",10,,,33.2744
13152AP,https://icepar.specparts.shop/products/detail?slug=aplus_13152ap-554529,878,,,,,"[""FIAT BRAVO 14 16V MULTIAIR (2012 AL 2016)"", ""FIAT BRAVO 16 16V MULTUET (2013 AL 2014)"", ""FIAT STILO 1.8 16V (2003 AL 2007)"", ""FIAT STILO 1.8 8V (2004 AL 2010)"", ""FIAT STILO 1.9 JTD (2003 AL 2007}""]",5,"[""INCLUYE ROTULA: SI"", ""LADO: IZQUIERDO"", ""POSICION: DELANTERO"", ""UBICACION: INFERIOR""]",4,"[""CORVEN: 6PR8041"", ""FIAT: 50700797"", ""FIAT: 93501485"", ""NAKATA: N26290"", ""OE: 507007 97/93501485"", ""THOMPSON: PT-6105""]",6,,,32.9524
16108AP,https://icepar.specparts.shop/products/detail?slug=aplus_16108ap-554530,878,,,,,"[""CHEVROLET AVEO 16 16V (2008 AL 2011)""]",1,"[""INCLUYE ROTULA: SI"", ""LADO: DERECHO"", ""UBICACION: INFERIOR"", ""POSICION: DELANTERO""]",4,"[""CHEVROLET: 96535082"", ""CORVEN: 6PR8010"", ""MONROE: P5288101"", ""MOOG: DEWP2478"", ""NAKATA: N23319"", ""OE: 96535082"", ""THOMPSON: PT-6414""]",7,,,27.8482
21569AP,https://icepar.specparts.shop/products/detail?slug=aplus_21569ap-554531,878,,,,,"[""FORD FOCUS 16 16¥ (2013 AL 2021)"", ""FORD FOCUS 2.0 16¥ (2013 AL 2022)""]",2,"[""INCLUYE ROTULA: SI"", ""POSICION: DELANTERO"", ""LADO: IZQUIERDO"", ""UBICACION: INFERIOR""]",4,"[""NAKATA: N22034"", ""OE: 1702983/1866073"", ""THOMPSON: PT-6339""]",3,,,23.7897
21646AP,https://icepar.specparts.shop/products/detail?slug=aplus_21646ap-554532,878,,,,,"[""VOLKSWAGEN PASSAT 1.8 TSI (2011 AL 2016)"", ""VOLKSWAGEN PASSAT 2.0 TDI BLUEMOTION (2011 AL 2016)"", ""VOLKSWAGEN PASSAT 2.0 TSI (2007 AL 2011)"", ""VOLKSWAGEN PASSAT 3.2 V6 FSI (2006 AL 2011)"", ""VOLKSWAGEN TIGUAN 2.0 TDI TIPTRONIC (2009 AL 2011)"", ""VOLKSWAGEN TIGUAN 2.0 TSI (2008 AL 2017)""]",6,"[""INCLUYE ROTULA: SI"", ""LADO: IZQUIERDO"", ""UBICACION: INFERIOR"", ""POSICION: DELANTERO""]",4,"[""NAKATA: N21323"", ""OE: 3C0407365A+PART/5NO0407151+PART""]",2,,,28.4958
15741AP,https://icepar.specparts.shop/products/detail?slug=aplus_15741ap-554533,878,,,,,"[""FORD FIESTA 1.31 (1994 AL 1999)"", ""FORD FIESTA 1.8D (1998 AL 2003)""]",2,"[""LADO: DERECHO"", ""INCLUYE ROTULA: SI"", ""UBICACION: INFERIOR"", ""POSICION: DELANTERO""]",4,"[""CORVEN: 6PR8051"", ""MONROE: P512410B"", ""MOOG: FDOWPO738"", ""NAKATA: N22010"", ""OE: 1146130/1212807""]",5,,,25.9527
15742AP,https://icepar.specparts.shop/products/detail?slug=aplus_15742ap-554534,879,,,,,"[""FORD ECOSPORT 1.4 TDCI (2003 AL 2011)"", ""FORD ECOSPORT 1.6 8V ROCAM (2003 AL 2013)"", ""FORD ECOSPORT 2.0 16V (2003 AL 2013)"", ""FORD FIESTA 1.4 TDCI (2002 AL 2011)"", ""FORD FIESTA 1.6 8V (2002 AL 2013)""]",5,"[""INCLUYE ROTULA: SI"", ""UBICACION: INFERIOR"", ""POSICION: DELANTERO"", ""LADO: IZQUIERDO""]",4,"[""CORVEN: 6PR8050"", ""MONROE: P512420B"", ""MOOG: FDWPO739"", ""NAKATA: N22009"", ""OE: 1146131/1212808"", ""THOMPSON: PT-6315""]",6,,,30.8741
13995AP,https://icepar.specparts.shop/products/detail?slug=aplus_13995ap-554553,879,,,,,"[""RENAULT MASTER 2.3 DCI (2013 AL 2026)"", ""RENAULT MASTER 25 DCI (2006 AL 2013)"", ""RENAULT MASTER 25D (1998 AL 2001)"", ""RENAULT MASTER 28 TD (1999 AL 2008)"", ""RENAULT MASTER 28D ASPIRADA (2003 AL 2006)""]",5,"[""INCLUYE ROTULA: SI"", ""LADO: DERECHO"", ""UBICACION: INFERIOR"", ""POSICION: DELANTERO""]",4,"[""CORVEN: 6PR&422"", ""NAKATA: N28041"", ""OE: 4401853/4401941"", ""THOMPSON: PT-6525"", ""THOMPSON: PT-6526""]",5,,,29.6424
13881AP,https://icepar.specparts.shop/products/detail?slug=aplus_13881ap-554554,879,,,,,"[""MERCEDES BENZ CLASE C C200 20 KOMPRESSOR (2000 AL 2008)"", ""MERCEDES BENZ CLASE C C220 2.2 CDI T (2000 AL 2008)"", ""MERCEDES BENZ CLASE C C240 2.6T (2000 AL 2008)"", ""MERCEDES BENZ CLASEC C270 2.7 TD CDI (2001 AL 2008)"", ""MERCEDES BENZ CLASE C C320 3.2 (2000 AL 2008)"", ""MERCEDES BENZ CLK 320 3.2 (2003 AL 2009)"", ""MERCEDES BENZ CLK 350 (2008 AL 2011)"", ""MERCEDES BENZ CLK 500 (2003 AL 2005)""]",8,"[""INCLUYE ROTULA: SI"", ""POSICION: DELANTERO"", ""LADO: DERECHO"", ""UBICACION: INFERIOR""]",4,"[""OE: 2103301407""]",1,,,28.4045
16107AP,https://icepar.specparts.shop/products/detail?slug=aplus_16107ap-554555,879,,,,,"[""CHEVROLET AVEO 16 16V (2008 AL 2011)""]",1,"[""INCLUYE ROTULA: SI"", ""POSICION: DELANTERO"", ""LADO: IZQUIERDO"", ""UBICACION: INFERIOR""]",4,"[""CORVEN: 6PR8011"", ""MONROE: P5288201"", ""MOOG: DEWP2477"", ""NAKATA: N23320"", ""OE: 96535081"", ""THOMPSON: PT-6413""]",6,,,24.7059
21139AP,https://icepar.specparts.shop/products/detail?slug=aplus_21139ap-554556,879,,,,,"[""VOLKSWAGEN AMAROK 2.0 TDI 122Cv (2010 AL 2013)""]",1,"[""INCLUYE ROTULA: SI"", ""LADO: DERECHO"", ""POSICION: DELANTERO"", ""UBICACION: SUPERIOR""]",4,"[""CORVEN: 6PR8&442"", ""MONROE: P599295"", ""NAKATA: N21319"", ""OE: 2HO407022B""]",4,,,24.8737
20191AP,https://icepar.specparts.shop/products/detail?slug=aplus_20191ap-554557,879,,,,,"[""CITROEN C3 151 (2012 AL 2017)"", ""CITROEN C3 16 16V (2011 AL 2013)"", ""CITROEN C3 16 VTI (2012 AL 2019)"", ""CITROEN C4 CACTUS 16 16V VTI AT (2018 AL 2026)"", ""CITROEN C4 CACTUS 16 16V VTI MT (2018 AL 2026)"", ""CITROEN C4 CACTUS 16 THP 165CV AT (2018 AL 2026)"", ""CITROEN DS53 16 VTI 120CV (2013 AL 2016)"", ""PEUGEOT 208 1.51 (2013 AL 2022)"", ""PEUGEOT 208 1.4 THP 156CV (2013 AL 2016)"", ""PEUGEOT 208 1.446 THP 200CV (2013 AL 2022)"", ""PEUGEOT 208 14 VTI (2013 AL 2022}""]",11,"[""INCLUYE ROTULA: SI"", ""LADO: DERECHO"", ""UBICACION: INFERIOR"", ""POSICION: DELANTERO""]",4,"[""NAKATA: N24344"", ""OE: 352159"", ""SPICER: PT-6238"", ""THOMPSON: PT-6238""]",4,,,35.7652
12804AP,https://icepar.specparts.shop/products/detail?slug=aplus_12804ap-554578,879,,,,,[],0,"[""INCLUYE ROTULA: SI"", ""LADO: DERECHO"", ""UBICACION: INFERIOR"", ""POSICION: DELANTERO""]",4,"[""NAKATA: N26285"", ""OE: 46474557 / 60564479 / 60586772 / 60593622 / 60809814 / 60812797 / 60813014 / 60813044 / 93501145"", ""THOMPSON: PT-6104""]",3,,,17.9528
11902AP,https://icepar.specparts.shop/products/detail?slug=aplus_11902ap-554579,879,,,,,"[""FORD COURIER 14 16V 51 DA (1997 AL 2000)"", ""FORD COURIER 18D (1997 AL 2006)"", ""FORD FIESTA 1.3 CL (1994 AL 1997)"", ""FORD FIESTA 1.31 (1994 AL 1999)"", ""FORD FIESTA 1.4 16V CLX (1996 AL 1999)"", ""FORD FIESTA 1.8D (1994 AL 1999)"", ""FORD KA 10 (1999 AL 2008)"", ""FORD KA 13 (1997 AL 1999)"", ""FORD KA 16 (2001 AL 2008)""]",9,"[""INCLUYE ROTULA: SI"", ""LADO: DERECHO"", ""POSICION: DELANTERO"", ""UBICACION: INFERIOR""]",4,"[""CORVEN: 6PR8056"", ""MONROE: P513210C"", ""MOOG: FDWPO722"", ""NAKATA: N22011"", ""OE: 1028438/1028441"", ""THOMPSON: PT-6316""]",6,,,37.2076
12716AP,https://icepar.specparts.shop/products/detail?slug=aplus_12716ap-554580,879,,,,,"[""FIAT PALIO 17 TD (1997 AL 2001)""]",1,"[""INCLUYE ROTULA: SI"", ""LADO: DERECHO"", ""UBICACION: INFERIOR"", ""POSICION: DELANTERO""]",4,"[""MONROE: P599244"", ""NAKATA: N26325"", ""OE: 464545 96/46554596"", ""THOMPSON: PT-6108""]",4,,,22.9259
12719AP,https://icepar.specparts.shop/products/detail?slug=aplus_12719ap-554581,879,,,,,"[""FIAT PALIO 13 16V FIRE (2001 AL 2005)"", ""FIAT PALIO 13 MPI (2001 AL 2004)"", ""FIAT PALIO 16 16V TORQUE (1997 AL 2005)"", ""FIAT PALIO 16 SPI (1997 AL 2001)"", ""FIAT PALIO 17 TD (1997 AL 2005)""]",5,"[""INCLUYE ROTULA: SI"", ""POSICION: DELANTERO"", ""UBICACION: INFERIOR"", ""LADO: IZQUIERDO""]",4,"[""CORVEN: 6PR8031"", ""NAKATA: N26327"", ""OE: 464545 97/46554597"", ""THOMPSON: PT-6109""]",4,,,30.0953
12720AP,https://icepar.specparts.shop/products/detail?slug=aplus_12720ap-554582,879,,,,,"[""HYUNDAI H-1 2.5 TD (1998 AL 2008)"", ""HYUNDAI H100 2.5 TD (1994 AL 2010)""]",2,"[""INCLUYE ROTULA: SI"", ""LADO: IZQUIERDO"", ""POSICION: DELANTERO"", ""UBICACION: INFERIOR""]",4,"[""NAKATA: N29377"", ""OE: 5451043152"", ""THOMPSON: PT-6929""]",3,,,25.0800
12857AP,https://icepar.specparts.shop/products/detail?slug=aplus_12857ap-554583,879,,,,,"[""CHEVROLET CORSA 10 (2000 AL 2003)"", ""CHEVROLET CORSA 14 &v (2009)"", ""CHEVROLET CORSA 16 &V (2002 AL 2010)"", ""CHEVROLET CORSA 17 TDI (2002 AL 2009)"", ""CHEVROLET CORSA 17D (1998 AL 2005)"", ""SUZUKI FUN LOBV (2003 AL 2007)""]",6,"[""INCLUYE ROTULA: SI"", ""LADO: DERECHO"", ""UBICACION: INFERIOR"", ""POSICION: DELANTERO""]",4,"[""CORVEN: 6PR&009"", ""NAKATA: N23002"", ""OE: 352012KIT/90542573KIT""]",3,,,28.5222
13012AP,https://icepar.specparts.shop/products/detail?slug=aplus_13012ap-554584,879,,,,,"[""CITROEN BERLINGO 1.8 N (2002 AL 2003)"", ""CITROEN BERLINGO 1.81 (2003 AL 2004)"", ""CITROEN BERLINGO 2.0 HDI (2002 AL 2005)"", ""CITROEN XSARA 16 16V (1992 AL 1993, 2003 AL 2005)"", ""CITROEN XSARA 18 16V (1998 AL 2002)"", ""CITROEN XSARA 19 TD (1999 AL 2001)"", ""CITROEN XSARA 19D (1998 AL 2003)"", ""CITROEN XSARA 2.0 16¥V (2000 AL 2004)"", ""CITROEN XSARA PICASSO 1.6 16V (2005 AL 2012)"", ""CITROEN XSARA PICASSO 2.0 16V (1999 AL 2011)"", ""CITROEN XSARA PICASSO 2.0 HDI (2001 AL 2011)"", ""CITROEN ZX 141 (1993 AL 1995, 2003 AL 2004)"", ""CITROEN ZX 18 (1993 AL 1996)"", ""CITROEN ZX 19 TD (1993 AL 1998)"", ""CITROEN ZX 2.0 (1993 AL 1995)"", ""PEUGEOT PARTNER 18 8V (1998 AL 2003)"", ""PEUGEOT PARTNER 19D (1998 AL 2003)""]",17,"[""INCLUYE ROTULA: SI"", ""LADO: IZQUIERDO"", ""POSICION: DELANTERO"", ""UBICACION: INFERIOR""]",4,"[""CITROEN: 3520A2"", ""MONROE: P5324201/8201"", ""NAKATA: N24003"", ""OE: 364050+352098"", ""PEUGEOT: 3520A2"", ""THOMPSON: PT-6219""]",6,,,46.7392
13435AP,https://icepar.specparts.shop/products/detail?slug=aplus_13435ap-554585,879,,,,,"[""RENAULT CLIO 14 (1992 AL 1995)"", ""RENAULT CLIO 16 (1996 AL 1998)"", ""RENAULT CLIO 18 (1995 AL 1998)"", ""RENAULT CLIO L9D (1993 AL 1998)"", ""RENAULT CLIO 2.0 150CV (1994 AL 1996)""]",5,"[""INCLUYE ROTULA: SI"", ""LADO: DERECHO"", ""POSICION: DELANTERO"", ""UBICACION: INFERIOR""]",4,"[""CORVEN: 6PR8152"", ""MONROE: P599275"", ""NAKATA: N28034"", ""OE: 7700794387"", ""RENAULT: 77007 94387"", ""SKF: VKD5 6633 A"", ""THOMPSON: PT-6520""]",7,,,32.9940
16806AP,https://icepar.specparts.shop/products/detail?slug=aplus_16806ap-554586,879,,,,,"[""CITROEN C3 151 (2013 AL 2022)"", ""CITROEN C3 16 16V (2011 AL 2013)"", ""CITROEN C3 16 VTI (2013 AL 2020)"", ""PEUGEOT 207 1.41 (2008 AL 2017)"", ""PEUGEOT 207 14 (2008 AL 2012)"", ""PEUGEOT 207 14 16¥ (2008 AL 2013)"", ""PEUGEOT 207 14 THP 150CV (2008 AL 2012)"", ""PEUGEOT 207 14 THP 156CV (2010 AL 2015)"", ""PEUGEOT 207 14 THP 175CV (2009 AL 2012)"", ""PEUGEOT 207 1.9D (2008 AL 2012)"", ""PEUGEOT 207 2.0 HDI (2008 AL 2011)""]",11,"[""INCLUYE ROTULA: SI"", ""POSICION: DELANTERO"", ""UBICACION: INFERIOR"", ""LADO: IZQUIERDO""]",4,"[""NAKATA: N24349"", ""OE: 3520R7"", ""THOMPSON: PT-6245""]",3,,,33.4374
23833AP,https://icepar.specparts.shop/products/detail?slug=aplus_23833ap-554587,879,,,,,"[""VOLKSWAGEN UP! 10 12V (2014 AL 2022}"", ""VOLKSWAGEN UP! 10 12V IMOTION (2015 AL 2022)""]",2,"[""INCLUYE ROTULA: SI"", ""POSICION: DELANTERO"", ""LADO: IZQUIERDO"", ""UBICACION: INFERIOR""]",4,"[""NAKATA: N21331"", ""OE: 15040715 1+6R0407 365"", ""THOMPSON: PT-6023""]",3,,,23.9799
21977AP,https://icepar.specparts.shop/products/detail?slug=aplus_21977ap-554588,879,,,,,"[""CHEVROLET COBALT 13 CDTI (2013 AL 2017)"", ""CHEVROLET COBALT 18 8V (2013 AL 2017)"", ""CHEVROLET ONIX 1.4 &V MT (2013 AL 2016)"", ""CHEVROLET PRISMA 14 &V (2011 AL 2013)"", ""CHEVROLET SONIC 16 16V (2012 AL 2016)"", ""CHEVROLET SPIN 13 CDTI (2013 AL 2020)"", ""CHEVROLET SPIN 18 &V MT (2012 AL 2026)""]",7,"[""INCLUYE ROTULA: SI"", ""LADO: DERECHO"", ""POSICION: DELANTERO"", ""UBICACION: INFERIOR""]",4,"[""NAKATA: N23330"", ""OE: 95017036"", ""THOMPSON: PT-6424""]",3,,,29.0717
22270AP,https://icepar.specparts.shop/products/detail?slug=aplus_22270ap-554589,879,,,,,[],0,"[""INCLUYE ROTULA: SI"", ""LADO: DERECHO"", ""POSICION: DELANTERO"", ""UBICACION: INFERIOR""]",4,"[""NAKATA: N24348"", ""OE: 9675028880"", ""THOMPSON: PT-6242""]",3,,,19.1079
23894AP,https://icepar.specparts.shop/products/detail?slug=aplus_23894ap-554590,879,,,,,"[""NISSAN MARCH 16 16V (2012 AL 2015)"", ""NISSAN MARCH 16 16V AT (2016 AL 2022)"", ""NISSAN MARCH 16 16V MT (2016 AL 2026)"", ""NISSAN NOTE 16 16V (2015 AL 2022}"", ""NISSAN NOTE 16 16V CVT (2016 AL 2022)"", ""NISSAN VERSA 16 16V AT (2013 AL 2016)"", ""NISSAN VERSA 16 16V MT (2016 AL 2026)""]",7,"[""INCLUYE ROTULA: SI"", ""LADO: IZQUIERDO"", ""UBICACION: INFERIOR"", ""POSICION: DELANTERO""]",4,"[""NAKATA: N29347"", ""OE: 545011 HAOC/545011 HAGA"", ""THOMPSON: PT-6551""]",3,,,30.0733
12721AP,https://icepar.specparts.shop/products/detail?slug=aplus_12721ap-554610,879,,,,,"[""HYUNDAI H-1 2.5 TD (1998 AL 2008)"", ""HYUNDAI H100 2.5 TD (1994 AL 2010)""]",2,"[""INCLUYE ROTULA: SI"", ""LADO: DERECHO"", ""POSICION: DELANTERO"", ""UBICACION: INFERIOR""]",4,"[""OE: 5454043152""]",1,,,21.8759
12825AP,https://icepar.specparts.shop/products/detail?slug=aplus_12825ap-554611,879,,,,,"[""CHEVROLET CORSA 17 TDI (2002 AL 2004)"", ""CHEVROLET CORSA 18 &V (2002 AL 2012)""]",2,"[""INCLUYE ROTULA: SI"", ""UBICACION: INFERIOR"", ""LADO: DERECHO"", ""POSICION: DELANTERO""]",4,"[""CORVEN: 6PR8007"", ""MONROE: P5240101"", ""MOOG: OPWPO995"", ""NAKATA: N23004"", ""OE: 035204 2/352042"", ""SKF: VKD5 6520 A"", ""THOMPSON: PT-6404""]",7,,,28.5330
12947AP,https://icepar.specparts.shop/products/detail?slug=aplus_12947ap-554612,879,,,,,"[""PEUGEOT 206 14 16¥ (2002 AL 2009)"", ""PEUGEOT 206 1.9D (1999 AL 2009)"", ""PEUGEOT 206 2.0 HDI (2000 AL 2009)""]",3,"[""INCLUYE ROTULA: SI"", ""POSICION: DELANTERO"", ""LADO: DERECHO"", ""UBICACION: INFERIOR""]",4,"[""CORVEN: 6PR8118"", ""MONROE: P532230C"", ""MOOG: PETC1571"", ""NAKATA: N24132"", ""NAKATA: NBJ50O02DP"", ""OE: 3521C8"", ""PEUGEOT: 3521C38"", ""THOMPSON: PT-6220""]",8,,,31.0961
13212AP,https://icepar.specparts.shop/products/detail?slug=aplus_13212ap-554613,879,,,,,"[""CITROEN BERLINGO 1.8 N (2002 AL 2003)"", ""CITROEN BERLINGO 1.81 (2003 AL 2004)"", ""CITROEN BERLINGO 2.0 HDI (2002 AL 2005)"", ""CITROEN XSARA 18 16V (1998 AL 2002)"", ""CITROEN XSARA 19 TD (1999 AL 2001)"", ""CITROEN XSARA 19D (1998 AL 2005)"", ""CITROEN XSARA 2.0 16V (1999 AL 2004)"", ""CITROEN XSARA 2.0 HDI (2001 AL 2005)"", ""CITROEN XSARA PICASSO 1.6 16V (2005 AL 2012)"", ""CITROEN XSARA PICASSO 2.0 16V (1999 AL 2011)"", ""CITROEN XSARA PICASSO 2.0 HDI (2001 AL 2011)"", ""PEUGEOT PARTNER 16 N (2003 AL 2005)"", ""PEUGEOT PARTNER 19D (1998 AL 2003)"", ""PEUGEOT PARTNER 2.0 HDI (2002 AL 2006)""]",14,"[""LADO: DERECHO"", ""POSICION: DELANTERO"", ""INCLUYE ROTULA: SI"", ""UBICACION: INFERIOR""]",4,"[""CORVEN: 6PR8120"", ""MONROE: P532410l"", ""MOOG: CIWPO714"", ""NAKATA: N24287"", ""OE: 3521E9/3521F3"", ""THOMPSON: PT-6226""]",6,,,41.1528
21138AP,https://icepar.specparts.shop/products/detail?slug=aplus_21138ap-554614,879,,,,,"[""VOLKSWAGEN AMAROK 2.0 TDI 122Cv (2010 AL 2013)""]",1,"[""INCLUYE ROTULA: SI"", ""LADO: IZQUIERDO"", ""UBICACION: SUPERIOR"", ""POSICION: DELANTERO""]",4,"[""CORVEN: 6PR8&442"", ""MONROE: P599295"", ""NAKATA: N21318"", ""OE: 2HO4070218""]",4,,,31.4019
24869AP,https://icepar.specparts.shop/products/detail?slug=aplus_24869ap-554615,880,,,,,"[""FORD FIESTA 1.4 TDCI (2002 AL 2011)"", ""FORD FIESTA 1.6 8V (2002 AL 2013)""]",2,"[""LADO: IZQUIERDO"", ""INCLUYE ROTULA: SI"", ""POSICION: DELANTERO"", ""UBICACION: INFERIOR""]",4,"[""NAKATA: N22036"", ""OE: M756530518B""]",2,,,22.6613
12218AP,https://icepar.specparts.shop/products/detail?slug=aplus_12218ap-554616,880,,,,,"[""RENAULT R11 14 (1984 AL 1999)"", ""RENAULT R9 14 (1987 AL 1992)""]",2,"[""INCLUYE ROTULA: SI"", ""LADO: IZQUIERDO"", ""POSICION: DELANTERO"", ""UBICACION: INFERIOR""]",4,"[""CORVEN: 6PR8137"", ""MONROE: P542420B"", ""MOOG: REWP7041"", ""NAKATA: N28001"", ""OE: 6001538336/7700695673"", ""SKF: VKD5 6630 A"", ""THOMPSON: PT-6501""]",7,,,28.3818
12775AP,https://icepar.specparts.shop/products/detail?slug=aplus_12775ap-554617,880,,,,,"[""RENAULT LAGUNA 139 DCI PRIVILEGE (2003 AL 2009)"", ""RENAULT LAGUNA 2.0 (1993 AL 1999)"", ""RENAULT LAGUNA 2.2D (1996 AL 1998)""]",3,"[""LADO: DERECHO"", ""POSICION: DELANTERO"", ""INCLUYE ROTULA: SI"", ""UBICACION: INFERIOR""]",4,"[""CORVEN: 6PR8149"", ""MONROE: P546010C"", ""NAKATA: N28012"", ""OE: 7700823098/7700413494"", ""THOMPSON: PT-6508""]",5,,,27.1059
12838AP,https://icepar.specparts.shop/products/detail?slug=aplus_12838ap-554618,880,,,,,"[""RENAULT LAGUNA 139 DCI PRIVILEGE (2003 AL 2009)"", ""RENAULT LAGUNA 2.0T (2003 AL 2009)"", ""RENAULT LAGUNA 3.0 V6 24V (2003 AL 2005)""]",3,"[""INCLUYE ROTULA: SI"", ""UBICACION: INFERIOR"", ""LADO: DERECHO"", ""POSICION: DELANTERO""]",4,"[""CORVEN: 6PR8148"", ""MONROE: P547610C"", ""NAKATA: N28014"", ""OE: 8200026655"", ""OE: 8200273729"", ""SKF: VKD5 6640 A"", ""THOMPSON: PT-6510""]",7,,,37.3447
13832AP,https://icepar.specparts.shop/products/detail?slug=aplus_13832ap-554619,880,,,,,"[""PEUGEOT 106 1.1 (2000 AL 2004)"", ""PEUGEOT 106 1.41 (1995 AL 2002)"", ""PEUGEOT 106 1.5D (1999 AL 2002)"", ""PEUGEOT 106 1. 516 (1998 AL 2001)""]",4,"[""INCLUYE ROTULA: SI"", ""LADO: DERECHO"", ""POSICION: DELANTERO"", ""UBICACION: INFERIOR""]",4,"[""CORVEN: 6PR8130"", ""MONROE: P531810C"", ""NAKATA: N24085"", ""OE: 352079/95658979"", ""THOMPSON: PT-6215""]",5,,,29.4387
13924AP,https://icepar.specparts.shop/products/detail?slug=aplus_13924ap-554620,880,,,,,"[""HONDA ACCORD 2.3 (1998 AL 2001)"", ""HONDA ACCORD 3.0 V6 (1998 AL 2003)""]",2,"[""LADO: DERECHO"", ""INCLUYE ROTULA: SI"", ""UBICACION: INFERIOR"", ""POSICION: DELANTERO""]",4,"[""CORVEN: 6PR8379"", ""HONDA: 51450-584A01"", ""MONROE: P599258"", ""NAKATA: N29004"", ""OE: 51450584401"", ""THOMPSON: PT-6800""]",6,,,27.5062
13933AP,https://icepar.specparts.shop/products/detail?slug=aplus_13933ap-554621,880,,,,,[],0,"[""INCLUYE ROTULA: SI"", ""POSICION: DELANTERO"", ""LADO: IZQUIERDO"", ""UBICACION: SUPERIOR""]",4,"[""CORVEN: 6PR&085"", ""NAKATA: N29157"", ""OE: 51460504023"", ""THOMPSON: PT-6351""]",4,,,20.7908
14022AP,https://icepar.specparts.shop/products/detail?slug=aplus_14022ap-554622,880,,,,,"[""RENAULT MASTER 2.3 DCI (2013 AL 2026)"", ""RENAULT MASTER 25 DCI (2006 AL 2013)"", ""RENAULT MASTER 25D (1998 AL 2001)"", ""RENAULT MASTER 28 TD (1999 AL 2008)"", ""RENAULT MASTER 28D ASPIRADA (2003 AL 2006)""]",5,"[""INCLUYE ROTULA: SI"", ""LADO: IZQUIERDO"", ""POSICION: DELANTERO"", ""UBICACION: INFERIOR""]",4,"[""CORVEN: 6PR&421"", ""NAKATA: N28042"", ""OE: 440185 2/4401940""]",3,,,27.4609
16259AP,https://icepar.specparts.shop/products/detail?slug=aplus_16259ap-554623,880,,,,,"[""ALFA ROMEC MITO 14 TURBO T-JET 16¥V 155CV (2009 AL 2017)"", ""FIAT LINEA 19 16¥ (2009 AL 2011)"", ""FIAT PUNTO 1.3 16V MULTUET (2008 AL 2011)"", ""FIAT PUNTO 1.4 8V FIRE (2007 AL 2020)"", ""FIAT QUBO 1.4 8V (2012 AL 2016)""]",5,"[""INCLUYE ROTULA: SI"", ""POSICION: DELANTERO"", ""UBICACION: INFERIOR"", ""LADO: DERECHO""]",4,"[""CORVEN: 6PR8034"", ""MONROE: P504010C"", ""MOOG: FIWP3958"", ""NAKATA: N26334"", ""OE: 352156/51783056""]",5,,,29.5791
23834AP,https://icepar.specparts.shop/products/detail?slug=aplus_23834ap-554624,880,,,,,"[""VOLKSWAGEN UP! 10 12V (2014 AL 2022}"", ""VOLKSWAGEN UP! 10 12V IMOTION (2015 AL 2022)""]",2,"[""INCLUYE ROTULA: SI"", ""LADO: DERECHO"", ""POSICION: DELANTERO"", ""UBICACION: INFERIOR""]",4,"[""NAKATA: N21332"", ""OE: 15040715 2+6R0407 366"", ""SPICER: PT-6023"", ""THOMPSON: PT-6023""]",4,,,25.2329
12120AP,https://icepar.specparts.shop/products/detail?slug=aplus_12120ap-554649,880,,,,,"[""FORD COURIER 14 16V 51 DA (1997 AL 2000)"", ""FORD COURIER 18D (1997 AL 2006)""]",2,"[""INCLUYE ROTULA: SI"", ""POSICION: DELANTERO"", ""UBICACION: INFERIOR"", ""LADO: DERECHO""]",4,"[""MONROE: P599248"", ""NAKATA: N22002"", ""OE: 1063223/1071690"", ""THOMPSON: PT-6306""]",4,,,25.0279
13430AP,https://icepar.specparts.shop/products/detail?slug=aplus_13430ap-554650,880,,,,,"[""RENAULT CLIO 14 (1992 AL 1995)"", ""RENAULT CLIO 16 (1996 AL 1998)"", ""RENAULT CLIO 18 (1995 AL 1998)"", ""RENAULT CLIO L9D (1993 AL 1998)"", ""RENAULT CLIO 2.0 150CV (1994 AL 1996)""]",5,"[""INCLUYE ROTULA: SI"", ""LADO: IZQUIERDO"", ""UBICACION: INFERIOR"", ""POSICION: DELANTERO""]",4,"[""CORVEN: 6PR8151"", ""MONROE: P599276"", ""NAKATA: N28033"", ""OE: 7700794386"", ""RENAULT: 77007 94386"", ""THOMPSON: PT-6519""]",6,,,30.3635
12714AP,https://icepar.specparts.shop/products/detail?slug=aplus_12714ap-554651,880,,,,,"[""FIAT GRAND SIENA 1.4 &V EVO (2013 AL 2020)"", ""FIAT GRAND SIENA 1.6 16V ETORQUE (2012 AL 2020)"", ""FIAT PALIO 13 16V FIRE (2001 AL 2005)"", ""FIAT PALIO 13 MPI (2001 AL 2004)"", ""FIAT PALIO 16 16V TORQUE (2001 AL 2005)"", ""FIAT PALIO 17 TD (1997 AL 2003)"", ""FIAT SIENA 13 16V FIRE (2005 AL 2007)"", ""FIAT SIENA 18 &V (2004 AL 2010)"", ""FIAT STRADA 17 TD (1999 AL 2002)"", ""FIAT STRADA 18 8V (2005 AL 2005)"", ""FIAT UNG 14 8V EVO (2010 AL 2017)""]",11,"[""INCLUYE ROTULA: SI"", ""LADO: IZQUIERDO"", ""UBICACION: INFERIOR"", ""POSICION: DELANTERO""]",4,"[""MONROE: P5028201"", ""MOOG: FIWP4172"", ""NAKATA: N26332"", ""OE: 46539001/46777742"", ""THOMPSON: PT-6113""]",5,,,36.6377
12715AP,https://icepar.specparts.shop/products/detail?slug=aplus_12715ap-554652,880,,,,,"[""FIAT GRAND SIENA 1.4 &V EVO (2013 AL 2020)"", ""FIAT GRAND SIENA 1.6 16V ETORQUE (2012 AL 2020)"", ""FIAT PALIO 13 16V FIRE (2001 AL 2005)"", ""FIAT PALIO 13 MPI (2001 AL 2004)"", ""FIAT PALIO 16 16V TORQUE (2001 AL 2005)"", ""FIAT PALIO 17 TD (2001 AL 2003)"", ""FIAT SIENA 18 &V (2004 AL 2010)"", ""FIAT STRADA 17 TD (1999 AL 2002)"", ""FIAT STRADA 18 8V (2005 AL 2005)"", ""FIAT UNG 14 8V EVO (2010 AL 2017)""]",10,"[""INCLUYE ROTULA: SI"", ""LADO: DERECHO"", ""POSICION: DELANTERO"", ""UBICACION: INFERIOR""]",4,"[""MONROE: P502810l"", ""MOOG: FIWP4173"", ""NAKATA: N26331"", ""OE: 46539000/46777741"", ""THOMPSON: PT-6114""]",5,,,39.1151
12835AP,https://icepar.specparts.shop/products/detail?slug=aplus_12835ap-554653,880,,,,,"[""HYUNDAI H100 2.5 TD (1994 AL 2010)""]",1,"[""INCLUYE ROTULA: SI"", ""LADO: IZQUIERDO"", ""POSICION: DELANTERO"", ""UBICACION: INFERIOR""]",4,"[""HYUNDAI: 54510-48001"", ""MONROE: P599265"", ""NAKATA: N29339"", ""OE: 5451048001"", ""THOMPSON: PT-6921""]",5,,,24.9266
13076AP,https://icepar.specparts.shop/products/detail?slug=aplus_13076ap-554654,880,,,,,"[""FORD ESCORT 18 (1990 AL 1998)"", ""FORD ESCORT 138 5 (1991 AL 1993)"", ""FORD ESCORT 184 XR3 (1994 AL 1997)"", ""FORD ESCORT 20 XR3 (1995 AL 1998)"", ""FORD VERONA 1.81 (1994 AL 1995)"", ""FORD VERONA 2.01 (1994 AL 1995)""]",6,"[""LADO: DERECHO"", ""POSICION: DELANTERO"", ""INCLUYE ROTULA: SI"", ""UBICACION: INFERIOR""]",4,"[""CORVEN: 6PR8164"", ""MONROE: P513010C"", ""MOOG: FDWP4126"", ""NAKATA: N22008"", ""OE: 105827 9/65 25843"", ""SKF: VKD5 6423 A"", ""THOMPSON: PT-6312""]",7,,,34.5698
13833AP,https://icepar.specparts.shop/products/detail?slug=aplus_13833ap-554655,880,,,,,[],0,"[""INCLUYE ROTULA: SI"", ""LADO: IZQUIERDO"", ""POSICION: DELANTERO"", ""UBICACION: INFERIOR""]",4,"[""CORVEN: 6PR8131"", ""MONROE: P531820C"", ""NAKATA: N24084"", ""OE: 352078/95658978"", ""SKF: VKD5 6349 A"", ""THOMPSON: PT-6214""]",6,,,22.4454
13880AP,https://icepar.specparts.shop/products/detail?slug=aplus_13880ap-554656,880,,,,,"[""MERCEDES BENZ CLASE C C200 20 KOMPRESSOR (2000 AL 2008)"", ""MERCEDES BENZ CLASE C C220 2.2 CDI T (2000 AL 2008)"", ""MERCEDES BENZ CLASE C C240 2.6T (2000 AL 2008)"", ""MERCEDES BENZ CLASEC C270 2.7 TD CDI (2001 AL 2008)"", ""MERCEDES BENZ CLK 320 3.2 (2003 AL 2009)"", ""MERCEDES BENZ CLK 500 (2003 AL 2005)""]",6,"[""INCLUYE ROTULA: SI"", ""LADO: IZQUIERDO"", ""POSICION: DELANTERO"", ""UBICACION: INFERIOR""]",4,"[""OE: 2103301307""]",1,,,26.1786
16258AP,https://icepar.specparts.shop/products/detail?slug=aplus_16258ap-554657,880,,,,,"[""ALFA ROMEC MITO 14 TURBO T-JET 16¥V 155CV (2009 AL 2017)"", ""FIAT LINEA 19 16¥ (2009 AL 2011)"", ""FIAT PUNTO 1.3 16V MULTUET (2008 AL 2011)"", ""FIAT PUNTO 1.4 8V FIRE (2007 AL 2020)"", ""FIAT PUNTO 1.8 &¥V (2007 AL 2011)"", ""FIAT QUBO 1.4 8V (2012 AL 2016)""]",6,"[""INCLUYE ROTULA: SI"", ""LADO: IZQUIERDO"", ""POSICION: DELANTERO"", ""UBICACION: INFERIOR""]",4,"[""CORVEN: 6PR8033"", ""MONROE: P504020C"", ""MOOG: FIWP3959"", ""NAKATA: N26333"", ""OE: 3520W3/51738057""]",5,,,31.5726
20648AP,https://icepar.specparts.shop/products/detail?slug=aplus_20648ap-554658,880,,,,,"[""RENAULT CAPTUR 16 16V CVT (2018 AL 2026)"", ""RENAULT CAPTUR 16 16V MT (2018 AL 2026)"", ""RENAULT DUSTER 16 16V (2011 AL 2017)"", ""RENAULT DUSTER 2.0 16¥V (2011 AL 2017)"", ""RENAULT DUSTER OROCH 16 16V (2016 AL 2026)"", ""RENAULT DUSTER OROCH 2.0 16V (2016 AL 2026)""]",6,"[""INCLUYE ROTULA: SI"", ""LADO: DERECHO"", ""POSICION: DELANTERO"", ""UBICACION: INFERIOR""]",4,"[""CORVEN: 6PR8414"", ""MONROE: P599278"", ""NAKATA: N28043"", ""OE: 545001535R/545006542R"", ""THOMPSON: PT-6525""]",5,,,30.5615
16172AP,https://icepar.specparts.shop/products/detail?slug=aplus_16172ap-554659,880,,,,,"[""RENAULT LOGAN 1.5 DCI (2007 AL 2011)"", ""RENAULT LOGAN 1.6 16¥V (2007 AL 2010)"", ""RENAULT LOGAN 1.6 8V (2008 AL 2014)"", ""RENAULT SANDERO 1.5 DCI (2008 AL 2011)"", ""RENAULT SANDERG 1.6 16V (2008 AL 2015)""]",5,"[""POSICION: DELANTERO"", ""LADO: DERECHO"", ""INCLUYE ROTULA: SI"", ""UBICACION: INFERIOR""]",4,"[""CORVEN: 6PR8138"", ""MONROE: P546410l"", ""MOOG: REWP3745"", ""OE: 6001547519/6001550910""]",4,,,31.4134
12217AP,https://icepar.specparts.shop/products/detail?slug=aplus_12217ap-554677,880,,,,,[],0,"[""LADO: DERECHO"", ""POSICION: DELANTERO"", ""INCLUYE ROTULA: SI"", ""UBICACION: INFERIOR""]",4,"[""CORVEN: 6PR8136"", ""MONROE: P542410B"", ""MOOG: REWP7040"", ""NAKATA: N28002"", ""OE: 6001538335/7700695674"", ""RENAULT: 6001538335"", ""RENAULT: 7700783458"", ""SKF: VKDS5 6628 A"", ""THOMPSON: PT-6500""]",9,,,24.5645
12837AP,https://icepar.specparts.shop/products/detail?slug=aplus_12837ap-554678,880,,,,,"[""RENAULT LAGUNA 139 DCI PRIVILEGE (2003 AL 2009)"", ""RENAULT LAGUNA 2.0T (2003 AL 2009)"", ""RENAULT LAGUNA 3.0 V6 24V (2003 AL 2005)""]",3,"[""INCLUYE ROTULA: SI"", ""LADO: IZQUIERDO"", ""UBICACION: INFERIOR"", ""POSICION: DELANTERO""]",4,"[""CORVEN: 6PR8147"", ""MONROE: P547620C"", ""NAKATA: N28013"", ""OE: 8200026654"", ""OE: 8200273728"", ""THOMPSON: PT-6511""]",6,,,28.1071
13925AP,https://icepar.specparts.shop/products/detail?slug=aplus_13925ap-554679,880,,,,,"[""HONDA ACCORD 2.3 (1998 AL 2001)"", ""HONDA ACCORD 3.0 V6 (1998 AL 2003)""]",2,"[""INCLUYE ROTULA: SI"", ""LADO: IZQUIERDO"", ""POSICION: DELANTERO"", ""UBICACION: INFERIOR""]",4,"[""HONDA: 51460584A01"", ""MONROE: P599257"", ""NAKATA: N29003"", ""OE: 51460584401"", ""THOMPSON: PT-6801""]",5,,,26.2753
12718AP,https://icepar.specparts.shop/products/detail?slug=aplus_12718ap-554680,881,,,,,[],0,"[""INCLUYE ROTULA: SI"", ""POSICION: DELANTERO"", ""LADO: DERECHO"", ""UBICACION: INFERIOR""]",4,"[""CORVEN: 6PR8032"", ""NAKATA: N26326"", ""OE: 464545 98/46554598"", ""THOMPSON: PT-6110""]",4,,,19.6461
13151AP,https://icepar.specparts.shop/products/detail?slug=aplus_13151ap-554681,881,,,,,"[""FIAT BRAVO 14 16V MULTIAIR (2012 AL 2016)"", ""FIAT BRAVO 16 16V MULTUET (2013 AL 2014)"", ""FIAT STILO 1.8 16V (2003 AL 2007)"", ""FIAT STILO 1.8 8V (2004 AL 2010)"", ""FIAT STILO 1.9 JTD (2003 AL 2007}""]",5,"[""INCLUYE ROTULA: SI"", ""POSICION: DELANTERO"", ""UBICACION: INFERIOR"", ""LADO: DERECHO""]",4,"[""CORVEN: 6PR8042"", ""NAKATA: N26289"", ""OE: 50700779/93501436"", ""THOMPSON: PT-6106""]",4,,,28.8068
14605AP,https://icepar.specparts.shop/products/detail?slug=aplus_14605ap-554682,881,,,,,"[""CHEVROLET MERIVA 17 TDI (2004 AL 2010)"", ""CHEVROLET MERIVA 18 16¥V (2003 AL 2006)"", ""CHEVROLET MERIVA 18 8V (2003 AL 2013)""]",3,"[""INCLUYE ROTULA: SI"", ""POSICION: DELANTERO"", ""UBICACION: INFERIOR"", ""LADO: IZQUIERDO""]",4,"[""CORVEN: 6PR8471"", ""MONROE: P599233"", ""MOOG: OPWP1903"", ""NAKATA: N23009"", ""OE: 5352027/93388568"", ""THOMPSON: PT-6409""]",6,,,28.7869
14606AP,https://icepar.specparts.shop/products/detail?slug=aplus_14606ap-554683,881,,,,,"[""CHEVROLET MERIVA 17 TDI (2004 AL 2010)"", ""CHEVROLET MERIVA 18 16¥V (2003 AL 2006)"", ""CHEVROLET MERIVA 18 8V (2003 AL 2013)""]",3,"[""LADO: DERECHO"", ""INCLUYE ROTULA: SI"", ""POSICION: DELANTERO"", ""UBICACION: INFERIOR""]",4,"[""CORVEN: 6PR8472"", ""MONROE: P599232"", ""MOOG: OPWP1902"", ""NAKATA: N23008"", ""OE: 5352028/93388569"", ""THOMPSON: PT-6410""]",6,,,30.2302
20647AP,https://icepar.specparts.shop/products/detail?slug=aplus_20647ap-554684,881,,,,,"[""RENAULT CAPTUR 16 16V CVT (2018 AL 2026)"", ""RENAULT CAPTUR 16 16V MT (2018 AL 2026)"", ""RENAULT DUSTER 16 16V (2011 AL 2017)"", ""RENAULT DUSTER 2.0 16¥V (2011 AL 2017)"", ""RENAULT DUSTER OROCH 16 16V (2016 AL 2026)""]",5,"[""INCLUYE ROTULA: SI"", ""LADO: IZQUIERDO"", ""UBICACION: INFERIOR"", ""POSICION: DELANTERO""]",4,"[""CORVEN: 6PR8413"", ""MONROE: P599277"", ""NAKATA: N28044"", ""OE: 545010069R/545016746R""]",4,,,28.6049
21647AP,https://icepar.specparts.shop/products/detail?slug=aplus_21647ap-554685,881,,,,,"[""VOLKSWAGEN PASSAT 1.8 TSI (2011 AL 2016)"", ""VOLKSWAGEN PASSAT 2.0 TDI BLUEMOTION (2011 AL 2016)"", ""VOLKSWAGEN PASSAT 2.0 TSI (2011 AL 2016)"", ""VOLKSWAGEN TIGUAN 2.0 TDI TIPTRONIC (2011 AL 2016)""]",4,"[""INCLUYE ROTULA: SI"", ""LADO: DERECHO"", ""POSICION: DELANTERO"", ""UBICACION: INFERIOR""]",4,"[""NAKATA: N21322"", ""OE: 3C0407366A+PART/5NO407152+PART""]",2,,,25.4638
24870AP,https://icepar.specparts.shop/products/detail?slug=aplus_24870ap-554686,881,,,,,"[""FORD FIESTA 1.4 TDCI (2002 AL 2011)"", ""FORD FIESTA 1.6 8V (2002 AL 2013)""]",2,"[""POSICION: DELANTERO"", ""LADO: DERECHO"", ""UBICACION: INFERIOR"", ""INCLUYE ROTULA: SI""]",4,"[""NAKATA: N22037"", ""OE: M756530428B""]",2,,,22.6569
12826AP,https://icepar.specparts.shop/products/detail?slug=aplus_12826ap-554704,881,,,,,"[""CHEVROLET CORSA 17 TDI (2002 AL 2004)"", ""CHEVROLET CORSA 18 &V (2002 AL 2012)""]",2,"[""LADO: IZQUIERDO"", ""INCLUYE ROTULA: SI"", ""UBICACION: INFERIOR"", ""POSICION: DELANTERO""]",4,"[""CORVEN: 6PR&006"", ""MONROE: P5240201"", ""MOOG: OPWPO996"", ""NAKATA: N23003"", ""OE: 0352041/352041"", ""THOMPSON: PT-6405""]",6,,,27.5095
13011AP,https://icepar.specparts.shop/products/detail?slug=aplus_13011ap-554705,881,,,,,"[""CITROEN BERLINGO 1.8 N (2002 AL 2003)"", ""CITROEN BERLINGO 1.81 (2003 AL 2004)"", ""CITROEN BERLINGO 2.0 HDI (2002 AL 2005)"", ""CITROEN XSARA 16 16¥ (2003 AL 2005)"", ""CITROEN XSARA 18 16V (1998 AL 2002)"", ""CITROEN XSARA 2.0 16V (1999 AL 2004)"", ""CITROEN XSARA PICASSO 1.6 16V (2005 AL 2012)"", ""CITROEN XSARA PICASSO 2.0 16V (1999 AL 2011)"", ""CITROEN XSARA PICASSO 2.0 HDI (2001 AL 2011)"", ""CITROEN ZX 141 (1993 AL 1995)"", ""CITROEN ZX 18 (1993 AL 1996)"", ""CITROEN ZX 19 TD (1993 AL 1998)"", ""CITROEN ZX 2.0 (1993 AL 1995)"", ""PEUGEOT PARTNER 19D (1998 AL 2010)""]",14,"[""INCLUYE ROTULA: SI"", ""LADO: DERECHO"", ""POSICION: DELANTERO"", ""UBICACION: INFERIOR""]",4,"[""MONROE: P5324101/8101"", ""NAKATA: N24004"", ""OE: 3640504352168"", ""THOMPSON: PT-6218""]",4,,,39.4607
13075AP,https://icepar.specparts.shop/products/detail?slug=aplus_13075ap-554706,881,,,,,"[""FORD ESCORT 16 (1988 AL 1996)"", ""FORD ESCORT 18 (1990 AL 1998)"", ""FORD ESCORT 138 5 (1991 AL 1993)"", ""FORD ESCORT 184 XR3 (1994 AL 1997)"", ""FORD ESCORT 20 XR3 (1995 AL 1998)"", ""FORD VERONA 1.81 (1994 AL 1995)"", ""FORD VERONA 2.01 (1994 AL 1995)""]",7,"[""LADO: IZQUIERDO"", ""INCLUYE ROTULA: SI"", ""POSICION: DELANTERO"", ""UBICACION: INFERIOR""]",4,"[""CORVEN: 6PR8163"", ""MONROE: P513020C"", ""MOOG: FDWP4127"", ""NAKATA: N22007"", ""OE: 1058280/65 25844"", ""SKF: VKD5 64224""]",6,,,32.9180
11893AP,https://icepar.specparts.shop/products/detail?slug=aplus_11893ap-560819,881,,,,,"[""CHEVROLET AGILE 1.4 &V (2009 AL 2021)"", ""CHEVROLET CORSA 14 16¥ (1996 AL 2002)"", ""CHEVROLET CORSA 16 16V (1996 AL 2001)"", ""CHEVROLET MONTANA 18 8¥ (2011 AL 2022)"", ""CHEVROLET TIGRA 16 MPFI (1998 AL 2001)"", ""SUZUKI FUN LOBV (2003 AL 2007)""]",6,"[""LADO: DERECHO"", ""POSICION: DELANTERO"", ""UBICACION: INFERIOR""]",3,"[""CORVEN: 6PR&009"", ""MONROE: P5242101"", ""MOOG: OPTCO488"", ""NAKATA: N23002"", ""OE: 352012/5352012"", ""THOMPSON: PT-6402""]",6,,,34.8961
12810AP,https://icepar.specparts.shop/products/detail?slug=aplus_12810ap-560820,881,,,,,"[""FORD TRANSIT 2.4 TDI (2000 AL 2002)"", ""FORD TRANSIT 2.4 TDI 16¥V (2000 AL 2005)""]",2,"[""LADO: DERECHO"", ""POSICION: DELANTERO"", ""UBICACION: INFERIOR""]",3,"[""CORVEN: 6PR8076"", ""NAKATA: N22027"", ""OE: 4042022/4372130"", ""THOMPSON: PT-6332""]",4,,,24.1431
22139AP,https://icepar.specparts.shop/products/detail?slug=aplus_22139ap-560821,881,,,,,"[""HONDA CIVIC 1.7 (2001 AL 2004)""]",1,"[""LADO: DERECHO"", ""UBICACION: INFERIOR"", ""POSICION: DELANTERO""]",3,[],0,,,13.3892
23831AP,https://icepar.specparts.shop/products/detail?slug=aplus_23831ap-560822,881,,,,,"[""VOLKSWAGEN UP! 10 12V (2014 AL 2022}"", ""VOLKSWAGEN UP! 10 12V IMOTION (2015 AL 2022)""]",2,"[""LADO: IZQUIERDO"", ""UBICACION: INFERIOR"", ""POSICION: DELANTERO""]",3,[],0,,,15.3985
25469AP,https://icepar.specparts.shop/products/detail?slug=aplus_25469ap-560823,881,,,,,"[""CITROEN JUMPER 2.2 HDI 130CV (2017 AL 2022)"", ""CITROEN JUMPER 2.8 HDI (2005 AL 2010)"", ""CITROEN JUMPER 2.8 TD 31M (2003 AL 2004)"", ""CITROEN JUMPY 16 HDI MT (2017 AL 2026)"", ""FIAT DUCATO 2.3 MULTUJET (2010 AL 2022}"", ""FIAT DUCATO 2.8 JTD (2006 AL 2010)"", ""PEUGEOT BOXER 2.2 HDI 130CV (2017 AL 2026)"", ""PEUGEOT BOXER 2.3 HDI (2010 AL 2017)"", ""PEUGEOT BOXER 2.8 HDI (2006 AL 2010)""]",9,"[""LADO: DERECHO"", ""POSICION: DELANTERO"", ""UBICACION: INFERIOR""]",3,"[""CORVEN: 6PR8270"", ""NAKATA: N26329"", ""OE: 1331939080"", ""OE: 1339466080""]",4,,,32.3271
16612AP,https://icepar.specparts.shop/products/detail?slug=aplus_16612ap-560837,881,,,,,"[""TOYOTA COROLLA 16 (1998 AL 1999, 2002 AL 2008)"", ""TOYOTA COROLLA 18 (1999 AL 2012)"", ""TOYOTA CORGLLA 2.0 D (1999 AL 2000)"", ""TOYOTA CORGLLA 2.0 TD (2002 AL 2008)""]",4,"[""LADO: DERECHO"", ""POSICION: DELANTERO"", ""UBICACION: INFERIOR""]",3,"[""NAKATA: N27015"", ""OE: 480680 2080/4806812260"", ""THOMPSON: PT-6712""]",3,,,26.0094
31082AP,https://icepar.specparts.shop/products/detail?slug=aplus_31082ap-560838,881,,,,,[],0,"[""LADO: IZQUIERDO"", ""UBICACION: INFERIOR"", ""POSICION: DELANTERO"", ""LADO: DERECHO""]",4,[],0,,,10.9655
12711AP,https://icepar.specparts.shop/products/detail?slug=aplus_12711ap-560839,881,,,,,"[""PEUGEOT 406 14 (1996 AL 1999)"", ""PEUGEOT 406 2.0 (1996 AL 2003)""]",2,"[""POSICION: DELANTERO"", ""UBICACION: INFERIOR"", ""LADO: IZQUIERDO""]",3,"[""CORVEN: 6PR&411"", ""MONROE: P599352"", ""NAKATA: N24337"", ""OE: 3520CO/H1"", ""SKF: VKD5 6332 A"", ""THOMPSON: PT-6233""]",6,,,25.5328
15723AP,https://icepar.specparts.shop/products/detail?slug=aplus_15723ap-560840,881,,,,,"[""AUDI A3 16 (2005 AL 2008)"", ""AUDI A3 2.0 FSI (2005 AL 2008)"", ""AUDI A3 2.0 TDI (2005 AL 2008)"", ""AUDI A3 2.0 TFSI (2006 AL 2008)"", ""AUDI A3 3.2 V6 FSI (2006 AL 2008)""]",5,"[""UBICACION: INFERIOR"", ""POSICION: DELANTERO"", ""LADO: IZQUIERDO""]",3,[],0,,,18.2183
24469AP,https://icepar.specparts.shop/products/detail?slug=aplus_24469ap-560841,881,,,,,"[""HONDA ACCORD 2.0T (2018 AL 2022)"", ""HONDA ACCORD 2.4 (2013 AL 2017}"", ""HONDA ACCORD 3.5 V6 (2013 AL 2020)"", ""HONDA CIVIC 1.5T (2016 AL 2022)"", ""HONDA CIVIC 18 (2013 AL 2017}"", ""HONDA CIVIC 2.0 16¥V (2016 AL 2026)"", ""HONDA CR-V 24 (2012 AL 2016)"", ""HONDA CR-V 24 AT (2016 AL 2020)"", ""HONDA CR-V 24 MT (2016 AL 2026)"", ""HONDA FIT 1.5 16V CVT (2017 AL 2026)"", ""HONDA HR-V 18 16V CVT (2016 AL 2026)"", ""HONDA HR-V 18 16V MT (2015 AL 2016)"", ""HONDA WR-V 15 16V CVT (2018 AL 2026)""]",13,"[""POSICION: DELANTERO"", ""UBICACION: INFERIOR"", ""LADO: DERECHO""]",3,"[""NAKATA: N29335"", ""OE: 51350TR7A11"", ""OE: 51350TV2E02"", ""THOMPSON: PT-6817""]",4,,,36.3715
12949AP,https://icepar.specparts.shop/products/detail?slug=aplus_12949ap-560848,881,,,,,"[""CITROEN C4 16 16V (2007 AL 2014)"", ""CITROEN C4 2.0 HDI (2007 AL 2010)"", ""CITROEN C4 2.0 VTS (2007 AL 20059)"", ""PEUGEOT 307 14 110CV (2001 AL 2012)"", ""PEUGEOT 307 2.0 (2001 AL 2007}"", ""PEUGEOT 307 2.0 HDI (2001 AL 2007)""]",6,"[""POSICION: DELANTERO"", ""LADO: DERECHO"", ""UBICACION: INFERIOR""]",3,"[""CORVEN: 6PR8124"", ""MONROE: P532610l"", ""MOOG: PETCO999"", ""NAKATA: N24332"", ""NAKATA: NBJ5008D"", ""OE: 3521G8/3521K3"", ""SKF: VKD5 6347 A"", ""THOMPSON: PT-6230""]",8,,,33.6932
15781AP,https://icepar.specparts.shop/products/detail?slug=aplus_15781ap-560849,881,,,,,"[""PEUGEOT 407 2.0 (2006 AL 2011)"", ""PEUGEOT 407 2.0 HDI (2005 AL 2011)"", ""PEUGEOT 407 2.2 (2005 AL 2010)"", ""PEUGEOT 407 2.2 HDI (2007 AL 2010)"", ""PEUGEOT 407 3.0 V6 (2005 AL 2010)""]",5,"[""LADO: IZQUIERDO"", ""POSICION: DELANTERO"", ""UBICACION: INFERIOR""]",3,[],0,,,18.2775
11892AP,https://icepar.specparts.shop/products/detail?slug=aplus_11892ap-560850,881,,,,,"[""CHEVROLET AGILE 1.4 &V (2009 AL 2021)"", ""CHEVROLET CORSA 14 (1994 AL 1996)"", ""CHEVROLET CORSA 14 16¥ (1996 AL 2002)"", ""CHEVROLET CORSA 16 16V (1996 AL 2001)"", ""CHEVROLET CORSA 17D (1998 AL 2003)"", ""CHEVROLET MONTANA 18 8¥ (2011 AL 2022)"", ""CHEVROLET TIGRA 16 MPFI (1998 AL 2001)"", ""SUZUKI FUN LOBV (2003 AL 2007)""]",8,"[""LADO: IZQUIERDO"", ""POSICION: DELANTERO"", ""UBICACION: INFERIOR""]",3,"[""CORVEN: 6PR8008"", ""MONROE: P5242201"", ""MOOG: OPTCO489"", ""NAKATA: N23001"", ""OE: 352011/5352011"", ""THOMPSON: PT-6403""]",6,,,34.6591
13827AP,https://icepar.specparts.shop/products/detail?slug=aplus_13827ap-560851,881,,,,,"[""PEUGEOT 405 1 (1993 AL 2003)"", ""PEUGEOT 405 2.0 16¥V (1991 AL 1995)""]",2,"[""LADO: DERECHO"", ""POSICION: DELANTERO"", ""UBICACION: INFERIOR""]",3,"[""CITROEN: 352146"", ""NAKATA: N24008"", ""OE: 352146/49"", ""PEUGEOT: 352146"", ""THOMPSON: PT-6206""]",5,,,25.8165
13979AP,https://icepar.specparts.shop/products/detail?slug=aplus_13979ap-560852,882,,,,,"[""TOYOTA COROLLA 16 (1998 AL 1999)"", ""TOYOTA CORGLLA 18 (1999 AL 2002)"", ""TOYOTA CORGLLA 2.0 D (1999 AL 2000)""]",3,"[""UBICACION: INFERIOR"", ""POSICION: DELANTERO"", ""LADO: DERECHO""]",3,"[""NAKATA: N27002"", ""NAKATA: N27002/13"", ""OE: 4806812160/4806812171"", ""THOMPSON: PT-6702""]",4,,,25.7046
15724AP,https://icepar.specparts.shop/products/detail?slug=aplus_15724ap-560853,882,,,,,"[""AUDI A3 16 (2005 AL 2008)"", ""AUDI A3 2.0 FSI (2005 AL 2008)"", ""AUDI A3 2.0 TDI (2005 AL 2008)"", ""AUDI A3 2.0 TFSI (2006 AL 2008)"", ""AUDI A3 3.2 V6 FSI (2006 AL 2008)""]",5,"[""LADO: DERECHO"", ""POSICION: DELANTERO"", ""UBICACION: INFERIOR""]",3,[],0,,,18.3249
16196AP,https://icepar.specparts.shop/products/detail?slug=aplus_16196ap-560854,882,,,,,"[""HONDA CR-V 24 (2006 AL 2016)"", ""HONDA CR-V 24 AT (2016 AL 2020)"", ""HONDA CR-V 24 MT (2016 AL 2026)""]",3,"[""LADO: DERECHO"", ""UBICACION: INFERIOR"", ""POSICION: DELANTERO""]",3,"[""NAKATA: N29158"", ""THOMPSON: PT-6806""]",2,,,23.0899
20137AP,https://icepar.specparts.shop/products/detail?slug=aplus_20137ap-560855,882,,,,,"[""HYUNDAI TUCSON 2.0 16¥V (2010 AL 2014)"", ""HYUNDAI TUCSON 2.0 16V AT (2017 AL 2022)"", ""HYUNDAI TUCSON 2.0 16V MT (2017 AL 2026)"", ""HYUNDAI TUCSON 2.0 CRDI (2010 AL 2013)"", ""KIA SPORTAGE 20 (2005 AL 2010)"", ""KIA SPORTAGE 20 CRDI (2005 AL 2010)"", ""KIA SPORTAGE 20 CRDI AT (2016 AL 2022)""]",7,"[""LADO: IZQUIERDO"", ""POSICION: DELANTERO"", ""UBICACION: INFERIOR""]",3,"[""NAKATA: N29325"", ""THOMPSON: PT-6915""]",2,,,27.7843
24468AP,https://icepar.specparts.shop/products/detail?slug=aplus_24468ap-560856,882,,,,,[],0,"[""POSICION: DELANTERO"", ""LADO: IZQUIERDO"", ""UBICACION: INFERIOR""]",3,"[""NAKATA: N29336"", ""OE: 51360TR7A11"", ""OE: 51360TV2E02"", ""THOMPSON: PT-6816""]",4,,,18.2140
31081AP,https://icepar.specparts.shop/products/detail?slug=aplus_31081ap-560857,882,,,,,[],0,"[""LADO: IZQUIERDO"", ""POSICION: DELANTERO"", ""UBICACION: INFERIOR""]",3,"[""OE: 68037501AC""]",1,,,14.8570
15369AP,https://icepar.specparts.shop/products/detail?slug=aplus_15369ap-560862,882,,,,,"[""SEAT CORDOBA 1.4 (1994 AL 1996)"", ""SEAT CORDOBA 1.8 (1994 AL 1997)"", ""SEAT CORDOBA 1.9 TD (1994 AL 1998)"", ""SEAT CORDOBA 1.9D (1994 AL 1997}"", ""SEAT CORDOBA 2.0 (1997 AL 1999)"", ""SEAT IBIZA 14 (1996 AL 1997)"", ""SEAT IBIZA 18 (1994 AL 1997)"", ""SEAT IBIZA 18 16V (1995 AL 1997)"", ""SEAT IBIZA L9D (1993 AL 1996)"", ""SEAT IBIZA 2.0 (1994 AL 1995)"", ""SEAT TOLEDO 1.8 (1991 AL 1996)"", ""SEAT TOLEDO 1.9 TDI (1994 AL 1997)"", ""SEAT TOLEDO 2.0 (1994 AL 1999)"", ""SEAT TOLEDO 2.0 16V (1994 AL 1995)""]",14,"[""LADO: IZQUIERDO"", ""POSICION: DELANTERO"", ""UBICACION: INFERIOR""]",3,[],0,,,28.0772
22138AP,https://icepar.specparts.shop/products/detail?slug=aplus_22138ap-560863,882,,,,,"[""HONDA CIVIC 1.7 (2001 AL 2004)""]",1,"[""LADO: IZQUIERDO"", ""POSICION: DELANTERO"", ""UBICACION: INFERIOR""]",3,[],0,,,12.7204
11890AP,https://icepar.specparts.shop/products/detail?slug=aplus_11890ap-560865,882,,,,,"[""CITROEN BERLINGO 1.9D (1998 AL 2010)""]",1,"[""LADO: IZQUIERDO"", ""POSICION: DELANTERO"", ""UBICACION: INFERIOR""]",3,"[""CITROEN: 3520C7"", ""NAKATA: N24088"", ""OE: 352098/352099"", ""THOMPSON: PT-6203""]",4,,,21.1649
12809AP,https://icepar.specparts.shop/products/detail?slug=aplus_12809ap-560866,882,,,,,"[""FORD TRANSIT 2.4 TDI (2000 AL 2002)"", ""FORD TRANSIT 2.4 TDI 16¥V (2000 AL 2005)""]",2,"[""LADO: IZQUIERDO"", ""POSICION: DELANTERO"", ""UBICACION: INFERIOR""]",3,"[""CORVEN: 6PR8075"", ""NAKATA: N22026"", ""OE: 4042023/4372131"", ""THOMPSON: PT-6331""]",4,,,23.4413
15782AP,https://icepar.specparts.shop/products/detail?slug=aplus_15782ap-560867,882,,,,,"[""PEUGEOT 407 2.0 (2006 AL 2011)"", ""PEUGEOT 407 2.0 HDI (2005 AL 2011)"", ""PEUGEOT 407 2.2 (2005 AL 2010)"", ""PEUGEOT 407 2.2 HDI (2007 AL 2010)"", ""PEUGEOT 407 3.0 V6 (2005 AL 2010)""]",5,"[""POSICION: DELANTERO"", ""LADO: DERECHO"", ""UBICACION: INFERIOR""]",3,[],0,,,18.1974
16195AP,https://icepar.specparts.shop/products/detail?slug=aplus_16195ap-560868,882,,,,,"[""HONDA CR-V 24 (2006 AL 2016)"", ""HONDA CR-V 24 AT (2016 AL 2020)"", ""HONDA CR-V 24 MT (2016 AL 2026)""]",3,"[""POSICION: DELANTERO"", ""LADO: IZQUIERDO"", ""UBICACION: INFERIOR""]",3,"[""NAKATA: N29159"", ""THOMPSON: PT-6807""]",2,,,22.4173
16626AP,https://icepar.specparts.shop/products/detail?slug=aplus_16626ap-560869,882,,,,,[],0,"[""LADO: IZQUIERDO"", ""POSICION: DELANTERO"", ""UBICACION: INFERIOR""]",3,"[""NAKATA: N27014"", ""OE: 4806912260"", ""THOMPSON: PT-6711""]",3,,,17.2193
21101AP,https://icepar.specparts.shop/products/detail?slug=aplus_21101ap-560870,882,,,,,"[""VOLKSWAGEN VENTO 20 8V (2011 AL 2012)"", ""VOLKSWAGEN VENTO 20 TDI 110CV (2011 AL 2016)"", ""VOLKSWAGEN VENTO 20 TDI 140CV (2011 AL 2015)"", ""VOLKSWAGEN VENTO 20 TSI (2011 AL 2015)"", ""VOLKSWAGEN VENTO 25 (2011 AL 2015)""]",5,"[""LADO: IZQUIERDO"", ""POSICION: DELANTERO"", ""UBICACION: INFERIOR""]",3,"[""NAKATA: N21313"", ""OE: 5C0407151A/5C04071518""]",2,,,24.4331
21102AP,https://icepar.specparts.shop/products/detail?slug=aplus_21102ap-560871,882,,,,,"[""VOLKSWAGEN VENTO 20 8V (2011 AL 2012)"", ""VOLKSWAGEN VENTO 20 TDI 110CV (2011 AL 2016)"", ""VOLKSWAGEN VENTO 20 TDI 140CV (2011 AL 2015)"", ""VOLKSWAGEN VENTO 20 TSI (2011 AL 2015)"", ""VOLKSWAGEN VENTO 25 (2011 AL 2015)""]",5,"[""LADO: DERECHO"", ""UBICACION: INFERIOR"", ""POSICION: DELANTERO""]",3,"[""NAKATA: N21312"", ""OE: 5C0407152A/5C0407152B8""]",2,,,24.9118
29613AP,https://icepar.specparts.shop/products/detail?slug=aplus_29613ap-560872,882,,,,,[],0,"[""LADO: AMBOS"", ""POSICION: TRASERO""]",2,"[""OE: 1502729"", ""OE: 8V415K652AA""]",2,,,14.9794
13978AP,https://icepar.specparts.shop/products/detail?slug=aplus_13978ap-560881,882,,,,,"[""TOYOTA COROLLA 16 (1998 AL 1999)"", ""TOYOTA CORGLLA 18 (1999 AL 2002)"", ""TOYOTA CORGLLA 2.0 D (1999 AL 2000)""]",3,"[""LADO: IZQUIERDO"", ""POSICION: DELANTERO"", ""UBICACION: INFERIOR""]",3,"[""NAKATA: N27001"", ""NAKATA: N27001/12"", ""OE: 4806912160/4806912171"", ""THOMPSON: PT-6701""]",4,,,24.8967
16588AP,https://icepar.specparts.shop/products/detail?slug=aplus_16588ap-560882,882,,,,,[],0,"[""LADO: AMBOS"", ""POSICION: TRASERO"", ""UBICACION: SUPERIOR""]",3,"[""NAKATA: N23007"", ""THOMPSON: PT-6408""]",2,,,15.8608
25527AP,https://icepar.specparts.shop/products/detail?slug=aplus_25527ap-560883,882,,,,,[],0,"[""POSICION: DELANTERO"", ""LADO: DERECHO"", ""UBICACION: INFERIOR""]",3,[],0,,,9.9988
29741AP,https://icepar.specparts.shop/products/detail?slug=aplus_29741ap-560884,882,,,,,"[""RENAULT KWID 1.0 (2017 AL 2026)""]",1,"[""LADO: IZQUIERDO"", ""POSICION: DELANTERO"", ""UBICACION: INFERIOR""]",3,"[""NAKATA: N28055"", ""OE: 545017342R""]",2,,,19.4152
29742AP,https://icepar.specparts.shop/products/detail?slug=aplus_29742ap-560885,882,,,,,"[""RENAULT KWID 1.0 (2017 AL 2026)""]",1,"[""POSICION: DELANTERO"", ""UBICACION: INFERIOR"", ""LADO: DERECHO""]",3,"[""NAKATA: N28056"", ""OE: 545005235R""]",2,,,19.2896
16606AP,https://icepar.specparts.shop/products/detail?slug=aplus_16606ap-560896,882,,,,,"[""CHRYSLER PT CRUISER 2.0 (2004 AL 2006)"", ""CHRYSLER PT CRUISER 2.2 CRDI (2006 AL 2005)"", ""CHRYSLER PT CRUISER 2.41 (2006 AL 2011)"", ""CHRYSLER PT CRUISER 2.4T GT (2006 AL 2009)""]",4,"[""LADO: DERECHO"", ""UBICACION: INFERIOR"", ""POSICION: DELANTERO""]",3,"[""NAKATA: N29323"", ""THOMPSON: PT-6432""]",2,,,24.9008
20138AP,https://icepar.specparts.shop/products/detail?slug=aplus_20138ap-560897,882,,,,,"[""HYUNDAI TUCSON 2.0 16¥V (2010 AL 2014)"", ""HYUNDAI TUCSON 2.0 16V AT (2017 AL 2022)"", ""HYUNDAI TUCSON 2.0 16V MT (2017 AL 2026)"", ""HYUNDAI TUCSON 2.0 CRDI (2010 AL 2013)"", ""KIA SPORTAGE 20 (2005 AL 2010)"", ""KIA SPORTAGE 20 CRDI (2005 AL 2010)""]",6,"[""UBICACION: INFERIOR"", ""LADO: DERECHO"", ""POSICION: DELANTERO""]",3,"[""NAKATA: N29326"", ""THOMPSON: PT-6914""]",2,,,26.9167
24594AP,https://icepar.specparts.shop/products/detail?slug=aplus_24594ap-560898,882,,,,,"[""AUDI A1 1 4 TFSI SLINE (2012 AL 2016)"", ""AUDI A1 LO 30 TFSI (2019 AL 2026)"", ""AUDI A1 12 TFSI (2011 AL 2016)"", ""AUDI A1 14 TFSI (2011 AL 2022)"", ""AUDI A1 14 TFSI STRONIC (2017 AL 2020)"", ""AUDI A1 14 TSI 122Cv (2015 AL 2016)"", ""AUDI A1 14 TSI SLINE (2016 AL 2018)"", ""AUDI A3 16 (2006 AL 2008)"", ""AUDI A3 19 TDI (2008 AL 2009)"", ""AUDI A3 2.0 FSI (2005 AL 2010)"", ""AUDI A3 2.0 TDI (2005 AL 2008)"", ""AUDI A3 2.0 TFSI (2006 AL 2008)"", ""AUDI A3 3.2 V6 FSI (2006 AL 2011)"", ""AUDI Q3 14 TFSI (2015 AL 2022)"", ""AUDI Q3 20 TDI (2013 AL 2015)"", ""AUDI Q3 20 TFSI (2012 AL 2022)"", ""AUDI TT 18 TFSI (2009 AL 2017)"", ""AUDI TT 2.0 TFSI (2006 AL 2013, 2017 AL 2022)"", ""AUDI TT 2.5 TFSI (2011 AL 2020)"", ""AUDI TT 3.2 V6 FSI (2005 AL 2011)"", ""SEAT ALTEA 2.0 TDI (2008 AL 2009)"", ""SEAT ALTEA 2.0 TFSI (2008 AL 2011)"", ""SEAT LEON 16 (2009 AL 2011)"", ""SEAT LEON 18 TFSI (2009 AL 2011)"", ""SEAT LEON 19 TDI (2009 AL 2011)"", ""SEAT LEON 2.0 FSI (2008 AL 2005)"", ""SEAT LEON 20 TDI (2008 AL 2011)"", ""SEAT LEON 2.0 TFSI (2009 AL 2011)"", ""SEAT LEON 2.0 TFSI CUPRA (2011)"", ""SEAT TOLEDO 2.0 TDI (2008 AL 2005)"", ""VOLKSWAGEN GOLF 14 TSI (2015 AL 2026)"", ""VOLKSWAGEN GOLF 14 TSI AT (2015 AL 2022}"", ""VOLKSWAGEN GOLF 16 16¥V MSI (2015 AL 2022)"", ""VOLKSWAGEN GOLF 2.0 TSI (2011 AL 2014)"", ""VOLKSWAGEN GOLF 2.0TSI AT (2015 AL 2026)"", ""VOLKSWAGEN GOLF ZOTSI MT (2015 AL 2022)"", ""VOLKSWAGEN PASSAT 1.8 TSI (2011 AL 2016)"", ""VOLKSWAGEN PASSAT 2.0 FSI (2006 AL 2010)"", ""VOLKSWAGEN PASSAT 2.0 TDI (2006 AL 2011)"", ""VOLKSWAGEN PASSAT 2.0 TDI BLUEMOTION (2011 AL 2016)"", ""VOLKSWAGEN PASSAT 2.0 TSI (2007 AL 2016)"", ""VOLKSWAGEN PASSAT 3.2 V6 FSI (2006 AL 2011)"", ""VOLKSWAGEN SCIROCCO 14 TSI (2012 AL 2017}"", ""VOLKSWAGEN SCIROCCO 2.0TSI (2012 AL 2016)"", ""VOLKSWAGEN SCIROCCO ZOTSI GTS DSG (2016 AL 2022)"", ""VOLKSWAGEN TIGUAN 14 TSI DSG (2018 AL 2022)"", ""VOLKSWAGEN TIGUAN 2.0 TDI DSG (2019 AL 2022)"", ""VOLKSWAGEN TIGUAN 2.0 TSI DSG (2018 AL 2022)"", ""VOLKSWAGEN VENTO 14 TSI AT (2016 AL 2026)"", ""VOLKSWAGEN VENTO 14 TSI MT (2016 AL 2026)"", ""VOLKSWAGEN VENTO 139 TDI (2006 AL 2011)"", ""VOLKSWAGEN VENTO 20 8V (2011 AL 2012, 2015 AL 2021)"", ""VOLKSWAGEN VENTO 20 8V GLI (2016 AL 2022)"", ""VOLKSWAGEN VENTO 20 TDI (2006 AL 2011)"", ""VOLKSWAGEN VENTO 20 TDI 110CV (2011 AL 2017}"", ""VOLKSWAGEN VENTO 20 TDI 140CV (2011 AL 2015)"", ""VOLKSWAGEN VENTO 20 TFSI (2007 AL 2011)"", ""VOLKSWAGEN VENTO 20 TSI (2011 AL 2018)"", ""VOLKSWAGEN VENTO 20 TSI DSG 230CV (2019 AL 2022)"", ""VOLKSWAGEN VENTO 25 (2011 AL 2022)"", ""VOLKSWAGEN VENTO 25 150CV (2006 AL 2009)"", ""VOLKSWAGEN VENTO 25 170CV (2009 AL 2011)""]",62,"[""LADO: AMBOS"", ""POSICION: TRASERO"", ""UBICACION: INFERIOR""]",3,"[""NAKATA: N21327"", ""OE: 1K0505311AB""]",2,,,90.0135
25009AP,https://icepar.specparts.shop/products/detail?slug=aplus_25009ap-560899,883,,,,,"[""HONDA CIVIC 1.8 (2007 AL 2009)"", ""HONDA CIVIC 2.6 (2007 AL 2011)""]",2,"[""UBICACION: INFERIOR"", ""POSICION: DELANTERO"", ""LADO: IZQUIERDO""]",3,"[""CORVEN: 6PR&8618"", ""NAKATA: N29165"", ""OE: 513605NAA03"", ""THOMPSON: PT-6813""]",4,,,24.0600
25010AP,https://icepar.specparts.shop/products/detail?slug=aplus_25010ap-560900,883,,,,,[],0,"[""POSICION: DELANTERO"", ""LADO: DERECHO"", ""UBICACION: INFERIOR""]",3,"[""CORVEN: 6PR&8617"", ""NAKATA: N29164"", ""OE: 513505NAA03"", ""THOMPSON: PT-6812""]",4,,,18.2836
25055AP,https://icepar.specparts.shop/products/detail?slug=aplus_25055ap-560901,883,,,,,"[""KIA PICANTO 10 MT (2018 AL 2026)"", ""KIA PICANTO 11 (2006 AL 2013)"", ""KIA PICANTO 12 16V AT (2013 AL 2022)"", ""KIA PICANTO 12 16¥V MT (2018 AL 2020)""]",4,"[""LADO: IZQUIERDO"", ""POSICION: DELANTERO"", ""UBICACION: INFERIOR""]",3,"[""OE: 5450007160""]",1,,,22.6011
26643AP,https://icepar.specparts.shop/products/detail?slug=aplus_26643ap-560902,883,,,,,"[""JEEP GRAND CHEROKEE 3.6 V6 PENTASTAR (2012 AL 2026)"", ""JEEP GRAND CHEROKEE 6.4 HEMI (2011 AL 2026)""]",2,"[""LADO: DERECHO"", ""UBICACION: INFERIOR"", ""POSICION: DELANTERO""]",3,"[""OE: 05181834AA"", ""OE: KO5181834AA""]",2,,,22.3782
26755AP,https://icepar.specparts.shop/products/detail?slug=aplus_26755ap-560903,883,,,,,"[""KIA SPORTAGE 20 (2005 AL 2010)"", ""KIA SPORTAGE 20 CRDI (2005 AL 2010)"", ""KIA SPORTAGE 20 CRDI AT (2016 AL 2022)""]",3,"[""LADO: AMBOS"", ""POSICION: DELANTERO"", ""UBICACION: SUPERIOR""]",3,"[""NAKATA: N29147"", ""OE: OKO1134200A"", ""THOMPSON: PT-6901""]",3,,,23.9986
13834AP,https://icepar.specparts.shop/products/detail?slug=aplus_13834ap-560911,883,,,,,"[""PEUGEOT 405 2.0 16¥V (1991 AL 1995)""]",1,"[""POSICION: DELANTERO"", ""LADO: IZQUIERDO"", ""UBICACION: INFERIOR""]",3,"[""NAKATA: N24007"", ""OE: 3520.65/68"", ""THOMPSON: PT-6207""]",3,,,20.6909
15370AP,https://icepar.specparts.shop/products/detail?slug=aplus_15370ap-560912,883,,,,,"[""SEAT CORDOBA 1.4 (1994 AL 1996)"", ""SEAT CORDOBA 1.8 (1994 AL 1997)"", ""SEAT CORDOBA 1.9 TD (1994 AL 1998)"", ""SEAT CORDOBA 1.9D (1994 AL 1997}"", ""SEAT CORDOBA 2.0 (1997 AL 1999)"", ""SEAT IBIZA 14 (1996 AL 1997)"", ""SEAT IBIZA 18 (1994 AL 1997)"", ""SEAT IBIZA 18 16V (1995 AL 1997)"", ""SEAT IBIZA L9D (1993 AL 1996)"", ""SEAT IBIZA 2.0 (1994 AL 1995)"", ""SEAT TOLEDO 1.9 TDI (1994 AL 1997)"", ""SEAT TOLEDO 2.0 (1994 AL 1999)"", ""SEAT TOLEDO 2.0 16V (1994 AL 1995)""]",13,"[""LADO: DERECHO"", ""POSICION: DELANTERO"", ""UBICACION: INFERIOR""]",3,[],0,,,27.9434
11891AP,https://icepar.specparts.shop/products/detail?slug=aplus_11891ap-560913,883,,,,,"[""CITROEN BERLINGO 1.9D (1998 AL 2010)""]",1,"[""LADO: DERECHO"", ""POSICION: DELANTERO"", ""UBICACION: INFERIOR""]",3,"[""CITROEN: 352191"", ""NAKATA: N24089"", ""OE: 352168/352169"", ""PEUGEOT: 352191"", ""THOMPSON: PT-6202""]",5,,,22.9189
12710AP,https://icepar.specparts.shop/products/detail?slug=aplus_12710ap-560914,883,,,,,"[""PEUGEOT 406 14 (1996 AL 1999)"", ""PEUGEOT 406 2.0 (1996 AL 2003)""]",2,"[""LADO: DERECHO"", ""UBICACION: INFERIOR"", ""POSICION: DELANTERO""]",3,"[""CORVEN: 6PR8412"", ""MONROE: P599353"", ""NAKATA: N24338"", ""OE: 352180/E1"", ""SKF: VKD5 6333 A"", ""THOMPSON: PT-6232""]",6,,,25.9202
12950AP,https://icepar.specparts.shop/products/detail?slug=aplus_12950ap-560915,883,,,,,"[""CITROEN C4 16 16V (2007 AL 2014)"", ""CITROEN C4 2.0 16V (2007 AL 2014)"", ""CITROEN C4 2.0 HDI (2007 AL 2010)"", ""PEUGEOT 307 14 110CV (2001 AL 2012)"", ""PEUGEOT 307 2.0 (2001 AL 2007}"", ""PEUGEOT 307 2.0 HDI (2001 AL 2007)""]",6,"[""LADO: IZQUIERDO"", ""POSICION: DELANTERO"", ""UBICACION: INFERIOR""]",3,"[""CORVEN: 6PR8125"", ""MONROE: P5326201"", ""MOOG: PETC1032"", ""NAKATA: N24331"", ""OE: 3520K8/3520P3"", ""THOMPSON: PT-6231""]",6,,,31.7093
16607AP,https://icepar.specparts.shop/products/detail?slug=aplus_16607ap-560916,883,,,,,"[""CHRYSLER PT CRUISER 2.0 (2004 AL 2006)"", ""CHRYSLER PT CRUISER 2.2 CRDI (2006 AL 2005)"", ""CHRYSLER PT CRUISER 2.41 (2006 AL 2011)"", ""CHRYSLER PT CRUISER 2.4T GT (2006 AL 2009)""]",4,"[""LADO: IZQUIERDO"", ""POSICION: DELANTERO"", ""UBICACION: INFERIOR""]",3,"[""NAKATA: N29324"", ""THOMPSON: PT-6431""]",2,,,23.9089
20177AP,https://icepar.specparts.shop/products/detail?slug=aplus_20177ap-560917,883,,,,,"[""SEAT IBIZA 14 (2010 AL 2011)"", ""SEAT IBIZA 16 (2010 AL 2011)"", ""SEAT IBIZA 19 TDI (2008 AL 2011)"", ""VOLKSWAGEN FOX 19 SDI (2008 AL 2010)"", ""VOLKSWAGEN SAVEIRO 1.6 8V (2010 AL 2015)"", ""VOLKSWAGEN VOYAGE 16 8V (2008 AL 2015)""]",6,"[""LADO: IZQUIERDO"", ""POSICION: DELANTERO"", ""UBICACION: INFERIOR""]",3,"[""MONROE: P5536201"", ""MOOG: VOWP8853"", ""NAKATA: N21309"", ""OE: 5U040715 1A/6R0407 151""]",4,,,28.5839
20677AP,https://icepar.specparts.shop/products/detail?slug=aplus_20677ap-560918,883,,,,,"[""RENAULT MASTER 2.3 DCI (2013 AL 2026)""]",1,"[""POSICION: DELANTERO"", ""LADO: DERECHO"", ""UBICACION: INFERIOR""]",3,"[""NAKATA: N28051"", ""THOMPSON: PT-6534""]",2,,,19.3599
22157AP,https://icepar.specparts.shop/products/detail?slug=aplus_22157ap-560919,883,,,,,[],0,"[""LADO: IZQUIERDO"", ""POSICION: DELANTERO"", ""UBICACION: INFERIOR""]",3,"[""CORVEN: 6PR&431"", ""NAKATA: N27005"", ""OE: J4860635121/4860635120"", ""THOMPSON: PT-6703""]",4,,,17.7909
23720AP,https://icepar.specparts.shop/products/detail?slug=aplus_23720ap-560920,883,,,,,"[""DODGE CHALLENGER R/T (2016 AL 2020)"", ""DODGE JOURNEY 3.6 V6 PENTASTAR (2013 AL 2022)""]",2,"[""LADO: DERECHO"", ""POSICION: DELANTERO"", ""UBICACION: INFERIOR""]",3,"[""NAKATA: N29337"", ""OE: K04766424AD"", ""OE: K04766424AE"", ""THOMPSON: PT-6436""]",4,,,23.9292
25470AP,https://icepar.specparts.shop/products/detail?slug=aplus_25470ap-560921,883,,,,,"[""CITROEN JUMPER 2.2 HDI 130CV (2017 AL 2022)"", ""CITROEN JUMPER 2.3 HDI (2010 AL 2020)"", ""CITROEN JUMPER 2.8 HDI (2005 AL 2010)"", ""CITROEN JUMPER 2.8 TD 31M (2003 AL 2004)"", ""CITROEN JUMPY 16 HDI MT (2017 AL 2026)"", ""FIAT DUCATO 2.3 MULTUJET (2010 AL 2022}"", ""FIAT DUCATO 2.8 JTD (2006 AL 2010)"", ""PEUGEOT BOXER 2.2 HDI 130CV (2017 AL 2026)"", ""PEUGEOT BOXER 2.3 HDI (2010 AL 2017)"", ""PEUGEOT BOXER 2.8 HDI (2006 AL 2010)""]",10,"[""LADO: IZQUIERDO"", ""POSICION: DELANTERO"", ""UBICACION: INFERIOR""]",3,"[""CORVEN: 6PR8269"", ""NAKATA: N26330"", ""OE: 1331937080"", ""OE: 1339464080""]",4,,,32.2045
23719AP,https://icepar.specparts.shop/products/detail?slug=aplus_23719ap-560933,883,,,,,[],0,"[""LADO: IZQUIERDO"", ""POSICION: DELANTERO"", ""UBICACION: INFERIOR""]",3,"[""NAKATA: N29338"", ""OE: K04766423AD"", ""OE: K04766423AE"", ""THOMPSON: PT-6435""]",4,,,18.8774
12707AP,https://icepar.specparts.shop/products/detail?slug=aplus_12707ap-560934,883,,,,,[],0,"[""LADO: DERECHO"", ""POSICION: DELANTERO"", ""UBICACION: INFERIOR""]",3,"[""CORVEN: 6PR&408"", ""MONROE: P599274"", ""NAKATA: N24010"", ""OE: 352176/77"", ""SKF: VKD5 6331A"", ""THOMPSON: PT-6208""]",6,,,19.9581
26642AP,https://icepar.specparts.shop/products/detail?slug=aplus_26642ap-560935,883,,,,,"[""JEEP GRAND CHEROKEE 3.6 V6 PENTASTAR (2012 AL 2026)"", ""JEEP GRAND CHEROKEE 6.4 HEMI (2011 AL 2026)""]",2,"[""LADO: IZQUIERDO"", ""UBICACION: INFERIOR"", ""POSICION: DELANTERO""]",3,"[""OE: 05181833AA"", ""OE: KO5181833AA""]",2,,,21.3993
12708AP,https://icepar.specparts.shop/products/detail?slug=aplus_12708ap-560944,883,,,,,[],0,"[""LADO: IZQUIERDO"", ""POSICION: DELANTERO"", ""UBICACION: INFERIOR""]",3,"[""CORVEN: 6PR&407"", ""NAKATA: N24009"", ""OE: 352047 /A7"", ""SKF: VKD5 6330 A"", ""THOMPSON: PT-6209""]",5,,,19.2936
23832AP,https://icepar.specparts.shop/products/detail?slug=aplus_23832ap-560945,883,,,,,"[""VOLKSWAGEN UP! 10 12V (2014 AL 2022}"", ""VOLKSWAGEN UP! 10 12V IMOTION (2015 AL 2022)""]",2,"[""LADO: DERECHO"", ""POSICION: DELANTERO"", ""UBICACION: INFERIOR""]",3,[],0,,,15.3916
25056AP,https://icepar.specparts.shop/products/detail?slug=aplus_25056ap-560946,883,,,,,[],0,"[""LADO: DERECHO"", ""POSICION: DELANTERO"", ""UBICACION: INFERIOR""]",3,[],0,,,9.1967
25532AP,https://icepar.specparts.shop/products/detail?slug=aplus_25532ap-560947,883,,,,,[],0,"[""LADO: IZQUIERDO"", ""UBICACION: INFERIOR"", ""POSICION: DELANTERO""]",3,[],0,,,9.2975
20676AP,https://icepar.specparts.shop/products/detail?slug=aplus_20676ap-562085,883,,,,,"[""RENAULT MASTER 2.3 DCI (2013 AL 2026)""]",1,"[""LADO: IZQUIERDO"", ""POSICION: DELANTERO"", ""UBICACION: INFERIOR""]",3,"[""NAKATA: N28052"", ""OE: 8200688871"", ""THOMPSON: PT-6535""]",3,,,20.3292
20178AP,https://icepar.specparts.shop/products/detail?slug=aplus_20178ap-562087,884,,,,,"[""VOLKSWAGEN FOX 19 SDI (2008 AL 2010)"", ""VOLKSWAGEN GOL TREND 16 8V (2008 AL 2020)"", ""VOLKSWAGEN GOL TREND 16 8V IMCTION (2008 AL 2017)"", ""VOLKSWAGEN SAVEIRO 1.6 MI (2002 AL 2010)"", ""VOLKSWAGEN SAVEIRO 1.9 D (2003 AL 2010)"", ""VOLKSWAGEN SURAN 16 &V (2010 AL 2015)"", ""VOLKSWAGEN VOYAGE 16 8V (2008 AL 2015)""]",7,"[""LADO: DERECHO"", ""POSICION: DELANTERO"", ""UBICACION: INFERIOR""]",3,"[""MONROE: P5536101"", ""MOOG: VOWPSS54"", ""NAKATA: N21308"", ""OE: 5U0407152A/6RO0407 152""]",4,,,30.7237
22136AP,https://icepar.specparts.shop/products/detail?slug=aplus_22136ap-562089,884,,,,,"[""TOYOTA HILUX 2.0 (1993 AL 1996)"", ""TOYOTA HILUX 2.2 (1993 AL 1996)"", ""TOYOTA HILUX 2.4D (1992 AL 1997}"", ""TOYOTA HILUX 2.8D (1997 AL 2001)"", ""TOYOTA HILUX 3.0 TD (2000 AL 2005)"", ""TOYOTA HILUX 3.0 TDI (1996 AL 2000)"", ""TOYOTA HILUX 3.0D (2001 AL 2005)"", ""TOYOTA HILUX 3.4 V6 (1987 AL 2005)""]",8,"[""LADO: AMBOS"", ""UBICACION: SUPERIOR"", ""POSICION: DELANTERO""]",3,"[""CORVEN: 6PR8&433"", ""MONROE: P599289"", ""NAKATA: N27004"", ""OE: 4806635050"", ""THOMPSON: PT-6700""]",5,,,31.8197
22158AP,https://icepar.specparts.shop/products/detail?slug=aplus_22158ap-562090,884,,,,,"[""TOYOTA HILUX 2.0 (1993 AL 1996)"", ""TOYOTA HILUX 2.2 (1993 AL 1996)"", ""TOYOTA HILUX 2.4D (1992 AL 1997}"", ""TOYOTA HILUX 2.7 (1997 AL 2000)"", ""TOYOTA HILUX 3.0 TD (2000 AL 2005)"", ""TOYOTA HILUX 3.0 TDI (1996 AL 2000)"", ""TOYOTA HILUX 3.0D (2001 AL 2005)"", ""TOYOTA HILUX 3.4 V6 (1987 AL 2005)""]",8,"[""LADO: DERECHO"", ""POSICION: DELANTERO"", ""UBICACION: INFERIOR""]",3,"[""CORVEN: 6PR&432"", ""NAKATA: N27003"", ""OE: 4860535120"", ""OE: 4860535121"", ""THOMPSON: PT-6704""]",5,,,31.0947
12846AP,https://icepar.specparts.shop/products/detail?slug=aplus_12846ap-622186,884,,,,,"[""AUDI A3 16 (2000 AL 2004)"", ""AUDI A3 18 (1997 AL 2001)"", ""AUDI A3 18 T (1997 AL 2001)"", ""AUDI A3 19 TDI (1997 AL 2001)"", ""SEAT INCA 19D (1997 AL 2001)"", ""SEAT LEON 16 (2001 AL 2003)"", ""SEAT LEON 18 20V (2001 AL 2005)"", ""VOLKSWAGEN GOLF 16 16V MSI (2018 AL 2022)"", ""VOLKSWAGEN GOLF 18 (1983 AL 1989)"", ""VOLKSWAGEN GOLF 2.01(1990 AL 1995)""]",10,"[""LADO: IZQUIERDO"", ""POSICION: DELANTERO"", ""INCLUYE ROTULA: SI"", ""UBICACION: INFERIOR""]",4,"[""CORVEN: 6PR8163"", ""NAKATA: N21001"", ""GE: 1J0407151A+1J0407365A"", ""SKF: VKD5 6140 A"", ""THOMPSON: PT-6001""]",5,,,34.6667
19799AP,https://icepar.specparts.shop/products/detail?slug=aplus_19799ap-733607,884,,,,,[],0,"[""INCLUYE ROTULA: NO"", ""LADO: DERECHO"", ""INCLUYE BUJES: 51"", ""POSICION: DELANTERO"", ""INCLUYE EJE: NO"", ""UBICACION: INFERIOR""]",6,"[""MONROE: P599234"", ""NAKATA: N24342"", ""OE: 3521R3"", ""THOMPSON: PT-6236""]",4,,,21.2829
12828AP,https://icepar.specparts.shop/products/detail?slug=aplus_12828ap-733646,884,,,,,[],0,"[""POSICION: DELANTERO"", ""INCLUYE ROTULA: NO"", ""INCLUYE BUJES: 51"", ""LADO: AMBOS"", ""INCLUYE EJE: NO"", ""UBICACION: INFERIOR""]",6,"[""MONROE: P5594201"", ""NAKATA: N21310"", ""THOMPSON: PT-6026"", ""VOLKSWAGEN: 6Q0407151D"", ""VOLKSWAGEN: 6Q0407151E"", ""VOLKSWAGEN: 6Q0407151L"", ""VOLSKWAGEN: 6Q0407151Z""]",7,,,24.4385
11158AP,https://icepar.specparts.shop/products/detail?slug=aplus_11158ap-1333782,884,,,,,[],0,"[""LADO: AMBOS"", ""POSICION: DELANTERO"", ""UBICACION: INFERIOR"", ""INCLUYE ROTULA: SI""]",4,[],0,,,10.4676
11611AP,https://icepar.specparts.shop/products/detail?slug=aplus_11611ap-1333804,884,,,,,[],0,"[""UBICACION: INFERIOR"", ""POSICION: DELANTERO"", ""LADO: DERECHO"", ""INCLUYE ROTULA: SI""]",4,[],0,,,10.4658
11159AP,https://icepar.specparts.shop/products/detail?slug=aplus_11159ap-1333818,884,,,,,[],0,"[""UBICACION: INFERIOR"", ""INCLUYE ROTULA: SI"", ""LADO: IZQUIERDO"", ""POSICION: TRASERO""]",4,[],0,,,13.4938
11782AP,https://icepar.specparts.shop/products/detail?slug=aplus_11782ap-1333824,884,,,,,[],0,"[""LADO: IZQUIERDO"", ""UBICACION: SUPERIOR"", ""POSICION: TRASERO"", ""INCLUYE ROTULA: SI""]",4,[],0,,,10.9392
11781AP,https://icepar.specparts.shop/products/detail?slug=aplus_11781ap-1333828,884,,,,,[],0,"[""UBICACION: SUPERIOR"", ""POSICION: TRASERO"", ""LADO: DERECHO"", ""INCLUYE ROTULA: SI""]",4,[],0,,,10.5501
11972AP,https://icepar.specparts.shop/products/detail?slug=aplus_11972ap-1333841,884,,,,,[],0,"[""UBICACION: INFERIOR"", ""POSICION: DELANTERO"", ""INCLUYE ROTULA: SI"", ""LADO: DERECHO""]",4,[],0,,,10.7048
11610AP,https://icepar.specparts.shop/products/detail?slug=aplus_11610ap-1333851,884,,,,,[],0,"[""LADO: IZQUIERDO"", ""INCLUYE ROTULA: SI"", ""UBICACION: INFERIOR"", ""POSICION: DELANTERO""]",4,[],0,,,10.6619
12188AP,https://icepar.specparts.shop/products/detail?slug=aplus_12188ap-1333862,884,,,,,[],0,"[""POSICION: DELANTERO"", ""LADO: IZQUIERDO"", ""UBICACION: INFERIOR"", ""INCLUYE ROTULA: SI""]",4,[],0,,,10.3280
12187AP,https://icepar.specparts.shop/products/detail?slug=aplus_12187ap-1333880,884,,,,,[],0,"[""LADO: DERECHO"", ""POSICION: DELANTERO"", ""INCLUYE ROTULA: SI"", ""UBICACION: INFERIOR""]",4,[],0,,,10.4335
12902AP,https://icepar.specparts.shop/products/detail?slug=aplus_12902ap-1333933,884,,,,,[],0,"[""LADO: IZQUIERDO"", ""POSICION: DELANTERO""]",2,[],0,,,8.3237
11973AP,https://icepar.specparts.shop/products/detail?slug=aplus_11973ap-1333962,884,,,,,[],0,"[""INCLUYE ROTULA: SI"", ""POSICION: DELANTERO"", ""UBICACION: INFERIOR"", ""LADO: IZQUIERDO""]",4,[],0,,,10.4235
14562AP,https://icepar.specparts.shop/products/detail?slug=aplus_14562ap-1334042,884,,,,,[],0,"[""LADO: IZQUIERDO"", ""UBICACION: INFERIOR"", ""POSICION: DELANTERO"", ""INCLUYE ROTULA: SI""]",4,[],0,,,10.4042
14551AP,https://icepar.specparts.shop/products/detail?slug=aplus_14551ap-1334043,884,,,,,[],0,"[""INCLUYE ROTULA: SI"", ""UBICACION: INFERIOR"", ""POSICION: DELANTERO"", ""LADO: IZQUIERDO""]",4,[],0,,,11.1101
13821AP,https://icepar.specparts.shop/products/detail?slug=aplus_13821ap-1334052,884,,,,,[],0,"[""UBICACION: INFERIOR"", ""INCLUYE ROTULA: SI"", ""POSICION: DELANTERO"", ""LADO: AMBOS""]",4,[],0,,,10.3920
14582AP,https://icepar.specparts.shop/products/detail?slug=aplus_14582ap-1334080,884,,,,,[],0,"[""POSICION: TRASERO"", ""LADO: AMBOS""]",2,[],0,,,8.2678
12802AP,https://icepar.specparts.shop/products/detail?slug=aplus_12802ap-1334139,884,,,,,[],0,"[""LADO: AMBOS"", ""INCLUYE ROTULA: SI"", ""POSICION: DELANTERO"", ""UBICACION: INFERIOR""]",4,[],0,,,10.6120
12903AP,https://icepar.specparts.shop/products/detail?slug=aplus_12903ap-1334145,884,,,,,[],0,"[""LADO: DERECHO"", ""POSICION: DELANTERO""]",2,[],0,,,8.1862
15658AP,https://icepar.specparts.shop/products/detail?slug=aplus_15658ap-1334150,884,,,,,[],0,"[""INCLUYE ROTULA: SI"", ""LADO: AMBOS"", ""UBICACION: INFERIOR"", ""POSICION: DELANTERO""]",4,[],0,,,10.3855
15158AP,https://icepar.specparts.shop/products/detail?slug=aplus_15158ap-1334156,885,,,,,[],0,"[""INCLUYE ROTULA: SI"", ""UBICACION: SUPERIOR"", ""LADO: DERECHO"", ""POSICION: DELANTERO""]",4,[],0,,,10.3265
13819AP,https://icepar.specparts.shop/products/detail?slug=aplus_13819ap-1334164,885,,,,,[],0,"[""UBICACION: SUPERIOR"", ""POSICION: DELANTERO"", ""INCLUYE ROTULA: SI"", ""LADO: DERECHO""]",4,[],0,,,10.5221
14550AP,https://icepar.specparts.shop/products/detail?slug=aplus_14550ap-1334185,885,,,,,[],0,"[""POSICION: DELANTERO"", ""INCLUYE ROTULA: SI"", ""LADO: DERECHO"", ""UBICACION: INFERIOR""]",4,[],0,,,10.2596
15772AP,https://icepar.specparts.shop/products/detail?slug=aplus_15772ap-1334186,885,,,,,[],0,"[""POSICION: DELANTERO"", ""INCLUYE ROTULA: SI"", ""LADO: DERECHO"", ""UBICACION: INFERIOR""]",4,[],0,,,10.6652
13765AP,https://icepar.specparts.shop/products/detail?slug=aplus_13765ap-1334187,885,,,,,[],0,"[""LADO: AMBOS"", ""POSICION: TRASERO""]",2,[],0,,,8.0913
13815AP,https://icepar.specparts.shop/products/detail?slug=aplus_13815ap-1334191,885,,,,,[],0,"[""INCLUYE ROTULA: SI"", ""POSICION: DELANTERO"", ""LADO: IZQUIERDO"", ""UBICACION: SUPERIOR""]",4,[],0,,,10.2991
15215AP,https://icepar.specparts.shop/products/detail?slug=aplus_15215ap-1334192,885,,,,,[],0,"[""UBICACION: INFERIOR"", ""LADO: DERECHO"", ""POSICION: DELANTERO""]",3,[],0,,,9.1814
14563AP,https://icepar.specparts.shop/products/detail?slug=aplus_14563ap-1334193,885,,,,,[],0,"[""INCLUYE ROTULA: SI"", ""LADO: DERECHO"", ""UBICACION: INFERIOR"", ""POSICION: DELANTERO""]",4,[],0,,,10.3550
14826AP,https://icepar.specparts.shop/products/detail?slug=aplus_14826ap-1334194,885,,,,,[],0,"[""POSICION: DELANTERO"", ""INCLUYE ROTULA: SI"", ""UBICACION: INFERIOR"", ""LADO: IZQUIERDO""]",4,[],0,,,10.4145
16201AP,https://icepar.specparts.shop/products/detail?slug=aplus_16201ap-1334199,885,,,,,[],0,"[""UBICACION: INFERIOR"", ""LADO: IZQUIERDO"", ""POSICION: DELANTERO"", ""INCLUYE ROTULA: SI""]",4,[],0,,,10.3029
14084AP,https://icepar.specparts.shop/products/detail?slug=aplus_14084ap-1334201,885,,,,,[],0,"[""INCLUYE ROTULA: SI"", ""LADO: DERECHO"", ""POSICION: DELANTERO"", ""UBICACION: INFERIOR""]",4,[],0,,,10.3059
15748AP,https://icepar.specparts.shop/products/detail?slug=aplus_15748ap-1334202,885,,,,,[],0,"[""POSICION: DELANTERO"", ""LADO: DERECHO"", ""INCLUYE ROTULA: SI"", ""UBICACION: INFERIOR""]",4,[],0,,,10.3299
16235AP,https://icepar.specparts.shop/products/detail?slug=aplus_16235ap-1334203,885,,,,,[],0,"[""LADO: IZQUIERDO"", ""INCLUYE ROTULA: SI"", ""POSICION: DELANTERO"", ""UBICACION: INFERIOR""]",4,[],0,,,11.0152
15991AP,https://icepar.specparts.shop/products/detail?slug=aplus_15991ap-1334210,885,,,,,[],0,"[""INCLUYE ROTULA: SI"", ""LADO: DERECHO"", ""POSICION: DELANTERO"", ""UBICACION: INFERIOR""]",4,[],0,,,10.4875
16389AP,https://icepar.specparts.shop/products/detail?slug=aplus_16389ap-1334221,885,,,,,[],0,"[""LADO: AMBOS"", ""INCLUYE ROTULA: SI"", ""POSICION: DELANTERO"", ""UBICACION: INFERIOR""]",4,[],0,,,10.2690
14583AP,https://icepar.specparts.shop/products/detail?slug=aplus_14583ap-1334224,885,,,,,[],0,"[""POSICION: TRASERO"", ""LADO: AMBOS""]",2,[],0,,,8.4577
15990AP,https://icepar.specparts.shop/products/detail?slug=aplus_15990ap-1334228,885,,,,,[],0,"[""LADO: IZQUIERDO"", ""UBICACION: INFERIOR"", ""INCLUYE ROTULA: SI"", ""POSICION: DELANTERO""]",4,[],0,,,10.4419
14570AP,https://icepar.specparts.shop/products/detail?slug=aplus_14570ap-1334234,885,,,,,[],0,"[""LADO: IZQUIERDO"", ""INCLUYE ROTULA: SI"", ""POSICION: DELANTERO"", ""UBICACION: INFERIOR""]",4,[],0,,,10.5341
16391AP,https://icepar.specparts.shop/products/detail?slug=aplus_16391ap-1334241,885,,,,,[],0,"[""INCLUYE ROTULA: SI"", ""POSICION: DELANTERO"", ""LADO: DERECHO"", ""UBICACION: INFERIOR""]",4,[],0,,,10.3869
16390AP,https://icepar.specparts.shop/products/detail?slug=aplus_16390ap-1334242,885,,,,,[],0,"[""POSICION: DELANTERO"", ""LADO: IZQUIERDO"", ""INCLUYE ROTULA: SI"", ""UBICACION: INFERIOR""]",4,[],0,,,10.9872
16165AP,https://icepar.specparts.shop/products/detail?slug=aplus_16165ap-1334246,885,,,,,[],0,"[""UBICACION: INFERIOR"", ""LADO: DERECHO"", ""POSICION: DELANTERO"", ""INCLUYE ROTULA: SI""]",4,[],0,,,10.1119
14571AP,https://icepar.specparts.shop/products/detail?slug=aplus_14571ap-1334261,885,,,,,[],0,"[""LADO: DERECHO"", ""POSICION: DELANTERO"", ""INCLUYE ROTULA: SI"", ""UBICACION: INFERIOR""]",4,[],0,,,10.3804
14546AP,https://icepar.specparts.shop/products/detail?slug=aplus_14546ap-1334266,885,,,,,[],0,"[""INCLUYE ROTULA: SI"", ""LADO: IZQUIERDO"", ""UBICACION: INFERIOR"", ""POSICION: DELANTERO""]",4,[],0,,,10.3521
16572AP,https://icepar.specparts.shop/products/detail?slug=aplus_16572ap-1334272,885,,,,,[],0,"[""INCLUYE ROTULA: SI"", ""LADO: IZQUIERDO"", ""POSICION: DELANTERO"", ""UBICACION: INFERIOR""]",4,[],0,,,10.2201
15755AP,https://icepar.specparts.shop/products/detail?slug=aplus_15755ap-1334278,886,,,,,[],0,"[""LADO: IZQUIERDO"", ""INCLUYE ROTULA: SI"", ""POSICION: DELANTERO"", ""UBICACION: INFERIOR""]",4,[],0,,,10.3079
16180AP,https://icepar.specparts.shop/products/detail?slug=aplus_16180ap-1334279,886,,,,,[],0,"[""LADO: AMBOS"", ""POSICION: TRASERO""]",2,[],0,,,9.0444
14547AP,https://icepar.specparts.shop/products/detail?slug=aplus_14547ap-1334281,886,,,,,[],0,"[""LADO: DERECHO"", ""INCLUYE ROTULA: SI"", ""POSICION: DELANTERO"", ""UBICACION: INFERIOR""]",4,[],0,,,11.0144
16164AP,https://icepar.specparts.shop/products/detail?slug=aplus_16164ap-1334283,886,,,,,[],0,"[""INCLUYE ROTULA: SI"", ""UBICACION: INFERIOR"", ""POSICION: DELANTERO"", ""LADO: IZQUIERDO""]",4,[],0,,,10.2450
14581AP,https://icepar.specparts.shop/products/detail?slug=aplus_14581ap-1334286,886,,,,,[],0,"[""LADO: AMBOS"", ""POSICION: TRASERO""]",2,[],0,,,8.7924
20199AP,https://icepar.specparts.shop/products/detail?slug=aplus_20199ap-1334289,886,,,,,[],0,"[""UBICACION: INFERIOR"", ""POSICION: DELANTERO"", ""INCLUYE ROTULA: SI"", ""LADO: IZQUIERDO""]",4,[],0,,,10.5308
15749AP,https://icepar.specparts.shop/products/detail?slug=aplus_15749ap-1334290,886,,,,,[],0,"[""LADO: IZQUIERDO"", ""POSICION: DELANTERO"", ""INCLUYE ROTULA: SI"", ""UBICACION: INFERIOR""]",4,[],0,,,10.0867
17020AP,https://icepar.specparts.shop/products/detail?slug=aplus_17020ap-1334295,886,,,,,[],0,"[""LADO: IZQUIERDO"", ""INCLUYE ROTULA: SI"", ""POSICION: DELANTERO"", ""UBICACION: SUPERIOR""]",4,[],0,,,10.4412
14827AP,https://icepar.specparts.shop/products/detail?slug=aplus_14827ap-1334297,886,,,,,[],0,"[""INCLUYE ROTULA: SI"", ""POSICION: DELANTERO"", ""UBICACION: INFERIOR"", ""LADO: DERECHO""]",4,[],0,,,10.1609
15159AP,https://icepar.specparts.shop/products/detail?slug=aplus_15159ap-1334305,886,,,,,[],0,"[""INCLUYE ROTULA: SI"", ""LADO: IZQUIERDO"", ""UBICACION: SUPERIOR"", ""POSICION: DELANTERO""]",4,[],0,,,10.3939
19451AP,https://icepar.specparts.shop/products/detail?slug=aplus_19451ap-1334314,886,,,,,[],0,"[""INCLUYE ROTULA: SI"", ""LADO: IZQUIERDO"", ""POSICION: DELANTERO"", ""UBICACION: INFERIOR""]",4,[],0,,,10.4129
15756AP,https://icepar.specparts.shop/products/detail?slug=aplus_15756ap-1334316,886,,,,,[],0,"[""POSICION: DELANTERO"", ""INCLUYE ROTULA: SI"", ""LADO: DERECHO"", ""UBICACION: INFERIOR""]",4,[],0,,,10.3238
15214AP,https://icepar.specparts.shop/products/detail?slug=aplus_15214ap-1334319,886,,,,,[],0,"[""POSICION: DELANTERO"", ""LADO: IZQUIERDO"", ""UBICACION: INFERIOR""]",3,[],0,,,9.4419
19433AP,https://icepar.specparts.shop/products/detail?slug=aplus_19433ap-1334327,886,,,,,[],0,"[""UBICACION: INFERIOR"", ""LADO: DERECHO"", ""POSICION: DELANTERO""]",3,[],0,,,9.3187
17021AP,https://icepar.specparts.shop/products/detail?slug=aplus_17021ap-1334328,886,,,,,[],0,"[""INCLUYE ROTULA: SI"", ""POSICION: DELANTERO"", ""LADO: DERECHO"", ""UBICACION: INFERIOR""]",4,[],0,,,10.2366
19440AP,https://icepar.specparts.shop/products/detail?slug=aplus_19440ap-1334331,886,,,,,[],0,"[""UBICACION: INFERIOR"", ""LADO: IZQUIERDO"", ""POSICION: DELANTERO""]",3,[],0,,,9.1851
17039AP,https://icepar.specparts.shop/products/detail?slug=aplus_17039ap-1334336,886,,,,,[],0,"[""INCLUYE ROTULA: SI"", ""LADO: IZQUIERDO"", ""POSICION: DELANTERO"", ""UBICACION: INFERIOR""]",4,[],0,,,10.8053
19428AP,https://icepar.specparts.shop/products/detail?slug=aplus_19428ap-1334340,886,,,,,[],0,"[""LADO: IZQUIERDO"", ""POSICION: DELANTERO"", ""UBICACION: SUPERIOR"", ""INCLUYE ROTULA: SI""]",4,[],0,,,10.3043
18091AP,https://icepar.specparts.shop/products/detail?slug=aplus_18091ap-1334348,886,,,,,[],0,"[""LADO: DERECHO"", ""UBICACION: INFERIOR"", ""INCLUYE ROTULA: SI"", ""POSICION: DELANTERO""]",4,[],0,,,10.4558
18092AP,https://icepar.specparts.shop/products/detail?slug=aplus_18092ap-1334350,886,,,,,[],0,"[""INCLUYE ROTULA: SI"", ""POSICION: DELANTERO"", ""LADO: IZQUIERDO"", ""UBICACION: INFERIOR""]",4,[],0,,,10.4265
16764AP,https://icepar.specparts.shop/products/detail?slug=aplus_16764ap-1334359,886,,,,,[],0,"[""INCLUYE ROTULA: SI"", ""POSICION: DELANTERO"", ""LADO: DERECHO"", ""UBICACION: INFERIOR""]",4,[],0,,,10.3814
17022AP,https://icepar.specparts.shop/products/detail?slug=aplus_17022ap-1334367,886,,,,,[],0,"[""INCLUYE ROTULA: SI"", ""LADO: IZQUIERDO"", ""POSICION: DELANTERO"", ""UBICACION: INFERIOR""]",4,[],0,,,10.3433
18330AP,https://icepar.specparts.shop/products/detail?slug=aplus_18330ap-1334369,886,,,,,[],0,"[""UBICACION: INFERIOR"", ""POSICION: DELANTERO"", ""LADO: DERECHO"", ""INCLUYE ROTULA: SI""]",4,[],0,,,10.2597
15719AP,https://icepar.specparts.shop/products/detail?slug=aplus_15719ap-1334373,886,,,,,[],0,"[""LADO: AMBOS"", ""UBICACION: INFERIOR"", ""POSICION: DELANTERO"", ""INCLUYE ROTULA: SI""]",4,[],0,,,10.3242
18331AP,https://icepar.specparts.shop/products/detail?slug=aplus_18331ap-1334381,887,,,,,[],0,"[""POSICION: DELANTERO"", ""UBICACION: INFERIOR"", ""LADO: IZQUIERDO"", ""INCLUYE ROTULA: SI""]",4,[],0,,,10.3436
19429AP,https://icepar.specparts.shop/products/detail?slug=aplus_19429ap-1334384,887,,,,,[],0,"[""INCLUYE ROTULA: SI"", ""UBICACION: SUPERIOR"", ""LADO: DERECHO"", ""POSICION: DELANTERO""]",4,[],0,,,10.2685
15773AP,https://icepar.specparts.shop/products/detail?slug=aplus_15773ap-1334388,887,,,,,[],0,"[""INCLUYE ROTULA: SI"", ""POSICION: DELANTERO"", ""UBICACION: INFERIOR"", ""LADO: IZQUIERDO""]",4,[],0,,,10.3379
17040AP,https://icepar.specparts.shop/products/detail?slug=aplus_17040ap-1334396,887,,,,,[],0,"[""POSICION: DELANTERO"", ""LADO: DERECHO"", ""UBICACION: INFERIOR"", ""INCLUYE ROTULA: SI""]",4,[],0,,,10.3973
17015AP,https://icepar.specparts.shop/products/detail?slug=aplus_17015ap-1334398,887,,,,,[],0,"[""INCLUYE ROTULA: SI"", ""LADO: DERECHO"", ""UBICACION: SUPERIOR"", ""POSICION: DELANTERO""]",4,[],0,,,10.9890
17010AP,https://icepar.specparts.shop/products/detail?slug=aplus_17010ap-1334399,887,,,,,[],0,"[""INCLUYE ROTULA: SI"", ""LADO: DERECHO"", ""POSICION: DELANTERO"", ""UBICACION: INFERIOR""]",4,[],0,,,10.3463
19447AP,https://icepar.specparts.shop/products/detail?slug=aplus_19447ap-1334404,887,,,,,[],0,"[""LADO: IZQUIERDO"", ""INCLUYE ROTULA: SI"", ""POSICION: DELANTERO"", ""UBICACION: INFERIOR""]",4,[],0,,,10.4259
16765AP,https://icepar.specparts.shop/products/detail?slug=aplus_16765ap-1334407,887,,,,,[],0,"[""LADO: IZQUIERDO"", ""UBICACION: INFERIOR"", ""INCLUYE ROTULA: SI"", ""POSICION: DELANTERO""]",4,[],0,,,10.2011
20353AP,https://icepar.specparts.shop/products/detail?slug=aplus_20353ap-1334412,887,,,,,[],0,"[""POSICION: DELANTERO"", ""INCLUYE ROTULA: SI"", ""UBICACION: INFERIOR"", ""LADO: IZQUIERDO""]",4,[],0,,,10.4132
16202AP,https://icepar.specparts.shop/products/detail?slug=aplus_16202ap-1334413,887,,,,,[],0,"[""INCLUYE ROTULA: SI"", ""POSICION: DELANTERO"", ""UBICACION: INFERIOR"", ""LADO: DERECHO""]",4,[],0,,,10.9185
19450AP,https://icepar.specparts.shop/products/detail?slug=aplus_19450ap-1334418,887,,,,,[],0,"[""INCLUYE ROTULA: SI"", ""POSICION: DELANTERO"", ""LADO: DERECHO"", ""UBICACION: INFERIOR""]",4,[],0,,,10.6229
19738AP,https://icepar.specparts.shop/products/detail?slug=aplus_19738ap-1334419,887,,,,,[],0,"[""LADO: DERECHO"", ""POSICION: DELANTERO"", ""UBICACION: INFERIOR"", ""INCLUYE ROTULA: SI""]",4,[],0,,,10.3390
19435AP,https://icepar.specparts.shop/products/detail?slug=aplus_19435ap-1334422,887,,,,,[],0,"[""INCLUYE ROTULA: SI"", ""UBICACION: INFERIOR"", ""POSICION: DELANTERO"", ""LADO: IZQUIERDO""]",4,[],0,,,14.2717
19448AP,https://icepar.specparts.shop/products/detail?slug=aplus_19448ap-1334424,887,,,,,[],0,"[""INCLUYE ROTULA: SI"", ""POSICION: DELANTERO"", ""LADO: DERECHO"", ""UBICACION: INFERIOR""]",4,[],0,,,10.3717
16236AP,https://icepar.specparts.shop/products/detail?slug=aplus_16236ap-1334431,887,,,,,[],0,"[""INCLUYE ROTULA: SI"", ""POSICION: DELANTERO"", ""LADO: DERECHO"", ""UBICACION: INFERIOR""]",4,[],0,,,10.3787
19737AP,https://icepar.specparts.shop/products/detail?slug=aplus_19737ap-1334440,887,,,,,[],0,"[""POSICION: DELANTERO"", ""LADO: IZQUIERDO"", ""INCLUYE ROTULA: SI"", ""UBICACION: INFERIOR""]",4,[],0,,,10.3196
19432AP,https://icepar.specparts.shop/products/detail?slug=aplus_19432ap-1334448,887,,,,,[],0,"[""POSICION: DELANTERO"", ""UBICACION: INFERIOR"", ""LADO: IZQUIERDO""]",3,[],0,,,9.4376
20148AP,https://icepar.specparts.shop/products/detail?slug=aplus_20148ap-1334457,887,,,,,[],0,"[""LADO: DERECHO"", ""INCLUYE ROTULA: SI"", ""POSICION: DELANTERO"", ""UBICACION: SUPERIOR""]",4,[],0,,,10.3183
20405AP,https://icepar.specparts.shop/products/detail?slug=aplus_20405ap-1334460,887,,,,,[],0,"[""LADO: AMBOS"", ""POSICION: TRASERO""]",2,[],0,,,8.1603
16573AP,https://icepar.specparts.shop/products/detail?slug=aplus_16573ap-1334475,887,,,,,[],0,"[""INCLUYE ROTULA: SI"", ""LADO: DERECHO"", ""POSICION: DELANTERO"", ""UBICACION: INFERIOR""]",4,[],0,,,10.3945
21110AP,https://icepar.specparts.shop/products/detail?slug=aplus_21110ap-1334481,887,,,,,[],0,"[""INCLUYE ROTULA: SI"", ""POSICION: DELANTERO"", ""LADO: IZQUIERDO"", ""UBICACION: INFERIOR""]",4,[],0,,,10.3819
17009AP,https://icepar.specparts.shop/products/detail?slug=aplus_17009ap-1334482,887,,,,,[],0,"[""INCLUYE ROTULA: SI"", ""UBICACION: INFERIOR"", ""POSICION: DELANTERO"", ""LADO: IZQUIERDO""]",4,[],0,,,10.4009
19430AP,https://icepar.specparts.shop/products/detail?slug=aplus_19430ap-1334486,887,,,,,[],0,"[""INCLUYE ROTULA: SI"", ""LADO: IZQUIERDO"", ""UBICACION: SUPERIOR"", ""POSICION: DELANTERO""]",4,[],0,,,10.2595
19436AP,https://icepar.specparts.shop/products/detail?slug=aplus_19436ap-1334487,887,,,,,[],0,"[""INCLUYE ROTULA: SI"", ""LADO: DERECHO"", ""POSICION: DELANTERO"", ""UBICACION: INFERIOR""]",4,[],0,,,10.3027
17016AP,https://icepar.specparts.shop/products/detail?slug=aplus_17016ap-1334489,888,,,,,[],0,"[""INCLUYE ROTULA: SI"", ""POSICION: DELANTERO"", ""UBICACION: SUPERIOR"", ""LADO: IZQUIERDO""]",4,[],0,,,10.9538
20931AP,https://icepar.specparts.shop/products/detail?slug=aplus_20931ap-1334507,888,,,,,[],0,"[""POSICION: DELANTERO"", ""INCLUYE ROTULA: SI"", ""LADO: DERECHO"", ""UBICACION: INFERIOR""]",4,[],0,,,10.8291
19651AP,https://icepar.specparts.shop/products/detail?slug=aplus_19651ap-1334508,888,,,,,[],0,"[""INCLUYE ROTULA: SI"", ""LADO: DERECHO"", ""UBICACION: INFERIOR"", ""POSICION: DELANTERO""]",4,[],0,,,10.3880
19431AP,https://icepar.specparts.shop/products/detail?slug=aplus_19431ap-1334514,888,,,,,[],0,"[""UBICACION: SUPERIOR"", ""LADO: DERECHO"", ""POSICION: DELANTERO"", ""INCLUYE ROTULA: SI""]",4,[],0,,,10.2380
19449AP,https://icepar.specparts.shop/products/detail?slug=aplus_19449ap-1334515,888,,,,,[],0,"[""INCLUYE ROTULA: SI"", ""POSICION: DELANTERO"", ""LADO: IZQUIERDO"", ""UBICACION: INFERIOR""]",4,[],0,,,10.3698
20354AP,https://icepar.specparts.shop/products/detail?slug=aplus_20354ap-1334525,888,,,,,[],0,"[""LADO: DERECHO"", ""INCLUYE ROTULA: SI"", ""POSICION: DELANTERO"", ""UBICACION: INFERIOR""]",4,[],0,,,10.4148
20458AP,https://icepar.specparts.shop/products/detail?slug=aplus_20458ap-1334530,888,,,,,[],0,"[""LADO: AMBOS"", ""POSICION: TRASERO""]",2,[],0,,,8.3222
20700AP,https://icepar.specparts.shop/products/detail?slug=aplus_20700ap-1334549,888,,,,,[],0,"[""INCLUYE ROTULA: SI"", ""LADO: IZQUIERDO"", ""POSICION: DELANTERO"", ""UBICACION: SUPERIOR""]",4,[],0,,,10.8127
20682AP,https://icepar.specparts.shop/products/detail?slug=aplus_20682ap-1334556,888,,,,,[],0,"[""UBICACION: INFERIOR"", ""LADO: DERECHO"", ""INCLUYE ROTULA: SI"", ""POSICION: DELANTERO""]",4,[],0,,,10.2022
18338AP,https://icepar.specparts.shop/products/detail?slug=aplus_18338ap-1334564,888,,,,,[],0,"[""INCLUYE ROTULA: SI"", ""UBICACION: INFERIOR"", ""LADO: IZQUIERDO"", ""POSICION: DELANTERO""]",4,[],0,,,10.2972
21047AP,https://icepar.specparts.shop/products/detail?slug=aplus_21047ap-1334565,888,,,,,[],0,"[""LADO: IZQUIERDO"", ""POSICION: DELANTERO"", ""INCLUYE ROTULA: SI"", ""UBICACION: INFERIOR""]",4,[],0,,,10.2720
20930AP,https://icepar.specparts.shop/products/detail?slug=aplus_20930ap-1334575,888,,,,,[],0,"[""LADO: IZQUIERDO"", ""INCLUYE ROTULA: SI"", ""UBICACION: INFERIOR"", ""POSICION: DELANTERO""]",4,[],0,,,10.3188
19441AP,https://icepar.specparts.shop/products/detail?slug=aplus_19441ap-1334576,888,,,,,[],0,"[""LADO: DERECHO"", ""POSICION: DELANTERO"", ""UBICACION: INFERIOR""]",3,[],0,,,9.3135
17019AP,https://icepar.specparts.shop/products/detail?slug=aplus_17019ap-1334581,888,,,,,[],0,"[""INCLUYE ROTULA: SI"", ""LADO: DERECHO"", ""POSICION: DELANTERO"", ""UBICACION: SUPERIOR""]",4,[],0,,,10.4272
25327AP,https://icepar.specparts.shop/products/detail?slug=aplus_25327ap-1334585,888,,,,,[],0,"[""INCLUYE ROTULA: SI"", ""LADO: IZQUIERDO"", ""UBICACION: INFERIOR"", ""POSICION: DELANTERO""]",4,[],0,,,10.7869
21048AP,https://icepar.specparts.shop/products/detail?slug=aplus_21048ap-1334586,888,,,,,[],0,"[""POSICION: DELANTERO"", ""INCLUYE ROTULA: SI"", ""UBICACION: INFERIOR"", ""LADO: DERECHO""]",4,[],0,,,10.4047
19452AP,https://icepar.specparts.shop/products/detail?slug=aplus_19452ap-1334588,888,,,,,[],0,"[""LADO: DERECHO"", ""POSICION: DELANTERO"", ""INCLUYE ROTULA: SI"", ""UBICACION: INFERIOR""]",4,[],0,,,10.7492
22404AP,https://icepar.specparts.shop/products/detail?slug=aplus_22404ap-1334596,888,,,,,[],0,"[""LADO: IZQUIERDO"", ""UBICACION: SUPERIOR"", ""INCLUYE ROTULA: SI"", ""POSICION: DELANTERO""]",4,[],0,,,10.4771
21923AP,https://icepar.specparts.shop/products/detail?slug=aplus_21923ap-1334604,888,,,,,[],0,"[""INCLUYE ROTULA: SI"", ""POSICION: DELANTERO"", ""LADO: DERECHO"", ""UBICACION: INFERIOR""]",4,[],0,,,10.3827
21211AP,https://icepar.specparts.shop/products/detail?slug=aplus_21211ap-1334606,888,,,,,[],0,"[""LADO: AMBOS"", ""INCLUYE ROTULA: SI"", ""POSICION: DELANTERO"", ""UBICACION: INFERIOR""]",4,[],0,,,10.4315
19636AP,https://icepar.specparts.shop/products/detail?slug=aplus_19636ap-1334610,888,,,,,[],0,"[""POSICION: DELANTERO"", ""INCLUYE ROTULA: SI"", ""LADO: DERECHO"", ""UBICACION: INFERIOR""]",4,[],0,,,10.3847
21295AP,https://icepar.specparts.shop/products/detail?slug=aplus_21295ap-1334615,888,,,,,[],0,"[""LADO: IZQUIERDO"", ""POSICION: TRASERO""]",2,[],0,,,8.5086
21601AP,https://icepar.specparts.shop/products/detail?slug=aplus_21601ap-1334616,888,,,,,[],0,"[""LADO: IZQUIERDO"", ""INCLUYE ROTULA: SI"", ""POSICION: DELANTERO"", ""UBICACION: INFERIOR""]",4,[],0,,,10.3658
19650AP,https://icepar.specparts.shop/products/detail?slug=aplus_19650ap-1334618,888,,,,,[],0,"[""INCLUYE ROTULA: SI"", ""LADO: IZQUIERDO"", ""UBICACION: INFERIOR"", ""POSICION: DELANTERO""]",4,[],0,,,10.3162
21282AP,https://icepar.specparts.shop/products/detail?slug=aplus_21282ap-1334622,889,,,,,[],0,"[""INCLUYE ROTULA: SI"", ""POSICION: DELANTERO"", ""LADO: IZQUIERDO"", ""UBICACION: INFERIOR""]",4,[],0,,,10.3648
21584AP,https://icepar.specparts.shop/products/detail?slug=aplus_21584ap-1334627,889,,,,,[],0,"[""INCLUYE ROTULA: SI"", ""UBICACION: INFERIOR"", ""LADO: DERECHO"", ""POSICION: DELANTERO""]",4,[],0,,,10.8081
18103AP,https://icepar.specparts.shop/products/detail?slug=aplus_18103ap-1334633,889,,,,,[],0,"[""POSICION: DELANTERO"", ""UBICACION: INFERIOR"", ""LADO: DERECHO""]",3,[],0,,,9.5063
20974AP,https://icepar.specparts.shop/products/detail?slug=aplus_20974ap-1334634,889,,,,,[],0,"[""POSICION: DELANTERO"", ""INCLUYE ROTULA: SI"", ""LADO: DERECHO"", ""UBICACION: INFERIOR""]",4,[],0,,,10.2440
18102AP,https://icepar.specparts.shop/products/detail?slug=aplus_18102ap-1334635,889,,,,,[],0,"[""UBICACION: INFERIOR"", ""POSICION: DELANTERO"", ""LADO: IZQUIERDO""]",3,[],0,,,9.7257
21371AP,https://icepar.specparts.shop/products/detail?slug=aplus_21371ap-1334636,889,,,,,[],0,"[""LADO: DERECHO"", ""INCLUYE ROTULA: SI"", ""UBICACION: INFERIOR"", ""POSICION: DELANTERO""]",4,[],0,,,10.4969
20701AP,https://icepar.specparts.shop/products/detail?slug=aplus_20701ap-1334641,889,,,,,[],0,"[""LADO: DERECHO"", ""POSICION: DELANTERO"", ""UBICACION: SUPERIOR"", ""INCLUYE ROTULA: SI""]",4,[],0,,,10.8502
21288AP,https://icepar.specparts.shop/products/detail?slug=aplus_21288ap-1334644,889,,,,,[],0,"[""POSICION: TRASERO"", ""LADO: AMBOS"", ""INCLUYE ROTULA: SI"", ""UBICACION: SUPERIOR""]",4,[],0,,,10.4465
23788AP,https://icepar.specparts.shop/products/detail?slug=aplus_23788ap-1334647,889,,,,,[],0,"[""INCLUYE ROTULA: SI"", ""UBICACION: INFERIOR"", ""POSICION: DELANTERO"", ""LADO: DERECHO""]",4,[],0,,,10.5106
21296AP,https://icepar.specparts.shop/products/detail?slug=aplus_21296ap-1334651,889,,,,,[],0,"[""LADO: DERECHO"", ""POSICION: TRASERO""]",2,[],0,,,8.4108
18337AP,https://icepar.specparts.shop/products/detail?slug=aplus_18337ap-1334653,889,,,,,[],0,"[""POSICION: DELANTERO"", ""LADO: DERECHO"", ""INCLUYE ROTULA: SI"", ""UBICACION: INFERIOR""]",4,[],0,,,10.3988
22277AP,https://icepar.specparts.shop/products/detail?slug=aplus_22277ap-1334655,889,,,,,[],0,"[""LADO: DERECHO"", ""INCLUYE ROTULA: SI"", ""UBICACION: INFERIOR"", ""POSICION: DELANTERO""]",4,[],0,,,10.6779
23787AP,https://icepar.specparts.shop/products/detail?slug=aplus_23787ap-1334656,889,,,,,[],0,"[""INCLUYE ROTULA: SI"", ""UBICACION: INFERIOR"", ""LADO: IZQUIERDO"", ""POSICION: DELANTERO""]",4,[],0,,,10.2751
21602AP,https://icepar.specparts.shop/products/detail?slug=aplus_21602ap-1334657,889,,,,,[],0,"[""LADO: DERECHO"", ""UBICACION: INFERIOR"", ""POSICION: DELANTERO"", ""INCLUYE ROTULA: SI""]",4,[],0,,,10.8119
21732AP,https://icepar.specparts.shop/products/detail?slug=aplus_21732ap-1334662,889,,,,,[],0,"[""LADO: IZQUIERDO"", ""INCLUYE ROTULA: SI"", ""UBICACION: INFERIOR"", ""POSICION: DELANTERO""]",4,[],0,,,11.0887
20681AP,https://icepar.specparts.shop/products/detail?slug=aplus_20681ap-1334663,889,,,,,[],0,"[""UBICACION: INFERIOR"", ""LADO: IZQUIERDO"", ""INCLUYE ROTULA: SI"", ""POSICION: DELANTERO""]",4,[],0,,,10.4814
22221AP,https://icepar.specparts.shop/products/detail?slug=aplus_22221ap-1334674,889,,,,,[],0,"[""POSICION: DELANTERO"", ""LADO: IZQUIERDO"", ""UBICACION: INFERIOR""]",3,[],0,,,9.4422
22029AP,https://icepar.specparts.shop/products/detail?slug=aplus_22029ap-1334677,889,,,,,[],0,"[""UBICACION: INFERIOR"", ""INCLUYE ROTULA: SI"", ""POSICION: DELANTERO"", ""LADO: DERECHO""]",4,[],0,,,10.3307
20147AP,https://icepar.specparts.shop/products/detail?slug=aplus_20147ap-1334678,889,,,,,[],0,"[""INCLUYE ROTULA: SI"", ""POSICION: DELANTERO"", ""LADO: IZQUIERDO"", ""UBICACION: SUPERIOR""]",4,[],0,,,10.2646
21922AP,https://icepar.specparts.shop/products/detail?slug=aplus_21922ap-1334680,889,,,,,[],0,"[""INCLUYE ROTULA: SI"", ""POSICION: DELANTERO"", ""LADO: IZQUIERDO"", ""UBICACION: INFERIOR""]",4,[],0,,,11.8572
21283AP,https://icepar.specparts.shop/products/detail?slug=aplus_21283ap-1334681,889,,,,,[],0,"[""INCLUYE ROTULA: SI"", ""LADO: DERECHO"", ""POSICION: DELANTERO"", ""UBICACION: INFERIOR""]",4,[],0,,,10.8349
21137AP,https://icepar.specparts.shop/products/detail?slug=aplus_21137ap-1334684,889,,,,,[],0,"[""INCLUYE ROTULA: SI"", ""UBICACION: INFERIOR"", ""POSICION: DELANTERO"", ""LADO: DERECHO""]",4,[],0,,,10.6664
24630AP,https://icepar.specparts.shop/products/detail?slug=aplus_24630ap-1334685,889,,,,,[],0,"[""POSICION: DELANTERO"", ""INCLUYE ROTULA: SI"", ""LADO: IZQUIERDO"", ""UBICACION: INFERIOR""]",4,[],0,,,10.6118
21370AP,https://icepar.specparts.shop/products/detail?slug=aplus_21370ap-1334689,889,,,,,[],0,"[""INCLUYE ROTULA: SI"", ""LADO: IZQUIERDO"", ""POSICION: DELANTERO"", ""UBICACION: INFERIOR""]",4,[],0,,,10.4908
19635AP,https://icepar.specparts.shop/products/detail?slug=aplus_19635ap-1334691,890,,,,,[],0,"[""INCLUYE ROTULA: SI"", ""LADO: IZQUIERDO"", ""POSICION: DELANTERO"", ""UBICACION: INFERIOR""]",4,[],0,,,10.4002
21995AP,https://icepar.specparts.shop/products/detail?slug=aplus_21995ap-1334693,890,,,,,[],0,"[""LADO: IZQUIERDO"", ""INCLUYE ROTULA: SI"", ""POSICION: DELANTERO"", ""UBICACION: INFERIOR""]",4,[],0,,,10.3155
23711AP,https://icepar.specparts.shop/products/detail?slug=aplus_23711ap-1334699,890,,,,,[],0,"[""INCLUYE ROTULA: SI"", ""UBICACION: INFERIOR"", ""LADO: DERECHO"", ""POSICION: DELANTERO""]",4,[],0,,,11.0401
22406AP,https://icepar.specparts.shop/products/detail?slug=aplus_22406ap-1334700,890,,,,,[],0,"[""POSICION: DELANTERO"", ""INCLUYE ROTULA: SI"", ""UBICACION: INFERIOR"", ""LADO: IZQUIERDO""]",4,[],0,,,10.8217
22604AP,https://icepar.specparts.shop/products/detail?slug=aplus_22604ap-1334713,890,,,,,[],0,"[""INCLUYE ROTULA: SI"", ""UBICACION: INFERIOR"", ""POSICION: DELANTERO"", ""LADO: IZQUIERDO""]",4,[],0,,,10.4431
20452AP,https://icepar.specparts.shop/products/detail?slug=aplus_20452ap-1334717,890,,,,,[],0,"[""POSICION: TRASERO"", ""LADO: AMBOS""]",2,[],0,,,8.1264
22028AP,https://icepar.specparts.shop/products/detail?slug=aplus_22028ap-1334718,890,,,,,[],0,"[""INCLUYE ROTULA: SI"", ""POSICION: DELANTERO"", ""LADO: IZQUIERDO"", ""UBICACION: INFERIOR""]",4,[],0,,,10.3647
23849AP,https://icepar.specparts.shop/products/detail?slug=aplus_23849ap-1334724,890,,,,,[],0,"[""POSICION: TRASERO"", ""LADO: DERECHO""]",2,[],0,,,8.2631
22605AP,https://icepar.specparts.shop/products/detail?slug=aplus_22605ap-1334727,890,,,,,[],0,"[""INCLUYE ROTULA: SI"", ""POSICION: DELANTERO"", ""UBICACION: INFERIOR"", ""LADO: DERECHO""]",4,[],0,,,10.3105
22412AP,https://icepar.specparts.shop/products/detail?slug=aplus_22412ap-1334728,890,,,,,[],0,"[""LADO: DERECHO"", ""POSICION: DELANTERO"", ""INCLUYE ROTULA: SI"", ""UBICACION: INFERIOR""]",4,[],0,,,10.2820
25107AP,https://icepar.specparts.shop/products/detail?slug=aplus_25107ap-1334730,890,,,,,[],0,"[""UBICACION: INFERIOR"", ""POSICION: DELANTERO"", ""LADO: IZQUIERDO"", ""INCLUYE ROTULA: SI""]",4,[],0,,,10.3144
24307AP,https://icepar.specparts.shop/products/detail?slug=aplus_24307ap-1334733,890,,,,,[],0,"[""POSICION: DELANTERO"", ""UBICACION: SUPERIOR"", ""LADO: DERECHO"", ""INCLUYE ROTULA: SI""]",4,[],0,,,10.6116
23778AP,https://icepar.specparts.shop/products/detail?slug=aplus_23778ap-1334739,890,,,,,[],0,"[""POSICION: DELANTERO"", ""LADO: IZQUIERDO"", ""UBICACION: INFERIOR""]",3,[],0,,,9.2709
24310AP,https://icepar.specparts.shop/products/detail?slug=aplus_24310ap-1334741,890,,,,,[],0,"[""POSICION: DELANTERO"", ""INCLUYE ROTULA: SI"", ""LADO: IZQUIERDO"", ""UBICACION: INFERIOR""]",4,[],0,,,10.3337
21733AP,https://icepar.specparts.shop/products/detail?slug=aplus_21733ap-1334743,890,,,,,[],0,"[""LADO: DERECHO"", ""INCLUYE ROTULA: SI"", ""POSICION: DELANTERO"", ""UBICACION: INFERIOR""]",4,[],0,,,10.2868
23775AP,https://icepar.specparts.shop/products/detail?slug=aplus_23775ap-1334750,890,,,,,[],0,"[""INCLUYE ROTULA: SI"", ""POSICION: DELANTERO"", ""UBICACION: INFERIOR"", ""LADO: IZQUIERDO""]",4,[],0,,,10.4540
21111AP,https://icepar.specparts.shop/products/detail?slug=aplus_21111ap-1334766,890,,,,,[],0,"[""POSICION: DELANTERO"", ""LADO: DERECHO"", ""INCLUYE ROTULA: SI"", ""UBICACION: INFERIOR""]",4,[],0,,,10.3756
25325AP,https://icepar.specparts.shop/products/detail?slug=aplus_25325ap-1334768,890,,,,,[],0,"[""POSICION: DELANTERO"", ""INCLUYE ROTULA: SI"", ""UBICACION: INFERIOR"", ""LADO: IZQUIERDO""]",4,[],0,,,10.3391
21861AP,https://icepar.specparts.shop/products/detail?slug=aplus_21861ap-1334769,890,,,,,[],0,"[""POSICION: DELANTERO"", ""LADO: DERECHO"", ""UBICACION: INFERIOR""]",3,[],0,,,9.1199
26655AP,https://icepar.specparts.shop/products/detail?slug=aplus_26655ap-1334773,890,,,,,[],0,"[""LADO: DERECHO"", ""POSICION: DELANTERO"", ""INCLUYE ROTULA: SI"", ""UBICACION: INFERIOR""]",4,[],0,,,10.5227
23805AP,https://icepar.specparts.shop/products/detail?slug=aplus_23805ap-1334775,890,,,,,[],0,"[""INCLUYE ROTULA: SI"", ""LADO: AMBOS"", ""POSICION: DELANTERO"", ""UBICACION: SUPERIOR""]",4,[],0,,,10.3387
21898AP,https://icepar.specparts.shop/products/detail?slug=aplus_21898ap-1334778,890,,,,,[],0,"[""LADO: IZQUIERDO"", ""INCLUYE ROTULA: SI"", ""POSICION: DELANTERO"", ""UBICACION: INFERIOR""]",4,[],0,,,10.2133
22591AP,https://icepar.specparts.shop/products/detail?slug=aplus_22591ap-1334779,890,,,,,[],0,"[""LADO: DERECHO"", ""INCLUYE ROTULA: SI"", ""POSICION: DELANTERO"", ""UBICACION: INFERIOR""]",4,[],0,,,10.2891
24306AP,https://icepar.specparts.shop/products/detail?slug=aplus_24306ap-1334783,890,,,,,[],0,"[""INCLUYE ROTULA: SI"", ""POSICION: DELANTERO"", ""UBICACION: SUPERIOR"", ""LADO: IZQUIERDO""]",4,[],0,,,10.2594
21860AP,https://icepar.specparts.shop/products/detail?slug=aplus_21860ap-1334784,891,,,,,[],0,"[""UBICACION: INFERIOR"", ""POSICION: DELANTERO"", ""LADO: IZQUIERDO""]",3,[],0,,,9.1942
24312AP,https://icepar.specparts.shop/products/detail?slug=aplus_24312ap-1334788,891,,,,,[],0,"[""UBICACION: INFERIOR"", ""INCLUYE ROTULA: SI"", ""POSICION: DELANTERO"", ""LADO: AMBOS""]",4,[],0,,,10.3050
21136AP,https://icepar.specparts.shop/products/detail?slug=aplus_21136ap-1334797,891,,,,,[],0,"[""LADO: IZQUIERDO"", ""INCLUYE ROTULA: SI"", ""POSICION: DELANTERO"", ""UBICACION: INFERIOR""]",4,[],0,,,10.3464
24636AP,https://icepar.specparts.shop/products/detail?slug=aplus_24636ap-1334804,891,,,,,[],0,"[""LADO: IZQUIERDO"", ""UBICACION: SUPERIOR"", ""INCLUYE ROTULA: SI"", ""POSICION: TRASERO""]",4,[],0,,,10.9193
24410AP,https://icepar.specparts.shop/products/detail?slug=aplus_24410ap-1334805,891,,,,,[],0,"[""INCLUYE ROTULA: SI"", ""LADO: IZQUIERDO"", ""POSICION: DELANTERO"", ""UBICACION: INFERIOR""]",4,[],0,,,10.4874
24637AP,https://icepar.specparts.shop/products/detail?slug=aplus_24637ap-1334808,891,,,,,[],0,"[""LADO: DERECHO"", ""INCLUYE ROTULA: SI"", ""UBICACION: SUPERIOR"", ""POSICION: TRASERO""]",4,[],0,,,10.5731
22411AP,https://icepar.specparts.shop/products/detail?slug=aplus_22411ap-1334811,891,,,,,[],0,"[""INCLUYE ROTULA: SI"", ""POSICION: DELANTERO"", ""LADO: IZQUIERDO"", ""UBICACION: INFERIOR""]",4,[],0,,,10.4956
20200AP,https://icepar.specparts.shop/products/detail?slug=aplus_20200ap-1334812,891,,,,,[],0,"[""INCLUYE ROTULA: SI"", ""LADO: DERECHO"", ""UBICACION: INFERIOR"", ""POSICION: DELANTERO""]",4,[],0,,,10.8380
25178AP,https://icepar.specparts.shop/products/detail?slug=aplus_25178ap-1334814,891,,,,,[],0,"[""POSICION: DELANTERO"", ""LADO: DERECHO"", ""INCLUYE ROTULA: SI"", ""UBICACION: SUPERIOR""]",4,[],0,,,10.3146
22407AP,https://icepar.specparts.shop/products/detail?slug=aplus_22407ap-1334815,891,,,,,[],0,"[""LADO: DERECHO"", ""UBICACION: INFERIOR"", ""POSICION: DELANTERO"", ""INCLUYE ROTULA: SI""]",4,[],0,,,10.3002
24200AP,https://icepar.specparts.shop/products/detail?slug=aplus_24200ap-1334823,891,,,,,[],0,"[""POSICION: DELANTERO"", ""INCLUYE ROTULA: SI"", ""LADO: DERECHO"", ""UBICACION: INFERIOR""]",4,[],0,,,10.6371
23714AP,https://icepar.specparts.shop/products/detail?slug=aplus_23714ap-1334831,891,,,,,[],0,"[""LADO: IZQUIERDO"", ""UBICACION: INFERIOR"", ""INCLUYE ROTULA: SI"", ""POSICION: DELANTERO""]",4,[],0,,,10.2586
27541AP,https://icepar.specparts.shop/products/detail?slug=aplus_27541ap-1334836,891,,,,,[],0,"[""LADO: IZQUIERDO"", ""UBICACION: SUPERIOR"", ""POSICION: DELANTERO"", ""INCLUYE ROTULA: SI""]",4,[],0,,,10.2373
26651AP,https://icepar.specparts.shop/products/detail?slug=aplus_26651ap-1334837,891,,,,,[],0,"[""LADO: DERECHO"", ""POSICION: TRASERO""]",2,[],0,,,8.1585
23785AP,https://icepar.specparts.shop/products/detail?slug=aplus_23785ap-1334839,891,,,,,[],0,"[""UBICACION: INFERIOR"", ""LADO: DERECHO"", ""INCLUYE ROTULA: SI"", ""POSICION: DELANTERO""]",4,[],0,,,10.4178
22405AP,https://icepar.specparts.shop/products/detail?slug=aplus_22405ap-1334844,891,,,,,[],0,"[""INCLUYE ROTULA: SI"", ""POSICION: DELANTERO"", ""UBICACION: SUPERIOR"", ""LADO: DERECHO""]",4,[],0,,,11.0329
23715AP,https://icepar.specparts.shop/products/detail?slug=aplus_23715ap-1334848,891,,,,,[],0,"[""UBICACION: INFERIOR"", ""INCLUYE ROTULA: SI"", ""LADO: DERECHO"", ""POSICION: DELANTERO""]",4,[],0,,,10.3421
26592AP,https://icepar.specparts.shop/products/detail?slug=aplus_26592ap-1334854,891,,,,,[],0,"[""INCLUYE ROTULA: SI"", ""POSICION: DELANTERO"", ""UBICACION: INFERIOR"", ""LADO: IZQUIERDO""]",4,[],0,,,10.5334
23784AP,https://icepar.specparts.shop/products/detail?slug=aplus_23784ap-1334860,891,,,,,[],0,"[""INCLUYE ROTULA: SI"", ""POSICION: DELANTERO"", ""LADO: IZQUIERDO"", ""UBICACION: INFERIOR""]",4,[],0,,,10.2098
21583AP,https://icepar.specparts.shop/products/detail?slug=aplus_21583ap-1334861,891,,,,,[],0,"[""INCLUYE ROTULA: SI"", ""POSICION: DELANTERO"", ""LADO: IZQUIERDO"", ""UBICACION: INFERIOR""]",4,[],0,,,11.0312
24964AP,https://icepar.specparts.shop/products/detail?slug=aplus_24964ap-1334863,891,,,,,[],0,"[""LADO: DERECHO"", ""POSICION: TRASERO""]",2,[],0,,,8.3747
22294AP,https://icepar.specparts.shop/products/detail?slug=aplus_22294ap-1334865,891,,,,,[],0,"[""LADO: IZQUIERDO"", ""INCLUYE ROTULA: SI"", ""UBICACION: INFERIOR"", ""POSICION: DELANTERO""]",4,[],0,,,10.4449
23825AP,https://icepar.specparts.shop/products/detail?slug=aplus_23825ap-1334868,891,,,,,[],0,"[""POSICION: DELANTERO"", ""INCLUYE ROTULA: SI"", ""LADO: IZQUIERDO"", ""UBICACION: INFERIOR""]",4,[],0,,,10.4639
24301AP,https://icepar.specparts.shop/products/detail?slug=aplus_24301ap-1334870,891,,,,,[],0,"[""POSICION: TRASERO"", ""UBICACION: SUPERIOR"", ""LADO: AMBOS""]",3,[],0,,,9.2007
24629AP,https://icepar.specparts.shop/products/detail?slug=aplus_24629ap-1334873,892,,,,,[],0,"[""UBICACION: INFERIOR"", ""INCLUYE ROTULA: SI"", ""POSICION: DELANTERO"", ""LADO: DERECHO""]",4,[],0,,,10.2722
24963AP,https://icepar.specparts.shop/products/detail?slug=aplus_24963ap-1334881,892,,,,,[],0,"[""LADO: IZQUIERDO"", ""POSICION: TRASERO""]",2,[],0,,,8.4232
23779AP,https://icepar.specparts.shop/products/detail?slug=aplus_23779ap-1334884,892,,,,,[],0,"[""LADO: DERECHO"", ""POSICION: DELANTERO"", ""UBICACION: INFERIOR""]",3,[],0,,,9.2131
22222AP,https://icepar.specparts.shop/products/detail?slug=aplus_22222ap-1334891,892,,,,,[],0,"[""POSICION: DELANTERO"", ""UBICACION: INFERIOR"", ""LADO: DERECHO""]",3,[],0,,,9.3120
20973AP,https://icepar.specparts.shop/products/detail?slug=aplus_20973ap-1334896,892,,,,,[],0,"[""LADO: IZQUIERDO"", ""UBICACION: INFERIOR"", ""INCLUYE ROTULA: SI"", ""POSICION: DELANTERO""]",4,[],0,,,10.4245
24411AP,https://icepar.specparts.shop/products/detail?slug=aplus_24411ap-1334897,892,,,,,[],0,"[""INCLUYE ROTULA: SI"", ""POSICION: DELANTERO"", ""UBICACION: INFERIOR"", ""LADO: DERECHO""]",4,[],0,,,10.2829
23776AP,https://icepar.specparts.shop/products/detail?slug=aplus_23776ap-1334898,892,,,,,[],0,"[""INCLUYE ROTULA: SI"", ""POSICION: DELANTERO"", ""UBICACION: INFERIOR"", ""LADO: DERECHO""]",4,[],0,,,10.3020
22295AP,https://icepar.specparts.shop/products/detail?slug=aplus_22295ap-1334899,892,,,,,[],0,"[""LADO: DERECHO"", ""INCLUYE ROTULA: SI"", ""POSICION: DELANTERO"", ""UBICACION: INFERIOR""]",4,[],0,,,10.2811
26647AP,https://icepar.specparts.shop/products/detail?slug=aplus_26647ap-1334906,892,,,,,[],0,"[""POSICION: DELANTERO"", ""INCLUYE ROTULA: SI"", ""UBICACION: SUPERIOR"", ""LADO: DERECHO""]",4,[],0,,,10.1757
26418AP,https://icepar.specparts.shop/products/detail?slug=aplus_26418ap-1334908,892,,,,,[],0,"[""INCLUYE ROTULA: SI"", ""LADO: DERECHO"", ""UBICACION: SUPERIOR"", ""POSICION: DELANTERO""]",4,[],0,,,10.4269
25024AP,https://icepar.specparts.shop/products/detail?slug=aplus_25024ap-1334912,892,,,,,[],0,"[""LADO: IZQUIERDO"", ""INCLUYE ROTULA: SI"", ""UBICACION: INFERIOR"", ""POSICION: DELANTERO""]",4,[],0,,,10.2047
25328AP,https://icepar.specparts.shop/products/detail?slug=aplus_25328ap-1334916,892,,,,,[],0,"[""POSICION: DELANTERO"", ""LADO: DERECHO"", ""UBICACION: INFERIOR"", ""INCLUYE ROTULA: SI""]",4,[],0,,,10.4894
23789AP,https://icepar.specparts.shop/products/detail?slug=aplus_23789ap-1334921,892,,,,,[],0,"[""POSICION: TRASERO"", ""LADO: AMBOS""]",2,[],0,,,8.4094
27397AP,https://icepar.specparts.shop/products/detail?slug=aplus_27397ap-1334928,892,,,,,[],0,"[""POSICION: TRASERO"", ""LADO: AMBOS""]",2,[],0,,,8.1688
27399AP,https://icepar.specparts.shop/products/detail?slug=aplus_27399ap-1334930,892,,,,,[],0,"[""LADO: AMBOS"", ""POSICION: TRASERO""]",2,[],0,,,8.1869
23829AP,https://icepar.specparts.shop/products/detail?slug=aplus_23829ap-1334932,892,,,,,[],0,"[""POSICION: DELANTERO"", ""UBICACION: INFERIOR"", ""INCLUYE ROTULA: SI"", ""LADO: AMBOS""]",4,[],0,,,10.2334
27793AP,https://icepar.specparts.shop/products/detail?slug=aplus_27793ap-1334942,892,,,,,[],0,"[""LADO: IZQUIERDO"", ""UBICACION: INFERIOR"", ""POSICION: DELANTERO""]",3,[],0,,,9.9264
24311AP,https://icepar.specparts.shop/products/detail?slug=aplus_24311ap-1334944,892,,,,,[],0,"[""UBICACION: INFERIOR"", ""LADO: DERECHO"", ""INCLUYE ROTULA: SI"", ""POSICION: DELANTERO""]",4,[],0,,,10.2307
28038AP,https://icepar.specparts.shop/products/detail?slug=aplus_28038ap-1334954,892,,,,,[],0,"[""LADO: IZQUIERDO"", ""POSICION: DELANTERO"", ""UBICACION: SUPERIOR"", ""INCLUYE ROTULA: SI""]",4,[],0,,,10.1431
24591AP,https://icepar.specparts.shop/products/detail?slug=aplus_24591ap-1334955,892,,,,,[],0,"[""INCLUYE ROTULA: SI"", ""LADO: DERECHO"", ""POSICION: DELANTERO"", ""UBICACION: INFERIOR""]",4,[],0,,,10.5172
22590AP,https://icepar.specparts.shop/products/detail?slug=aplus_22590ap-1334958,892,,,,,[],0,"[""POSICION: DELANTERO"", ""INCLUYE ROTULA: SI"", ""LADO: IZQUIERDO"", ""UBICACION: INFERIOR""]",4,[],0,,,10.7279
26649AP,https://icepar.specparts.shop/products/detail?slug=aplus_26649ap-1334961,892,,,,,[],0,"[""LADO: AMBOS"", ""POSICION: TRASERO""]",2,[],0,,,8.1127
28382AP,https://icepar.specparts.shop/products/detail?slug=aplus_28382ap-1334969,892,,,,,[],0,"[""POSICION: DELANTERO"", ""UBICACION: INFERIOR"", ""LADO: IZQUIERDO""]",3,[],0,,,9.2207
26660AP,https://icepar.specparts.shop/products/detail?slug=aplus_26660ap-1334972,892,,,,,[],0,"[""INCLUYE ROTULA: SI"", ""POSICION: DELANTERO"", ""LADO: DERECHO"", ""UBICACION: INFERIOR""]",4,[],0,,,10.1568
24632AP,https://icepar.specparts.shop/products/detail?slug=aplus_24632ap-1334973,893,,,,,[],0,"[""LADO: IZQUIERDO"", ""POSICION: TRASERO""]",2,[],0,,,8.2528
28280AP,https://icepar.specparts.shop/products/detail?slug=aplus_28280ap-1334974,893,,,,,[],0,"[""POSICION: DELANTERO"", ""LADO: DERECHO"", ""UBICACION: SUPERIOR""]",3,[],0,,,9.2425
21996AP,https://icepar.specparts.shop/products/detail?slug=aplus_21996ap-1334986,893,,,,,[],0,"[""LADO: DERECHO"", ""INCLUYE ROTULA: SI"", ""POSICION: DELANTERO"", ""UBICACION: INFERIOR""]",4,[],0,,,10.3025
29730AP,https://icepar.specparts.shop/products/detail?slug=aplus_29730ap-1334991,893,,,,,[],0,"[""INCLUYE ROTULA: SI"", ""LADO: DERECHO"", ""POSICION: DELANTERO"", ""UBICACION: INFERIOR""]",4,[],0,,,10.3724
27189AP,https://icepar.specparts.shop/products/detail?slug=aplus_27189ap-1334993,893,,,,,[],0,"[""LADO: IZQUIERDO"", ""INCLUYE ROTULA: SI"", ""UBICACION: INFERIOR"", ""POSICION: DELANTERO""]",4,[],0,,,10.2204
23903AP,https://icepar.specparts.shop/products/detail?slug=aplus_23903ap-1334998,893,,,,,[],0,"[""POSICION: DELANTERO"", ""INCLUYE ROTULA: SI"", ""LADO: DERECHO"", ""UBICACION: INFERIOR""]",4,[],0,,,10.5243
24199AP,https://icepar.specparts.shop/products/detail?slug=aplus_24199ap-1335001,893,,,,,[],0,"[""INCLUYE ROTULA: SI"", ""LADO: IZQUIERDO"", ""POSICION: DELANTERO"", ""UBICACION: INFERIOR""]",4,[],0,,,10.1826
26659AP,https://icepar.specparts.shop/products/detail?slug=aplus_26659ap-1335003,893,,,,,[],0,"[""UBICACION: INFERIOR"", ""INCLUYE ROTULA: SI"", ""LADO: IZQUIERDO"", ""POSICION: DELANTERO""]",4,[],0,,,10.3909
22237AP,https://icepar.specparts.shop/products/detail?slug=aplus_22237ap-1335008,893,,,,,[],0,"[""INCLUYE ROTULA: SI"", ""LADO: IZQUIERDO"", ""UBICACION: INFERIOR"", ""POSICION: DELANTERO""]",4,[],0,,,10.2762
28039AP,https://icepar.specparts.shop/products/detail?slug=aplus_28039ap-1335010,893,,,,,[],0,"[""UBICACION: SUPERIOR"", ""POSICION: DELANTERO"", ""INCLUYE ROTULA: SI"", ""LADO: DERECHO""]",4,[],0,,,11.4793
30636AP,https://icepar.specparts.shop/products/detail?slug=aplus_30636ap-1335012,893,,,,,[],0,"[""INCLUYE ROTULA: SI"", ""LADO: IZQUIERDO"", ""POSICION: DELANTERO"", ""UBICACION: INFERIOR""]",4,[],0,,,10.3799
25603AP,https://icepar.specparts.shop/products/detail?slug=aplus_25603ap-1335021,893,,,,,[],0,"[""POSICION: TRASERO"", ""LADO: AMBOS""]",2,[],0,,,8.2467
26558AP,https://icepar.specparts.shop/products/detail?slug=aplus_26558ap-1335022,893,,,,,[],0,"[""LADO: AMBOS"", ""POSICION: TRASERO""]",2,[],0,,,8.1270
29729AP,https://icepar.specparts.shop/products/detail?slug=aplus_29729ap-1335023,893,,,,,[],0,"[""POSICION: DELANTERO"", ""INCLUYE ROTULA: SI"", ""LADO: IZQUIERDO"", ""UBICACION: INFERIOR""]",4,[],0,,,10.4249
21899AP,https://icepar.specparts.shop/products/detail?slug=aplus_21899ap-1335036,893,,,,,[],0,"[""UBICACION: INFERIOR"", ""POSICION: DELANTERO"", ""INCLUYE ROTULA: SI"", ""LADO: DERECHO""]",4,[],0,,,10.5957
23949AP,https://icepar.specparts.shop/products/detail?slug=aplus_23949ap-1335038,893,,,,,[],0,"[""LADO: AMBOS"", ""POSICION: TRASERO""]",2,[],0,,,8.2693
22276AP,https://icepar.specparts.shop/products/detail?slug=aplus_22276ap-1335040,893,,,,,[],0,"[""LADO: IZQUIERDO"", ""INCLUYE ROTULA: SI"", ""POSICION: DELANTERO"", ""UBICACION: INFERIOR""]",4,[],0,,,12.0014
25108AP,https://icepar.specparts.shop/products/detail?slug=aplus_25108ap-1335041,893,,,,,[],0,"[""INCLUYE ROTULA: SI"", ""UBICACION: INFERIOR"", ""LADO: DERECHO"", ""POSICION: DELANTERO""]",4,[],0,,,10.6399
24633AP,https://icepar.specparts.shop/products/detail?slug=aplus_24633ap-1335042,893,,,,,[],0,"[""POSICION: TRASERO"", ""LADO: DERECHO""]",2,[],0,,,8.2597
27816AP,https://icepar.specparts.shop/products/detail?slug=aplus_27816ap-1335047,893,,,,,[],0,"[""LADO: DERECHO"", ""POSICION: DELANTERO"", ""INCLUYE ROTULA: SI"", ""UBICACION: INFERIOR""]",4,[],0,,,10.5303
27904AP,https://icepar.specparts.shop/products/detail?slug=aplus_27904ap-1335054,893,,,,,[],0,"[""POSICION: DELANTERO"", ""LADO: DERECHO"", ""UBICACION: INFERIOR""]",3,[],0,,,9.4008
27722AP,https://icepar.specparts.shop/products/detail?slug=aplus_27722ap-1335055,893,,,,,[],0,"[""POSICION: TRASERO"", ""UBICACION: INFERIOR"", ""LADO: AMBOS""]",3,[],0,,,9.5762
26417AP,https://icepar.specparts.shop/products/detail?slug=aplus_26417ap-1335072,893,,,,,[],0,"[""LADO: IZQUIERDO"", ""INCLUYE ROTULA: SI"", ""POSICION: DELANTERO"", ""UBICACION: SUPERIOR""]",4,[],0,,,10.6117
23710AP,https://icepar.specparts.shop/products/detail?slug=aplus_23710ap-1335093,893,,,,,[],0,"[""INCLUYE ROTULA: SI"", ""POSICION: DELANTERO"", ""LADO: IZQUIERDO"", ""UBICACION: INFERIOR""]",4,[],0,,,10.6807
29844AP,https://icepar.specparts.shop/products/detail?slug=aplus_29844ap-1335096,894,,,,,[],0,"[""INCLUYE ROTULA: SI"", ""POSICION: DELANTERO"", ""UBICACION: INFERIOR"", ""LADO: DERECHO""]",4,[],0,,,10.5406
23902AP,https://icepar.specparts.shop/products/detail?slug=aplus_23902ap-1335101,894,,,,,[],0,"[""LADO: IZQUIERDO"", ""UBICACION: INFERIOR"", ""POSICION: DELANTERO"", ""INCLUYE ROTULA: SI""]",4,[],0,,,10.3530
27815AP,https://icepar.specparts.shop/products/detail?slug=aplus_27815ap-1335102,894,,,,,[],0,"[""INCLUYE ROTULA: SI"", ""LADO: IZQUIERDO"", ""POSICION: DELANTERO"", ""UBICACION: INFERIOR""]",4,[],0,,,10.3781
27537AP,https://icepar.specparts.shop/products/detail?slug=aplus_27537ap-1335103,894,,,,,[],0,"[""LADO: IZQUIERDO"", ""INCLUYE ROTULA: SI"", ""UBICACION: INFERIOR"", ""POSICION: DELANTERO""]",4,[],0,,,10.4673
27154AP,https://icepar.specparts.shop/products/detail?slug=aplus_27154ap-1335107,894,,,,,[],0,"[""LADO: DERECHO"", ""INCLUYE ROTULA: SI"", ""UBICACION: SUPERIOR"", ""POSICION: DELANTERO""]",4,[],0,,,10.4484
26289AP,https://icepar.specparts.shop/products/detail?slug=aplus_26289ap-1335111,894,,,,,[],0,"[""INCLUYE ROTULA: SI"", ""LADO: IZQUIERDO"", ""POSICION: DELANTERO"", ""UBICACION: INFERIOR""]",4,[],0,,,10.4680
27542AP,https://icepar.specparts.shop/products/detail?slug=aplus_27542ap-1335117,894,,,,,[],0,"[""INCLUYE ROTULA: SI"", ""UBICACION: SUPERIOR"", ""LADO: DERECHO"", ""POSICION: DELANTERO""]",4,[],0,,,10.4463
28855AP,https://icepar.specparts.shop/products/detail?slug=aplus_28855ap-1335119,894,,,,,[],0,"[""LADO: AMBOS"", ""POSICION: TRASERO""]",2,[],0,,,8.1357
31199AP,https://icepar.specparts.shop/products/detail?slug=aplus_31199ap-1335125,894,,,,,[],0,"[""INCLUYE ROTULA: SI"", ""LADO: IZQUIERDO"", ""POSICION: DELANTERO"", ""UBICACION: INFERIOR""]",4,[],0,,,10.4042
23848AP,https://icepar.specparts.shop/products/detail?slug=aplus_23848ap-1335126,894,,,,,[],0,"[""LADO: IZQUIERDO"", ""POSICION: TRASERO""]",2,[],0,,,8.2199
27951AP,https://icepar.specparts.shop/products/detail?slug=aplus_27951ap-1335130,894,,,,,[],0,"[""UBICACION: SUPERIOR"", ""LADO: IZQUIERDO"", ""POSICION: TRASERO""]",3,[],0,,,8.8598
28780AP,https://icepar.specparts.shop/products/detail?slug=aplus_28780ap-1335133,894,,,,,[],0,"[""POSICION: DELANTERO"", ""UBICACION: INFERIOR"", ""LADO: IZQUIERDO""]",3,[],0,,,9.3045
24590AP,https://icepar.specparts.shop/products/detail?slug=aplus_24590ap-1335134,894,,,,,[],0,"[""INCLUYE ROTULA: SI"", ""LADO: IZQUIERDO"", ""UBICACION: INFERIOR"", ""POSICION: DELANTERO""]",4,[],0,,,10.2506
27949AP,https://icepar.specparts.shop/products/detail?slug=aplus_27949ap-1335136,894,,,,,[],0,"[""POSICION: TRASERO"", ""LADO: AMBOS"", ""UBICACION: INFERIOR""]",3,[],0,,,8.8091
25177AP,https://icepar.specparts.shop/products/detail?slug=aplus_25177ap-1335137,894,,,,,[],0,"[""LADO: IZQUIERDO"", ""INCLUYE ROTULA: SI"", ""UBICACION: SUPERIOR"", ""POSICION: DELANTERO""]",4,[],0,,,10.3716
26652AP,https://icepar.specparts.shop/products/detail?slug=aplus_26652ap-1335142,894,,,,,[],0,"[""POSICION: TRASERO"", ""LADO: AMBOS""]",2,[],0,,,8.2403
27190AP,https://icepar.specparts.shop/products/detail?slug=aplus_27190ap-1335146,894,,,,,[],0,"[""POSICION: DELANTERO"", ""INCLUYE ROTULA: SI"", ""LADO: DERECHO"", ""UBICACION: INFERIOR""]",4,[],0,,,10.3202
30637AP,https://icepar.specparts.shop/products/detail?slug=aplus_30637ap-1335150,894,,,,,[],0,"[""INCLUYE ROTULA: SI"", ""UBICACION: INFERIOR"", ""LADO: DERECHO"", ""POSICION: DELANTERO""]",4,[],0,,,10.3438
25028AP,https://icepar.specparts.shop/products/detail?slug=aplus_25028ap-1335151,894,,,,,[],0,"[""UBICACION: INFERIOR"", ""LADO: DERECHO"", ""POSICION: DELANTERO"", ""INCLUYE ROTULA: SI""]",4,[],0,,,10.3336
29952AP,https://icepar.specparts.shop/products/detail?slug=aplus_29952ap-1335155,894,,,,,[],0,"[""INCLUYE ROTULA: SI"", ""LADO: DERECHO"", ""POSICION: DELANTERO"", ""UBICACION: INFERIOR""]",4,[],0,,,10.3704
33139AP,https://icepar.specparts.shop/products/detail?slug=aplus_33139ap-1335166,894,,,,,[],0,"[""LADO: DERECHO"", ""INCLUYE ROTULA: SI"", ""POSICION: DELANTERO"", ""UBICACION: INFERIOR""]",4,[],0,,,10.3520
34291AP,https://icepar.specparts.shop/products/detail?slug=aplus_34291ap-1335169,894,,,,,[],0,"[""LADO: IZQUIERDO"", ""POSICION: DELANTERO"", ""UBICACION: INFERIOR"", ""INCLUYE ROTULA: SI"", ""LONGITUD: 385.7 mm""]",5,[],0,,,12.0593
31065AP,https://icepar.specparts.shop/products/detail?slug=aplus_31065ap-1335176,894,,,,,[],0,"[""INCLUYE ROTULA: SI"", ""LADO: DERECHO"", ""POSICION: DELANTERO"", ""UBICACION: INFERIOR""]",4,[],0,,,10.3003
37715AP,https://icepar.specparts.shop/products/detail?slug=aplus_37715ap-1335181,894,,,,,[],0,"[""INCLUYE ROTULA: SI"", ""UBICACION: INFERIOR"", ""POSICION: DELANTERO"", ""LADO: DERECHO""]",4,[],0,,,10.4063
29843AP,https://icepar.specparts.shop/products/detail?slug=aplus_29843ap-1335187,895,,,,,[],0,"[""INCLUYE ROTULA: SI"", ""LADO: IZQUIERDO"", ""POSICION: DELANTERO"", ""UBICACION: INFERIOR""]",4,[],0,,,10.4467
34292AP,https://icepar.specparts.shop/products/detail?slug=aplus_34292ap-1335189,895,,,,,[],0,"[""LADO: DERECHO"", ""POSICION: DELANTERO"", ""UBICACION: INFERIOR"", ""LONGITUD: 385.7 mm"", ""INCLUYE ROTULA: SI""]",5,[],0,,,11.6808
27903AP,https://icepar.specparts.shop/products/detail?slug=aplus_27903ap-1335191,895,,,,,[],0,"[""LADO: IZQUIERDO"", ""POSICION: DELANTERO"", ""UBICACION: INFERIOR""]",3,[],0,,,9.7080
26654AP,https://icepar.specparts.shop/products/detail?slug=aplus_26654ap-1335193,895,,,,,[],0,"[""LADO: IZQUIERDO"", ""POSICION: DELANTERO"", ""UBICACION: INFERIOR"", ""INCLUYE ROTULA: SI""]",4,[],0,,,10.6789
27952AP,https://icepar.specparts.shop/products/detail?slug=aplus_27952ap-1335200,895,,,,,[],0,"[""LADO: DERECHO"", ""POSICION: TRASERO"", ""UBICACION: SUPERIOR""]",3,[],0,,,8.7812
31064AP,https://icepar.specparts.shop/products/detail?slug=aplus_31064ap-1335208,895,,,,,[],0,"[""INCLUYE ROTULA: SI"", ""UBICACION: INFERIOR"", ""POSICION: DELANTERO"", ""LADO: IZQUIERDO""]",4,[],0,,,10.3193
26646AP,https://icepar.specparts.shop/products/detail?slug=aplus_26646ap-1335211,895,,,,,[],0,"[""POSICION: DELANTERO"", ""LADO: IZQUIERDO"", ""INCLUYE ROTULA: SI"", ""UBICACION: SUPERIOR""]",4,[],0,,,10.3875
31181AP,https://icepar.specparts.shop/products/detail?slug=aplus_31181ap-1335213,895,,,,,[],0,"[""LADO: DERECHO"", ""INCLUYE ROTULA: SI"", ""UBICACION: INFERIOR"", ""POSICION: DELANTERO""]",4,[],0,,,10.3698
26650AP,https://icepar.specparts.shop/products/detail?slug=aplus_26650ap-1335214,895,,,,,[],0,"[""POSICION: TRASERO"", ""LADO: IZQUIERDO""]",2,[],0,,,8.3680
26593AP,https://icepar.specparts.shop/products/detail?slug=aplus_26593ap-1335215,895,,,,,[],0,"[""LADO: DERECHO"", ""POSICION: DELANTERO"", ""INCLUYE ROTULA: SI"", ""UBICACION: INFERIOR""]",4,[],0,,,10.6589
28279AP,https://icepar.specparts.shop/products/detail?slug=aplus_28279ap-1335218,895,,,,,[],0,"[""POSICION: DELANTERO"", ""UBICACION: SUPERIOR"", ""LADO: IZQUIERDO""]",3,[],0,,,9.4301
31160AP,https://icepar.specparts.shop/products/detail?slug=aplus_31160ap-1335219,895,,,,,[],0,"[""LADO: IZQUIERDO"", ""UBICACION: INFERIOR"", ""INCLUYE ROTULA: SI"", ""POSICION: DELANTERO""]",4,[],0,,,10.5524
28743AP,https://icepar.specparts.shop/products/detail?slug=aplus_28743ap-1335222,895,,,,,[],0,"[""INCLUYE ROTULA: SI"", ""LADO: DERECHO"", ""UBICACION: SUPERIOR"", ""POSICION: DELANTERO""]",4,[],0,,,10.3591
28285AP,https://icepar.specparts.shop/products/detail?slug=aplus_28285ap-1335227,895,,,,,[],0,"[""POSICION: TRASERO"", ""LADO: DERECHO""]",2,[],0,,,8.3988
28282AP,https://icepar.specparts.shop/products/detail?slug=aplus_28282ap-1335231,895,,,,,[],0,"[""LADO: IZQUIERDO"", ""UBICACION: SUPERIOR"", ""POSICION: DELANTERO""]",3,[],0,,,9.3116
28781AP,https://icepar.specparts.shop/products/detail?slug=aplus_28781ap-1335234,895,,,,,[],0,"[""LADO: DERECHO"", ""UBICACION: INFERIOR"", ""POSICION: DELANTERO""]",3,[],0,,,9.3724
27538AP,https://icepar.specparts.shop/products/detail?slug=aplus_27538ap-1335250,895,,,,,[],0,"[""INCLUYE ROTULA: SI"", ""UBICACION: INFERIOR"", ""LADO: DERECHO"", ""POSICION: DELANTERO""]",4,[],0,,,10.3782
31200AP,https://icepar.specparts.shop/products/detail?slug=aplus_31200ap-1335252,895,,,,,[],0,"[""POSICION: DELANTERO"", ""LADO: DERECHO"", ""INCLUYE ROTULA: SI"", ""UBICACION: INFERIOR""]",4,[],0,,,10.4788
29951AP,https://icepar.specparts.shop/products/detail?slug=aplus_29951ap-1335254,895,,,,,[],0,"[""INCLUYE ROTULA: SI"", ""LADO: IZQUIERDO"", ""UBICACION: INFERIOR"", ""POSICION: DELANTERO""]",4,[],0,,,10.4582
27578AP,https://icepar.specparts.shop/products/detail?slug=aplus_27578ap-1335260,895,,,,,[],0,"[""LADO: AMBOS"", ""UBICACION: SUPERIOR"", ""POSICION: TRASERO""]",3,[],0,,,10.1144
28383AP,https://icepar.specparts.shop/products/detail?slug=aplus_28383ap-1335276,895,,,,,[],0,"[""LADO: DERECHO"", ""UBICACION: INFERIOR"", ""POSICION: DELANTERO""]",3,[],0,,,10.2296
33138AP,https://icepar.specparts.shop/products/detail?slug=aplus_33138ap-1335277,895,,,,,[],0,"[""UBICACION: INFERIOR"", ""LADO: IZQUIERDO"", ""INCLUYE ROTULA: SI"", ""POSICION: DELANTERO""]",4,[],0,,,10.6946
28283AP,https://icepar.specparts.shop/products/detail?slug=aplus_28283ap-1335281,895,,,,,[],0,"[""POSICION: DELANTERO"", ""LADO: DERECHO"", ""UBICACION: SUPERIOR""]",3,[],0,,,9.3364
37714AP,https://icepar.specparts.shop/products/detail?slug=aplus_37714ap-1335283,895,,,,,[],0,"[""UBICACION: INFERIOR"", ""POSICION: DELANTERO"", ""INCLUYE ROTULA: SI"", ""LADO: IZQUIERDO""]",4,[],0,,,10.3684
31180AP,https://icepar.specparts.shop/products/detail?slug=aplus_31180ap-1335290,896,,,,,[],0,"[""UBICACION: INFERIOR"", ""POSICION: DELANTERO"", ""LADO: IZQUIERDO"", ""INCLUYE ROTULA: SI""]",4,[],0,,,10.3378
28284AP,https://icepar.specparts.shop/products/detail?slug=aplus_28284ap-1335291,896,,,,,[],0,"[""POSICION: TRASERO"", ""LADO: IZQUIERDO""]",2,[],0,,,8.4452
27794AP,https://icepar.specparts.shop/products/detail?slug=aplus_27794ap-1335293,896,,,,,[],0,"[""LADO: DERECHO"", ""UBICACION: INFERIOR"", ""POSICION: DELANTERO""]",3,[],0,,,9.3473
28742AP,https://icepar.specparts.shop/products/detail?slug=aplus_28742ap-1335294,896,,,,,[],0,"[""POSICION: DELANTERO"", ""LADO: IZQUIERDO"", ""INCLUYE ROTULA: SI"", ""UBICACION: SUPERIOR""]",4,[],0,,,10.4916
31161AP,https://icepar.specparts.shop/products/detail?slug=aplus_31161ap-1335300,896,,,,,[],0,"[""LADO: DERECHO"", ""INCLUYE ROTULA: SI"", ""POSICION: DELANTERO"", ""UBICACION: INFERIOR""]",4,[],0,,,10.5142
11160AP,https://icepar.specparts.shop/products/detail?slug=aplus_11160ap-1335312,896,,,,,[],0,"[""LADO: DERECHO"", ""POSICION: TRASERO"", ""UBICACION: INFERIOR"", ""INCLUYE ROTULA: SI""]",4,[],0,,,10.6906
14135AP,https://icepar.specparts.shop/products/detail?slug=aplus_14135ap-1335330,896,,,,,[],0,"[""LADO: IZQUIERDO"", ""INCLUYE ROTULA: SI"", ""POSICION: DELANTERO"", ""UBICACION: SUPERIOR""]",4,[],0,,,10.7078
26290AP,https://icepar.specparts.shop/products/detail?slug=aplus_26290ap-1335338,896,,,,,[],0,"[""UBICACION: INFERIOR"", ""INCLUYE ROTULA: SI"", ""LADO: DERECHO"", ""POSICION: DELANTERO""]",4,[],0,,,10.3491
23826AP,https://icepar.specparts.shop/products/detail?slug=aplus_23826ap-1335340,896,,,,,[],0,"[""UBICACION: INFERIOR"", ""POSICION: DELANTERO"", ""LADO: DERECHO"", ""INCLUYE ROTULA: SI""]",4,[],0,,,10.4954
22238AP,https://icepar.specparts.shop/products/detail?slug=aplus_22238ap-1335342,896,,,,,[],0,"[""LADO: DERECHO"", ""INCLUYE ROTULA: SI"", ""UBICACION: INFERIOR"", ""POSICION: DELANTERO""]",4,[],0,,,10.6660
25326AP,https://icepar.specparts.shop/products/detail?slug=aplus_25326ap-1335346,896,,,,,[],0,"[""UBICACION: INFERIOR"", ""INCLUYE ROTULA: SI"", ""LADO: DERECHO"", ""POSICION: DELANTERO""]",4,[],0,,,10.9670
12297AP,https://icepar.specparts.shop/products/detail?slug=aplus_12297ap-1333867,896,,,,,[],0,"[""LADO: IZQUIERDO"", ""UBICACION: INFERIOR"", ""POSICION: DELANTERO"", ""OBSERVACION: Rotula 12513AP"", ""LONGITUD: 283.8 mm""]",5,[],0,,,11.8026
12296AP,https://icepar.specparts.shop/products/detail?slug=aplus_12296ap-1333922,896,,,,,[],0,"[""LADO: DERECHO"", ""POSICION: DELANTERO"", ""UBICACION: INFERIOR"", ""OBSERVACION: Rotula 12513AP"", ""LONGITUD: 283.8 mm""]",5,[],0,,,11.7392
16677AP,https://icepar.specparts.shop/products/detail?slug=aplus_16677ap-1334237,896,,,,,[],0,"[""POSICION: DELANTERO"", ""LADO: IZQUIERDO"", ""OBSERVACION: Rotula 11148AP"", ""UBICACION: SUPERIOR""]",4,[],0,,,10.5031
16678AP,https://icepar.specparts.shop/products/detail?slug=aplus_16678ap-1334285,896,,,,,[],0,"[""POSICION: DELANTERO"", ""UBICACION: SUPERIOR"", ""OBSERVACION: Rotula 11148AP"", ""LADO: DERECHO""]",4,[],0,,,10.5391
18079AP,https://icepar.specparts.shop/products/detail?slug=aplus_18079ap-1334357,896,,,,,[],0,"[""POSICION: DELANTERO"", ""LADO: IZQUIERDO"", ""UBICACION: INFERIOR"", ""OBSERVACION: Rotula 22354AP""]",4,[],0,,,10.3905
18473AP,https://icepar.specparts.shop/products/detail?slug=aplus_18473ap-1334414,896,,,,,[],0,"[""LADO: IZQUIERDO"", ""LONGITUD: 270 mm"", ""POSICION: DELANTERO"", ""UBICACION: INFERIOR""]",4,[],0,,,10.3795
18080AP,https://icepar.specparts.shop/products/detail?slug=aplus_18080ap-1334428,896,,,,,[],0,"[""LADO: DERECHO"", ""UBICACION: INFERIOR"", ""POSICION: DELANTERO"", ""OBSERVACION: Rotula 22354AP""]",4,[],0,,,10.6792
18474AP,https://icepar.specparts.shop/products/detail?slug=aplus_18474ap-1334485,896,,,,,[],0,"[""LONGITUD: 270 mm"", ""POSICION: DELANTERO"", ""LADO: DERECHO"", ""UBICACION: INFERIOR""]",4,[],0,,,10.3807
21858AP,https://icepar.specparts.shop/products/detail?slug=aplus_21858ap-1334528,896,,,,,[],0,"[""LADO: IZQUIERDO"", ""POSICION: DELANTERO"", ""OBSERVACION: Rotula 12226AP"", ""UBICACION: INFERIOR""]",4,[],0,,,10.2130
23926AP,https://icepar.specparts.shop/products/detail?slug=aplus_23926ap-1334679,896,,,,,[],0,"[""LADO: IZQUIERDO"", ""LONGITUD: 400.3 mm"", ""UBICACION: INFERIOR"", ""POSICION: DELANTERO""]",4,[],0,,,10.0950
24305AP,https://icepar.specparts.shop/products/detail?slug=aplus_24305ap-1334737,896,,,,,[],0,"[""LADO: DERECHO"", ""UBICACION: INFERIOR"", ""POSICION: DELANTERO"", ""OBSERVACION: Rotula 21628AP""]",4,[],0,,,10.9806
26527AP,https://icepar.specparts.shop/products/detail?slug=aplus_26527ap-1334795,896,,,,,[],0,"[""LADO: IZQUIERDO"", ""POSICION: DELANTERO"", ""UBICACION: INFERIOR"", ""OBSERVACION: Rotula 21628AP"", ""LONGITUD: 385.5 mm""]",5,[],0,,,11.7656
21228AP,https://icepar.specparts.shop/products/detail?slug=aplus_21228ap-1334798,896,,,,,[],0,"[""LADO: IZQUIERDO"", ""POSICION: DELANTERO"", ""UBICACION: INFERIOR""]",3,[],0,,,9.4027
22223AP,https://icepar.specparts.shop/products/detail?slug=aplus_22223ap-1334817,897,,,,,[],0,"[""POSICION: DELANTERO"", ""LADO: IZQUIERDO"", ""LONGITUD: 340.5 mm"", ""OBSERVACION: Rotula 22226AP"", ""UBICACION: INFERIOR""]",5,[],0,,,11.5684
23142AP,https://icepar.specparts.shop/products/detail?slug=aplus_23142ap-1334819,897,,,,,[],0,"[""LADO: IZQUIERDO"", ""LONGITUD: 299.5 mm"", ""POSICION: DELANTERO"", ""UBICACION: INFERIOR"", ""OBSERVACION: Rotula 15693AP""]",5,[],0,,,11.3843
22224AP,https://icepar.specparts.shop/products/detail?slug=aplus_22224ap-1334869,897,,,,,[],0,"[""POSICION: DELANTERO"", ""LONGITUD: 340.5 mm"", ""LADO: DERECHO"", ""OBSERVACION: Rotula 22227AP"", ""UBICACION: INFERIOR""]",5,[],0,,,11.5823
23143AP,https://icepar.specparts.shop/products/detail?slug=aplus_23143ap-1334879,897,,,,,[],0,"[""LADO: DERECHO"", ""UBICACION: INFERIOR"", ""OBSERVACION: Rotula 15693AP"", ""POSICION: DELANTERO"", ""LONGITUD: 299.5 mm""]",5,[],0,,,11.6660
21229AP,https://icepar.specparts.shop/products/detail?slug=aplus_21229ap-1334914,897,,,,,[],0,"[""LADO: DERECHO"", ""POSICION: DELANTERO"", ""UBICACION: INFERIOR""]",3,[],0,,,9.9901
26528AP,https://icepar.specparts.shop/products/detail?slug=aplus_26528ap-1334936,897,,,,,[],0,"[""LONGITUD: 385.5 mm"", ""POSICION: DELANTERO"", ""LADO: DERECHO"", ""UBICACION: INFERIOR"", ""OBSERVACION: Rotula 21628AP""]",5,[],0,,,11.9137
23927AP,https://icepar.specparts.shop/products/detail?slug=aplus_23927ap-1334980,897,,,,,[],0,"[""LADO: DERECHO"", ""UBICACION: INFERIOR"", ""LONGITUD: 400.3 mm"", ""POSICION: DELANTERO""]",4,[],0,,,10.3551
26882AP,https://icepar.specparts.shop/products/detail?slug=aplus_26882ap-1334997,897,,,,,[],0,"[""POSICION: DELANTERO"", ""LADO: IZQUIERDO"", ""UBICACION: INFERIOR"", ""LONGITUD: 340 mm""]",4,[],0,,,10.2541
27421AP,https://icepar.specparts.shop/products/detail?slug=aplus_27421ap-1335009,897,,,,,[],0,"[""LONGITUD: 302.5 mm"", ""POSICION: DELANTERO"", ""OBSERVACION: Rotula 27423AP"", ""UBICACION: INFERIOR"", ""LADO: IZQUIERDO""]",5,[],0,,,11.5133
21859AP,https://icepar.specparts.shop/products/detail?slug=aplus_21859ap-1335032,897,,,,,[],0,"[""UBICACION: INFERIOR"", ""POSICION: DELANTERO"", ""LADO: DERECHO"", ""OBSERVACION: Rotula 12226AP""]",4,[],0,,,10.3793
33646AP,https://icepar.specparts.shop/products/detail?slug=aplus_33646ap-1335079,897,,,,,[],0,"[""LADO: IZQUIERDO"", ""POSICION: DELANTERO"", ""UBICACION: INFERIOR"", ""OBSERVACION: Rotula 21628AP""]",4,[],0,,,10.6039
28410AP,https://icepar.specparts.shop/products/detail?slug=aplus_28410ap-1335095,897,,,,,[],0,"[""LADO: DERECHO"", ""POSICION: DELANTERO"", ""OBSERVACION: Rotula 18312AP"", ""UBICACION: INFERIOR"", ""LONGITUD: 317 mm""]",5,[],0,,,11.2729
27426AP,https://icepar.specparts.shop/products/detail?slug=aplus_27426ap-1335110,897,,,,,[],0,"[""POSICION: DELANTERO"", ""LONGITUD: 334 mm"", ""UBICACION: INFERIOR"", ""LADO: DERECHO"", ""OBSERVACION: Rotula 27423AP""]",5,[],0,,,11.6179
31898AP,https://icepar.specparts.shop/products/detail?slug=aplus_31898ap-1335140,897,,,,,[],0,"[""LADO: DERECHO"", ""UBICACION: INFERIOR"", ""LONGITUD: 342 mm"", ""OBSERVACION: Rotula 20592AP"", ""POSICION: DELANTERO""]",5,[],0,,,11.4498
24304AP,https://icepar.specparts.shop/products/detail?slug=aplus_24304ap-1335149,897,,,,,[],0,"[""UBICACION: INFERIOR"", ""POSICION: DELANTERO"", ""LADO: IZQUIERDO"", ""OBSERVACION: Rotula 21628AP""]",4,[],0,,,10.4397
27425AP,https://icepar.specparts.shop/products/detail?slug=aplus_27425ap-1335171,897,,,,,[],0,"[""LONGITUD: 334 mm"", ""POSICION: DELANTERO"", ""UBICACION: INFERIOR"", ""LADO: IZQUIERDO"", ""OBSERVACION: Rotula 27423AP""]",5,[],0,,,11.8662
26883AP,https://icepar.specparts.shop/products/detail?slug=aplus_26883ap-1335175,897,,,,,[],0,"[""LONGITUD: 340 mm"", ""LADO: DERECHO"", ""UBICACION: INFERIOR"", ""POSICION: DELANTERO""]",4,[],0,,,10.5486
28409AP,https://icepar.specparts.shop/products/detail?slug=aplus_28409ap-1335179,897,,,,,[],0,"[""OBSERVACION: Rotula 18312AP"", ""LONGITUD: 317 mm"", ""LADO: IZQUIERDO"", ""POSICION: DELANTERO"", ""UBICACION: INFERIOR""]",5,[],0,,,11.4967
31479AP,https://icepar.specparts.shop/products/detail?slug=aplus_31479ap-1335196,897,,,,,[],0,[],0,[],0,,,2.5729
27422AP,https://icepar.specparts.shop/products/detail?slug=aplus_27422ap-1335225,897,,,,,[],0,"[""LADO: DERECHO"", ""LONGITUD: 302.5 mm"", ""POSICION: DELANTERO"", ""OBSERVACION: Rotula 27423AP"", ""UBICACION: INFERIOR""]",5,[],0,,,12.0939
35139AP,https://icepar.specparts.shop/products/detail?slug=aplus_35139ap-1335226,897,,,,,[],0,[],0,[],0,,,2.8882
31478AP,https://icepar.specparts.shop/products/detail?slug=aplus_31478ap-1335243,897,,,,,[],0,[],0,[],0,,,2.5419
31897AP,https://icepar.specparts.shop/products/detail?slug=aplus_31897ap-1335263,897,,,,,[],0,"[""LADO: IZQUIERDO"", ""LONGITUD: 342 mm"", ""OBSERVACION: Rotula 20592AP"", ""POSICION: DELANTERO"", ""UBICACION: INFERIOR""]",5,[],0,,,11.9691
35140AP,https://icepar.specparts.shop/products/detail?slug=aplus_35140ap-1335269,897,,,,,[],0,[],0,[],0,,,2.5751
33647AP,https://icepar.specparts.shop/products/detail?slug=aplus_33647ap-1335285,898,,,,,[],0,"[""POSICION: DELANTERO"", ""OBSERVACION: Rotula 21628AP"", ""LADO: DERECHO"", ""UBICACION: INFERIOR""]",4,[],0,,,10.5552
1290306066,https://icepar.specparts.shop/products/detail?slug=zf_1290306066-491905,898,,,,,[],0,[],0,"[""OEM: 3123293""]",1,,,7.9617
1295306132,https://icepar.specparts.shop/products/detail?slug=zf_1295306132-491950,898,,,,,[],0,[],0,"[""DAF: 0696445"", ""DAF: 696445"", ""NECO: 0812 1941"", ""NECO: 812 1941"", ""MAN: 8132526.0029"", ""MERCEDES-BENZ: 000 268 0649"", ""MERCEDES-BENZ: 000 268 0849"", ""MERCEDES-BENZ: A000 268 0649"", ""MERCEDES-BENZ: A000 268 0849"", ""OEM: 1662543"", ""RENAULT: 50 00 803 749"", ""VOLVO: 1662543""]",12,,,20.3049
1297306120,https://icepar.specparts.shop/products/detail?slug=zf_1297306120-491987,898,,,,,[],0,[],0,"[""OEM: 1662750""]",1,,,7.1612
1316306015,https://icepar.specparts.shop/products/detail?slug=zf_1316306015-492121,898,,,,,[],0,[],0,"[""OEM: A9582606300""]",1,,,7.0969
TK321708,https://icepar.specparts.shop/products/detail?slug=tekbond_tk321708-212014,898,,,,,"[""UNIVERSAL UNIVERSAL (0 AL 2026)""]",1,[],0,[],0,,,6.2346
TK321884,https://icepar.specparts.shop/products/detail?slug=tekbond_tk321884-212015,898,,,,,"[""UNIVERSAL UNIVERSAL (0 AL 2026)""]",1,[],0,[],0,,,6.2060
TK326446,https://icepar.specparts.shop/products/detail?slug=tekbond_tk326446-212016,898,,,,,"[""UNIVERSAL UNIVERSAL (0 AL 2026)""]",1,[],0,[],0,,,6.3804
TK326452,https://icepar.specparts.shop/products/detail?slug=tekbond_tk326452-212017,898,,,,,"[""UNIVERSAL UNIVERSAL (0 AL 2026)""]",1,[],0,[],0,,,6.2186
TK326453,https://icepar.specparts.shop/products/detail?slug=tekbond_tk326453-212018,898,,,,,"[""UNIVERSAL UNIVERSAL (0 AL 2026)""]",1,[],0,[],0,,,6.1256
TK326454,https://icepar.specparts.shop/products/detail?slug=tekbond_tk326454-212019,898,,,,,"[""UNIVERSAL UNIVERSAL (0 AL 2026)""]",1,[],0,[],0,,,6.0844
TK326457,https://icepar.specparts.shop/products/detail?slug=tekbond_tk326457-212020,898,,,,,"[""UNIVERSAL UNIVERSAL (0 AL 2026)""]",1,[],0,[],0,,,6.1319
TK326458,https://icepar.specparts.shop/products/detail?slug=tekbond_tk326458-212021,898,,,,,"[""UNIVERSAL UNIVERSAL (0 AL 2026)""]",1,[],0,[],0,,,6.3269
TK326631,https://icepar.specparts.shop/products/detail?slug=tekbond_tk326631-212022,898,,,,,"[""UNIVERSAL UNIVERSAL (0 AL 2026)""]",1,[],0,[],0,,,6.3307
TK326634,https://icepar.specparts.shop/products/detail?slug=tekbond_tk326634-212023,898,,,,,"[""UNIVERSAL UNIVERSAL (0 AL 2026)""]",1,[],0,[],0,,,6.1544
TK326640,https://icepar.specparts.shop/products/detail?slug=tekbond_tk326640-212024,898,,,,,"[""UNIVERSAL UNIVERSAL (0 AL 2026)""]",1,[],0,[],0,,,6.5988
TK326653,https://icepar.specparts.shop/products/detail?slug=tekbond_tk326653-212025,898,,,,,"[""UNIVERSAL UNIVERSAL (0 AL 2026)""]",1,[],0,[],0,,,6.1580
TK326658,https://icepar.specparts.shop/products/detail?slug=tekbond_tk326658-212026,898,,,,,"[""UNIVERSAL UNIVERSAL (0 AL 2026)""]",1,[],0,[],0,,,6.1589
TK326664,https://icepar.specparts.shop/products/detail?slug=tekbond_tk326664-212027,898,,,,,"[""UNIVERSAL UNIVERSAL (0 AL 2026)""]",1,[],0,[],0,,,6.2245
TK326666,https://icepar.specparts.shop/products/detail?slug=tekbond_tk326666-212028,898,,,,,"[""UNIVERSAL UNIVERSAL (0 AL 2026)""]",1,[],0,[],0,,,6.1704
TK326668,https://icepar.specparts.shop/products/detail?slug=tekbond_tk326668-212029,898,,,,,"[""UNIVERSAL UNIVERSAL (0 AL 2026)""]",1,[],0,[],0,,,6.1862
TK326669,https://icepar.specparts.shop/products/detail?slug=tekbond_tk326669-212030,899,,,,,"[""UNIVERSAL UNIVERSAL (0 AL 2026)""]",1,[],0,[],0,,,6.1901
TK326671,https://icepar.specparts.shop/products/detail?slug=tekbond_tk326671-212031,899,,,,,"[""UNIVERSAL UNIVERSAL (0 AL 2026)""]",1,[],0,[],0,,,6.2719
TK326673,https://icepar.specparts.shop/products/detail?slug=tekbond_tk326673-212032,899,,,,,"[""UNIVERSAL UNIVERSAL (0 AL 2026)""]",1,[],0,[],0,,,6.1349
TK326675,https://icepar.specparts.shop/products/detail?slug=tekbond_tk326675-212033,899,,,,,"[""UNIVERSAL UNIVERSAL (0 AL 2026)""]",1,[],0,[],0,,,6.1226
TK326677,https://icepar.specparts.shop/products/detail?slug=tekbond_tk326677-212034,899,,,,,"[""UNIVERSAL UNIVERSAL (0 AL 2026)""]",1,[],0,[],0,,,6.1323
TK326679,https://icepar.specparts.shop/products/detail?slug=tekbond_tk326679-212035,899,,,,,"[""UNIVERSAL UNIVERSAL (0 AL 2026)""]",1,[],0,[],0,,,6.6850
TK326719,https://icepar.specparts.shop/products/detail?slug=tekbond_tk326719-212036,899,,,,,"[""UNIVERSAL UNIVERSAL (0 AL 2026)""]",1,[],0,[],0,,,6.2660
TK326720,https://icepar.specparts.shop/products/detail?slug=tekbond_tk326720-212037,899,,,,,"[""UNIVERSAL UNIVERSAL (0 AL 2026)""]",1,[],0,[],0,,,6.1924
TK326721,https://icepar.specparts.shop/products/detail?slug=tekbond_tk326721-212038,899,,,,,"[""UNIVERSAL UNIVERSAL (0 AL 2026)""]",1,[],0,[],0,,,6.5057
TK326725,https://icepar.specparts.shop/products/detail?slug=tekbond_tk326725-212039,899,,,,,"[""UNIVERSAL UNIVERSAL (0 AL 2026)""]",1,[],0,[],0,,,6.0878
TK326727,https://icepar.specparts.shop/products/detail?slug=tekbond_tk326727-212040,899,,,,,"[""UNIVERSAL UNIVERSAL (0 AL 2026)""]",1,[],0,[],0,,,6.1970
TK326729,https://icepar.specparts.shop/products/detail?slug=tekbond_tk326729-212041,899,,,,,"[""UNIVERSAL UNIVERSAL (0 AL 2026)""]",1,[],0,[],0,,,6.1543
TK326732,https://icepar.specparts.shop/products/detail?slug=tekbond_tk326732-212042,899,,,,,"[""UNIVERSAL UNIVERSAL (0 AL 2026)""]",1,[],0,[],0,,,6.2170
TK326744,https://icepar.specparts.shop/products/detail?slug=tekbond_tk326744-212043,899,,,,,"[""UNIVERSAL UNIVERSAL (0 AL 2026)""]",1,[],0,[],0,,,6.1220
TK326757,https://icepar.specparts.shop/products/detail?slug=tekbond_tk326757-212044,899,,,,,"[""UNIVERSAL UNIVERSAL (0 AL 2026)""]",1,[],0,[],0,,,6.1538
TK326769,https://icepar.specparts.shop/products/detail?slug=tekbond_tk326769-212045,899,,,,,"[""UNIVERSAL UNIVERSAL (0 AL 2026)""]",1,[],0,[],0,,,6.2164
TK326774,https://icepar.specparts.shop/products/detail?slug=tekbond_tk326774-212046,899,,,,,"[""UNIVERSAL UNIVERSAL (0 AL 2026)""]",1,[],0,[],0,,,6.1753
TK367103,https://icepar.specparts.shop/products/detail?slug=tekbond_tk367103-212048,899,,,,,"[""UNIVERSAL UNIVERSAL (0 AL 2026)""]",1,[],0,[],0,,,6.0877
TK367106,https://icepar.specparts.shop/products/detail?slug=tekbond_tk367106-212049,899,,,,,"[""UNIVERSAL UNIVERSAL (0 AL 2026)""]",1,[],0,[],0,,,6.2052
TK367107,https://icepar.specparts.shop/products/detail?slug=tekbond_tk367107-212050,899,,,,,"[""UNIVERSAL UNIVERSAL (0 AL 2026)""]",1,[],0,[],0,,,6.1343
TK367177,https://icepar.specparts.shop/products/detail?slug=tekbond_tk367177-212051,899,,,,,"[""UNIVERSAL UNIVERSAL (0 AL 2026)""]",1,[],0,[],0,,,6.1728
TK367178,https://icepar.specparts.shop/products/detail?slug=tekbond_tk367178-212052,899,,,,,"[""UNIVERSAL UNIVERSAL (0 AL 2026)""]",1,[],0,[],0,,,6.1580
TK367179,https://icepar.specparts.shop/products/detail?slug=tekbond_tk367179-212053,899,,,,,"[""UNIVERSAL UNIVERSAL (0 AL 2026)""]",1,[],0,[],0,,,6.2924
TK367252,https://icepar.specparts.shop/products/detail?slug=tekbond_tk367252-314985,900,,,,,"[""UNIVERSAL UNIVERSAL (0 AL 2026)""]",1,[],0,[],0,,,6.2220
TK367253,https://icepar.specparts.shop/products/detail?slug=tekbond_tk367253-314986,900,,,,,"[""UNIVERSAL UNIVERSAL (0 AL 2026)""]",1,[],0,[],0,,,6.3331
TK367254,https://icepar.specparts.shop/products/detail?slug=tekbond_tk367254-314987,900,,,,,"[""UNIVERSAL UNIVERSAL (0 AL 2026)""]",1,[],0,[],0,,,6.0848
AP 7303,https://icepar.specparts.shop/products/detail?slug=paulucci_ap7303-490643,900,,,,,"[""FIAT ARGO 13 8V Firefly CVT (2023 AL 2026)"", ""FIAT ARGO 13 8V Firefly MT (2017 AL 2026)"", ""FIAT ARGO 18 16V MT (2017 AL 2026)"", ""FIAT CRONOS 13 8V Firefly MT (2018 AL 2026)"", ""FIAT CRONOS 18 16V MT (2018 AL 2026)"", ""FIAT GRAND SIENA 1.4 &V EVO (2013 AL 2020)"", ""FIAT GRAND SIENA 1.6 16V ETORQUE (2012 AL 2020)"", ""FIAT PALIO 14 &V EVO (2012 AL 2026)"", ""FIAT PALIO 16 16V E-TORQ (2010 AL 2022)"", ""FIAT PULSE 13 8V Firefly MT (2022 AL 2026)"", ""FIAT STRADA 13 8V Firefly CD (2020 AL 2026)"", ""FIAT STRADA 14 CD (2020 AL 2026)"", ""FIAT STRADA 14 CS (2020 AL 2022)"", ""FIAT UNG 13 8V FIRE (2009 AL 2010)""]",14,[],0,[],0,,,21.0753
3496 006 000,https://icepar.specparts.shop/products/detail?slug=sachs_3496006000-62463,900,,,,,"[""SCANIA SERIE G G410 A/B4X2 (2013 AL 2017)"", ""SCANIA SERIE G G420 A4X2 (2007 AL 2013)"", ""SCANIA SERIE G G420 B4X2 (2007 AL 2012)"", ""SCANIA SERIE G G460 A/B4X2 (2013 AL 2015)"", ""SCANIA SERIE G G460 A/B6X2 (2013 AL 2015)"", ""SCANIA SERIE G G460 A/BBX4 (2013 AL 2015)"", ""SCANIA SERIE P P250 4X2 (2013 AL 2022)"", ""SCANIA SERIE P P250 6X2 (2013 AL 2022)"", ""SCANIA SERIE P P270 6X2 (2007 AL 2010)"", ""SCANIA SERIE P P310 4X2 (2007 AL 2017)"", ""SCANIA SERIE P P310 6X2 (2013 AL 2022)"", ""SCANIA SERIE P P310 6X4 (2007 AL 2022)"", ""SCANIA SERIE P P340 4X2 (2007 AL 2014)"", ""SCANIA SERIE P P340 6X2 (2007 AL 2014)"", ""SCANIA SERIE P P360 (2016 AL 2019)"", ""SCANIA SERIE P P360 4X2 (2014 AL 2020)"", ""SCANIA SERIE P P380 6X4 (2001 AL 2015)"", ""SCANIA SERIE P P380 8X2 (2018 AL 2020)"", ""SCANIA SERIE P P380 8X4 (2007 AL 2015)"", ""SCANIA SERIE P P410 6X4 (2013 AL 2017)"", ""SCANIA SERIE P P410 8X4 (2013 AL 2021)"", ""SCANIA SERIE P P420 6X4 (2007 AL 2012)"", ""SCANIA SERIE P P420 8X4 (2007 AL 2010)"", ""SCANIA SERIE R R340 4X2 (2001 AL 2008)"", ""SCANIA SERIE R R360 4X2 (2013 AL 2020)"", ""SCANIA SERIE R R380 4X2 (2007 AL 2012)"", ""SCANIA SERIE R R380 6X2 (2007 AL 2011)"", ""SCANIA SERIE R R380 &X4 (2007 AL 2012)"", ""SCANIA SERIE R R420 4X2 (2007 AL 2014)"", ""SCANIA SERIE R R420 &X4 (2007 AL 2012)"", ""SCANIA SERIE R R440 6X2 (2017 AL 2019)"", ""SCANIA SERIE R R470 4X2 (2009 AL 2012)"", ""SCANIA SERIE R R480 &X4 (2017 AL 2020)"", ""SCANIA SERIE R R500 4X2 (2012 AL 2015)"", ""SCANIA SERIE R R560 4X2 (2017 AL 2020)"", ""SCANIA SERIE R R580 4X2 (2017 AL 2019)"", ""SCANIA SERIE R R620 &X4 (2017 AL 2020)"", ""SCANIA SERIE T T114 GA 320 (1999 AL 2006)"", ""SCANIA SERIE T T124 GA 360 (2001 AL 2006)""]",39,"[""DIAMETRO EXTERIOR DE DISCO: 90 mm"", ""CANTIDAD DE ESTRIAS DE DISCO: 79""]",2,"[""DIESEL TECHNIC: 4.61769"", ""OEM: 1749126"", ""SACHS: 5%:3496 006 000""]",3,,,61.9728
191832,https://icepar.specparts.shop/products/detail?slug=presion_191832-342130,900,,,,,[],0,[],0,[],0,,,2.6876
2808,https://icepar.specparts.shop/products/detail?slug=vicem_2808-342132,900,,,,,[],0,[],0,[],0,,,2.6490
V001,https://icepar.specparts.shop/products/detail?slug=vicem_v001-342133,900,,,,,[],0,[],0,[],0,,,2.6292
V002,https://icepar.specparts.shop/products/detail?slug=vicem_v002-342134,900,,,,,[],0,[],0,[],0,,,2.7809
V083,https://icepar.specparts.shop/products/detail?slug=vicem_v083-342135,900,,,,,[],0,[],0,[],0,,,2.6324
V084,https://icepar.specparts.shop/products/detail?slug=vicem_v084-342136,900,,,,,[],0,[],0,[],0,,,2.6029
V085,https://icepar.specparts.shop/products/detail?slug=vicem_v085-342137,900,,,,,[],0,[],0,[],0,,,3.6341
AP7561,https://icepar.specparts.shop/products/detail?slug=paulucci_ap7561-1318973,900,,,,,[],0,[],0,[],0,,,2.1866
91123002,https://icepar.specparts.shop/products/detail?slug=zf_91123002-491563,900,,,,,[],0,[],0,[],0,,,2.2617
91202028,https://icepar.specparts.shop/products/detail?slug=zf_91202028-491564,900,,,,,[],0,[],0,[],0,,,2.6020
91202033,https://icepar.specparts.shop/products/detail?slug=zf_91202033-491565,900,,,,,[],0,[],0,[],0,,,2.6372
91206006,https://icepar.specparts.shop/products/detail?slug=zf_91206006-491567,900,,,,,[],0,[],0,[],0,,,2.7132
